customer_id,segment_id,surname,age,gender,geography,estimated_salary,marital_status,occupation,join_date,segment,num_dependents,preferred_contact_method
100096,2,Carpenter,48,Male,United States,47551.78,Married,Self-Employed,7/12/2026,Family,4,Email
100177,5,Crawford,82,Male,United States,15359.42,Single,Retired,9/22/2019,Senior,0,Email
100193,1,Owen,31,Female,Germany,67422.68,Married,Salaried Employee,7/12/2023,Retail,0,Email
100205,5,Campbell,65,Female,France,50019.94,Married,Retired,3/28/2024,Senior,0,Email
100301,2,Castro,42,Female,United Kingdom,15962.36,Married,Salaried Employee,6/27/2026,Family,3,Email
100425,1,Stephenson,56,Male,United States,27894.97,Divorced,Self-Employed,12/11/2024,Retail,1,Email
100599,3,Carrillo,25,Female,Germany,9286.38,Single,Student,2/8/2024,Student,0,SMS
100708,1,Mullins,61,Female,United States,94553.34,Single,Business Owner,9/2/2024,Retail,2,Email
100716,3,Kim,18,Female,Germany,16901.78,Single,Student,7/13/2018,Student,0,Email
100754,1,Anderson,43,Female,Germany,17572.58,Married,Salaried Employee,12/2/2023,Retail,2,Mobile App Push
100884,4,Thompson,53,Female,France,64057.04,Married,Business Owner,4/1/2026,Premium,0,Mobile App Push
100909,1,Cochran,60,Female,France,31224.63,Married,Salaried Employee,6/11/2025,Retail,3,Mail
101139,1,Thomas,42,Male,United States,39104.18,Married,Freelancer,12/16/2024,Retail,1,SMS
101206,3,Smith,21,Male,Germany,8827.53,Single,Freelancer,11/24/2021,Student,0,Mail
101258,2,Owens,36,Male,Germany,21375.66,Single,Salaried Employee,6/18/2021,Family,4,SMS
101343,1,Rose,33,Male,United Kingdom,63458.69,Single,Salaried Employee,1/26/2025,Retail,0,Mobile App Push
101429,1,Walter,41,Male,France,23320.24,Single,Self-Employed,12/10/2017,Retail,2,Email
101533,1,Long,49,Male,France,26709.43,Single,Freelancer,9/19/2022,Retail,1,Email
101640,5,James,67,Female,Germany,40727.61,Married,Retired,12/13/2023,Senior,0,Phone Call
101657,2,Davis,47,Male,France,77070.29,Married,Self-Employed,2/16/2017,Family,1,Email
101773,5,Reid,73,Female,United States,34601.57,Widowed,Retired,3/29/2022,Senior,2,Mail
101885,4,Carroll,48,Female,France,178084.48,Single,Business Owner,11/2/2017,Premium,1,Email
102260,1,Mason,26,Female,Germany,32200.27,Married,Salaried Employee,1/8/2026,Retail,0,SMS
102303,2,Rubio,41,Female,United Kingdom,37790.41,Married,Freelancer,3/1/2020,Family,2,Email
102593,2,Mayo,34,Male,Spain,29828.85,Married,Salaried Employee,11/6/2023,Family,0,Mobile App Push
102689,5,Vargas,82,Female,Germany,28877.21,Widowed,Self-Employed,3/26/2021,Senior,1,Mail
102693,5,Allen,88,Male,Germany,26974.97,Married,Retired,5/3/2020,Senior,0,Phone Call
102805,2,Cooper,48,Male,Germany,32378.20,Married,Freelancer,8/7/2021,Family,1,SMS
102871,1,James,38,Female,United Kingdom,43480.15,Married,Salaried Employee,12/29/2023,Retail,0,Mobile App Push
102973,1,Moore,46,Male,Spain,53345.59,Married,Salaried Employee,1/11/2023,Retail,0,Email
103161,3,Bean,22,Male,Spain,12545.75,Single,Student,7/1/2022,Student,0,Email
103402,5,Ortiz,76,Female,United States,45463.81,Married,Self-Employed,9/8/2019,Senior,0,Phone Call
103468,1,Webster,32,Male,United States,44140.86,Single,Salaried Employee,2/7/2024,Retail,1,Email
103642,4,Long,56,Male,United Kingdom,80362.16,Divorced,Salaried Employee,6/1/2018,Premium,0,SMS
103704,1,White,37,Male,United Kingdom,34845.59,Married,Freelancer,8/27/2018,Retail,1,SMS
103717,1,Barnes,33,Female,Germany,36153.48,Married,Salaried Employee,1/20/2026,Retail,0,Mobile App Push
103883,3,Vasquez,26,Male,United States,8634.06,Single,Student,6/16/2026,Student,0,Mobile App Push
104000,4,Murphy,47,Female,France,139919.98,Married,Salaried Employee,11/14/2023,Premium,0,Mobile App Push
104309,1,Randolph,41,Male,United States,47093.66,Single,Self-Employed,9/24/2024,Retail,1,Phone Call
104324,1,Perkins,30,Male,France,71147.00,Married,Salaried Employee,6/14/2022,Retail,2,SMS
104548,2,Johnson,42,Female,Germany,38448.36,Married,Self-Employed,10/6/2020,Family,2,Email
104666,1,Bryant,39,Female,Germany,35630.64,Married,Salaried Employee,8/4/2021,Retail,1,Phone Call
104792,2,Jackson,44,Male,France,33077.61,Divorced,Salaried Employee,4/2/2017,Family,1,Mobile App Push
104877,2,Lewis,29,Male,Spain,40496.91,Single,Self-Employed,9/17/2024,Family,3,SMS
104895,2,Jones,35,Male,United Kingdom,44548.51,Married,Salaried Employee,11/21/2019,Family,3,Mobile App Push
104942,2,Carter,36,Female,United States,42118.60,Married,Business Owner,1/22/2018,Family,2,Phone Call
105066,4,Rosales,62,Male,France,153545.30,Married,Business Owner,1/16/2024,Premium,1,Mobile App Push
105274,4,Johnson,60,Male,Germany,138264.93,Married,Salaried Employee,6/13/2019,Premium,1,Email
105324,1,Collins,53,Male,United Kingdom,31358.48,Single,Salaried Employee,5/17/2025,Retail,0,Email
105433,2,Keller,52,Male,France,37463.26,Married,Salaried Employee,5/6/2023,Family,2,Email
105447,5,Hernandez,79,Male,Germany,57877.71,Married,Retired,10/25/2025,Senior,0,SMS
105506,2,Yu,42,Female,United Kingdom,51229.60,Married,Unemployed,6/1/2020,Family,3,SMS
105547,1,Moore,40,Female,United Kingdom,72112.07,Married,Salaried Employee,6/12/2016,Retail,0,Mail
105735,5,Zavala,71,Male,France,19433.81,Married,Retired,4/11/2021,Senior,0,Mail
105814,1,Dominguez,43,Male,France,34227.73,Married,Unemployed,3/29/2021,Retail,0,Mobile App Push
105919,1,Blackwell,33,Male,United States,35119.47,Married,Salaried Employee,4/6/2022,Retail,2,Email
106029,1,Phillips,62,Female,Spain,35617.31,Married,Unemployed,11/18/2019,Retail,1,SMS
106182,5,Washington,76,Female,Germany,14304.77,Married,Retired,12/27/2020,Senior,1,Phone Call
106185,1,Green,49,Female,United States,30350.73,Single,Salaried Employee,9/13/2016,Retail,0,Email
106402,3,Johnson,22,Male,France,15285.36,Single,Student,8/31/2021,Student,0,SMS
106429,1,Perry,39,Female,United States,29263.90,Married,Salaried Employee,7/30/2022,Retail,2,Mobile App Push
106658,1,Cardenas,44,Female,Germany,64192.11,Married,Salaried Employee,1/4/2021,Retail,0,SMS
106687,1,Mitchell,49,Male,United Kingdom,34261.34,Single,Freelancer,5/11/2022,Retail,2,Phone Call
106693,1,Peterson,55,Female,Germany,52824.07,Single,Self-Employed,4/6/2026,Retail,1,Email
106814,1,Edwards,58,Male,United States,52219.38,Single,Salaried Employee,5/11/2025,Retail,3,Email
106887,1,Ponce,34,Female,United States,39184.41,Single,Unemployed,4/5/2020,Retail,1,Email
106892,1,Miller,50,Female,France,39011.29,Divorced,Salaried Employee,10/14/2025,Retail,2,Email
106918,2,Washington,45,Male,France,35734.77,Married,Freelancer,1/19/2019,Family,2,Phone Call
106933,5,Conway,65,Female,Spain,35568.11,Widowed,Retired,5/27/2019,Senior,0,Email
106945,4,Farmer,49,Male,Germany,105945.99,Single,Business Owner,4/29/2021,Premium,1,Phone Call
107096,1,Davidson,42,Female,United States,52966.07,Single,Salaried Employee,9/16/2024,Retail,2,Mobile App Push
107161,2,Smith,47,Female,Germany,41185.49,Married,Salaried Employee,10/22/2024,Family,0,Phone Call
107459,1,Jefferson,39,Male,France,39010.36,Married,Salaried Employee,5/22/2026,Retail,0,Phone Call
107540,5,Sanders,82,Female,Germany,32311.76,Married,Self-Employed,3/6/2026,Senior,0,Phone Call
107543,5,Conley,79,Male,Spain,35349.96,Widowed,Retired,4/10/2023,Senior,0,Mail
107568,1,Jordan,44,Female,United Kingdom,13244.95,Single,Salaried Employee,5/10/2024,Retail,0,Mobile App Push
107574,2,Johnson,43,Female,Germany,33610.19,Married,Salaried Employee,10/18/2023,Family,1,Phone Call
107686,1,Davis,55,Female,Spain,23900.95,Married,Salaried Employee,6/7/2018,Retail,2,SMS
107704,1,Gonzalez,50,Female,Spain,15185.37,Single,Self-Employed,6/30/2022,Retail,2,Mobile App Push
107790,1,Romero,44,Male,Germany,38570.91,Married,Freelancer,5/15/2020,Retail,0,Mobile App Push
108060,1,Gordon,31,Male,France,34805.01,Single,Freelancer,6/7/2024,Retail,0,Phone Call
108105,1,Anderson,28,Female,United States,24265.60,Single,Salaried Employee,7/27/2017,Retail,1,Mobile App Push
108203,2,Gomez,44,Female,France,28546.93,Divorced,Freelancer,8/31/2022,Family,4,Mobile App Push
108356,2,Carter,28,Male,Spain,62537.01,Married,Self-Employed,6/18/2022,Family,3,Mobile App Push
108454,1,Munoz,49,Female,France,24480.24,Married,Salaried Employee,7/20/2025,Retail,2,Mail
108491,2,Stanton,47,Female,France,39034.89,Married,Salaried Employee,6/9/2026,Family,1,Email
108513,5,Rich,74,Female,United Kingdom,52897.27,Widowed,Retired,1/10/2018,Senior,0,Mail
108574,2,Holland,41,Female,France,25890.19,Divorced,Freelancer,7/21/2019,Family,2,Phone Call
108602,2,Livingston,47,Male,France,79724.87,Married,Unemployed,11/8/2024,Family,1,SMS
108721,5,Malone,68,Female,France,17089.77,Divorced,Retired,1/5/2023,Senior,0,Email
108739,5,Keller,82,Male,Germany,37444.08,Married,Self-Employed,9/24/2019,Senior,0,Email
108827,5,Robinson,81,Male,Spain,53131.71,Divorced,Self-Employed,12/23/2023,Senior,0,Mail
108874,1,Lopez,61,Female,France,40646.92,Married,Salaried Employee,12/22/2017,Retail,1,Mail
108886,1,Allison,37,Female,Spain,23895.85,Married,Freelancer,2/2/2020,Retail,0,Phone Call
108887,1,Rivera,40,Female,United States,82933.18,Divorced,Salaried Employee,9/7/2022,Retail,1,Email
109231,1,Lowe,36,Female,France,63831.05,Single,Salaried Employee,6/23/2019,Retail,3,Mobile App Push
109330,5,Freeman,74,Female,France,44624.05,Married,Retired,4/23/2017,Senior,0,Phone Call
109363,1,Woodard,58,Female,France,41740.70,Divorced,Salaried Employee,5/21/2018,Retail,1,Mobile App Push
109576,1,Thomas,34,Female,France,22884.18,Single,Salaried Employee,4/13/2022,Retail,0,SMS
109585,4,Johnson,41,Male,France,242929.65,Single,Business Owner,5/15/2017,Premium,1,Mobile App Push
109717,5,Pearson,88,Male,France,28692.61,Widowed,Retired,7/20/2024,Senior,0,Phone Call
109738,2,Gillespie,29,Female,Germany,37053.71,Divorced,Salaried Employee,10/29/2025,Family,0,Mail
109756,5,Jenkins,79,Male,France,16333.13,Married,Retired,10/14/2017,Senior,0,Phone Call
109767,4,Berger,43,Female,France,56067.76,Married,Salaried Employee,7/15/2023,Premium,2,SMS
109853,2,Austin,44,Female,France,33347.20,Married,Self-Employed,7/14/2022,Family,2,Email
109909,5,Scott,71,Female,France,77193.60,Single,Retired,12/20/2022,Senior,0,Phone Call
110048,2,Lopez,31,Female,France,33233.42,Married,Self-Employed,12/19/2018,Family,3,SMS
110060,1,Ross,30,Male,United Kingdom,33259.73,Single,Salaried Employee,2/18/2024,Retail,0,Email
110139,5,Smith,70,Female,United States,12835.69,Divorced,Retired,7/26/2022,Senior,0,Phone Call
110142,2,Prince,43,Female,France,39358.96,Married,Salaried Employee,9/28/2016,Family,2,Mobile App Push
110195,1,Garza,49,Female,Germany,20827.92,Divorced,Salaried Employee,3/28/2019,Retail,0,Mobile App Push
110215,1,Castro,49,Female,Spain,51623.39,Divorced,Self-Employed,3/2/2025,Retail,1,Mobile App Push
110644,2,Davis,30,Male,France,93913.29,Married,Self-Employed,1/24/2025,Family,4,Email
111060,1,Conrad,47,Male,United Kingdom,46312.01,Single,Business Owner,1/31/2024,Retail,1,Mobile App Push
111068,2,Romero,28,Male,United Kingdom,36496.21,Divorced,Self-Employed,10/25/2024,Family,2,SMS
111091,4,Thompson,58,Female,Germany,149593.11,Single,Salaried Employee,11/6/2020,Premium,1,Mail
111106,1,Rodriguez,46,Female,France,27608.93,Single,Salaried Employee,12/11/2022,Retail,1,Phone Call
111230,2,Sims,41,Female,Spain,35226.41,Married,Salaried Employee,8/31/2020,Family,4,Email
111307,1,Parsons,36,Female,France,45170.11,Married,Freelancer,10/20/2021,Retail,0,Mobile App Push
111691,5,Garner,66,Male,Spain,45529.39,Married,Retired,9/30/2025,Senior,0,Phone Call
111846,3,Martinez,21,Male,Germany,17692.31,Single,Freelancer,2/5/2025,Student,0,Phone Call
111901,1,Hubbard,40,Male,Spain,26613.20,Married,Business Owner,10/29/2021,Retail,0,Mobile App Push
111949,2,Morton,55,Male,United States,48469.16,Married,Salaried Employee,9/7/2022,Family,2,SMS
111989,1,Miller,48,Female,Spain,43758.23,Divorced,Business Owner,10/29/2024,Retail,0,Mobile App Push
111991,3,Young,24,Male,Germany,12272.11,Single,Unemployed,10/27/2024,Student,0,Mobile App Push
112038,1,Herrera,31,Female,France,19144.10,Married,Unemployed,5/29/2026,Retail,1,SMS
112166,4,Schmidt,59,Male,United States,96853.73,Married,Business Owner,1/24/2017,Premium,0,Mobile App Push
112210,1,Richmond,41,Male,France,55223.39,Single,Salaried Employee,12/17/2024,Retail,1,Email
112394,1,Scott,29,Male,United States,16449.85,Single,Salaried Employee,7/24/2017,Retail,1,Email
112426,1,Snyder,47,Male,France,33915.79,Married,Self-Employed,4/14/2022,Retail,0,Email
112439,5,Larsen,81,Male,France,53366.61,Widowed,Retired,3/16/2017,Senior,0,Mail
112537,1,Bell,36,Male,United Kingdom,35835.78,Married,Freelancer,9/2/2019,Retail,1,Phone Call
112542,4,Porter,46,Male,United States,199775.61,Single,Self-Employed,11/20/2016,Premium,0,SMS
112653,2,Jordan,35,Female,France,49765.74,Married,Salaried Employee,2/25/2025,Family,2,SMS
112800,1,Graves,39,Male,United States,52242.27,Married,Unemployed,7/12/2021,Retail,0,Email
112861,1,Montgomery,42,Male,France,29412.46,Married,Self-Employed,6/14/2017,Retail,0,Email
112884,1,Sanchez,51,Female,France,30543.96,Married,Business Owner,12/12/2021,Retail,1,Mobile App Push
112940,4,Brown,55,Female,United States,107052.48,Divorced,Self-Employed,1/8/2018,Premium,0,Mobile App Push
112960,1,Taylor,52,Male,France,20045.06,Married,Salaried Employee,4/10/2021,Retail,1,Email
112964,2,Thomas,36,Male,France,60159.81,Married,Salaried Employee,5/2/2023,Family,2,Mobile App Push
113026,1,Case,45,Female,France,41911.82,Married,Salaried Employee,3/14/2024,Retail,0,Mobile App Push
113228,5,Chapman,74,Female,Germany,17901.21,Married,Retired,7/15/2025,Senior,0,Mobile App Push
113266,2,Murphy,46,Female,Germany,41197.80,Married,Unemployed,2/3/2018,Family,4,Email
113280,1,Parrish,33,Male,United Kingdom,42641.63,Married,Unemployed,8/13/2021,Retail,0,SMS
113368,2,Ross,45,Male,France,36870.58,Married,Unemployed,1/23/2021,Family,1,SMS
113390,5,Rodriguez,74,Female,Spain,23215.89,Widowed,Retired,4/14/2021,Senior,0,Mail
113595,5,Lewis,72,Male,France,16463.87,Married,Retired,1/13/2023,Senior,1,Email
113721,1,Montgomery,45,Female,Spain,25408.64,Single,Self-Employed,11/6/2019,Retail,1,Email
114338,4,Morton,39,Female,France,127839.12,Married,Self-Employed,8/17/2018,Premium,0,Phone Call
114400,2,Wallace,40,Female,Spain,28835.60,Married,Salaried Employee,2/15/2024,Family,1,SMS
114463,1,Stark,62,Male,United States,50255.55,Married,Salaried Employee,3/1/2025,Retail,2,Mobile App Push
114594,2,Lee,37,Male,France,42279.87,Single,Business Owner,4/25/2022,Family,2,Mobile App Push
114760,2,Curtis,49,Female,United States,40491.48,Married,Salaried Employee,6/29/2023,Family,2,Mobile App Push
114768,1,Hopkins,55,Female,United States,24834.35,Single,Freelancer,8/18/2024,Retail,1,SMS
114835,5,Martin,78,Male,Spain,40094.88,Widowed,Retired,5/13/2017,Senior,1,Mail
114892,5,Wright,80,Female,France,16679.66,Widowed,Retired,2/21/2021,Senior,0,Email
115063,1,Kline,48,Female,Germany,36948.99,Divorced,Salaried Employee,4/17/2025,Retail,2,Email
115208,1,Schmidt,42,Female,United Kingdom,50727.10,Single,Freelancer,2/5/2022,Retail,0,SMS
115440,1,Zuniga,33,Female,Germany,45083.79,Married,Self-Employed,10/27/2016,Retail,2,Mobile App Push
115474,1,Hayes,47,Male,Germany,22070.11,Single,Freelancer,8/14/2016,Retail,0,SMS
115582,1,Smith,42,Male,United Kingdom,45029.27,Married,Salaried Employee,3/2/2022,Retail,0,Mobile App Push
115743,5,Williams,74,Female,United Kingdom,36097.00,Married,Retired,12/9/2021,Senior,0,Mobile App Push
115799,1,Carter,27,Female,Germany,35479.76,Married,Salaried Employee,9/1/2021,Retail,1,Mobile App Push
115997,4,Lawson,48,Male,Germany,84205.66,Divorced,Business Owner,6/20/2018,Premium,0,SMS
116078,4,Baker,32,Male,United Kingdom,97423.43,Married,Salaried Employee,7/17/2020,Premium,1,Mobile App Push
116093,5,Vega,83,Female,Germany,23196.26,Married,Retired,11/20/2016,Senior,0,Phone Call
116112,1,Farrell,32,Female,Spain,27830.93,Single,Self-Employed,4/29/2025,Retail,0,Email
116389,5,Gomez,67,Male,Germany,13459.24,Widowed,Salaried Employee,1/4/2023,Senior,0,Phone Call
116405,1,Heath,34,Female,United States,34362.73,Single,Salaried Employee,4/23/2021,Retail,0,Mail
116418,1,Lee,32,Female,Germany,22730.85,Single,Freelancer,2/7/2019,Retail,0,Mobile App Push
116470,1,Aguirre,44,Female,Spain,28600.91,Married,Self-Employed,2/14/2022,Retail,0,Mail
116495,1,Cox,46,Female,France,63869.98,Married,Self-Employed,7/13/2021,Retail,3,Email
116547,1,Harvey,45,Male,Germany,36099.07,Single,Salaried Employee,3/13/2022,Retail,0,Phone Call
116703,1,Grant,46,Male,France,56102.97,Single,Salaried Employee,10/27/2025,Retail,0,SMS
117007,2,Thornton,38,Male,United States,43927.70,Married,Business Owner,1/18/2019,Family,4,Email
117031,1,Moody,29,Male,United States,29225.16,Single,Freelancer,6/8/2020,Retail,0,Mobile App Push
117072,4,Rodriguez,50,Male,France,167633.74,Married,Business Owner,5/26/2024,Premium,2,Email
117094,1,Hendrix,48,Female,France,26795.46,Married,Salaried Employee,3/30/2023,Retail,0,SMS
117215,5,Lowery,76,Female,Germany,43982.10,Married,Retired,2/27/2024,Senior,0,Phone Call
117233,1,Duran,43,Female,Germany,45341.90,Married,Salaried Employee,11/30/2016,Retail,0,Mobile App Push
117367,1,Berry,33,Female,Germany,56661.95,Married,Unemployed,8/12/2024,Retail,1,Email
117445,2,Mccullough,43,Female,France,40399.74,Married,Salaried Employee,11/29/2023,Family,3,Mobile App Push
117500,5,Martinez,73,Male,France,23673.67,Married,Retired,12/31/2017,Senior,1,Phone Call
117538,2,Keller,55,Male,France,41174.68,Divorced,Business Owner,2/10/2022,Family,2,Mobile App Push
117711,1,Martinez,45,Male,United States,45259.20,Married,Salaried Employee,7/27/2022,Retail,1,Mobile App Push
117975,1,Lee,59,Male,Spain,11695.64,Single,Salaried Employee,6/1/2024,Retail,2,Mobile App Push
118080,3,Franco,22,Female,United Kingdom,19189.67,Single,Student,4/16/2021,Student,0,Email
118632,1,Bailey,39,Male,France,46238.70,Single,Self-Employed,8/10/2020,Retail,0,Mobile App Push
118786,2,Mills,49,Male,United States,44240.28,Married,Salaried Employee,8/17/2025,Family,1,Email
119116,2,Spencer,32,Female,Germany,50792.97,Married,Freelancer,9/27/2025,Family,1,Mail
119264,1,Franklin,47,Female,United States,55003.73,Married,Salaried Employee,12/8/2019,Retail,0,Email
119281,1,Mullins,60,Female,Germany,34484.98,Single,Self-Employed,12/23/2021,Retail,0,Phone Call
119524,1,Wolfe,46,Female,France,47238.35,Single,Freelancer,1/13/2019,Retail,0,Mobile App Push
119535,1,Johnson,38,Male,Germany,77812.92,Married,Salaried Employee,7/1/2021,Retail,0,Mobile App Push
119627,1,Hernandez,54,Male,United States,32511.48,Married,Salaried Employee,11/24/2025,Retail,3,Mail
119629,36,Brown,41,Male,Germany,30175.32,Married,Salaried Employee,11/16/2020,Unknown,3,Mobile App Push
119651,2,Lewis,52,Female,Spain,86445.62,Married,Salaried Employee,3/19/2018,Family,4,Mail
119676,3,Fowler,23,Female,Germany,10842.86,Single,Freelancer,12/31/2021,Student,0,Mobile App Push
119857,5,Ramirez,74,Female,United States,41482.85,Single,Retired,10/15/2017,Senior,0,Email
119927,3,Allen,22,Male,France,11523.40,Single,Student,11/13/2018,Student,0,Email
119989,1,Rodriguez,39,Male,United Kingdom,58057.63,Single,Salaried Employee,10/27/2022,Retail,0,Mobile App Push
120005,4,Aguirre,32,Male,France,124958.17,Single,Business Owner,4/22/2024,Premium,0,Mobile App Push
120053,5,Chan,80,Male,Spain,18421.10,Married,Salaried Employee,6/25/2024,Senior,0,Mobile App Push
120324,2,Barr,28,Male,France,58830.55,Married,Freelancer,4/29/2018,Family,4,SMS
120337,4,Ramos,66,Male,United Kingdom,193127.93,Single,Self-Employed,6/2/2022,Premium,0,Email
120422,2,Charles,40,Female,Germany,33045.95,Married,Salaried Employee,2/1/2019,Family,3,Mobile App Push
120478,2,Myers,41,Male,Spain,21268.71,Single,Unemployed,8/28/2023,Family,1,Mobile App Push
120480,5,Fowler,88,Male,Germany,42050.59,Divorced,Salaried Employee,10/4/2020,Senior,2,Phone Call
120700,2,Nguyen,30,Male,France,48214.36,Married,Salaried Employee,2/4/2024,Family,2,SMS
120798,2,Hamilton,45,Male,Spain,64700.05,Married,Salaried Employee,12/30/2016,Family,2,SMS
120896,1,Taylor,41,Male,Germany,43054.18,Married,Freelancer,11/11/2020,Retail,0,Phone Call
121026,1,Anderson,40,Male,France,47249.08,Married,Salaried Employee,3/23/2024,Retail,1,Mail
121053,1,Anderson,32,Female,United States,82409.63,Married,Unemployed,6/30/2026,Retail,0,Mobile App Push
121215,2,Ayers,44,Female,France,67860.91,Married,Self-Employed,7/29/2026,Family,0,Email
121322,1,Gutierrez,40,Male,France,66480.86,Married,Salaried Employee,12/12/2017,Retail,2,Mobile App Push
121369,1,Reed,34,Male,Spain,71100.87,Married,Salaried Employee,9/26/2023,Retail,2,Phone Call
121753,4,Padilla,60,Female,United Kingdom,227215.42,Married,Business Owner,10/31/2019,Premium,3,Mobile App Push
121869,3,Sandoval,22,Female,United States,19061.79,Single,Student,8/11/2018,Student,0,Mobile App Push
122056,3,Wang,21,Male,Germany,24658.43,Single,Student,8/4/2023,Student,0,Mobile App Push
122390,2,Jackson,41,Male,France,22094.35,Married,Salaried Employee,4/13/2026,Family,4,Mail
122394,1,Banks,45,Male,United States,20467.11,Single,Salaried Employee,8/5/2024,Retail,3,Mail
122532,2,Patton,45,Male,United Kingdom,30921.27,Married,Salaried Employee,4/22/2022,Family,3,Mobile App Push
122755,1,Crawford,54,Male,Germany,35410.66,Single,Salaried Employee,7/17/2023,Retail,2,Mobile App Push
122827,1,Tate,56,Female,Spain,26340.75,Single,Business Owner,5/12/2017,Retail,0,SMS
122859,1,Bennett,48,Male,Germany,21211.07,Married,Salaried Employee,1/19/2022,Retail,0,Email
122977,2,Stephens,31,Female,Germany,72653.98,Married,Unemployed,2/4/2019,Family,4,Mobile App Push
123005,3,Klein,22,Male,France,9812.13,Single,Student,8/15/2025,Student,0,Email
123205,5,Ramos,65,Female,France,36367.70,Divorced,Retired,7/19/2021,Senior,0,Email
123536,1,Robinson,35,Female,France,74146.96,Single,Salaried Employee,4/30/2018,Retail,1,Phone Call
123572,2,Bell,39,Female,France,54801.55,Married,Freelancer,10/26/2022,Family,3,Mobile App Push
123682,2,Nunez,50,Female,Germany,37661.48,Married,Freelancer,8/10/2019,Family,0,Mail
123839,4,Matthews,44,Male,France,132318.52,Married,Self-Employed,7/28/2019,Premium,0,Mobile App Push
123853,2,Marks,42,Female,France,35447.09,Widowed,Salaried Employee,7/31/2026,Family,3,Phone Call
124223,2,Kelly,41,Female,Germany,53858.88,Married,Self-Employed,3/30/2024,Family,3,SMS
124302,4,Clarke,47,Female,France,83630.81,Single,Business Owner,8/19/2022,Premium,0,SMS
124813,2,Bradley,30,Female,United States,50053.90,Married,Salaried Employee,5/12/2024,Family,1,Mobile App Push
124851,5,Jones,69,Female,France,28708.73,Widowed,Retired,11/25/2025,Senior,0,Phone Call
124906,2,Buchanan,30,Female,France,42490.53,Married,Business Owner,4/27/2026,Family,2,SMS
125071,1,Buck,56,Male,United States,81079.26,Single,Unemployed,6/22/2026,Retail,0,Email
125151,1,Martin,30,Female,Germany,33346.65,Single,Salaried Employee,2/19/2024,Retail,0,Mobile App Push
125382,1,Williams,24,Male,Germany,80067.93,Married,Salaried Employee,2/3/2017,Retail,2,Email
125599,3,Travis,22,Male,France,11959.12,Single,Unemployed,6/23/2022,Student,0,Mobile App Push
125611,2,Roberts,28,Female,France,52760.26,Married,Self-Employed,9/15/2017,Family,1,Email
125755,1,Morrison,41,Female,United Kingdom,31031.73,Married,Salaried Employee,8/31/2016,Retail,0,Phone Call
125905,1,Chapman,55,Male,United States,37495.12,Single,Salaried Employee,6/23/2017,Retail,0,Mobile App Push
125990,2,Hernandez,36,Female,United Kingdom,28029.05,Married,Business Owner,5/3/2020,Family,2,Mobile App Push
126122,2,Peck,35,Female,Germany,38580.75,Married,Business Owner,6/27/2020,Family,1,SMS
126146,1,Perez,43,Female,Germany,37472.67,Married,Freelancer,4/18/2024,Retail,0,Mobile App Push
126225,3,Rhodes,22,Male,France,13394.10,Single,Student,12/17/2023,Student,0,Mail
126240,4,Evans,52,Male,United States,138907.96,Married,Business Owner,5/30/2020,Premium,1,Phone Call
126499,1,Allen,33,Female,Germany,32234.17,Single,Salaried Employee,8/28/2024,Retail,1,Mobile App Push
126596,1,Meyers,58,Female,United Kingdom,33508.23,Married,Salaried Employee,12/12/2021,Retail,1,Phone Call
126691,4,Flores,49,Female,Spain,91864.99,Married,Business Owner,5/9/2026,Premium,1,Mobile App Push
126925,5,Hays,61,Male,Spain,17572.82,Married,Retired,6/10/2019,Senior,1,Mobile App Push
126985,3,Nunez,20,Female,United States,22347.17,Married,Student,1/10/2026,Student,0,Email
127032,5,Valdez,77,Male,United Kingdom,31939.19,Single,Retired,7/26/2021,Senior,0,Mail
127121,2,Cochran,46,Female,United Kingdom,49187.80,Married,Salaried Employee,12/18/2018,Family,0,Mail
127172,4,Hudson,42,Female,Spain,121903.05,Married,Salaried Employee,10/5/2019,Premium,2,SMS
127329,4,Villa,58,Male,Germany,47402.84,Married,Business Owner,8/28/2017,Premium,0,Mobile App Push
127351,5,Vargas,82,Male,France,9182.85,Married,Retired,1/30/2023,Senior,0,Email
127470,2,Willis,42,Male,France,53866.05,Married,Self-Employed,11/6/2020,Family,1,SMS
127529,3,Diaz,20,Female,Germany,22064.63,Single,Freelancer,4/1/2022,Student,0,Email
127537,4,Moore,46,Male,France,134518.61,Divorced,Salaried Employee,9/13/2020,Premium,0,Email
127560,1,Campbell,42,Female,Germany,22473.17,Single,Salaried Employee,2/12/2017,Retail,1,Email
127645,3,Russell,20,Male,France,11204.60,Single,Student,8/7/2021,Student,0,SMS
127824,1,Ramirez,57,Female,Germany,49649.91,Widowed,Freelancer,8/8/2017,Retail,0,Email
127941,4,Kerr,32,Male,Spain,92344.68,Married,Business Owner,1/11/2026,Premium,0,Mobile App Push
127965,3,Cole,24,Female,Spain,11573.34,Single,Student,9/15/2017,Student,0,Email
128127,1,Harper,62,Male,Germany,36924.69,Married,Self-Employed,3/31/2017,Retail,1,Mobile App Push
128223,4,Meyer,49,Female,United Kingdom,106370.32,Married,Salaried Employee,3/14/2024,Premium,0,Mobile App Push
128276,5,Williams,84,Female,France,69309.86,Divorced,Self-Employed,8/5/2021,Senior,1,Email
128418,1,Ewing,41,Female,France,47520.24,Married,Salaried Employee,3/21/2018,Retail,0,Email
128624,4,Butler,64,Male,Germany,93959.39,Married,Freelancer,3/19/2018,Premium,1,Mail
128679,3,Baker,19,Female,United States,17631.36,Single,Student,7/18/2017,Student,0,Mail
128783,1,Compton,45,Female,France,37721.47,Married,Self-Employed,7/30/2018,Retail,2,Phone Call
128941,1,Drake,38,Female,Germany,40438.61,Single,Freelancer,12/5/2024,Retail,0,Mobile App Push
129556,1,Price,50,Male,United States,49679.81,Married,Salaried Employee,9/4/2016,Retail,1,SMS
129576,5,Hubbard,76,Female,France,38967.66,Married,Self-Employed,12/10/2019,Senior,0,Mail
129751,2,Chen,47,Male,France,58878.24,Married,Business Owner,6/11/2017,Family,1,Email
129959,1,Wagner,39,Female,Germany,50975.71,Married,Salaried Employee,8/29/2022,Retail,0,Email
130094,2,Turner,50,Female,United States,31259.71,Married,Freelancer,10/21/2018,Family,2,Mobile App Push
130216,1,Quinn,31,Male,United Kingdom,40467.64,Divorced,Salaried Employee,10/5/2016,Retail,0,Email
130271,1,Smith,46,Female,Spain,44539.34,Married,Salaried Employee,4/19/2024,Retail,1,Mail
130353,1,Conner,31,Female,United States,25866.01,Married,Freelancer,1/30/2026,Retail,3,SMS
130354,1,Taylor,47,Female,Germany,31736.88,Divorced,Salaried Employee,5/17/2018,Retail,2,Mobile App Push
130359,2,Ford,40,Female,France,19477.29,Divorced,Salaried Employee,5/16/2025,Family,4,Mobile App Push
130401,2,White,38,Female,Germany,36277.50,Married,Business Owner,3/13/2025,Family,2,Mail
130434,1,Ruiz,32,Male,France,28308.89,Married,Salaried Employee,2/20/2023,Retail,2,SMS
130477,1,Mccarthy,54,Male,United States,24377.91,Divorced,Unemployed,9/11/2024,Retail,3,Email
130531,1,Hughes,62,Female,United Kingdom,38793.92,Single,Salaried Employee,4/6/2017,Retail,0,Email
130610,3,Boone,24,Male,Germany,11578.72,Widowed,Student,12/13/2021,Student,0,SMS
130726,3,Thompson,18,Male,United States,24136.38,Single,Student,8/4/2025,Student,0,Email
130782,4,Gutierrez,40,Male,United Kingdom,78713.84,Married,Business Owner,9/25/2025,Premium,3,Mobile App Push
130897,1,Krause,43,Male,Spain,39450.57,Single,Salaried Employee,3/14/2024,Retail,0,Email
130914,1,Stevenson,49,Female,France,28786.11,Divorced,Freelancer,4/5/2023,Retail,1,Mobile App Push
130915,4,Wells,47,Male,United States,110144.23,Married,Business Owner,7/22/2020,Premium,0,Email
131064,1,Ortiz,43,Female,France,74106.86,Married,Salaried Employee,8/4/2021,Retail,1,Mail
131244,2,Arnold,50,Female,Germany,59316.75,Single,Salaried Employee,5/18/2020,Family,3,Mobile App Push
131734,1,Martinez,62,Female,Germany,55911.68,Married,Salaried Employee,1/18/2017,Retail,0,Email
131757,1,Thomas,43,Male,Spain,53631.41,Married,Salaried Employee,12/17/2016,Retail,1,SMS
132047,1,Booth,49,Female,Germany,22651.71,Married,Salaried Employee,11/21/2022,Retail,1,SMS
132146,4,Charles,53,Female,Germany,216941.14,Married,Self-Employed,3/22/2023,Premium,0,Mail
132316,5,Foster,86,Male,United States,18778.69,Married,Salaried Employee,1/5/2023,Senior,0,Phone Call
132359,3,Cox,22,Female,Germany,23793.25,Single,Unemployed,12/30/2022,Student,0,Mobile App Push
132498,1,Chapman,40,Male,Spain,31436.17,Single,Salaried Employee,9/6/2021,Retail,1,SMS
132537,1,James,37,Male,United Kingdom,50229.89,Single,Salaried Employee,5/12/2023,Retail,2,Email
132591,5,Williams,63,Female,Spain,77955.40,Widowed,Retired,9/8/2019,Senior,1,Phone Call
132653,5,Mckinney,73,Male,France,44358.91,Widowed,Retired,6/10/2023,Senior,1,SMS
132663,1,Anderson,44,Male,United States,46953.42,Married,Self-Employed,2/14/2021,Retail,2,Mail
132687,2,Lamb,41,Female,Germany,43129.18,Married,Salaried Employee,9/30/2024,Family,2,Mobile App Push
132699,1,Marsh,49,Female,Germany,55123.90,Married,Self-Employed,1/22/2026,Retail,0,SMS
132709,2,Baldwin,47,Male,France,48700.86,Married,Salaried Employee,11/2/2023,Family,2,Email
132792,1,Smith,35,Female,Germany,32948.56,Divorced,Salaried Employee,2/2/2018,Retail,2,Mail
132938,5,Wood,79,Male,Germany,62868.08,Widowed,Retired,11/16/2020,Senior,1,Phone Call
133104,2,Blanchard,41,Female,United States,50611.67,Married,Self-Employed,3/22/2019,Family,1,Email
133164,5,Wood,79,Male,Germany,25188.40,Married,Salaried Employee,1/10/2020,Senior,0,Email
133223,1,Smith,50,Male,Germany,21262.67,Married,Salaried Employee,3/11/2023,Retail,3,Mobile App Push
133276,4,Hanna,61,Female,Germany,102790.36,Single,Salaried Employee,5/17/2018,Premium,1,Mobile App Push
133278,1,Bryan,33,Male,France,55568.79,Married,Self-Employed,10/24/2020,Retail,1,Mobile App Push
133326,1,Dudley,29,Female,France,43388.14,Married,Salaried Employee,12/15/2021,Retail,0,SMS
133362,1,Velasquez,36,Male,United States,46387.23,Divorced,Salaried Employee,1/10/2022,Retail,3,SMS
133653,1,Grant,47,Male,France,22148.01,Married,Salaried Employee,12/11/2018,Retail,0,Mobile App Push
133659,1,Moran,38,Male,United Kingdom,87054.73,Single,Salaried Employee,8/21/2018,Retail,2,Mobile App Push
133782,1,Garrett,62,Male,France,37643.61,Married,Salaried Employee,12/13/2020,Retail,2,Mobile App Push
133795,2,Tran,38,Female,France,24836.81,Divorced,Freelancer,12/12/2018,Family,2,Mobile App Push
133796,2,Beard,45,Male,France,23240.11,Divorced,Salaried Employee,10/29/2024,Family,2,SMS
133875,5,Hart,69,Female,Spain,62300.31,Widowed,Retired,5/28/2020,Senior,1,SMS
133955,1,Bishop,41,Female,Spain,43205.22,Married,Salaried Employee,5/11/2019,Retail,1,Phone Call
133958,1,Peterson,50,Female,United States,53023.87,Married,Salaried Employee,6/7/2020,Retail,0,Mail
134007,3,Smith,18,Male,Germany,12296.54,Single,Student,5/21/2022,Student,0,Phone Call
134144,1,Yu,34,Female,Germany,66207.23,Single,Business Owner,4/17/2023,Retail,3,Email
134225,1,Horton,47,Female,Germany,35241.84,Married,Salaried Employee,12/22/2020,Retail,1,Mail
134283,2,Frost,42,Male,Germany,44471.53,Married,Salaried Employee,8/23/2017,Family,2,Mobile App Push
134303,4,Owen,53,Male,Germany,95234.11,Married,Self-Employed,10/16/2016,Premium,1,Email
134305,1,Garcia,40,Female,Germany,38834.98,Single,Salaried Employee,11/25/2024,Retail,2,Mail
134500,2,Harris,37,Female,France,59256.08,Divorced,Salaried Employee,12/30/2023,Family,4,Email
134677,1,Johnson,49,Female,United Kingdom,50288.74,Married,Freelancer,11/29/2024,Retail,2,Mobile App Push
134697,5,Wallace,81,Female,United States,21036.96,Single,Retired,4/7/2021,Senior,1,Email
134985,2,Taylor,40,Female,Germany,33086.87,Married,Salaried Employee,8/30/2021,Family,2,Email
135035,4,Johnson,41,Male,France,117929.59,Single,Salaried Employee,11/9/2017,Premium,0,Email
135087,5,Miller,83,Male,France,45472.91,Married,Retired,2/1/2020,Senior,2,Phone Call
135138,3,Maldonado,26,Female,Germany,27862.10,Married,Student,5/14/2018,Student,0,Email
135207,5,Larson,76,Male,United Kingdom,30575.92,Single,Self-Employed,12/19/2023,Senior,2,Phone Call
135241,1,King,51,Male,Germany,31683.73,Married,Salaried Employee,8/21/2025,Retail,1,Mobile App Push
135253,5,Brennan,70,Female,Spain,30667.19,Married,Salaried Employee,11/23/2023,Senior,0,Phone Call
135466,2,Taylor,50,Male,Germany,23651.37,Married,Salaried Employee,10/28/2017,Family,2,Email
135695,1,Potts,42,Female,Germany,25524.92,Single,Salaried Employee,3/7/2023,Retail,2,Phone Call
136332,3,Brown,24,Female,France,14453.55,Single,Student,1/12/2021,Student,0,Phone Call
136346,1,Vega,27,Male,United States,21162.96,Single,Self-Employed,6/29/2024,Retail,1,Mobile App Push
136415,2,Johnson,37,Female,United States,26444.81,Married,Salaried Employee,9/19/2021,Family,2,SMS
136489,1,Alvarez,46,Female,Spain,50946.64,Single,Self-Employed,11/23/2016,Retail,1,Mail
136554,5,Meyer,68,Female,Germany,53041.94,Widowed,Self-Employed,1/30/2020,Senior,0,Mail
136862,1,Hayes,35,Female,Spain,37553.02,Divorced,Self-Employed,4/30/2017,Retail,1,Mobile App Push
137034,1,Newton,42,Male,France,65795.08,Single,Salaried Employee,3/19/2021,Retail,0,Mail
137042,1,Carroll,40,Male,Spain,19416.62,Single,Salaried Employee,10/6/2025,Retail,0,Email
137081,3,Ward,22,Female,France,10247.36,Single,Student,7/15/2021,Student,0,Phone Call
137285,1,Miller,62,Female,France,46249.45,Married,Salaried Employee,11/22/2025,Retail,1,Mobile App Push
137432,2,Rush,49,Male,United Kingdom,24064.60,Married,Self-Employed,3/19/2021,Family,1,Mobile App Push
137572,1,Perez,47,Female,Spain,41097.40,Married,Salaried Employee,12/15/2024,Retail,0,Phone Call
137581,3,Bennett,22,Male,Germany,22343.35,Single,Student,7/2/2021,Student,0,SMS
137642,2,Wolfe,40,Female,United States,36067.30,Married,Salaried Employee,8/28/2024,Family,1,Email
137778,5,Lester,65,Female,France,41503.14,Widowed,Retired,1/26/2018,Senior,0,Mail
137812,2,Williams,46,Male,France,36908.52,Widowed,Salaried Employee,8/6/2022,Family,1,Email
138105,3,Cobb,22,Male,Spain,25934.76,Single,Freelancer,1/25/2025,Student,0,SMS
138328,5,Ross,78,Male,Germany,30001.84,Widowed,Retired,5/14/2022,Senior,2,Mail
138399,2,Duarte,36,Male,United States,46733.31,Married,Freelancer,8/3/2024,Family,2,SMS
138436,2,Walls,46,Male,Spain,55303.89,Married,Business Owner,5/27/2024,Family,3,SMS
138479,2,Anderson,37,Female,France,27499.04,Married,Salaried Employee,5/12/2021,Family,3,Mail
138504,1,Howell,42,Male,United Kingdom,33468.21,Married,Unemployed,3/3/2026,Retail,0,Mobile App Push
138551,1,Chapman,33,Female,Germany,19757.07,Divorced,Salaried Employee,1/2/2023,Retail,2,Email
138669,5,Walker,64,Male,Germany,29964.39,Divorced,Retired,3/19/2026,Senior,1,Phone Call
138780,4,Salazar,68,Female,France,152823.20,Married,Self-Employed,7/21/2023,Premium,1,Mobile App Push
138817,2,Colon,42,Male,United Kingdom,38797.41,Married,Salaried Employee,11/25/2017,Family,2,Email
138842,5,Sims,62,Male,France,53011.32,Single,Retired,3/13/2025,Senior,0,SMS
139019,1,Rhodes,39,Female,Germany,32375.20,Single,Salaried Employee,2/7/2018,Retail,0,Mobile App Push
139110,5,Leonard,71,Female,France,13694.85,Divorced,Retired,8/5/2017,Senior,0,SMS
139178,5,Castro,70,Male,Spain,51573.83,Married,Salaried Employee,11/7/2019,Senior,0,Email
139186,1,Bush,38,Male,France,34218.68,Single,Salaried Employee,5/3/2026,Retail,0,SMS
139211,5,Wright,61,Female,Germany,49078.77,Married,Retired,6/6/2022,Senior,0,Email
139285,1,Martin,24,Female,United States,29894.90,Divorced,Salaried Employee,1/22/2018,Retail,0,Phone Call
139286,1,Clark,46,Male,Germany,28298.27,Single,Unemployed,5/7/2021,Retail,3,Mobile App Push
139434,3,Kelly,20,Female,Germany,10849.32,Single,Student,5/25/2024,Student,0,SMS
139448,1,Mahoney,36,Male,Spain,30380.51,Married,Self-Employed,3/27/2024,Retail,1,Mail
139557,1,Nichols,47,Male,United Kingdom,43154.11,Married,Salaried Employee,2/16/2022,Retail,0,Mail
139569,5,George,79,Female,France,27818.51,Married,Retired,3/13/2017,Senior,0,Mail
139581,1,Miller,40,Male,Germany,29852.46,Married,Salaried Employee,6/29/2025,Retail,1,Phone Call
139589,4,Krueger,52,Female,United Kingdom,188482.47,Married,Salaried Employee,8/20/2022,Premium,1,Email
139673,1,Norton,38,Male,France,43335.61,Single,Unemployed,6/29/2024,Retail,0,Phone Call
139704,5,Anderson,77,Male,France,51303.06,Married,Retired,9/9/2024,Senior,0,Phone Call
139726,2,Maddox,44,Female,France,25531.11,Married,Salaried Employee,12/3/2022,Family,3,Email
139807,3,Ayala,21,Female,United Kingdom,11583.69,Single,Student,2/23/2017,Student,0,SMS
140115,3,Smith,21,Male,France,19044.05,Single,Student,9/29/2017,Student,0,Email
140163,1,Wright,59,Male,Germany,34865.01,Married,Unemployed,10/22/2016,Retail,2,Mobile App Push
140382,1,Johnson,43,Male,France,30831.10,Single,Salaried Employee,4/27/2017,Retail,3,Email
140605,1,Austin,39,Female,Germany,29583.38,Married,Salaried Employee,10/11/2024,Retail,2,SMS
140666,1,Moses,30,Female,Germany,35408.89,Single,Salaried Employee,6/1/2025,Retail,2,Phone Call
140804,3,Jenkins,22,Male,United Kingdom,15233.16,Single,Student,1/15/2023,Student,0,Email
140932,1,Porter,42,Female,United States,29563.04,Married,Salaried Employee,8/17/2021,Retail,2,Phone Call
141043,1,Torres,57,Male,United Kingdom,27707.66,Married,Salaried Employee,3/12/2019,Retail,2,Phone Call
141094,4,Clarke,44,Male,France,136252.30,Married,Freelancer,7/5/2021,Premium,0,Phone Call
141158,2,Acevedo,51,Female,France,37142.61,Divorced,Salaried Employee,8/26/2016,Family,2,Email
141241,1,Hoover,51,Male,Germany,45906.42,Married,Self-Employed,3/15/2025,Retail,0,Email
141319,2,Hall,43,Male,France,54015.77,Married,Salaried Employee,9/30/2019,Family,2,Mail
141337,2,Figueroa,47,Male,Germany,46914.48,Married,Salaried Employee,10/31/2024,Family,3,Phone Call
141360,44,Moore,28,Female,Germany,37810.17,Married,Unemployed,9/28/2020,Unknown,3,Email
141406,5,Brewer,83,Male,Germany,20528.73,Widowed,Salaried Employee,11/6/2016,Senior,0,Mail
141468,2,Burton,29,Female,Germany,26177.81,Married,Business Owner,7/16/2025,Family,2,Email
141672,1,Terry,34,Male,France,32835.36,Married,Unemployed,6/25/2018,Retail,0,Mobile App Push
141683,1,Flores,42,Female,United States,54749.23,Married,Unemployed,9/6/2019,Retail,0,SMS
141761,1,Fleming,26,Female,France,25360.91,Married,Salaried Employee,5/1/2020,Retail,0,Phone Call
141797,5,Garcia,66,Male,United States,26106.71,Divorced,Retired,6/29/2026,Senior,0,Phone Call
141814,5,Hunter,79,Male,Spain,23901.23,Widowed,Self-Employed,8/11/2022,Senior,2,Phone Call
141832,4,Williams,68,Female,Germany,139099.79,Married,Salaried Employee,1/18/2026,Premium,0,SMS
141843,2,George,45,Male,Spain,29882.28,Married,Salaried Employee,3/2/2018,Family,0,Email
141880,3,Caldwell,20,Female,United States,17620.23,Single,Student,7/3/2024,Student,0,Email
142004,1,Wilson,33,Female,United States,33552.19,Single,Salaried Employee,3/24/2025,Retail,1,Email
142185,1,Martinez,40,Female,Spain,23112.60,Single,Salaried Employee,4/7/2025,Retail,0,Email
142210,5,Wiggins,87,Male,France,58084.88,Married,Retired,3/22/2017,Senior,0,Mail
142213,1,Pope,41,Female,Germany,48317.59,Single,Self-Employed,12/6/2025,Retail,3,Mobile App Push
142288,1,Vance,61,Female,France,28257.01,Single,Freelancer,9/12/2023,Retail,1,SMS
142383,2,Mendoza,32,Female,France,42258.33,Married,Self-Employed,5/5/2021,Family,2,SMS
142608,1,Mckee,39,Female,United States,37428.93,Married,Salaried Employee,6/30/2023,Retail,1,Email
142627,1,Harris,36,Female,Spain,21444.16,Single,Salaried Employee,7/16/2025,Retail,0,SMS
142675,2,Wong,36,Male,Spain,57349.48,Married,Freelancer,1/13/2018,Family,2,Mobile App Push
142859,1,Carter,40,Female,France,30857.65,Single,Salaried Employee,6/22/2020,Retail,1,Phone Call
143010,2,Whitaker,32,Female,Spain,59987.99,Married,Salaried Employee,5/1/2021,Family,3,Mobile App Push
143015,3,Jackson,20,Male,France,17227.55,Single,Freelancer,5/24/2017,Student,0,Mobile App Push
143064,1,Obrien,57,Male,France,48991.05,Single,Freelancer,1/27/2024,Retail,0,Mobile App Push
143182,1,Chapman,45,Female,Spain,54325.11,Married,Salaried Employee,5/2/2017,Retail,3,SMS
143195,1,Mosley,36,Female,Germany,43836.78,Single,Self-Employed,7/22/2023,Retail,0,SMS
143631,1,Blair,48,Male,Spain,26229.92,Single,Freelancer,5/22/2017,Retail,1,Mobile App Push
143802,4,Wilson,62,Male,Germany,76790.39,Single,Salaried Employee,3/14/2019,Premium,1,Mobile App Push
143858,2,Campbell,55,Male,France,51656.29,Married,Salaried Employee,11/4/2018,Family,2,Email
143860,2,Fox,34,Male,Germany,39166.95,Divorced,Freelancer,1/5/2024,Family,2,Mobile App Push
143941,5,Fox,79,Male,Germany,40016.98,Married,Self-Employed,10/5/2019,Senior,0,Email
144033,1,Myers,42,Male,United Kingdom,32642.57,Single,Unemployed,8/11/2020,Retail,0,Mobile App Push
144109,5,Randall,76,Female,France,45033.50,Married,Retired,4/16/2017,Senior,0,SMS
144235,1,Smith,43,Male,United States,30459.47,Single,Salaried Employee,3/11/2023,Retail,0,Email
144316,1,Stuart,53,Male,Spain,31111.13,Single,Freelancer,12/27/2024,Retail,1,Phone Call
144357,2,Adkins,42,Female,United States,44666.43,Married,Salaried Employee,3/10/2023,Family,1,SMS
144412,1,Palmer,62,Male,United States,34206.33,Single,Salaried Employee,10/28/2022,Retail,0,Mail
144476,4,Ibarra,64,Male,United States,170909.92,Married,Salaried Employee,2/12/2017,Premium,1,SMS
144618,2,Kerr,42,Female,Germany,28622.40,Married,Salaried Employee,8/6/2018,Family,3,Mobile App Push
144748,4,Jensen,40,Female,Spain,168847.36,Married,Salaried Employee,1/3/2018,Premium,0,Phone Call
144770,1,Carter,38,Female,United States,44157.35,Married,Salaried Employee,4/2/2022,Retail,0,SMS
144887,1,Perez,34,Male,United States,54369.27,Married,Salaried Employee,3/18/2020,Retail,1,Mobile App Push
144894,2,Rodriguez,46,Female,Spain,60048.39,Married,Freelancer,3/16/2026,Family,4,Mobile App Push
145209,2,Wright,35,Male,France,38430.29,Married,Business Owner,6/9/2023,Family,2,Phone Call
145240,2,Riley,50,Male,United States,44596.71,Divorced,Salaried Employee,5/9/2019,Family,1,Email
145421,3,Johnson,21,Female,United Kingdom,10493.90,Single,Student,9/21/2020,Student,0,Phone Call
145471,2,Thompson,28,Male,France,70435.78,Widowed,Salaried Employee,10/22/2025,Family,2,Mail
145548,1,Kelly,46,Male,Germany,23260.77,Single,Self-Employed,7/30/2022,Retail,3,Email
145561,1,Fowler,32,Male,Spain,22675.34,Married,Business Owner,7/31/2019,Retail,0,Email
145594,2,Nelson,33,Female,United Kingdom,37729.88,Married,Self-Employed,5/22/2017,Family,2,Email
145649,1,Gibson,46,Male,United States,26457.91,Single,Salaried Employee,8/12/2018,Retail,0,SMS
145767,1,Baker,44,Male,United States,43657.54,Married,Salaried Employee,9/5/2019,Retail,0,SMS
145814,1,Gomez,54,Male,France,28745.49,Divorced,Self-Employed,1/9/2021,Retail,0,Email
145903,3,Mooney,23,Male,Spain,16318.25,Married,Freelancer,2/5/2025,Student,0,Mobile App Push
145934,2,Barker,41,Female,United States,62851.08,Married,Salaried Employee,6/6/2021,Family,1,Mobile App Push
145981,4,Gomez,37,Male,United States,115061.82,Married,Salaried Employee,1/7/2017,Premium,0,Mobile App Push
146032,1,Barron,40,Male,Germany,33670.21,Single,Salaried Employee,2/15/2024,Retail,3,SMS
146038,1,Hoffman,30,Female,France,59021.52,Single,Salaried Employee,2/11/2020,Retail,1,Mobile App Push
146168,1,Banks,45,Female,Germany,17302.11,Married,Freelancer,8/4/2020,Retail,0,Email
146177,1,Phillips,41,Male,Germany,46218.47,Single,Freelancer,7/29/2025,Retail,0,Mobile App Push
146228,1,Paul,50,Male,United Kingdom,35377.66,Single,Salaried Employee,4/20/2023,Retail,2,Phone Call
146372,1,Lopez,30,Male,France,27405.12,Single,Salaried Employee,8/13/2024,Retail,3,Mobile App Push
146385,1,Butler,43,Male,Spain,52270.34,Married,Salaried Employee,7/10/2025,Retail,0,Email
146448,2,Sanders,52,Female,Spain,31852.91,Married,Salaried Employee,10/6/2025,Family,1,Email
146489,5,Miller,66,Male,France,30055.76,Married,Salaried Employee,9/11/2020,Senior,0,Mail
146542,2,Snyder,51,Female,France,38406.76,Single,Unemployed,4/28/2024,Family,3,Email
146784,5,Carter,74,Female,France,25077.31,Married,Retired,10/12/2018,Senior,0,Email
146853,2,Thomas,28,Female,United States,26973.08,Married,Self-Employed,7/18/2018,Family,1,Mobile App Push
147057,2,White,37,Male,United Kingdom,38653.03,Married,Salaried Employee,3/1/2023,Family,2,Mobile App Push
147440,1,Nelson,42,Female,Germany,53890.24,Married,Salaried Employee,11/7/2020,Retail,2,Mobile App Push
147489,1,Booker,40,Male,United Kingdom,46403.42,Married,Salaried Employee,8/26/2016,Retail,0,Email
147504,1,Meza,35,Male,United Kingdom,35271.68,Divorced,Salaried Employee,12/1/2018,Retail,0,Email
147549,5,Whitaker,64,Male,Germany,79451.64,Divorced,Retired,10/26/2019,Senior,0,Mail
147623,4,Harris,50,Female,United Kingdom,167206.88,Single,Self-Employed,9/5/2017,Premium,1,SMS
147670,5,Cortez,72,Male,France,43292.96,Divorced,Retired,7/11/2018,Senior,0,Email
147702,2,Smith,52,Male,United States,49704.17,Married,Salaried Employee,7/23/2018,Family,3,Mobile App Push
147726,1,Mason,55,Female,Germany,47037.37,Single,Salaried Employee,11/2/2023,Retail,2,Mobile App Push
147727,2,Mccarthy,52,Female,Germany,40778.62,Married,Freelancer,5/10/2019,Family,3,Email
147800,1,Hayes,44,Male,Germany,41265.62,Married,Salaried Employee,12/9/2016,Retail,0,Mobile App Push
147936,1,Hudson,43,Male,United Kingdom,95725.73,Single,Salaried Employee,2/14/2017,Retail,0,Mobile App Push
147939,1,Hill,50,Male,France,42223.89,Married,Unemployed,1/31/2019,Retail,1,Email
148001,1,Graham,39,Male,Germany,18704.24,Married,Salaried Employee,7/26/2021,Retail,0,SMS
148026,2,Lopez,47,Female,Spain,43923.75,Married,Salaried Employee,4/15/2026,Family,4,Mobile App Push
148050,3,Santos,24,Female,France,22178.99,Single,Student,7/19/2026,Student,0,Email
148118,2,Moore,30,Male,United States,40594.55,Married,Salaried Employee,11/5/2021,Family,2,Phone Call
148159,1,Clay,40,Female,United Kingdom,64638.12,Married,Business Owner,6/19/2023,Retail,0,Mail
148174,1,Nguyen,45,Female,Germany,50020.69,Single,Salaried Employee,9/16/2022,Retail,2,Mobile App Push
148205,1,Lynch,47,Male,France,27997.59,Single,Salaried Employee,1/6/2026,Retail,0,Mobile App Push
148215,2,Hopkins,46,Female,United Kingdom,23482.89,Married,Salaried Employee,4/19/2024,Family,3,SMS
148225,1,Banks,39,Female,United States,40314.80,Widowed,Salaried Employee,3/15/2026,Retail,0,Phone Call
148381,4,Turner,44,Male,United States,96254.90,Married,Salaried Employee,11/9/2016,Premium,0,SMS
148458,2,Williams,47,Male,United States,45132.64,Single,Salaried Employee,8/10/2019,Family,1,SMS
148693,5,Campos,76,Female,Germany,51541.62,Single,Retired,1/20/2023,Senior,0,Email
148759,1,Hughes,26,Male,Germany,61127.50,Married,Salaried Employee,1/31/2026,Retail,0,SMS
148823,1,Mccormick,44,Male,France,31298.82,Widowed,Salaried Employee,2/19/2021,Retail,1,Email
149161,1,Alexander,43,Male,Germany,48883.65,Married,Unemployed,7/8/2019,Retail,1,SMS
149261,1,Wallace,57,Female,Germany,23176.12,Single,Salaried Employee,12/6/2023,Retail,0,Email
149405,1,Oliver,41,Male,France,32946.35,Married,Salaried Employee,8/28/2020,Retail,0,Mobile App Push
150026,2,Murray,46,Female,France,53572.13,Married,Salaried Employee,3/12/2024,Family,2,Mobile App Push
150068,2,Peck,33,Male,Spain,45397.55,Married,Salaried Employee,1/9/2021,Family,1,Mobile App Push
150126,2,Peterson,50,Female,United States,38005.92,Married,Salaried Employee,6/15/2023,Family,2,SMS
150290,3,Lawson,19,Female,France,13242.60,Single,Student,5/25/2019,Student,0,Mail
150486,1,Kennedy,45,Male,United Kingdom,92759.72,Single,Salaried Employee,2/8/2017,Retail,0,Mail
150578,1,Gutierrez,53,Female,Germany,28058.36,Married,Salaried Employee,5/6/2024,Retail,2,Mobile App Push
150760,2,Ortiz,31,Female,United States,37224.72,Married,Salaried Employee,10/25/2023,Family,2,SMS
150871,1,Mullins,33,Female,United States,34792.22,Single,Salaried Employee,3/17/2019,Retail,0,Phone Call
150931,3,Oliver,21,Female,United Kingdom,19819.66,Single,Student,6/24/2018,Student,0,Mobile App Push
150947,5,Watts,75,Male,Germany,44121.19,Married,Retired,3/10/2023,Senior,0,Mobile App Push
151021,2,Snow,43,Male,Spain,46387.10,Married,Business Owner,5/22/2022,Family,2,SMS
151040,4,Klein,68,Male,Germany,186273.35,Single,Business Owner,6/22/2021,Premium,1,Mobile App Push
151295,1,Pierce,52,Female,United States,54851.83,Married,Self-Employed,3/25/2021,Retail,1,SMS
151328,1,Shelton,58,Male,United States,33188.38,Single,Salaried Employee,5/14/2025,Retail,1,Mail
151413,2,Mcclain,41,Female,United Kingdom,21894.59,Married,Salaried Employee,9/30/2022,Family,3,Mobile App Push
151426,5,Bartlett,80,Female,Spain,19836.61,Married,Retired,3/5/2019,Senior,0,Email
151470,2,Buchanan,41,Female,United Kingdom,47665.98,Married,Salaried Employee,2/25/2021,Family,2,SMS
151685,2,Graham,44,Female,Germany,53809.82,Married,Salaried Employee,3/5/2022,Family,2,Email
151690,1,Lambert,42,Male,United States,37587.91,Married,Salaried Employee,8/28/2023,Retail,0,Email
151706,4,Smith,59,Female,Germany,123307.23,Married,Salaried Employee,1/20/2021,Premium,0,SMS
152042,4,Walker,35,Male,United Kingdom,108625.76,Married,Self-Employed,11/23/2023,Premium,2,Email
152046,1,Dennis,55,Female,France,33760.15,Single,Salaried Employee,4/22/2022,Retail,0,Email
152062,3,Choi,21,Female,France,13314.64,Married,Student,12/4/2019,Student,0,Email
152179,1,Shaw,43,Female,United Kingdom,37280.75,Divorced,Salaried Employee,8/21/2022,Retail,3,Mobile App Push
152384,5,Chang,70,Female,Spain,28504.77,Married,Retired,8/31/2016,Senior,2,Phone Call
152512,2,Neal,36,Male,Spain,22933.99,Married,Salaried Employee,2/24/2018,Family,2,Phone Call
152578,5,Wolfe,69,Male,France,37476.51,Widowed,Retired,12/22/2020,Senior,0,Email
152657,2,Paul,39,Female,Germany,39502.94,Divorced,Unemployed,6/28/2025,Family,2,Mail
152727,1,Swanson,28,Female,Germany,38505.86,Single,Salaried Employee,7/24/2024,Retail,2,Email
152796,2,Leon,36,Female,United Kingdom,61080.59,Married,Business Owner,7/1/2022,Family,2,Email
152906,2,Kaiser,36,Male,France,38612.06,Married,Salaried Employee,10/10/2022,Family,2,Mobile App Push
152973,3,Jones,21,Male,Germany,16575.75,Single,Student,7/27/2026,Student,0,Email
152995,1,Hernandez,45,Male,United States,28829.03,Married,Self-Employed,7/6/2022,Retail,0,Mail
153015,5,Clark,69,Male,Germany,36260.14,Married,Retired,12/22/2021,Senior,0,Email
153035,3,Wilson,21,Male,Spain,17654.89,Married,Student,7/25/2024,Student,0,Email
153045,2,Meza,39,Female,Spain,41293.15,Single,Salaried Employee,12/30/2023,Family,3,Email
153063,4,Yang,46,Female,France,155774.26,Married,Business Owner,1/10/2017,Premium,3,Email
153097,1,Smith,40,Male,France,24515.59,Divorced,Salaried Employee,8/15/2020,Retail,0,Email
153190,1,Love,42,Female,France,21798.87,Single,Salaried Employee,4/3/2022,Retail,1,Mobile App Push
153231,1,Howell,57,Female,Spain,13401.90,Widowed,Salaried Employee,2/13/2018,Retail,2,Mobile App Push
153266,1,Blankenship,28,Male,Spain,39040.25,Married,Self-Employed,10/31/2024,Retail,0,Mobile App Push
153325,3,Smith,25,Female,Spain,14797.36,Single,Student,8/2/2024,Student,0,Email
153642,1,French,56,Female,United Kingdom,31501.21,Single,Unemployed,7/16/2024,Retail,0,Mobile App Push
153802,2,Davies,46,Male,Spain,64804.12,Married,Salaried Employee,6/29/2026,Family,1,SMS
153849,1,Miller,52,Female,France,21582.25,Single,Salaried Employee,6/19/2022,Retail,0,Mobile App Push
153872,2,Cole,43,Male,United States,40739.12,Divorced,Freelancer,6/20/2018,Family,1,Mobile App Push
153945,2,Avila,38,Male,France,44392.76,Widowed,Self-Employed,10/11/2022,Family,4,Mobile App Push
154040,1,Gomez,40,Female,United Kingdom,27338.82,Single,Unemployed,11/12/2022,Retail,0,Mail
154067,2,Pacheco,41,Male,United States,28043.70,Married,Self-Employed,8/8/2022,Family,3,Mail
154118,1,Phillips,38,Female,United States,64187.23,Married,Salaried Employee,1/27/2024,Retail,0,Mobile App Push
154127,5,Salas,72,Male,United Kingdom,41579.52,Single,Retired,7/21/2020,Senior,0,Mail
154302,5,Miller,79,Male,France,16301.96,Married,Retired,1/29/2019,Senior,0,Phone Call
154581,4,Newman,49,Female,United Kingdom,48039.92,Married,Salaried Employee,10/26/2017,Premium,1,Email
154615,1,Steele,37,Male,Spain,26890.63,Divorced,Salaried Employee,1/11/2023,Retail,0,SMS
154617,5,Roberts,68,Female,United States,32656.19,Widowed,Business Owner,9/7/2022,Senior,0,Email
154714,2,Walker,49,Female,France,64009.35,Married,Unemployed,8/22/2021,Family,4,Email
154909,3,Roberts,21,Male,United Kingdom,12697.36,Single,Student,2/6/2018,Student,0,Email
154944,1,Walker,29,Female,United Kingdom,87260.69,Single,Salaried Employee,3/9/2024,Retail,1,Mobile App Push
155004,5,Padilla,69,Male,Germany,25192.97,Married,Retired,1/6/2022,Senior,0,SMS
155040,1,Payne,35,Male,United Kingdom,49192.80,Widowed,Salaried Employee,3/11/2025,Retail,3,Email
155074,3,Duncan,23,Female,United States,17151.99,Single,Student,9/10/2022,Student,0,Phone Call
155164,4,Houston,60,Female,Spain,120896.21,Married,Salaried Employee,2/16/2023,Premium,1,Mobile App Push
155230,1,Bailey,46,Female,United States,54672.82,Divorced,Salaried Employee,2/16/2026,Retail,1,Email
155337,1,Thompson,39,Female,Germany,30786.16,Single,Salaried Employee,7/16/2024,Retail,1,Phone Call
155642,1,Peck,60,Male,Spain,40887.14,Married,Salaried Employee,1/1/2017,Retail,0,Email
155646,3,Perkins,22,Female,United States,13143.89,Single,Student,1/7/2024,Student,0,Email
155663,3,Edwards,19,Male,United States,13352.52,Single,Student,5/28/2020,Student,0,Phone Call
155708,1,Brown,33,Female,United Kingdom,21628.78,Divorced,Salaried Employee,4/18/2020,Retail,1,Email
155843,5,Harris,79,Female,Spain,47851.32,Single,Retired,12/22/2021,Senior,0,Phone Call
156157,1,Cervantes,46,Female,France,22601.27,Married,Salaried Employee,1/10/2018,Retail,1,Email
156213,2,Washington,48,Male,United Kingdom,52292.94,Married,Salaried Employee,10/21/2020,Family,3,Email
156215,2,Clark,40,Female,France,27369.40,Married,Salaried Employee,12/23/2021,Family,1,SMS
156284,2,Rivera,40,Male,Spain,28277.40,Married,Business Owner,8/20/2022,Family,1,SMS
156304,5,Brooks,71,Male,United States,23734.70,Widowed,Business Owner,10/24/2019,Senior,0,Mobile App Push
156413,1,Tyler,58,Male,Germany,17620.77,Divorced,Unemployed,7/26/2025,Retail,1,SMS
156415,1,Russell,40,Female,United States,47361.46,Divorced,Salaried Employee,3/26/2024,Retail,0,Mobile App Push
156440,1,Murray,24,Female,Germany,33119.06,Married,Salaried Employee,6/27/2020,Retail,1,Mobile App Push
156652,1,Davis,41,Male,Germany,35531.83,Married,Self-Employed,10/12/2017,Retail,1,Email
156688,3,Hunt,24,Male,France,14327.29,Single,Student,10/5/2023,Student,0,Email
156757,4,Collins,68,Female,Germany,128319.15,Married,Business Owner,6/11/2020,Premium,0,Email
156778,1,Spencer,34,Female,United States,27224.92,Married,Salaried Employee,6/29/2023,Retail,2,Mobile App Push
156802,2,Martinez,29,Male,France,83760.40,Married,Salaried Employee,2/9/2019,Family,2,Mobile App Push
156837,2,Garcia,33,Male,France,26299.80,Married,Self-Employed,6/17/2017,Family,2,Mobile App Push
156904,2,Harrison,36,Female,Spain,27767.51,Divorced,Freelancer,6/24/2021,Family,0,Phone Call
156911,2,Olsen,46,Male,France,27545.20,Married,Freelancer,2/26/2026,Family,2,Mobile App Push
156964,1,Brown,45,Male,United States,46930.71,Single,Salaried Employee,7/26/2026,Retail,0,Mobile App Push
156978,5,Simmons,73,Female,Germany,23912.90,Widowed,Retired,11/5/2025,Senior,0,Mobile App Push
157030,1,Randolph,50,Male,Germany,40697.68,Single,Unemployed,3/1/2021,Retail,1,Mobile App Push
157105,1,Sharp,27,Male,United Kingdom,30202.37,Married,Salaried Employee,5/28/2021,Retail,1,Phone Call
157152,5,Gomez,84,Female,Germany,17822.14,Divorced,Retired,10/4/2017,Senior,0,Mobile App Push
157174,1,Brown,50,Male,Germany,38820.85,Married,Freelancer,5/4/2026,Retail,2,SMS
157187,2,Shaw,51,Male,France,39174.66,Single,Freelancer,11/4/2017,Family,2,Mobile App Push
157196,5,Reed,79,Male,France,19968.77,Divorced,Retired,10/29/2024,Senior,1,Phone Call
157216,2,Ortega,55,Male,United States,44378.43,Divorced,Salaried Employee,4/15/2025,Family,2,Mail
157219,1,Hernandez,37,Female,France,32598.58,Married,Salaried Employee,1/9/2024,Retail,0,Mobile App Push
157443,1,Williams,45,Male,Germany,37289.10,Single,Self-Employed,9/28/2022,Retail,3,Mail
157474,5,Roberts,77,Female,United States,23162.28,Married,Retired,5/17/2022,Senior,0,Phone Call
157701,1,Werner,35,Male,United Kingdom,31272.52,Single,Salaried Employee,10/12/2018,Retail,0,Email
157738,2,Hall,39,Male,United States,29136.81,Married,Salaried Employee,11/15/2016,Family,2,Email
157875,4,Love,39,Female,Germany,53903.32,Married,Self-Employed,2/24/2025,Premium,1,Mobile App Push
158104,5,Anderson,71,Female,United States,15126.05,Married,Retired,2/27/2025,Senior,2,Email
158132,4,Anderson,63,Male,Germany,63904.12,Married,Salaried Employee,5/16/2022,Premium,1,Phone Call
158338,5,Johnson,84,Male,Germany,32718.46,Married,Retired,11/22/2018,Senior,0,Phone Call
158624,2,Wells,38,Female,Spain,39326.10,Divorced,Freelancer,4/19/2022,Family,1,Email
158627,1,Obrien,38,Female,United States,51957.24,Single,Salaried Employee,12/23/2024,Retail,0,SMS
158639,5,Evans,72,Male,United Kingdom,20778.49,Married,Salaried Employee,5/8/2019,Senior,0,Phone Call
158655,2,Harvey,32,Female,France,43814.54,Married,Salaried Employee,7/16/2022,Family,2,Mail
158743,1,Robinson,35,Female,Germany,52004.19,Single,Freelancer,1/23/2018,Retail,0,Email
158760,1,Watkins,38,Female,Germany,18491.34,Married,Freelancer,8/31/2019,Retail,1,Mail
158777,5,Wagner,70,Male,France,21603.62,Widowed,Retired,5/1/2018,Senior,1,Phone Call
158840,3,Clarke,19,Female,France,13835.15,Single,Student,4/8/2017,Student,0,Mobile App Push
158845,4,Walker,44,Male,United States,211831.81,Married,Salaried Employee,6/18/2024,Premium,1,Email
158896,2,Fleming,42,Male,United Kingdom,85172.68,Divorced,Freelancer,3/13/2025,Family,1,Mobile App Push
158900,1,Cook,52,Female,United States,50460.04,Single,Self-Employed,2/3/2021,Retail,0,SMS
158936,1,Bell,39,Female,France,30152.85,Divorced,Business Owner,5/2/2019,Retail,0,Mail
159185,5,Guzman,67,Male,France,17491.61,Married,Retired,12/26/2019,Senior,0,Mail
159354,1,Stewart,49,Male,France,37546.15,Single,Freelancer,9/12/2018,Retail,2,Mobile App Push
159532,1,Turner,34,Male,Spain,30628.68,Divorced,Business Owner,3/16/2019,Retail,2,SMS
159642,5,Jimenez,75,Male,France,32968.35,Married,Retired,11/30/2024,Senior,0,SMS
159645,2,Ford,43,Female,France,51308.81,Married,Salaried Employee,12/5/2022,Family,2,Email
159653,5,Freeman,74,Female,Spain,32983.71,Single,Self-Employed,4/30/2023,Senior,0,Phone Call
159942,2,Pennington,34,Male,France,38119.55,Married,Salaried Employee,2/1/2022,Family,3,Phone Call
160144,1,Brown,53,Male,Germany,29573.72,Married,Salaried Employee,8/26/2017,Retail,1,Phone Call
160254,1,Chaney,54,Female,United States,31389.52,Single,Salaried Employee,6/28/2025,Retail,0,Email
160423,3,Torres,22,Female,Spain,28064.25,Single,Freelancer,2/17/2022,Student,0,Email
160426,4,May,39,Male,Spain,140402.16,Married,Salaried Employee,1/31/2020,Premium,0,SMS
160541,5,Davis,69,Male,Spain,29155.66,Divorced,Retired,10/30/2017,Senior,1,Mail
160718,5,Hernandez,70,Female,Spain,24228.74,Married,Retired,10/5/2019,Senior,0,Mail
160738,1,Manning,52,Female,United States,53348.44,Married,Salaried Employee,7/26/2025,Retail,0,Email
160831,1,Neal,62,Female,United States,31316.94,Married,Salaried Employee,1/12/2024,Retail,3,Email
161010,1,Valencia,41,Male,France,39319.31,Single,Salaried Employee,3/2/2025,Retail,2,Mobile App Push
161132,5,Bowman,70,Male,United Kingdom,49146.67,Widowed,Retired,6/12/2022,Senior,0,Email
161324,1,Cordova,30,Female,United Kingdom,32207.30,Single,Salaried Employee,10/29/2019,Retail,1,Mail
161437,2,Jones,28,Male,Germany,58976.02,Married,Salaried Employee,1/23/2025,Family,2,Email
161483,1,Carroll,56,Male,United Kingdom,32447.82,Married,Salaried Employee,1/31/2024,Retail,1,SMS
161495,1,Rogers,49,Female,United Kingdom,39498.80,Married,Salaried Employee,10/31/2025,Retail,2,SMS
161585,2,Hart,40,Female,France,44996.27,Married,Self-Employed,12/27/2023,Family,2,Mobile App Push
161733,2,Burke,46,Female,Germany,26609.65,Married,Salaried Employee,5/2/2025,Family,3,Email
162036,1,Watkins,24,Female,Germany,33499.65,Single,Salaried Employee,1/28/2023,Retail,1,Mobile App Push
162165,1,Wright,26,Male,Spain,59993.19,Divorced,Salaried Employee,3/15/2024,Retail,0,SMS
162241,5,Cain,67,Female,France,29701.28,Divorced,Retired,6/1/2018,Senior,1,Mail
162448,2,Jones,44,Male,Germany,40363.92,Married,Business Owner,10/26/2017,Family,2,SMS
162535,4,Barnes,56,Female,France,93959.47,Married,Self-Employed,9/14/2021,Premium,0,Mail
162549,2,Sherman,38,Female,Germany,36679.50,Married,Unemployed,12/30/2025,Family,0,Phone Call
162678,5,Bryant,71,Male,United Kingdom,18998.46,Single,Retired,11/30/2019,Senior,0,Mail
162804,1,Murphy,45,Female,Spain,35247.78,Married,Salaried Employee,5/6/2017,Retail,0,Email
162823,2,Thomas,45,Male,United Kingdom,26802.49,Married,Salaried Employee,10/20/2017,Family,2,Mail
162894,2,Garcia,46,Male,Spain,64118.09,Married,Salaried Employee,11/1/2020,Family,2,Phone Call
162952,1,Johnson,60,Male,Germany,56164.95,Single,Freelancer,9/9/2024,Retail,2,SMS
162969,2,Luna,38,Female,France,48037.85,Married,Business Owner,6/30/2020,Family,2,Mobile App Push
162976,2,Ramos,46,Male,Germany,45471.76,Married,Salaried Employee,12/12/2023,Family,3,Mobile App Push
163029,3,Ellison,24,Female,France,17990.43,Single,Student,10/27/2022,Student,0,Mobile App Push
163156,3,Mendoza,21,Male,Spain,31568.58,Single,Student,7/3/2026,Student,0,Mobile App Push
163182,2,Brown,42,Female,Germany,30966.62,Married,Freelancer,10/29/2019,Family,3,Email
163386,4,Terry,41,Male,France,68290.98,Married,Salaried Employee,4/10/2024,Premium,0,Mobile App Push
163406,2,Baker,38,Male,Germany,27616.07,Married,Freelancer,8/27/2021,Family,3,Email
163491,2,Phillips,47,Male,United States,26300.37,Married,Unemployed,6/25/2026,Family,2,Email
163556,3,Warren,22,Male,France,24627.06,Single,Student,5/12/2026,Student,0,Email
163648,1,Chandler,43,Male,Germany,39972.35,Married,Unemployed,6/19/2024,Retail,0,Email
163780,3,Graves,21,Female,Spain,12167.82,Single,Student,9/20/2020,Student,0,SMS
163918,1,Cox,47,Female,Germany,34156.08,Single,Salaried Employee,6/21/2018,Retail,1,Mail
163941,4,Roberts,32,Female,France,87306.26,Married,Salaried Employee,5/10/2021,Premium,0,Email
163946,5,Bentley,84,Female,Spain,64952.97,Married,Self-Employed,10/17/2016,Senior,0,Email
164401,1,Golden,27,Female,Spain,43933.53,Married,Salaried Employee,3/1/2017,Retail,1,Email
164468,5,Phillips,64,Male,Spain,20358.53,Married,Business Owner,6/11/2025,Senior,2,Phone Call
164633,3,Armstrong,20,Male,Germany,12728.78,Single,Student,9/10/2020,Student,0,Phone Call
164664,5,Trevino,65,Female,Spain,35130.24,Married,Retired,6/5/2019,Senior,1,Email
164758,1,Barajas,43,Male,Germany,84840.34,Single,Self-Employed,9/4/2025,Retail,1,Mail
164879,4,Nguyen,56,Female,France,112233.70,Married,Business Owner,3/13/2025,Premium,1,SMS
165021,1,Garcia,47,Female,France,30725.78,Married,Freelancer,9/8/2023,Retail,0,Phone Call
165046,1,Thomas,41,Female,United States,22819.63,Married,Business Owner,3/1/2022,Retail,0,Mobile App Push
165142,3,Ruiz,19,Female,Germany,13666.57,Single,Student,12/31/2025,Student,0,SMS
165290,5,Jackson,71,Female,France,97839.21,Married,Retired,8/14/2021,Senior,0,Phone Call
165306,4,Stephens,55,Male,United Kingdom,85422.75,Single,Salaried Employee,2/14/2024,Premium,3,Email
165308,1,Hester,34,Female,France,42818.46,Married,Salaried Employee,3/25/2020,Retail,1,Mail
165417,3,Cunningham,22,Female,United States,20096.62,Single,Student,8/10/2017,Student,0,Mobile App Push
165442,2,Potter,43,Female,France,45566.56,Married,Salaried Employee,9/11/2022,Family,3,Phone Call
165602,4,Cook,50,Female,Germany,93620.26,Widowed,Business Owner,5/29/2026,Premium,0,Email
165858,2,Howard,45,Male,France,35857.06,Single,Freelancer,6/20/2023,Family,3,Mobile App Push
165914,4,Jones,52,Male,France,124088.23,Married,Business Owner,3/16/2025,Premium,0,Mobile App Push
166052,2,Thomas,46,Female,Spain,30873.90,Married,Salaried Employee,9/4/2016,Family,2,Email
166165,2,Pierce,45,Male,Germany,39898.49,Married,Salaried Employee,11/13/2020,Family,3,SMS
166175,1,Barnes,46,Male,Germany,78940.10,Single,Freelancer,9/25/2018,Retail,0,Mail
166287,5,Thompson,63,Male,Spain,34455.25,Widowed,Retired,11/27/2022,Senior,0,Email
166292,5,Rios,63,Female,United States,68220.78,Married,Retired,6/10/2025,Senior,0,Phone Call
166309,5,Hernandez,76,Male,United States,34509.30,Widowed,Retired,10/9/2025,Senior,0,Phone Call
166340,1,Miranda,51,Female,Spain,16239.59,Single,Salaried Employee,8/24/2017,Retail,0,Phone Call
166407,1,Knight,43,Male,United Kingdom,52394.22,Married,Business Owner,1/18/2017,Retail,1,Mobile App Push
166412,5,Ramirez,84,Female,Spain,33323.84,Single,Retired,3/6/2025,Senior,0,Email
166418,1,Hogan,52,Male,United States,22624.06,Single,Salaried Employee,3/29/2026,Retail,1,Mobile App Push
166447,2,Tucker,31,Female,United States,36610.80,Married,Salaried Employee,10/4/2018,Family,4,Mail
166613,1,Garrison,48,Male,Germany,60696.53,Single,Business Owner,4/26/2025,Retail,0,Mobile App Push
166645,1,Lopez,36,Female,Germany,48431.86,Single,Freelancer,9/14/2022,Retail,3,Phone Call
166857,1,Lewis,29,Female,Spain,35122.24,Single,Salaried Employee,4/15/2022,Retail,0,Email
166891,3,Wagner,19,Female,Germany,15161.01,Single,Freelancer,9/18/2022,Student,0,Mail
166938,2,Jordan,43,Female,Germany,53676.44,Married,Salaried Employee,4/12/2022,Family,3,Mail
166974,1,Perry,44,Male,United Kingdom,23045.91,Single,Salaried Employee,7/18/2024,Retail,1,SMS
167064,3,Stephens,19,Female,United States,14986.51,Single,Student,2/7/2024,Student,0,SMS
167136,3,Caldwell,25,Male,France,8000.00,Single,Student,11/9/2017,Student,0,SMS
167193,5,Knight,69,Male,Germany,25007.81,Married,Retired,10/1/2025,Senior,0,SMS
167348,2,Martin,42,Male,Germany,31721.61,Single,Business Owner,2/14/2018,Family,1,Mobile App Push
167603,2,Kim,51,Female,France,60358.70,Married,Business Owner,5/9/2025,Family,1,Mail
168079,1,Johnson,33,Female,France,57339.52,Married,Self-Employed,12/20/2023,Retail,1,Email
168093,1,Vaughn,42,Female,France,40221.35,Divorced,Freelancer,5/30/2021,Retail,3,Mail
168458,2,Bean,51,Male,United States,47102.88,Married,Self-Employed,9/26/2021,Family,2,Phone Call
168517,1,Hughes,36,Female,France,49876.49,Married,Salaried Employee,7/7/2019,Retail,1,Email
168540,5,Wilkinson,71,Male,Germany,28749.14,Widowed,Retired,4/14/2017,Senior,0,Mobile App Push
168652,1,Smith,36,Female,Germany,45873.89,Married,Salaried Employee,12/20/2019,Retail,1,Phone Call
168804,1,Blair,30,Male,France,69325.65,Divorced,Freelancer,7/1/2017,Retail,0,Mail
168815,5,Russell,80,Female,France,29586.87,Widowed,Salaried Employee,9/1/2022,Senior,0,Phone Call
168872,4,Mills,52,Male,Germany,116059.63,Married,Salaried Employee,4/9/2024,Premium,0,Email
168941,1,Young,37,Female,France,105690.49,Single,Self-Employed,4/19/2024,Retail,2,Email
169113,5,Garcia,79,Male,Spain,73765.00,Married,Retired,6/15/2018,Senior,0,Mail
169268,1,Jones,44,Female,Spain,34236.05,Single,Freelancer,3/3/2019,Retail,1,Mobile App Push
169326,3,Schwartz,21,Male,United Kingdom,25557.28,Single,Student,2/21/2020,Student,0,SMS
169348,4,White,42,Female,United Kingdom,53596.15,Single,Business Owner,8/20/2020,Premium,2,Email
169403,5,Ferrell,72,Female,United Kingdom,73469.14,Married,Retired,7/31/2026,Senior,2,Email
169429,2,Lopez,46,Female,United Kingdom,49478.08,Married,Salaried Employee,5/3/2026,Family,4,Mobile App Push
169832,1,Austin,53,Male,Germany,34298.15,Married,Salaried Employee,9/13/2017,Retail,0,Mail
169918,2,Porter,41,Male,United Kingdom,34025.53,Married,Salaried Employee,7/2/2021,Family,2,Mail
170260,1,Green,50,Female,United Kingdom,27691.69,Married,Unemployed,7/31/2021,Retail,0,Mail
170267,5,Martin,66,Female,United Kingdom,21821.16,Divorced,Retired,2/29/2024,Senior,0,Mail
170394,3,Fleming,21,Female,Germany,9914.43,Single,Student,3/8/2026,Student,0,Mobile App Push
170437,4,Stein,56,Male,United States,61119.58,Married,Self-Employed,3/1/2025,Premium,0,Mail
170499,4,Tate,47,Male,United States,75821.65,Single,Salaried Employee,4/20/2018,Premium,1,SMS
170559,3,Smith,22,Male,Spain,17907.76,Single,Student,2/7/2017,Student,0,SMS
170634,3,Lewis,19,Male,France,17048.78,Single,Student,7/7/2023,Student,0,Email
170674,4,Reed,47,Male,Spain,214076.65,Single,Salaried Employee,6/2/2024,Premium,1,Mobile App Push
170813,1,Morales,34,Male,Spain,28354.70,Single,Salaried Employee,8/3/2025,Retail,1,Mobile App Push
170835,2,Skinner,39,Female,United States,36432.61,Married,Freelancer,12/5/2019,Family,2,Mail
170841,2,Barr,37,Male,France,32720.39,Married,Self-Employed,11/4/2024,Family,2,Mobile App Push
170953,1,Brown,46,Male,Spain,34969.77,Married,Salaried Employee,6/7/2018,Retail,1,Phone Call
170966,1,Murray,40,Female,Germany,25957.94,Divorced,Salaried Employee,11/14/2024,Retail,0,Email
171087,5,James,81,Female,Germany,32280.57,Divorced,Retired,11/10/2023,Senior,1,Phone Call
171108,4,Reid,52,Female,Germany,169039.75,Divorced,Business Owner,11/19/2019,Premium,0,Email
171131,4,Cooper,40,Male,Spain,147737.85,Married,Business Owner,11/4/2024,Premium,1,Mobile App Push
171252,3,Gonzales,19,Male,United States,8457.03,Single,Unemployed,12/3/2023,Student,0,Phone Call
171262,2,Tyler,51,Female,Spain,34346.96,Divorced,Self-Employed,5/11/2019,Family,2,SMS
171269,2,Warner,40,Female,Germany,51046.85,Widowed,Salaried Employee,7/19/2025,Family,2,Mobile App Push
171488,1,Ball,45,Male,France,22389.68,Married,Self-Employed,1/9/2026,Retail,0,Mail
171603,5,Porter,66,Male,Spain,44573.91,Widowed,Retired,5/12/2018,Senior,1,Mail
171734,1,Smith,40,Female,United States,54439.48,Married,Salaried Employee,7/14/2026,Retail,0,Email
171744,5,Meza,72,Male,United States,30827.52,Widowed,Salaried Employee,8/8/2023,Senior,2,Email
171789,1,Contreras,43,Male,Germany,44083.41,Married,Self-Employed,8/8/2016,Retail,0,Mobile App Push
171849,5,Romero,73,Female,United States,43126.38,Married,Retired,10/24/2025,Senior,1,Mail
171942,2,Anderson,50,Female,United Kingdom,24880.16,Married,Salaried Employee,4/30/2026,Family,4,Mobile App Push
171950,5,Sanford,64,Male,Spain,26561.21,Widowed,Retired,1/14/2026,Senior,1,Phone Call
171951,4,Roberts,53,Female,Germany,115128.74,Married,Business Owner,7/28/2019,Premium,2,Email
172132,1,Alexander,40,Male,United States,24698.45,Widowed,Freelancer,5/3/2018,Retail,2,Mail
172187,1,Foley,43,Male,Spain,83639.27,Married,Unemployed,9/5/2016,Retail,2,SMS
172222,1,York,28,Male,France,32339.16,Married,Salaried Employee,11/9/2020,Retail,0,Mobile App Push
172274,1,Miranda,61,Male,United Kingdom,36143.96,Single,Business Owner,7/6/2022,Retail,2,Email
172306,1,Padilla,32,Male,France,27620.21,Divorced,Salaried Employee,1/22/2021,Retail,3,SMS
172371,4,Crane,39,Female,Germany,95059.82,Single,Salaried Employee,4/20/2017,Premium,0,Mobile App Push
172518,1,Jones,31,Male,United States,38289.22,Married,Unemployed,4/17/2025,Retail,1,Mobile App Push
172574,2,Benson,38,Male,France,44888.37,Married,Salaried Employee,11/27/2018,Family,3,Mail
172769,1,Soto,39,Male,United Kingdom,27588.99,Married,Salaried Employee,6/25/2025,Retail,0,SMS
172792,1,Wilson,50,Female,Germany,31782.59,Married,Salaried Employee,2/22/2024,Retail,2,Email
172933,3,Collins,22,Female,France,37154.28,Single,Student,8/9/2018,Student,0,Mobile App Push
172965,1,Barton,44,Male,Spain,21489.19,Single,Business Owner,10/29/2018,Retail,2,Email
172988,2,Garrison,43,Male,Spain,40758.45,Married,Self-Employed,3/17/2021,Family,4,Phone Call
173199,1,Richardson,24,Male,United Kingdom,19977.06,Widowed,Salaried Employee,6/23/2017,Retail,1,Mobile App Push
173201,2,Cortez,46,Male,United States,36216.20,Divorced,Unemployed,10/3/2020,Family,2,Phone Call
173372,3,Cole,24,Female,United Kingdom,9016.17,Single,Student,7/21/2025,Student,0,SMS
173504,3,Mccormick,21,Male,France,21044.24,Single,Student,10/21/2018,Student,0,SMS
173807,2,Burns,39,Male,United Kingdom,55275.01,Married,Unemployed,10/9/2020,Family,3,SMS
173832,1,Williams,56,Male,France,55869.53,Married,Salaried Employee,1/7/2025,Retail,1,Mail
173863,1,Mullen,46,Male,Germany,31265.55,Single,Unemployed,7/3/2025,Retail,1,Email
174132,3,Myers,21,Male,France,8708.47,Single,Student,11/1/2024,Student,0,Email
174268,1,Fitzpatrick,46,Male,France,27052.94,Married,Salaried Employee,8/12/2016,Retail,2,Mobile App Push
174299,1,Short,46,Female,France,49982.42,Single,Freelancer,2/2/2025,Retail,1,Mobile App Push
174301,3,Wang,19,Female,Germany,14449.73,Single,Student,7/23/2022,Student,0,Phone Call
174316,1,Mcmahon,42,Male,United States,32823.75,Married,Salaried Employee,3/22/2025,Retail,0,Email
174369,4,Neal,36,Male,Germany,77745.08,Single,Business Owner,8/27/2018,Premium,0,Email
174441,2,Jones,29,Male,Spain,110423.75,Married,Salaried Employee,9/29/2023,Family,2,Email
174461,5,Floyd,66,Male,France,24197.73,Married,Retired,1/4/2020,Senior,0,Phone Call
174637,1,Mullen,26,Female,United Kingdom,41646.20,Single,Unemployed,3/12/2022,Retail,0,Email
174675,4,Atkins,43,Male,France,82782.35,Single,Business Owner,7/20/2026,Premium,1,Mobile App Push
174703,1,Hernandez,29,Female,Germany,58015.64,Married,Unemployed,7/3/2023,Retail,0,Email
174809,5,Collins,78,Female,United Kingdom,23905.66,Widowed,Retired,9/25/2018,Senior,0,Email
174852,3,Roth,23,Female,Germany,15169.12,Single,Student,1/9/2017,Student,0,Email
174870,1,Huff,43,Female,Germany,49772.59,Divorced,Salaried Employee,3/8/2026,Retail,1,Mobile App Push
174878,2,Steele,40,Male,Germany,36386.79,Married,Self-Employed,6/4/2018,Family,1,SMS
175124,5,Palmer,71,Male,Germany,21717.74,Widowed,Retired,2/26/2020,Senior,2,Mail
175231,2,Williams,43,Male,France,36226.85,Married,Salaried Employee,4/3/2026,Family,3,Email
175532,1,Burgess,36,Female,Germany,31020.39,Divorced,Salaried Employee,1/9/2021,Retail,2,Mobile App Push
175576,3,Parker,22,Male,Germany,19960.88,Single,Student,2/18/2019,Student,0,SMS
175623,1,Butler,24,Female,United States,47659.31,Single,Freelancer,1/24/2021,Retail,1,Email
175902,2,Gonzalez,43,Male,United Kingdom,52602.08,Married,Self-Employed,1/8/2023,Family,2,SMS
176054,3,Harris,20,Female,Spain,26181.94,Single,Student,5/24/2019,Student,0,SMS
176066,1,Wallace,41,Female,Germany,69028.25,Single,Salaried Employee,4/27/2025,Retail,3,Mobile App Push
176115,4,Parrish,42,Female,Spain,105289.79,Married,Business Owner,10/31/2017,Premium,0,Phone Call
176319,1,Larson,33,Male,Spain,27825.07,Married,Freelancer,12/5/2021,Retail,0,Mobile App Push
176365,1,Mendez,24,Female,France,33457.36,Single,Salaried Employee,11/20/2020,Retail,0,Phone Call
176421,2,Weber,28,Female,Germany,17698.26,Divorced,Salaried Employee,5/18/2026,Family,1,Email
176461,4,Harmon,61,Male,France,104310.65,Married,Salaried Employee,1/18/2026,Premium,0,SMS
176517,2,Duran,37,Female,Germany,37856.64,Single,Self-Employed,7/11/2024,Family,1,Mobile App Push
176537,3,Santos,19,Male,Germany,20048.96,Single,Student,5/12/2025,Student,0,Mobile App Push
176577,2,Wheeler,43,Male,France,37967.11,Married,Salaried Employee,2/23/2026,Family,1,Phone Call
176697,2,Neal,50,Female,Germany,21930.92,Married,Freelancer,6/17/2025,Family,2,Mobile App Push
176806,2,Weiss,45,Female,France,43890.38,Divorced,Business Owner,12/18/2018,Family,2,Email
176819,1,Miller,38,Female,France,24663.69,Single,Salaried Employee,4/17/2018,Retail,0,Mobile App Push
177060,3,Bell,21,Female,Spain,10379.30,Single,Student,9/30/2017,Student,0,Email
177077,2,Black,52,Male,Spain,16968.54,Married,Self-Employed,5/4/2021,Family,2,Email
177101,1,Johnson,37,Female,Spain,54616.17,Married,Salaried Employee,3/6/2021,Retail,1,Email
177103,2,Jones,33,Male,Spain,25557.07,Married,Freelancer,3/8/2022,Family,3,Email
177289,1,Martinez,47,Female,United Kingdom,26629.16,Married,Freelancer,9/30/2016,Retail,1,Mobile App Push
177333,4,Nixon,35,Male,Germany,140301.44,Widowed,Salaried Employee,5/19/2023,Premium,1,Phone Call
177449,1,Campbell,30,Female,France,62401.34,Married,Freelancer,4/1/2019,Retail,3,SMS
177558,1,Hernandez,47,Female,Spain,36929.55,Single,Freelancer,7/19/2022,Retail,1,Mobile App Push
177591,5,House,72,Male,Germany,53013.40,Married,Retired,3/16/2023,Senior,0,Email
177649,1,Miller,34,Female,Germany,28251.39,Single,Salaried Employee,7/1/2026,Retail,0,Mail
177680,5,Jackson,74,Female,Spain,21177.90,Married,Retired,4/25/2022,Senior,0,Mail
177767,1,Garrison,51,Male,United Kingdom,34599.59,Married,Unemployed,10/10/2025,Retail,2,Mobile App Push
177794,1,Martinez,27,Female,Germany,33799.88,Married,Self-Employed,10/16/2016,Retail,0,Mobile App Push
177804,1,Wilson,30,Male,United Kingdom,37105.26,Single,Salaried Employee,9/18/2023,Retail,1,SMS
177941,1,Flores,52,Female,France,35509.86,Divorced,Salaried Employee,3/3/2026,Retail,0,SMS
177959,1,Robinson,38,Female,United States,41198.17,Married,Salaried Employee,1/6/2017,Retail,1,SMS
178086,1,Padilla,34,Female,Germany,34931.29,Married,Salaried Employee,5/6/2021,Retail,2,Email
178315,1,Maldonado,40,Female,France,46152.44,Married,Salaried Employee,12/5/2020,Retail,2,Phone Call
178463,2,Brown,45,Female,Germany,51348.33,Married,Salaried Employee,2/6/2022,Family,2,Email
178465,1,Gibson,43,Male,France,25889.26,Single,Unemployed,9/18/2019,Retail,0,Mobile App Push
178501,1,Wade,40,Female,United Kingdom,32696.68,Single,Salaried Employee,7/4/2022,Retail,0,Email
178629,1,Fuller,55,Female,United Kingdom,64668.96,Married,Salaried Employee,4/6/2022,Retail,0,SMS
178645,5,Davenport,72,Male,France,20793.84,Married,Retired,2/2/2021,Senior,0,Mail
178686,5,White,74,Female,Germany,32037.53,Married,Self-Employed,11/9/2020,Senior,0,Email
178693,1,Ross,26,Female,Spain,25213.19,Single,Salaried Employee,8/17/2024,Retail,0,Email
178711,1,Myers,43,Female,United States,44875.45,Single,Salaried Employee,1/19/2021,Retail,1,Email
178898,5,Cunningham,68,Female,Germany,40778.64,Single,Retired,11/7/2017,Senior,0,Email
178957,1,Brooks,24,Female,France,18290.61,Married,Salaried Employee,1/10/2025,Retail,2,Email
179013,4,Lloyd,51,Male,United Kingdom,162403.03,Married,Salaried Employee,2/18/2017,Premium,1,Mobile App Push
179046,1,Obrien,51,Male,Spain,29842.33,Single,Salaried Employee,3/28/2024,Retail,2,Mobile App Push
179062,3,Mata,20,Male,France,24205.74,Single,Unemployed,2/8/2020,Student,0,SMS
179184,4,Vaughan,51,Female,United Kingdom,90962.20,Married,Self-Employed,6/11/2018,Premium,1,Email
179392,3,Robinson,25,Male,United States,18613.83,Single,Student,11/3/2017,Student,0,Email
179688,2,Thompson,55,Female,Germany,47457.81,Married,Salaried Employee,3/2/2024,Family,3,SMS
179710,1,Harris,24,Male,United States,41123.09,Single,Salaried Employee,10/15/2018,Retail,2,Mobile App Push
179721,5,Brown,72,Male,United States,29171.67,Married,Retired,1/26/2022,Senior,0,Phone Call
180089,1,Schultz,37,Female,France,69364.51,Single,Business Owner,4/8/2017,Retail,0,SMS
180176,3,Garcia,19,Male,France,14241.95,Single,Student,12/26/2021,Student,0,Mobile App Push
180458,5,Morton,87,Female,France,34661.65,Widowed,Self-Employed,4/9/2018,Senior,1,Mail
180595,5,Hodge,69,Female,Spain,44307.38,Widowed,Retired,6/12/2025,Senior,2,Email
180620,1,Blanchard,39,Female,United Kingdom,21479.08,Married,Salaried Employee,5/10/2018,Retail,0,Email
180657,2,Murphy,41,Male,Germany,44787.94,Married,Freelancer,10/7/2025,Family,1,Email
180674,1,Cobb,30,Male,Spain,60898.48,Married,Salaried Employee,5/20/2020,Retail,0,Email
180685,1,Flowers,42,Female,Spain,42264.75,Married,Unemployed,4/11/2021,Retail,2,Email
180813,2,Rogers,43,Female,France,54518.24,Single,Salaried Employee,8/5/2022,Family,3,Email
180832,1,Villa,43,Male,United Kingdom,23011.89,Divorced,Salaried Employee,6/26/2018,Retail,3,Mobile App Push
180913,2,Rodriguez,36,Male,United States,32972.16,Married,Salaried Employee,1/2/2023,Family,0,Mobile App Push
180951,2,Thompson,44,Female,Germany,37919.23,Married,Self-Employed,11/5/2020,Family,4,Phone Call
181247,1,Hicks,35,Female,France,56863.88,Divorced,Salaried Employee,7/13/2024,Retail,0,Mobile App Push
181586,1,Bailey,40,Female,Germany,22584.92,Married,Freelancer,8/7/2022,Retail,0,Mobile App Push
181618,2,Petersen,47,Male,France,34865.07,Married,Salaried Employee,8/29/2019,Family,4,Mobile App Push
181644,5,Terry,88,Female,United Kingdom,46548.74,Single,Retired,2/6/2022,Senior,0,Phone Call
181670,1,Hunt,34,Female,Spain,46355.61,Single,Salaried Employee,10/28/2016,Retail,1,Email
181678,23,Smith,38,Male,France,62018.67,Married,Salaried Employee,8/18/2017,Unknown,2,Mail
181721,1,Roberts,31,Female,France,23054.08,Single,Salaried Employee,9/4/2024,Retail,0,Mobile App Push
181724,1,Perez,48,Male,United Kingdom,19342.36,Married,Business Owner,2/24/2023,Retail,1,Email
181874,1,Esparza,53,Male,United States,29403.65,Divorced,Salaried Employee,12/14/2021,Retail,1,SMS
181896,2,Scott,44,Female,United States,40597.28,Married,Salaried Employee,12/15/2023,Family,4,Email
182034,2,Nelson,41,Female,France,22126.40,Married,Salaried Employee,12/30/2016,Family,2,Mobile App Push
182175,2,Hall,43,Female,France,50543.50,Divorced,Salaried Employee,5/4/2022,Family,2,Mail
182216,5,Peters,78,Male,Germany,28878.57,Married,Self-Employed,1/11/2017,Senior,1,Email
182237,1,Brown,39,Female,Spain,64247.22,Single,Unemployed,3/25/2023,Retail,0,Mobile App Push
182289,1,Berg,51,Male,United States,28025.08,Married,Salaried Employee,1/26/2017,Retail,0,Mobile App Push
182300,1,Bass,43,Male,United States,32736.61,Divorced,Salaried Employee,5/29/2024,Retail,1,Mobile App Push
182361,2,Mahoney,38,Female,United Kingdom,33597.16,Married,Salaried Employee,10/5/2016,Family,1,Email
182467,2,Arroyo,37,Female,Spain,52387.19,Married,Self-Employed,7/15/2019,Family,2,Email
182582,5,Boyd,71,Male,United Kingdom,18822.38,Widowed,Retired,4/2/2024,Senior,0,Mail
182627,1,Decker,54,Female,Germany,52589.44,Married,Salaried Employee,5/19/2025,Retail,3,Mail
182659,5,Fuller,69,Male,United States,33641.55,Married,Retired,9/22/2024,Senior,0,Mail
182690,4,Vasquez,51,Male,France,115090.21,Married,Freelancer,5/18/2018,Premium,3,Phone Call
182760,4,Rodriguez,33,Male,Spain,55268.13,Widowed,Business Owner,8/14/2019,Premium,0,SMS
182790,5,Hernandez,71,Female,United Kingdom,42198.66,Widowed,Retired,8/23/2022,Senior,0,Email
182804,1,Baker,44,Male,Germany,20654.31,Married,Freelancer,1/22/2021,Retail,1,Email
182857,2,Wright,38,Male,United Kingdom,57621.71,Divorced,Unemployed,12/9/2019,Family,1,Email
182860,3,Jordan,24,Male,United Kingdom,9758.94,Married,Student,3/17/2020,Student,0,SMS
182868,3,Garcia,19,Male,United States,16278.56,Single,Student,7/5/2021,Student,0,Phone Call
182911,1,Davis,38,Male,Germany,52698.87,Single,Salaried Employee,6/8/2019,Retail,2,SMS
182954,1,Miller,42,Female,France,88268.69,Married,Self-Employed,5/18/2024,Retail,2,Email
183057,4,Knight,38,Female,Germany,121684.02,Single,Business Owner,8/13/2025,Premium,1,Phone Call
183074,3,Garrett,22,Female,Spain,31140.09,Single,Student,9/20/2022,Student,0,Phone Call
183262,1,Wiggins,61,Male,Germany,68415.59,Married,Salaried Employee,4/3/2022,Retail,0,Email
183336,1,Garcia,45,Female,Spain,29905.21,Married,Salaried Employee,4/10/2022,Retail,0,Email
183667,5,Welch,74,Male,Spain,42978.05,Divorced,Retired,4/21/2017,Senior,0,Phone Call
183840,1,White,46,Female,United Kingdom,40651.51,Married,Salaried Employee,2/1/2022,Retail,1,Mail
183927,1,Hernandez,38,Male,United States,34469.93,Married,Salaried Employee,6/24/2026,Retail,2,Phone Call
183952,3,Cortez,23,Female,France,20483.12,Married,Student,3/24/2021,Student,0,Email
183953,4,Mccoy,42,Female,Spain,57395.44,Married,Self-Employed,7/12/2022,Premium,0,SMS
183958,1,Anderson,48,Female,France,34477.11,Single,Salaried Employee,5/13/2023,Retail,0,SMS
184002,1,Davenport,30,Male,France,27788.46,Single,Salaried Employee,4/30/2019,Retail,1,SMS
184064,1,Thompson,42,Male,Germany,29174.96,Married,Salaried Employee,5/22/2023,Retail,0,SMS
184120,3,Payne,25,Male,Germany,17016.71,Single,Student,9/4/2021,Student,0,SMS
184148,2,Walker,44,Male,Spain,26259.21,Married,Self-Employed,3/25/2021,Family,1,Email
184216,5,Flores,78,Female,France,19168.24,Married,Retired,5/23/2018,Senior,0,Email
184349,1,Williams,48,Male,United States,49383.73,Single,Salaried Employee,10/26/2024,Retail,0,Phone Call
184365,4,Vaughn,51,Male,United States,235358.30,Married,Business Owner,5/20/2017,Premium,0,Mobile App Push
184491,1,Hammond,57,Male,United States,46241.78,Single,Salaried Employee,11/7/2021,Retail,1,SMS
184532,3,Jones,23,Female,United States,13858.82,Single,Freelancer,11/9/2022,Student,0,Email
184643,2,Miller,49,Male,United Kingdom,42188.88,Married,Salaried Employee,4/19/2021,Family,2,Email
184714,1,Duncan,60,Female,United States,22526.31,Married,Salaried Employee,5/25/2021,Retail,2,Email
184736,2,Juarez,41,Female,Germany,46101.93,Married,Freelancer,7/16/2022,Family,3,Mobile App Push
184891,5,Orozco,73,Male,Spain,22796.36,Widowed,Retired,4/6/2024,Senior,0,Mobile App Push
185131,3,Goodwin,22,Female,France,10287.01,Single,Student,8/3/2020,Student,0,Email
185168,1,Taylor,43,Female,Germany,27597.00,Single,Salaried Employee,12/13/2023,Retail,1,Phone Call
185461,4,Ramos,51,Male,United States,81704.87,Married,Self-Employed,4/22/2024,Premium,0,Mobile App Push
185544,1,Schneider,32,Female,United Kingdom,25270.60,Married,Self-Employed,5/13/2017,Retail,0,Email
185569,1,Campbell,36,Male,Spain,44340.00,Divorced,Business Owner,4/19/2018,Retail,2,Email
185847,1,Solomon,42,Male,Germany,37408.51,Divorced,Unemployed,10/9/2022,Retail,2,Email
185884,1,Bates,35,Male,France,45632.54,Single,Self-Employed,5/11/2019,Retail,3,Mobile App Push
185916,1,Curry,35,Female,Germany,36965.07,Divorced,Salaried Employee,3/2/2025,Retail,0,Email
185955,1,Henderson,46,Male,Germany,27274.98,Married,Salaried Employee,2/8/2026,Retail,0,Phone Call
185965,5,Williams,83,Male,Germany,22206.70,Single,Self-Employed,5/8/2024,Senior,0,Email
186023,2,Todd,46,Male,France,47092.53,Married,Salaried Employee,6/15/2024,Family,2,Mobile App Push
186345,2,Johnson,28,Male,France,32875.93,Married,Self-Employed,10/15/2020,Family,3,SMS
186424,1,Acosta,39,Female,Germany,35384.44,Divorced,Salaried Employee,11/11/2021,Retail,0,Email
186431,2,Gonzalez,35,Female,Germany,19699.44,Married,Freelancer,4/11/2024,Family,3,SMS
186518,5,Hayes,79,Male,France,52503.74,Divorced,Salaried Employee,3/21/2017,Senior,1,Phone Call
186554,2,Mclaughlin,45,Male,United Kingdom,32375.65,Married,Freelancer,4/6/2018,Family,4,Mobile App Push
186624,3,Crawford,22,Female,France,10558.35,Single,Student,9/24/2020,Student,0,Mobile App Push
186686,1,Rodriguez,39,Female,United States,41705.05,Married,Unemployed,11/3/2017,Retail,2,Email
186702,1,Brown,52,Male,Germany,42026.86,Married,Salaried Employee,7/25/2024,Retail,0,Email
187127,2,Norman,28,Male,Germany,44337.22,Married,Unemployed,9/28/2020,Family,1,Email
187295,3,Osborne,18,Male,United States,22538.50,Single,Unemployed,8/29/2017,Student,0,Mobile App Push
187657,2,Burke,38,Male,Spain,26883.88,Married,Salaried Employee,11/27/2016,Family,3,SMS
187889,1,Hudson,36,Female,United Kingdom,54948.52,Single,Unemployed,7/16/2018,Retail,1,Email
187949,4,Davis,50,Male,Spain,85090.21,Married,Business Owner,11/1/2025,Premium,0,Phone Call
188025,5,Evans,80,Female,Germany,8662.93,Single,Salaried Employee,12/27/2023,Senior,0,Mobile App Push
188121,2,Shelton,49,Male,France,51690.82,Married,Salaried Employee,3/26/2022,Family,2,Mobile App Push
188341,3,Reese,23,Male,Germany,14327.10,Single,Student,7/6/2018,Student,0,Mobile App Push
188406,2,Campbell,38,Male,United Kingdom,52972.74,Married,Salaried Employee,3/26/2019,Family,1,Mobile App Push
188425,3,Fowler,22,Male,France,24608.28,Single,Freelancer,10/30/2021,Student,0,Email
188501,3,Rodriguez,18,Male,France,20286.63,Single,Student,8/17/2021,Student,0,Email
188776,2,Matthews,43,Female,France,35173.64,Married,Salaried Employee,2/13/2020,Family,3,Email
188813,1,Ibarra,35,Male,Germany,75522.61,Single,Unemployed,6/22/2019,Retail,3,Email
188834,1,Wilson,40,Male,Germany,46505.03,Single,Salaried Employee,5/10/2019,Retail,0,Email
188868,4,Strickland,66,Female,United States,191430.41,Married,Business Owner,3/7/2023,Premium,0,Email
188914,1,Nelson,48,Male,Germany,23467.89,Single,Salaried Employee,3/23/2024,Retail,2,SMS
188984,1,Sloan,53,Male,Germany,16759.70,Single,Self-Employed,8/22/2016,Retail,0,Mobile App Push
189026,5,Moss,74,Female,United Kingdom,43026.07,Married,Retired,3/11/2023,Senior,1,SMS
189083,1,Diaz,62,Female,United States,58734.74,Divorced,Salaried Employee,2/17/2023,Retail,0,Email
189110,1,House,35,Female,Germany,26620.97,Married,Self-Employed,2/7/2023,Retail,1,SMS
189211,1,Mcdonald,29,Male,Germany,31506.86,Single,Unemployed,9/11/2016,Retail,3,SMS
189261,1,Burgess,59,Male,France,95063.63,Divorced,Freelancer,4/18/2022,Retail,0,SMS
189318,2,Brock,47,Male,Spain,42972.12,Married,Salaried Employee,10/18/2022,Family,2,Mobile App Push
189450,1,Watkins,48,Female,United Kingdom,31115.49,Single,Self-Employed,4/11/2021,Retail,0,Mobile App Push
189511,1,Campbell,39,Female,Spain,47452.81,Single,Business Owner,12/30/2021,Retail,1,Email
189771,3,Russo,24,Male,Germany,15712.95,Single,Student,8/16/2022,Student,0,Mail
189772,1,Mccoy,42,Female,United Kingdom,9587.34,Single,Freelancer,10/3/2021,Retail,0,Mail
189814,2,Hill,49,Male,France,31389.00,Married,Salaried Employee,11/11/2022,Family,1,Mobile App Push
189856,5,Short,80,Male,United Kingdom,33531.64,Widowed,Retired,3/8/2019,Senior,1,Phone Call
189870,1,Bush,34,Male,United Kingdom,39225.68,Married,Freelancer,6/30/2017,Retail,1,SMS
189913,1,Richardson,24,Male,Germany,30510.02,Single,Freelancer,11/17/2018,Retail,1,Mobile App Push
189982,5,Kelly,64,Male,France,37507.19,Widowed,Retired,5/29/2026,Senior,1,Phone Call
190025,5,Montoya,81,Male,Spain,44884.59,Married,Business Owner,3/8/2026,Senior,0,Mail
190302,2,Lindsey,32,Male,United States,72713.91,Divorced,Salaried Employee,5/20/2021,Family,1,Phone Call
190400,5,Wilson,73,Female,Germany,14650.98,Married,Retired,3/28/2025,Senior,2,Mail
190403,1,Chaney,43,Female,United Kingdom,44136.67,Married,Salaried Employee,7/21/2021,Retail,1,Mobile App Push
190581,2,Chen,38,Male,France,38671.28,Married,Freelancer,5/2/2020,Family,2,Mobile App Push
190582,5,Richardson,70,Female,United States,43729.20,Married,Retired,11/15/2019,Senior,0,Phone Call
190674,5,Hernandez,77,Female,France,21920.71,Widowed,Retired,5/18/2020,Senior,0,Mail
190707,2,Anderson,45,Male,United States,49359.06,Married,Freelancer,10/8/2023,Family,1,SMS
190872,4,Johnson,52,Male,United Kingdom,125937.27,Single,Self-Employed,8/8/2017,Premium,0,Phone Call
190898,1,Adkins,48,Male,United Kingdom,51554.23,Single,Salaried Employee,1/12/2024,Retail,0,Email
190951,5,Thomas,79,Male,United States,17103.69,Married,Retired,10/27/2020,Senior,0,Phone Call
191014,4,Stark,38,Male,France,147451.19,Married,Self-Employed,12/18/2025,Premium,0,Email
191061,5,Cohen,63,Female,United States,31475.37,Single,Retired,8/6/2018,Senior,0,Phone Call
191161,1,Davis,51,Female,United States,35036.11,Single,Self-Employed,7/9/2017,Retail,0,SMS
191208,1,Franco,42,Male,France,38850.53,Married,Salaried Employee,6/5/2017,Retail,0,Phone Call
191254,1,Martin,38,Male,United States,32840.75,Married,Salaried Employee,1/28/2024,Retail,0,Phone Call
191305,1,Parker,33,Female,United Kingdom,27299.06,Divorced,Self-Employed,11/15/2017,Retail,1,Mobile App Push
191537,1,Davis,36,Female,France,27468.72,Married,Salaried Employee,7/17/2025,Retail,3,Email
191549,1,Long,56,Female,France,61441.73,Married,Salaried Employee,10/29/2021,Retail,1,Mobile App Push
191772,4,Watkins,47,Female,France,252408.67,Married,Freelancer,11/19/2018,Premium,0,Mobile App Push
191884,5,Hunt,69,Male,France,17806.34,Single,Retired,11/25/2022,Senior,0,Mail
191928,1,Dyer,34,Male,Spain,21089.99,Single,Salaried Employee,7/26/2024,Retail,1,Email
191962,2,Rogers,37,Male,United Kingdom,30679.87,Divorced,Self-Employed,2/7/2026,Family,1,SMS
191982,1,Haley,34,Female,France,27538.73,Single,Salaried Employee,4/9/2023,Retail,1,Email
192055,1,Cole,30,Female,Germany,33735.04,Single,Self-Employed,2/11/2022,Retail,0,Mobile App Push
192059,1,Griffin,41,Female,United States,21570.75,Single,Salaried Employee,8/12/2024,Retail,0,Mobile App Push
192295,4,King,54,Female,France,115918.57,Married,Self-Employed,1/2/2025,Premium,0,Mobile App Push
192296,3,Graham,18,Female,United States,22455.54,Married,Student,2/28/2022,Student,0,Mobile App Push
192318,2,Parker,50,Female,United Kingdom,35489.04,Married,Salaried Employee,1/7/2020,Family,1,Mobile App Push
192337,1,Dominguez,35,Female,United States,66719.73,Divorced,Salaried Employee,9/7/2016,Retail,2,Mobile App Push
192410,4,Mclaughlin,55,Male,United Kingdom,154511.54,Married,Freelancer,10/9/2021,Premium,1,Mail
192422,3,Edwards,23,Male,United Kingdom,14007.24,Single,Student,10/25/2020,Student,0,Email
192742,1,Miller,47,Female,Spain,29692.82,Married,Salaried Employee,10/13/2024,Retail,1,Phone Call
193035,5,Nguyen,75,Female,United States,38714.95,Widowed,Retired,1/9/2018,Senior,0,Phone Call
193326,1,Davis,41,Male,Spain,41597.82,Married,Self-Employed,9/27/2024,Retail,0,Mobile App Push
193471,1,Wilcox,31,Male,Germany,51579.97,Single,Salaried Employee,1/28/2026,Retail,0,SMS
193624,2,Stewart,33,Male,Spain,37308.78,Married,Salaried Employee,1/28/2025,Family,2,Email
193637,1,Greene,42,Female,Germany,25124.27,Married,Salaried Employee,2/8/2026,Retail,0,Mobile App Push
193670,2,Floyd,33,Male,Germany,16068.01,Single,Salaried Employee,10/23/2023,Family,2,SMS
193806,3,Morgan,22,Female,United States,21164.85,Single,Student,8/23/2019,Student,0,Mobile App Push
193826,2,Moore,37,Male,Germany,56894.45,Married,Unemployed,10/12/2023,Family,2,Mail
193904,1,Cooper,36,Male,Germany,53951.56,Single,Salaried Employee,5/25/2024,Retail,0,Phone Call
193946,1,Kirby,58,Female,Germany,57097.46,Married,Business Owner,7/13/2017,Retail,0,Mobile App Push
193972,2,Herrera,44,Female,United Kingdom,29514.95,Married,Salaried Employee,9/13/2017,Family,4,Mobile App Push
194423,1,Carr,35,Female,Spain,29259.06,Married,Salaried Employee,12/22/2022,Retail,0,Mail
194458,3,Ward,23,Female,Germany,15190.67,Married,Freelancer,8/4/2024,Student,0,Mobile App Push
194511,2,Bush,44,Male,United States,36564.22,Married,Salaried Employee,10/10/2025,Family,1,SMS
194545,5,Hayes,74,Male,United Kingdom,29019.60,Married,Retired,9/23/2017,Senior,0,Mobile App Push
194560,1,Anthony,46,Female,Germany,38355.25,Married,Salaried Employee,9/12/2022,Retail,0,Mobile App Push
194578,3,Randolph,20,Male,Germany,12600.16,Single,Student,4/1/2022,Student,0,Mobile App Push
194641,2,Ferguson,38,Female,Germany,58186.40,Married,Business Owner,9/15/2024,Family,3,Phone Call
194682,3,Martin,22,Male,United States,14519.67,Married,Student,4/22/2017,Student,0,SMS
194689,1,Green,28,Male,United Kingdom,25140.34,Single,Freelancer,7/27/2026,Retail,0,Email
194769,1,Hardin,57,Male,France,18623.68,Married,Business Owner,8/7/2016,Retail,1,Email
194782,3,Tanner,22,Female,Germany,14378.65,Married,Student,10/26/2025,Student,0,SMS
194813,4,Bradley,49,Female,Spain,265436.99,Single,Salaried Employee,10/13/2024,Premium,0,Mobile App Push
194834,4,Ross,41,Female,France,169632.93,Married,Business Owner,3/24/2017,Premium,2,Mobile App Push
194930,4,Poole,42,Male,France,86746.02,Married,Business Owner,6/6/2018,Premium,2,Mail
194952,1,Hart,53,Male,United Kingdom,33889.11,Married,Salaried Employee,1/23/2026,Retail,0,Mail
195071,1,Clark,42,Male,France,22376.78,Married,Freelancer,9/28/2023,Retail,2,Mobile App Push
195136,2,Johnson,45,Female,United Kingdom,38010.65,Married,Freelancer,8/28/2023,Family,2,Email
195310,3,Zimmerman,22,Female,Spain,11328.25,Single,Student,3/29/2019,Student,0,SMS
195325,3,Garcia,24,Male,Germany,8000.00,Single,Student,2/2/2019,Student,0,SMS
195359,1,Gallagher,38,Male,France,40291.47,Single,Salaried Employee,7/17/2026,Retail,1,Mobile App Push
195513,5,Farrell,74,Female,Germany,16798.05,Widowed,Business Owner,11/27/2016,Senior,0,Email
195563,1,Davis,46,Male,Germany,38410.34,Divorced,Salaried Employee,5/27/2021,Retail,1,Email
195620,1,Haynes,49,Male,France,28510.15,Married,Self-Employed,2/27/2019,Retail,1,Email
195629,1,Martinez,39,Male,France,22638.06,Married,Unemployed,11/14/2022,Retail,0,Email
195643,2,Thomas,28,Male,Spain,58959.71,Married,Self-Employed,3/10/2023,Family,3,Mail
195656,4,Moon,44,Female,United Kingdom,97185.89,Divorced,Salaried Employee,10/21/2019,Premium,0,Mail
195674,1,Robinson,44,Male,Germany,30252.08,Divorced,Salaried Employee,12/9/2021,Retail,2,Mobile App Push
195763,1,Bell,60,Male,Spain,36481.04,Married,Freelancer,6/22/2022,Retail,0,Mail
195841,1,Maldonado,57,Male,Germany,33400.47,Widowed,Freelancer,11/30/2021,Retail,0,Mail
195966,1,Floyd,29,Female,United Kingdom,29685.91,Divorced,Unemployed,10/28/2016,Retail,0,SMS
196126,3,Kim,22,Female,Spain,14270.82,Single,Student,3/3/2020,Student,0,Email
196168,1,Farrell,53,Male,United States,25022.35,Married,Salaried Employee,3/4/2024,Retail,0,Mobile App Push
196214,2,Mendez,46,Male,Germany,43896.09,Married,Unemployed,8/29/2024,Family,2,Email
196369,1,Crawford,32,Male,Spain,37482.64,Divorced,Salaried Employee,8/25/2020,Retail,0,Email
196407,5,Bowman,66,Male,France,17793.26,Widowed,Retired,10/29/2025,Senior,0,Mail
196411,1,Moore,41,Female,Spain,29247.00,Divorced,Unemployed,4/29/2020,Retail,0,SMS
196446,2,Bernard,28,Male,Spain,30739.56,Married,Self-Employed,3/8/2022,Family,2,Mobile App Push
196781,1,Ortiz,43,Female,Spain,19133.77,Single,Self-Employed,8/13/2019,Retail,0,SMS
196955,2,Allen,50,Male,France,34962.97,Married,Business Owner,7/9/2022,Family,2,Email
197102,1,Parker,41,Female,France,53971.24,Married,Freelancer,10/6/2019,Retail,0,Email
197251,1,Valencia,43,Male,Spain,22980.57,Married,Salaried Employee,4/22/2026,Retail,0,Mobile App Push
197429,1,King,36,Male,Germany,29728.42,Single,Unemployed,12/18/2017,Retail,0,Email
197466,2,Anderson,30,Male,France,42778.69,Married,Salaried Employee,10/15/2018,Family,2,Phone Call
197527,2,Jackson,53,Female,Germany,56874.34,Married,Salaried Employee,9/4/2023,Family,0,Mail
197545,4,Atkins,61,Male,Spain,73402.60,Married,Self-Employed,11/9/2017,Premium,3,Mobile App Push
197573,1,Wood,57,Male,United Kingdom,39362.07,Married,Salaried Employee,9/27/2025,Retail,0,Mobile App Push
197584,4,Harris,52,Male,Germany,63037.61,Married,Salaried Employee,11/22/2017,Premium,2,Mobile App Push
197616,4,Figueroa,68,Female,France,117087.43,Single,Freelancer,11/27/2019,Premium,0,Phone Call
197627,1,White,37,Male,France,43287.69,Married,Salaried Employee,12/9/2017,Retail,2,Mobile App Push
197649,4,Moore,34,Female,France,75830.23,Married,Salaried Employee,1/27/2025,Premium,1,Email
197666,2,Castaneda,48,Female,Germany,33637.22,Married,Salaried Employee,5/13/2025,Family,3,Email
197716,5,Smith,73,Female,United States,30395.14,Married,Retired,7/31/2018,Senior,2,Mail
197736,2,Jones,50,Female,France,48228.42,Married,Self-Employed,5/28/2023,Family,2,Phone Call
197758,2,Short,33,Male,France,78764.75,Married,Unemployed,9/16/2025,Family,1,SMS
197793,2,Carter,46,Male,France,33534.66,Married,Self-Employed,7/14/2022,Family,2,SMS
197874,4,Franklin,63,Male,Spain,101521.28,Married,Salaried Employee,7/15/2020,Premium,1,Phone Call
197923,1,Johnson,27,Male,Spain,21530.79,Married,Freelancer,5/5/2020,Retail,0,Phone Call
197966,2,Case,44,Male,Germany,26011.79,Widowed,Freelancer,9/30/2021,Family,2,Email
197992,1,Roach,38,Female,United Kingdom,63642.23,Married,Salaried Employee,12/10/2017,Retail,2,Email
198042,4,Pope,54,Male,Spain,118848.61,Married,Salaried Employee,6/7/2020,Premium,2,SMS
198246,2,Montgomery,48,Female,France,40259.46,Divorced,Salaried Employee,11/20/2024,Family,4,Email
198524,1,Patterson,51,Female,France,72582.47,Single,Salaried Employee,10/15/2023,Retail,1,Mail
198867,5,Simpson,79,Male,France,23193.15,Married,Retired,11/26/2018,Senior,0,Email
198907,2,Chang,47,Male,France,53495.01,Married,Salaried Employee,6/24/2021,Family,1,SMS
199096,1,Hall,62,Male,Spain,28717.53,Married,Salaried Employee,11/13/2023,Retail,1,Email
199326,1,Beck,33,Male,France,38877.81,Single,Self-Employed,10/31/2022,Retail,0,Phone Call
199613,1,Wiggins,61,Female,United Kingdom,27586.20,Divorced,Salaried Employee,12/8/2016,Retail,0,Mobile App Push
199704,2,Perry,39,Male,United Kingdom,41671.12,Single,Self-Employed,8/24/2021,Family,3,Phone Call
199807,1,Hunt,36,Female,United States,27167.93,Married,Salaried Employee,7/24/2019,Retail,2,Email
199850,2,Saunders,36,Male,Spain,31483.09,Married,Salaried Employee,8/5/2021,Family,3,Email
199868,2,Wilson,42,Female,Germany,34593.46,Married,Salaried Employee,9/13/2016,Family,3,SMS
199994,5,Trevino,76,Female,Germany,18965.29,Married,Retired,12/11/2024,Senior,0,Phone Call
199996,1,Black,26,Female,France,43532.65,Single,Self-Employed,1/14/2022,Retail,0,SMS
200018,2,Henry,40,Female,France,58674.74,Married,Business Owner,6/28/2022,Family,2,Email
200195,5,Hull,79,Male,Spain,34065.66,Married,Retired,2/27/2026,Senior,1,Phone Call
200219,5,Brown,67,Male,United Kingdom,10634.41,Married,Retired,4/24/2026,Senior,1,Email
200331,2,Stone,40,Male,Germany,66527.98,Married,Freelancer,10/10/2016,Family,2,SMS
200575,3,Mcmahon,24,Female,Germany,16140.54,Divorced,Student,8/17/2018,Student,0,Phone Call
200617,5,Stewart,73,Male,United Kingdom,19615.12,Married,Retired,12/27/2017,Senior,0,SMS
200932,1,Rosales,32,Male,France,47982.57,Married,Salaried Employee,8/17/2019,Retail,0,Mobile App Push
200976,1,Hayden,47,Female,Germany,29195.58,Single,Salaried Employee,11/5/2021,Retail,2,Mobile App Push
200979,5,Jacobs,81,Female,France,58662.63,Married,Retired,1/30/2024,Senior,1,Phone Call
200992,2,Ward,48,Female,United Kingdom,51064.14,Married,Self-Employed,4/5/2021,Family,3,SMS
201255,5,Williams,72,Female,Germany,26524.67,Married,Business Owner,1/18/2021,Senior,1,Mail
201377,1,Oliver,26,Male,Spain,28494.65,Married,Salaried Employee,7/8/2019,Retail,1,SMS
201400,2,Lang,45,Male,United States,63676.63,Divorced,Salaried Employee,10/26/2023,Family,2,Email
201414,4,Herrera,58,Male,France,173539.54,Married,Business Owner,5/31/2023,Premium,1,Mobile App Push
201514,1,Chang,48,Male,United Kingdom,49022.01,Single,Salaried Employee,8/24/2024,Retail,0,Mail
201639,2,Brewer,43,Male,Germany,44894.28,Married,Unemployed,7/2/2023,Family,0,Mobile App Push
201698,2,Bennett,49,Female,France,45752.86,Married,Unemployed,12/18/2017,Family,1,Mobile App Push
201836,1,Hampton,46,Female,United States,58586.85,Married,Self-Employed,9/13/2024,Retail,2,SMS
201883,1,Adams,45,Female,Spain,21198.81,Single,Salaried Employee,11/7/2024,Retail,0,SMS
201913,1,Jackson,34,Male,Spain,23829.76,Single,Salaried Employee,6/25/2022,Retail,1,SMS
201987,5,Everett,75,Male,Spain,45499.75,Married,Retired,9/2/2019,Senior,2,Email
202018,1,Moore,32,Male,France,27209.29,Single,Salaried Employee,3/31/2022,Retail,1,SMS
202093,2,Rodriguez,38,Female,France,39598.69,Divorced,Self-Employed,12/1/2024,Family,2,Mail
202170,4,Holden,50,Male,Germany,110222.88,Married,Business Owner,8/30/2023,Premium,1,Phone Call
202344,5,Gill,81,Male,Germany,42503.94,Married,Retired,3/13/2026,Senior,0,Phone Call
202365,1,Aguirre,32,Female,France,47351.47,Single,Business Owner,1/19/2017,Retail,3,SMS
202397,2,Hickman,43,Male,France,40120.09,Married,Salaried Employee,8/21/2019,Family,1,Mobile App Push
202430,5,Baldwin,72,Male,France,18217.13,Divorced,Retired,7/17/2023,Senior,0,Phone Call
202444,3,Cohen,24,Female,France,19855.66,Single,Freelancer,1/2/2022,Student,0,Mobile App Push
202463,2,Gray,46,Female,France,46904.31,Divorced,Salaried Employee,12/4/2025,Family,1,Email
202664,3,Lynch,22,Female,United Kingdom,15108.43,Single,Student,10/21/2022,Student,0,SMS
202759,2,Wilson,46,Female,France,30428.82,Married,Salaried Employee,5/5/2021,Family,1,Email
202827,1,Smith,33,Male,Germany,33209.69,Single,Freelancer,1/20/2020,Retail,0,Mobile App Push
202972,1,Reynolds,49,Male,United Kingdom,34763.17,Single,Salaried Employee,12/18/2016,Retail,1,Mail
202988,2,Pennington,50,Female,France,31311.09,Married,Business Owner,3/24/2025,Family,2,Email
203024,1,Crawford,62,Male,France,52380.45,Single,Salaried Employee,1/29/2017,Retail,3,Mobile App Push
203050,3,Weaver,23,Female,Germany,15070.56,Single,Freelancer,12/23/2020,Student,0,SMS
203198,4,Hardy,62,Female,United Kingdom,79461.97,Single,Business Owner,8/6/2021,Premium,0,SMS
203225,5,Sellers,74,Female,Spain,24215.94,Divorced,Retired,10/6/2023,Senior,0,Mobile App Push
203396,5,Parker,69,Male,United Kingdom,28243.63,Widowed,Retired,7/28/2020,Senior,0,SMS
203398,3,Ortiz,21,Male,France,22711.47,Single,Student,3/29/2023,Student,0,Mobile App Push
203550,2,Thompson,43,Female,France,53360.83,Married,Business Owner,8/25/2024,Family,1,Email
203782,5,Johnson,78,Male,Germany,51453.49,Married,Retired,12/21/2019,Senior,0,Mail
203831,2,Kelley,41,Female,France,33022.73,Married,Self-Employed,5/25/2020,Family,3,Mobile App Push
203896,2,Lin,40,Female,France,36540.94,Divorced,Freelancer,3/13/2023,Family,2,Phone Call
203996,4,Oliver,39,Female,Spain,183856.30,Married,Salaried Employee,9/2/2019,Premium,0,Mobile App Push
204053,1,Gibbs,35,Male,France,27710.64,Married,Freelancer,1/11/2022,Retail,3,Mobile App Push
204180,2,Powers,38,Male,France,32099.04,Married,Salaried Employee,8/15/2016,Family,2,SMS
204411,2,Cabrera,38,Male,France,41384.79,Married,Salaried Employee,2/3/2017,Family,2,Email
204442,2,Moreno,28,Male,Germany,76374.71,Married,Salaried Employee,12/14/2017,Family,4,SMS
204555,1,Murray,51,Male,Spain,18226.62,Married,Salaried Employee,1/7/2017,Retail,1,Mobile App Push
204657,1,Brown,37,Female,France,36660.25,Single,Freelancer,3/20/2024,Retail,0,SMS
204721,1,Schmidt,36,Female,Germany,39257.99,Single,Self-Employed,6/7/2025,Retail,0,Email
204823,1,Matthews,38,Female,France,39985.34,Single,Salaried Employee,9/28/2018,Retail,1,SMS
204837,3,Sparks,23,Female,France,8000.00,Single,Freelancer,3/4/2022,Student,0,SMS
204904,1,Warner,35,Male,France,34036.33,Married,Salaried Employee,3/8/2022,Retail,1,SMS
204998,5,Lee,70,Male,France,28015.89,Widowed,Retired,9/6/2024,Senior,1,SMS
205065,2,Johnson,45,Male,United Kingdom,40180.44,Divorced,Salaried Employee,2/13/2026,Family,2,Email
205071,5,Reilly,81,Female,France,21083.97,Divorced,Salaried Employee,11/19/2022,Senior,0,Mail
205149,1,Carter,44,Male,Germany,26691.78,Married,Salaried Employee,9/6/2021,Retail,1,SMS
205239,5,Ramos,72,Male,United Kingdom,20352.66,Married,Retired,8/14/2025,Senior,0,Phone Call
205345,2,Evans,35,Female,Germany,72099.47,Married,Unemployed,7/31/2023,Family,2,Phone Call
205389,5,Valencia,77,Female,United Kingdom,46161.99,Married,Retired,1/22/2025,Senior,1,Mail
205409,1,Clay,36,Female,Germany,40435.65,Married,Salaried Employee,4/11/2025,Retail,0,Mail
205428,1,Turner,52,Male,Germany,35299.08,Single,Salaried Employee,3/13/2025,Retail,1,Mail
205641,5,Davis,88,Male,United Kingdom,24687.10,Married,Retired,9/17/2022,Senior,2,Phone Call
205797,1,Marquez,41,Female,Germany,28891.55,Single,Salaried Employee,11/24/2022,Retail,3,Mobile App Push
205885,5,Kim,84,Male,Germany,27419.78,Married,Retired,10/3/2016,Senior,0,Phone Call
205896,2,Scott,35,Male,Germany,51938.99,Married,Salaried Employee,8/17/2020,Family,2,Email
205907,1,Caldwell,41,Male,France,24962.74,Married,Salaried Employee,12/22/2018,Retail,0,Mobile App Push
205939,2,Chavez,42,Female,Spain,37271.13,Married,Salaried Employee,2/4/2023,Family,2,Email
206053,2,Garcia,40,Male,France,43507.54,Divorced,Salaried Employee,6/13/2021,Family,4,SMS
206142,1,Hardy,45,Male,Germany,36285.38,Single,Salaried Employee,9/15/2022,Retail,0,Mobile App Push
206176,4,Hays,45,Male,United Kingdom,104588.43,Married,Self-Employed,12/10/2023,Premium,2,SMS
206210,5,Abbott,82,Male,United States,22154.46,Married,Retired,12/7/2020,Senior,0,SMS
206355,5,Cole,63,Female,Spain,19724.70,Single,Retired,8/24/2022,Senior,0,Phone Call
206694,3,Cochran,22,Female,Germany,34278.86,Single,Student,3/12/2023,Student,0,Email
206851,1,Young,41,Male,France,52549.51,Single,Salaried Employee,3/15/2019,Retail,0,Mobile App Push
206857,1,Smith,52,Male,France,61710.48,Single,Self-Employed,4/8/2024,Retail,0,Mobile App Push
207175,2,Rice,28,Female,France,38255.92,Married,Salaried Employee,7/22/2026,Family,2,Email
207197,1,Rodriguez,56,Male,United Kingdom,21438.84,Married,Salaried Employee,6/24/2018,Retail,1,SMS
207241,3,Cole,21,Female,Germany,15444.58,Married,Student,9/27/2023,Student,0,SMS
207282,2,Villa,52,Female,Germany,35014.97,Married,Salaried Employee,12/19/2019,Family,4,Email
207348,1,Henry,47,Female,France,28234.50,Divorced,Salaried Employee,7/31/2017,Retail,2,Phone Call
207391,1,Cuevas,35,Male,United Kingdom,17274.24,Single,Salaried Employee,9/29/2021,Retail,0,Mobile App Push
207402,1,Davis,24,Male,Spain,27135.24,Married,Self-Employed,5/19/2019,Retail,2,Mobile App Push
207458,4,Banks,62,Female,France,123174.45,Single,Business Owner,5/2/2017,Premium,0,Email
207473,3,Smith,19,Male,Germany,23184.08,Single,Student,9/8/2024,Student,0,Email
207570,5,Guerrero,74,Male,United States,14325.25,Married,Retired,5/23/2023,Senior,0,Phone Call
207573,3,Ayala,20,Female,France,13392.12,Single,Student,8/12/2021,Student,0,Mail
207581,1,Hurley,48,Female,United States,31447.16,Single,Salaried Employee,10/25/2024,Retail,1,Mobile App Push
207629,1,Kirk,36,Male,France,45554.02,Single,Freelancer,9/30/2024,Retail,0,Mobile App Push
207697,1,Waters,30,Male,Spain,21726.64,Single,Salaried Employee,6/17/2025,Retail,0,Mail
207786,4,Jones,51,Female,Germany,76981.79,Divorced,Self-Employed,9/10/2025,Premium,2,SMS
207798,4,Mora,62,Female,United States,85003.66,Married,Salaried Employee,8/29/2017,Premium,0,SMS
207903,5,Fry,78,Male,Germany,16280.62,Married,Retired,2/14/2022,Senior,1,Email
207932,1,Russell,48,Female,France,29793.39,Single,Self-Employed,3/12/2016,Retail,0,Phone Call
208013,1,Cummings,41,Female,United Kingdom,45237.72,Married,Self-Employed,2/21/2025,Retail,3,Email
208111,1,Schwartz,44,Male,Germany,69042.71,Single,Freelancer,4/9/2026,Retail,2,Mail
208214,1,White,50,Female,Germany,67140.19,Married,Salaried Employee,7/17/2026,Retail,3,Mail
208239,1,Miller,43,Male,France,36990.72,Single,Salaried Employee,4/4/2017,Retail,1,Phone Call
208304,1,Mckinney,41,Female,Germany,44354.46,Single,Salaried Employee,11/18/2019,Retail,1,Email
208310,4,Heath,48,Female,Spain,156518.63,Single,Salaried Employee,4/24/2018,Premium,0,Mobile App Push
208529,5,Nelson,71,Male,United States,35761.12,Married,Self-Employed,12/31/2021,Senior,0,Mail
208584,1,Osborn,50,Female,United Kingdom,52275.36,Single,Freelancer,8/18/2022,Retail,0,Mobile App Push
208618,2,Riley,43,Male,France,45241.90,Married,Unemployed,1/1/2021,Family,2,Mobile App Push
208633,1,Kim,30,Male,Spain,19861.42,Single,Salaried Employee,3/31/2024,Retail,2,Email
208699,2,Wilson,49,Female,Germany,26789.01,Married,Salaried Employee,11/10/2022,Family,2,Email
208751,1,Alvarado,53,Female,United States,44954.58,Single,Salaried Employee,1/31/2022,Retail,2,Email
208954,1,Nguyen,32,Female,Spain,30802.28,Single,Unemployed,8/8/2022,Retail,0,Email
208975,2,Young,49,Male,Spain,47867.64,Married,Salaried Employee,6/27/2019,Family,2,Phone Call
208976,5,Anderson,75,Male,United Kingdom,69296.02,Married,Salaried Employee,9/18/2017,Senior,2,SMS
208998,2,Lee,46,Male,Spain,69191.36,Widowed,Self-Employed,4/18/2018,Family,2,Phone Call
209159,1,Harris,55,Male,Germany,49831.83,Married,Salaried Employee,4/12/2024,Retail,0,Mobile App Push
209167,2,Love,35,Male,Germany,66961.07,Married,Freelancer,1/5/2017,Family,1,Email
209493,3,Harding,19,Female,France,15594.64,Single,Student,10/23/2019,Student,0,Email
209627,1,Kennedy,57,Female,United States,43971.17,Married,Salaried Employee,12/1/2025,Retail,3,Email
209680,1,Stevens,55,Female,France,25464.33,Married,Salaried Employee,6/7/2024,Retail,0,Mail
209812,2,Hawkins,40,Male,Spain,58912.46,Divorced,Salaried Employee,8/13/2020,Family,4,Phone Call
210010,1,Kaiser,24,Female,United States,18192.00,Divorced,Salaried Employee,9/11/2022,Retail,1,Phone Call
210639,1,Obrien,44,Male,France,54711.39,Married,Unemployed,2/19/2022,Retail,0,Mobile App Push
210665,2,Bryant,33,Female,United Kingdom,62653.15,Married,Salaried Employee,9/22/2021,Family,2,Mobile App Push
210766,2,Hoover,40,Female,Germany,25214.48,Married,Freelancer,5/5/2019,Family,2,Mail
210790,4,Adams,40,Male,United Kingdom,121057.61,Married,Salaried Employee,5/22/2025,Premium,0,SMS
211005,1,Bailey,34,Male,Germany,49539.10,Married,Salaried Employee,9/29/2025,Retail,0,Email
211072,2,Douglas,36,Female,Spain,37953.25,Married,Self-Employed,9/15/2018,Family,2,Email
211090,2,Thomas,43,Male,Germany,46597.34,Married,Business Owner,1/15/2020,Family,0,Mail
211291,2,Fuller,50,Male,Spain,72359.18,Married,Salaried Employee,2/4/2022,Family,4,Mobile App Push
211341,4,Fernandez,42,Female,Spain,99805.04,Married,Salaried Employee,3/16/2024,Premium,2,SMS
211410,2,Ramsey,34,Female,United Kingdom,26270.22,Married,Business Owner,4/18/2023,Family,2,Mobile App Push
211425,1,Smith,40,Female,Germany,48077.22,Single,Salaried Employee,12/1/2020,Retail,3,Mobile App Push
211486,1,Montgomery,39,Female,Germany,31045.86,Single,Salaried Employee,2/15/2017,Retail,2,Phone Call
211496,1,Bird,52,Male,Spain,33553.25,Single,Salaried Employee,1/15/2024,Retail,2,Mobile App Push
211579,4,Marshall,65,Male,France,179761.67,Single,Salaried Employee,2/21/2023,Premium,1,SMS
211636,4,Snyder,46,Female,United States,114368.72,Married,Business Owner,9/21/2025,Premium,0,Mail
211642,1,Farmer,58,Male,United Kingdom,46783.91,Married,Salaried Employee,6/9/2018,Retail,1,Mobile App Push
211726,2,Nguyen,38,Female,United States,31037.16,Single,Unemployed,12/20/2021,Family,1,Email
211760,1,Peters,34,Male,France,24268.06,Married,Self-Employed,11/1/2024,Retail,0,Mobile App Push
211764,2,Carter,37,Male,France,27298.74,Married,Salaried Employee,3/3/2021,Family,1,SMS
211834,2,Goodwin,39,Female,France,21906.38,Married,Salaried Employee,3/18/2017,Family,1,Phone Call
211871,2,King,35,Female,Germany,51640.35,Married,Self-Employed,12/20/2020,Family,3,Email
211954,2,Tucker,34,Male,France,62181.50,Married,Freelancer,12/29/2018,Family,1,Email
211957,2,Guerrero,46,Female,France,27505.45,Married,Business Owner,8/14/2021,Family,3,SMS
212157,1,Bender,29,Male,United States,47283.18,Married,Freelancer,8/21/2023,Retail,2,Mobile App Push
212168,2,Johnson,28,Female,Germany,67268.87,Married,Business Owner,10/5/2018,Family,1,Email
212178,2,Alexander,36,Male,Germany,44458.84,Married,Business Owner,3/23/2026,Family,2,Mobile App Push
212214,2,Frazier,28,Male,United States,38032.47,Married,Business Owner,5/3/2019,Family,1,Mail
212235,5,Mata,67,Female,France,24193.48,Married,Retired,12/27/2021,Senior,0,Phone Call
212255,4,Jackson,57,Female,France,74361.48,Single,Business Owner,12/25/2023,Premium,0,Mobile App Push
212512,2,Chavez,47,Female,France,24396.84,Married,Business Owner,11/4/2022,Family,2,Mobile App Push
212608,1,Serrano,44,Female,United States,14453.98,Single,Salaried Employee,12/30/2017,Retail,2,Email
212718,1,Warner,33,Female,France,40574.87,Single,Salaried Employee,8/23/2019,Retail,3,Phone Call
213000,5,Simpson,61,Female,Germany,45627.97,Married,Retired,2/2/2023,Senior,2,SMS
213132,5,Medina,83,Male,United States,36061.00,Widowed,Retired,12/2/2024,Senior,0,Email
213206,1,Chambers,32,Male,United Kingdom,26939.14,Single,Salaried Employee,1/18/2020,Retail,2,Mobile App Push
213282,2,Kelley,55,Female,Germany,38296.32,Married,Unemployed,5/4/2022,Family,2,Mobile App Push
213346,2,Aguirre,38,Male,Germany,64507.18,Single,Salaried Employee,5/3/2022,Family,1,Phone Call
213349,4,Bradley,48,Female,United States,87295.23,Married,Business Owner,9/7/2016,Premium,0,SMS
213355,5,Miller,77,Male,France,45367.64,Widowed,Retired,1/30/2019,Senior,1,Email
213365,3,Hill,20,Male,France,12083.39,Single,Student,12/28/2022,Student,0,Phone Call
213475,4,Peters,50,Female,United States,137874.67,Single,Self-Employed,2/17/2022,Premium,2,Mail
213609,1,Delacruz,30,Female,Germany,29718.62,Married,Salaried Employee,4/19/2021,Retail,2,SMS
213668,1,Solis,39,Female,France,50597.61,Married,Salaried Employee,11/4/2019,Retail,1,Mobile App Push
213697,3,Fletcher,19,Female,United States,10162.51,Single,Student,11/27/2025,Student,0,Email
213844,5,Hensley,86,Female,Spain,22617.31,Widowed,Self-Employed,12/1/2017,Senior,0,Mail
214027,1,Lee,28,Male,Germany,22113.28,Single,Salaried Employee,7/18/2022,Retail,2,SMS
214119,1,Johnson,25,Male,Germany,21543.19,Married,Salaried Employee,9/27/2024,Retail,0,Mail
214176,1,Howard,27,Female,France,39545.28,Single,Salaried Employee,3/12/2026,Retail,0,Email
214266,1,Myers,40,Male,Germany,47462.78,Single,Self-Employed,10/2/2023,Retail,3,Mobile App Push
214351,2,Blanchard,39,Female,United States,44744.49,Single,Salaried Employee,3/7/2023,Family,0,Email
214532,1,King,26,Male,United States,41551.51,Single,Salaried Employee,3/9/2017,Retail,1,Mobile App Push
214576,2,Tran,51,Female,France,24783.83,Married,Salaried Employee,5/4/2026,Family,0,Email
214611,1,Watkins,38,Male,United Kingdom,32067.83,Single,Self-Employed,6/21/2017,Retail,0,Email
214626,1,Anthony,56,Female,France,27457.05,Married,Freelancer,3/23/2020,Retail,0,Mobile App Push
214675,2,Lewis,43,Male,France,55743.08,Married,Salaried Employee,1/2/2019,Family,2,Mobile App Push
214677,2,Wells,34,Male,United States,56227.60,Married,Business Owner,4/25/2024,Family,1,Mobile App Push
214682,2,Allen,39,Male,Germany,57260.71,Married,Salaried Employee,12/14/2023,Family,3,Mobile App Push
214928,3,Brown,18,Female,France,15571.62,Single,Student,7/8/2017,Student,0,Phone Call
214975,3,Spears,23,Female,Spain,17352.25,Married,Student,2/20/2018,Student,0,Phone Call
215027,3,Williams,23,Female,United States,19543.60,Married,Student,7/8/2024,Student,0,Email
215233,2,Vasquez,34,Male,Spain,26464.86,Married,Self-Employed,10/6/2020,Family,4,Email
215266,5,Gates,85,Male,United Kingdom,25038.00,Married,Retired,1/27/2021,Senior,2,Mail
215482,1,Parks,40,Female,Germany,42895.15,Single,Salaried Employee,1/31/2022,Retail,2,Email
215717,3,Hughes,22,Male,Germany,20081.82,Single,Student,5/23/2026,Student,0,Phone Call
215795,1,Gentry,33,Male,France,55690.64,Single,Unemployed,5/6/2018,Retail,2,Mobile App Push
215830,1,Garcia,41,Male,France,27016.13,Single,Salaried Employee,1/6/2018,Retail,1,Mobile App Push
216229,2,Murray,40,Male,Spain,70328.30,Married,Salaried Employee,6/27/2024,Family,4,Email
216242,1,Woods,33,Male,United States,41914.32,Married,Freelancer,6/23/2023,Retail,1,Email
216276,1,Cole,47,Female,Germany,38864.90,Single,Salaried Employee,6/14/2017,Retail,0,SMS
216308,5,Adams,80,Male,Germany,52867.49,Married,Retired,11/11/2021,Senior,0,Phone Call
216356,1,Stewart,47,Male,Germany,27923.73,Married,Self-Employed,9/25/2024,Retail,0,Mail
216506,1,Hatfield,32,Female,Spain,44314.61,Divorced,Self-Employed,7/15/2020,Retail,3,Email
216587,2,Stewart,41,Male,Spain,85652.86,Married,Salaried Employee,10/7/2025,Family,3,Mobile App Push
216683,1,Willis,26,Male,United States,33606.61,Single,Salaried Employee,11/21/2024,Retail,1,Mobile App Push
216739,5,Walker,70,Female,France,87794.58,Married,Retired,5/6/2019,Senior,1,Phone Call
216968,1,Dudley,48,Female,Germany,65387.44,Widowed,Self-Employed,5/9/2017,Retail,0,Email
216970,4,Lambert,49,Female,Germany,144789.26,Married,Salaried Employee,1/6/2024,Premium,1,SMS
217301,4,Solis,56,Female,Germany,84678.64,Single,Business Owner,2/27/2021,Premium,1,Email
217308,4,Sanchez,50,Female,United Kingdom,72903.09,Married,Self-Employed,6/18/2024,Premium,2,Email
217466,5,Patterson,61,Male,United Kingdom,15183.05,Married,Retired,2/17/2025,Senior,2,Mail
217659,1,Young,29,Female,Germany,29733.06,Married,Salaried Employee,12/3/2019,Retail,0,Mobile App Push
217683,1,Fitzpatrick,49,Female,Spain,99470.26,Married,Salaried Employee,10/6/2020,Retail,0,Phone Call
217830,5,Petersen,82,Female,United States,12995.08,Married,Retired,3/12/2024,Senior,0,Phone Call
217984,1,Butler,45,Female,Germany,22935.54,Married,Salaried Employee,9/9/2016,Retail,0,Mobile App Push
217996,1,James,56,Male,United States,39473.28,Single,Unemployed,1/6/2025,Retail,0,SMS
218118,2,Colon,39,Male,Germany,44811.43,Single,Self-Employed,9/19/2020,Family,3,Mail
218152,4,Singh,64,Female,United Kingdom,60316.25,Divorced,Business Owner,11/11/2023,Premium,0,Phone Call
218220,2,Aguirre,50,Female,France,46596.61,Married,Unemployed,9/6/2025,Family,3,SMS
218326,3,Santos,20,Male,United States,24088.41,Single,Student,1/30/2023,Student,0,Mail
218370,5,Kaiser,70,Female,Spain,54364.42,Divorced,Retired,5/17/2020,Senior,2,Email
218414,1,Rivera,32,Male,United States,30427.87,Married,Salaried Employee,12/21/2016,Retail,1,Phone Call
218423,1,Walters,53,Female,United States,49771.95,Married,Salaried Employee,4/2/2018,Retail,0,SMS
218548,5,Hayes,68,Male,Germany,21593.48,Single,Retired,5/14/2022,Senior,1,Phone Call
218661,1,Robinson,33,Female,Spain,29337.56,Divorced,Freelancer,4/12/2024,Retail,1,Email
218669,2,Lewis,35,Female,Germany,31382.61,Married,Salaried Employee,3/10/2021,Family,2,Email
218710,1,Swanson,54,Female,France,32581.57,Single,Salaried Employee,2/14/2017,Retail,1,Mobile App Push
218844,1,Tran,35,Female,France,44929.49,Single,Self-Employed,4/6/2019,Retail,0,Email
218881,4,Brown,58,Male,United Kingdom,100774.32,Single,Business Owner,2/20/2024,Premium,0,Mobile App Push
218959,1,Maldonado,48,Female,France,29866.12,Married,Self-Employed,7/20/2018,Retail,2,Mobile App Push
218972,5,Hamilton,61,Female,Germany,40997.27,Widowed,Retired,6/15/2017,Senior,0,Mail
219073,1,Anderson,50,Male,United States,38230.55,Married,Salaried Employee,8/31/2024,Retail,0,SMS
219169,5,Love,86,Male,Spain,34384.76,Married,Retired,12/31/2017,Senior,0,Phone Call
219346,2,Elliott,36,Female,Spain,33830.03,Married,Salaried Employee,8/3/2022,Family,2,Mobile App Push
219361,5,Hopkins,72,Female,United States,14452.64,Married,Retired,6/10/2018,Senior,0,Mail
219366,2,Jennings,44,Female,United Kingdom,30434.45,Divorced,Salaried Employee,6/6/2025,Family,1,Email
219420,1,Parker,31,Female,Germany,54869.05,Divorced,Salaried Employee,7/24/2025,Retail,0,Mobile App Push
219490,1,Myers,38,Female,Germany,42357.48,Single,Self-Employed,3/3/2024,Retail,3,Email
219550,4,Rose,39,Male,Germany,66262.61,Single,Salaried Employee,12/29/2019,Premium,1,Phone Call
219562,4,Francis,42,Male,Spain,199116.46,Single,Freelancer,5/21/2026,Premium,0,Email
219565,5,Black,70,Female,Germany,36042.52,Divorced,Salaried Employee,2/24/2026,Senior,0,Email
219629,1,George,32,Female,United Kingdom,23882.23,Divorced,Business Owner,7/10/2017,Retail,0,Email
219710,5,Miller,69,Male,United States,32742.43,Married,Retired,6/23/2026,Senior,0,Phone Call
219726,2,Andrews,34,Female,United States,36455.27,Married,Business Owner,4/1/2025,Family,2,Mobile App Push
219754,1,Franklin,50,Male,France,43004.05,Married,Salaried Employee,2/1/2019,Retail,0,Mobile App Push
219781,2,Johnston,37,Male,United States,83267.65,Single,Salaried Employee,11/8/2023,Family,2,SMS
219876,2,Mccoy,33,Male,France,105366.93,Married,Unemployed,7/9/2018,Family,4,Mail
219946,1,Little,31,Male,Germany,30893.80,Married,Self-Employed,11/26/2021,Retail,0,Email
219971,2,Holland,44,Female,France,39600.96,Married,Freelancer,8/23/2023,Family,0,Phone Call
220020,1,Williams,33,Male,France,67462.49,Married,Freelancer,5/10/2026,Retail,2,Email
220096,1,Thompson,46,Male,France,28965.48,Married,Freelancer,6/1/2025,Retail,3,Email
220116,5,Baker,81,Male,France,36422.75,Divorced,Retired,3/22/2026,Senior,0,SMS
220190,2,Richardson,45,Male,United Kingdom,46658.40,Married,Unemployed,7/26/2017,Family,2,Email
220294,2,Brown,48,Female,France,48445.63,Single,Freelancer,3/30/2025,Family,2,Email
220351,5,Fowler,77,Female,Spain,18837.47,Married,Retired,11/14/2021,Senior,1,Mail
220465,3,Gutierrez,22,Female,Germany,8000.00,Single,Freelancer,1/13/2020,Student,0,Mobile App Push
220675,2,Robles,28,Male,France,33268.52,Married,Salaried Employee,11/15/2017,Family,1,Phone Call
220764,2,Garcia,47,Male,France,35526.38,Divorced,Salaried Employee,7/25/2020,Family,2,Email
220768,1,Wilkins,45,Male,France,42859.42,Single,Salaried Employee,1/19/2026,Retail,2,Email
220936,3,Knapp,22,Female,United Kingdom,17961.53,Single,Student,9/2/2023,Student,0,Mobile App Push
220944,2,Hensley,38,Female,France,30729.27,Married,Salaried Employee,4/25/2017,Family,2,Email
221011,1,Gutierrez,54,Male,United Kingdom,37078.36,Married,Self-Employed,10/2/2020,Retail,0,SMS
221035,1,Anderson,38,Male,Germany,58688.09,Married,Freelancer,8/5/2018,Retail,2,Phone Call
221119,1,Barnes,47,Female,United Kingdom,52205.19,Married,Salaried Employee,5/17/2018,Retail,0,Mobile App Push
221263,1,Fuentes,28,Male,France,28601.41,Widowed,Salaried Employee,11/14/2023,Retail,3,SMS
221414,1,Gonzalez,41,Female,United Kingdom,50070.45,Married,Salaried Employee,8/1/2019,Retail,3,Mobile App Push
221462,1,Ochoa,53,Female,France,42513.41,Married,Freelancer,8/7/2023,Retail,2,SMS
221531,1,Oneal,48,Male,Germany,35602.04,Married,Salaried Employee,11/29/2019,Retail,0,Email
221552,1,Garcia,40,Female,United States,50850.89,Divorced,Freelancer,11/26/2023,Retail,3,SMS
221620,4,Smith,43,Female,France,176689.25,Married,Salaried Employee,10/20/2021,Premium,1,Email
221628,2,Bell,31,Female,United States,33442.74,Married,Salaried Employee,2/22/2019,Family,1,Email
221703,4,Palmer,45,Male,Spain,78691.26,Married,Business Owner,2/14/2023,Premium,1,Phone Call
221707,5,Ortega,80,Male,France,26705.43,Divorced,Retired,1/2/2026,Senior,0,Phone Call
221761,4,Reyes,53,Male,Spain,189187.30,Divorced,Self-Employed,11/18/2017,Premium,0,Mobile App Push
221886,2,Davenport,46,Female,Germany,62943.47,Divorced,Business Owner,4/24/2025,Family,4,Email
221916,1,Lewis,44,Male,United Kingdom,27518.03,Single,Salaried Employee,6/3/2018,Retail,2,SMS
222343,2,Gonzalez,47,Male,France,36031.48,Divorced,Business Owner,12/20/2016,Family,1,Mail
222520,4,Arroyo,48,Male,France,79446.39,Single,Business Owner,12/14/2022,Premium,1,SMS
222629,1,Berry,62,Female,United States,32486.27,Single,Freelancer,10/28/2016,Retail,2,Mobile App Push
222692,2,Perry,50,Male,United Kingdom,35435.16,Married,Salaried Employee,1/30/2023,Family,2,Email
223014,5,Thomas,68,Male,Spain,21125.67,Widowed,Retired,10/31/2024,Senior,0,Phone Call
223088,1,Gray,48,Male,France,37758.83,Single,Salaried Employee,10/27/2020,Retail,0,SMS
223119,1,Booker,53,Male,United Kingdom,53345.46,Married,Freelancer,4/10/2021,Retail,0,Mobile App Push
223172,2,Harmon,34,Male,United States,51001.03,Widowed,Freelancer,9/8/2019,Family,4,SMS
223215,1,Clark,53,Male,Germany,38474.56,Married,Salaried Employee,8/10/2016,Retail,0,Mail
223224,1,Edwards,47,Male,Germany,25816.05,Married,Business Owner,4/30/2020,Retail,1,Email
223264,2,Ward,44,Female,Spain,22495.72,Married,Salaried Employee,2/4/2017,Family,2,Email
223365,1,Casey,56,Male,Germany,29164.84,Divorced,Unemployed,11/28/2024,Retail,0,SMS
223453,1,Santos,44,Male,Germany,35723.20,Married,Business Owner,12/26/2023,Retail,0,Mail
223481,5,Dunn,74,Male,Spain,31639.65,Married,Retired,4/14/2020,Senior,0,Mobile App Push
223502,1,Kaufman,51,Male,Germany,22922.35,Married,Salaried Employee,7/24/2024,Retail,1,Mobile App Push
223552,1,Rivera,54,Male,France,53931.50,Married,Salaried Employee,9/26/2024,Retail,1,Mobile App Push
223586,1,Burns,46,Male,France,23491.76,Single,Salaried Employee,2/6/2017,Retail,1,Mobile App Push
223654,1,Bates,47,Female,Spain,24813.99,Married,Freelancer,11/18/2018,Retail,0,Email
223791,1,Harrison,49,Female,France,46409.01,Divorced,Salaried Employee,7/20/2018,Retail,0,SMS
223928,4,Medina,48,Male,Germany,83672.27,Single,Business Owner,4/6/2024,Premium,0,Mail
223949,5,Jackson,79,Male,Spain,23861.06,Widowed,Retired,9/25/2021,Senior,0,Mail
223967,1,Mcdowell,33,Male,Spain,39347.81,Single,Business Owner,10/8/2023,Retail,0,Mobile App Push
224052,2,Gibbs,36,Male,France,34786.59,Married,Salaried Employee,6/2/2019,Family,2,Email
224078,1,Frost,45,Female,France,24797.33,Married,Unemployed,6/7/2024,Retail,2,Phone Call
224138,2,Hanson,43,Female,France,23797.24,Single,Business Owner,1/16/2018,Family,1,Phone Call
224205,1,Villarreal,42,Male,Germany,49588.28,Married,Salaried Employee,9/30/2024,Retail,0,Email
224395,1,Mills,34,Female,Germany,35566.87,Married,Business Owner,1/4/2025,Retail,0,Email
224473,1,Leon,30,Female,Germany,35846.08,Married,Unemployed,3/24/2019,Retail,1,Email
224582,1,Mckinney,36,Female,Germany,77586.38,Married,Salaried Employee,10/27/2017,Retail,1,SMS
224870,1,Obrien,53,Male,France,49491.14,Married,Unemployed,3/30/2017,Retail,0,Mobile App Push
225151,5,Tran,80,Male,France,25155.22,Married,Retired,3/6/2018,Senior,2,Email
225200,5,Robinson,78,Female,United States,23895.41,Widowed,Salaried Employee,11/14/2019,Senior,0,SMS
225245,2,Mosley,41,Male,Spain,68553.08,Married,Salaried Employee,10/3/2016,Family,1,Email
225362,3,Rodriguez,20,Male,France,17665.88,Single,Student,9/10/2025,Student,0,Mail
225461,2,Gardner,31,Female,United Kingdom,25768.65,Divorced,Self-Employed,10/2/2021,Family,1,Mail
225636,2,Frank,49,Female,France,36918.99,Married,Salaried Employee,10/20/2017,Family,3,Email
225701,5,Moore,80,Male,Germany,26799.95,Widowed,Retired,12/4/2020,Senior,0,Email
225710,5,Duarte,69,Female,Germany,42639.31,Widowed,Retired,6/19/2022,Senior,1,Phone Call
225738,2,Rodriguez,36,Female,Germany,16463.45,Divorced,Self-Employed,1/26/2019,Family,3,Email
225805,1,Madden,44,Male,France,57042.34,Single,Self-Employed,8/27/2020,Retail,2,Mobile App Push
225812,2,Horton,55,Female,France,23660.69,Married,Salaried Employee,3/17/2024,Family,1,Email
226124,1,Payne,52,Male,Germany,47873.29,Single,Salaried Employee,4/27/2020,Retail,0,Phone Call
226215,1,Huang,53,Female,United Kingdom,29138.13,Single,Salaried Employee,8/16/2017,Retail,0,Mobile App Push
226395,5,Martinez,63,Female,France,21656.47,Divorced,Retired,11/21/2016,Senior,0,Mail
226451,1,Roth,38,Female,Germany,45644.73,Married,Salaried Employee,8/11/2019,Retail,0,Mail
226516,5,Moreno,72,Male,Germany,23773.49,Married,Self-Employed,9/17/2016,Senior,2,Email
226601,1,Knox,30,Male,United States,30778.13,Single,Salaried Employee,8/25/2019,Retail,2,Email
226610,1,Lopez,48,Female,Spain,49948.08,Divorced,Salaried Employee,7/20/2021,Retail,0,Email
226611,1,Thomas,48,Female,Spain,32702.65,Single,Salaried Employee,1/21/2026,Retail,0,Mail
226670,1,Taylor,46,Male,Germany,47635.75,Single,Salaried Employee,9/25/2020,Retail,0,Mobile App Push
226882,1,Webster,42,Male,France,24557.95,Single,Salaried Employee,2/10/2023,Retail,1,Email
226935,2,Wilson,38,Male,Germany,36677.32,Married,Salaried Employee,9/15/2019,Family,2,Mobile App Push
227091,5,Smith,71,Female,France,88484.06,Married,Retired,6/10/2022,Senior,0,Phone Call
227126,5,Green,69,Female,United States,30921.11,Widowed,Retired,8/15/2016,Senior,0,Email
227253,4,Owen,41,Female,United States,154178.94,Divorced,Self-Employed,10/14/2021,Premium,0,SMS
227257,1,Elliott,42,Female,United States,68323.39,Married,Salaried Employee,12/11/2023,Retail,3,Email
227324,3,Best,23,Female,France,11282.98,Single,Student,3/22/2024,Student,0,Mobile App Push
227352,1,Smith,42,Female,Germany,37153.81,Single,Self-Employed,3/13/2023,Retail,2,Mobile App Push
227706,4,Reed,63,Male,Spain,110151.77,Married,Business Owner,5/29/2023,Premium,0,SMS
227767,3,Jenkins,20,Female,Spain,10109.64,Single,Unemployed,9/25/2020,Student,0,SMS
227794,5,Gray,80,Female,France,38163.30,Married,Retired,2/22/2020,Senior,0,SMS
227885,1,Garcia,55,Female,Germany,21235.67,Single,Salaried Employee,11/13/2024,Retail,2,Phone Call
227950,4,Weaver,53,Female,Germany,126139.63,Married,Business Owner,3/28/2024,Premium,0,SMS
228074,5,Curtis,67,Male,France,49480.96,Widowed,Retired,4/28/2017,Senior,0,Phone Call
228093,2,Rodgers,40,Female,Germany,60133.21,Married,Salaried Employee,9/21/2019,Family,3,Mail
228168,1,Brown,42,Female,United States,27672.50,Married,Unemployed,6/20/2017,Retail,0,Mobile App Push
228473,1,Schmitt,45,Female,Germany,26638.86,Single,Freelancer,6/13/2023,Retail,0,Mobile App Push
228479,5,Daniels,75,Female,Germany,28176.00,Widowed,Retired,11/12/2017,Senior,1,Phone Call
228594,4,Jones,55,Male,Germany,95629.96,Married,Salaried Employee,12/8/2017,Premium,0,Phone Call
228670,3,Foster,20,Female,United States,13085.30,Single,Student,4/19/2024,Student,0,Mobile App Push
229139,5,Moore,78,Male,Germany,37030.74,Single,Retired,6/18/2019,Senior,0,Phone Call
229144,2,Wang,35,Female,Spain,68417.30,Married,Freelancer,5/6/2026,Family,2,Phone Call
229204,1,Lopez,48,Female,United States,27936.27,Married,Self-Employed,8/4/2021,Retail,3,Email
229221,4,Murphy,32,Male,United States,120249.41,Single,Business Owner,12/9/2019,Premium,0,Mobile App Push
229545,1,Krueger,49,Female,Germany,68330.96,Single,Salaried Employee,9/27/2016,Retail,1,SMS
229592,3,Powers,23,Male,France,12204.74,Single,Student,8/29/2025,Student,0,Email
229598,1,Johnson,53,Male,Germany,40217.24,Married,Salaried Employee,7/5/2019,Retail,2,Email
229890,3,Chapman,23,Female,Germany,20641.83,Single,Student,5/16/2020,Student,0,Mobile App Push
230192,4,Coffey,63,Male,United States,61660.99,Married,Salaried Employee,4/3/2022,Premium,0,Phone Call
230272,2,Reyes,40,Female,United Kingdom,52294.18,Married,Unemployed,1/20/2024,Family,1,SMS
230394,1,Simpson,38,Male,United States,27975.75,Divorced,Unemployed,8/25/2021,Retail,1,SMS
230521,3,Hendricks,21,Female,Germany,20814.37,Single,Student,4/27/2023,Student,0,Mobile App Push
230679,1,Kim,44,Male,Germany,53549.13,Single,Freelancer,1/27/2019,Retail,0,Mobile App Push
230734,1,Jones,39,Male,United States,27489.33,Married,Salaried Employee,1/21/2019,Retail,0,Mobile App Push
230889,4,Nguyen,50,Male,Spain,115871.95,Married,Freelancer,8/7/2016,Premium,1,SMS
231113,3,Scott,19,Female,France,8000.00,Single,Freelancer,11/17/2024,Student,0,Mobile App Push
231250,1,Mosley,43,Male,United States,49632.62,Single,Self-Employed,1/19/2021,Retail,2,Mail
231414,2,Williams,40,Male,Germany,40626.02,Single,Business Owner,4/6/2023,Family,4,SMS
231647,1,Lopez,47,Male,Spain,49422.04,Married,Salaried Employee,5/10/2017,Retail,0,Mobile App Push
231869,1,Stein,43,Male,Spain,78473.35,Married,Salaried Employee,10/17/2020,Retail,0,Email
231939,5,Lopez,84,Female,United Kingdom,29808.00,Widowed,Retired,9/16/2022,Senior,0,SMS
232040,4,Gregory,36,Female,United Kingdom,100668.12,Divorced,Business Owner,8/13/2024,Premium,2,SMS
232315,1,Wright,45,Male,United Kingdom,24303.03,Single,Freelancer,6/29/2021,Retail,1,Mail
232321,1,Thomas,55,Female,France,48732.26,Single,Freelancer,11/5/2016,Retail,2,Email
232352,5,Taylor,69,Male,France,23396.15,Married,Retired,7/23/2023,Senior,0,Mail
232361,3,Murray,22,Female,Germany,16061.87,Single,Student,2/9/2020,Student,0,Phone Call
232378,5,Mccoy,73,Female,France,18630.76,Married,Retired,4/25/2020,Senior,0,SMS
232413,1,Johnson,46,Male,France,22388.45,Married,Salaried Employee,4/30/2024,Retail,0,Mobile App Push
232552,3,Sanders,24,Female,Germany,8750.78,Single,Student,11/8/2018,Student,0,Mobile App Push
232731,2,Campos,38,Female,United States,43691.59,Widowed,Freelancer,11/29/2019,Family,3,Email
232915,1,Gallegos,44,Female,France,34194.53,Single,Salaried Employee,3/1/2020,Retail,2,Mobile App Push
232981,3,Reynolds,19,Male,Germany,14614.62,Single,Student,12/7/2021,Student,0,Email
233051,1,Gamble,43,Female,France,24918.11,Married,Self-Employed,3/27/2025,Retail,0,Mail
233056,2,Craig,40,Female,Spain,43361.37,Married,Business Owner,5/27/2026,Family,2,Mobile App Push
233096,1,Garcia,41,Female,United States,53327.19,Married,Salaried Employee,11/13/2025,Retail,0,Mail
233391,1,Hernandez,38,Female,France,16014.73,Widowed,Unemployed,7/6/2021,Retail,2,Mobile App Push
233470,2,Hale,51,Male,France,39060.70,Married,Business Owner,4/9/2026,Family,2,Email
233533,1,King,40,Female,Spain,34438.39,Single,Salaried Employee,4/12/2022,Retail,0,Mobile App Push
233534,2,Ward,46,Male,Germany,28031.54,Single,Salaried Employee,1/10/2022,Family,4,Mobile App Push
233582,5,Vazquez,81,Female,Germany,12698.05,Married,Salaried Employee,1/26/2020,Senior,0,Mail
233636,1,Williams,53,Female,France,35084.45,Widowed,Freelancer,5/3/2018,Retail,0,Phone Call
233751,2,Cantu,44,Female,France,49169.66,Married,Self-Employed,2/26/2021,Family,4,Phone Call
233827,1,Morgan,30,Male,Germany,23546.32,Divorced,Business Owner,7/17/2024,Retail,3,SMS
234001,5,Newman,71,Male,France,46441.48,Married,Retired,3/11/2017,Senior,0,Phone Call
234097,1,Hughes,57,Male,United Kingdom,39719.26,Single,Unemployed,8/4/2022,Retail,3,Email
234159,2,Trevino,50,Female,Germany,53241.67,Married,Salaried Employee,7/7/2020,Family,1,Mobile App Push
234443,1,Lopez,39,Female,Spain,78437.04,Divorced,Business Owner,3/24/2026,Retail,2,Mail
234475,5,Murphy,70,Male,United States,27856.51,Widowed,Retired,3/7/2026,Senior,0,Phone Call
234568,1,Vaughn,43,Female,France,17188.15,Single,Unemployed,12/20/2019,Retail,0,Email
234618,2,Jimenez,41,Male,Spain,25106.37,Married,Salaried Employee,8/6/2025,Family,2,Email
234628,2,Dominguez,31,Female,United Kingdom,42136.28,Single,Salaried Employee,6/8/2022,Family,1,Mobile App Push
234913,2,Patel,47,Female,United Kingdom,52054.86,Married,Salaried Employee,5/18/2023,Family,4,Email
235047,1,Johnson,36,Female,Spain,44824.69,Single,Salaried Employee,11/9/2020,Retail,0,Email
235193,1,Rodriguez,43,Female,Spain,28454.78,Married,Unemployed,3/16/2025,Retail,3,Email
235215,2,Robinson,45,Male,United States,46285.73,Married,Self-Employed,3/25/2025,Family,2,Mobile App Push
235300,5,Houston,72,Female,Germany,58106.06,Married,Retired,2/28/2023,Senior,0,SMS
235461,1,Lane,46,Female,Germany,39101.87,Married,Salaried Employee,6/27/2024,Retail,2,Email
235691,5,Ramirez,82,Female,Spain,40095.72,Widowed,Retired,11/2/2018,Senior,0,Email
236014,1,Lewis,32,Female,Spain,40439.39,Single,Salaried Employee,8/16/2021,Retail,0,Phone Call
236074,1,Thomas,35,Female,France,37581.70,Single,Freelancer,6/9/2017,Retail,0,Mail
236078,1,Alexander,37,Male,France,94264.32,Married,Salaried Employee,12/20/2022,Retail,0,Email
236217,4,Williams,54,Female,United States,86433.14,Divorced,Salaried Employee,2/10/2025,Premium,0,Mail
236306,1,Allen,29,Female,United Kingdom,29450.40,Single,Salaried Employee,7/5/2021,Retail,0,Mobile App Push
236384,2,Smith,35,Male,Germany,56389.77,Married,Salaried Employee,4/19/2018,Family,2,Mobile App Push
236392,3,Jennings,23,Female,Spain,8000.00,Single,Freelancer,3/31/2023,Student,0,Mobile App Push
236435,4,Santiago,51,Male,Spain,178882.06,Single,Salaried Employee,4/1/2017,Premium,1,Email
236659,2,Curry,55,Female,France,59727.85,Married,Salaried Employee,7/1/2024,Family,2,Email
236708,2,Davis,40,Male,Germany,54279.07,Married,Business Owner,11/15/2022,Family,3,Mobile App Push
236828,2,Smith,28,Male,Germany,46982.97,Married,Self-Employed,7/3/2026,Family,2,Mobile App Push
236878,2,Jackson,55,Female,United States,58129.42,Married,Salaried Employee,2/23/2023,Family,3,Mobile App Push
236937,2,Stephenson,46,Male,United Kingdom,37179.19,Married,Salaried Employee,1/28/2018,Family,3,Mobile App Push
237002,3,Hall,19,Male,United States,9760.97,Single,Student,3/21/2020,Student,0,Mobile App Push
237057,4,Martin,51,Male,Germany,73448.75,Divorced,Business Owner,5/16/2019,Premium,2,Email
237064,4,Richards,63,Male,United States,63346.40,Married,Self-Employed,7/24/2018,Premium,2,Mobile App Push
237118,1,Burton,43,Male,United States,40472.12,Married,Freelancer,2/5/2026,Retail,3,Phone Call
237174,2,Russell,36,Male,France,72187.36,Married,Salaried Employee,6/27/2021,Family,1,Phone Call
237235,2,Stewart,49,Male,Germany,26470.11,Married,Self-Employed,5/24/2020,Family,0,Mobile App Push
237377,2,Rice,37,Male,France,39807.56,Divorced,Business Owner,7/14/2022,Family,2,SMS
237414,2,Williams,34,Female,Spain,48463.78,Married,Business Owner,3/4/2019,Family,2,Phone Call
237509,2,Miller,47,Male,France,31192.54,Married,Salaried Employee,10/18/2020,Family,3,Email
237579,4,Gomez,53,Female,Germany,134014.90,Married,Salaried Employee,12/7/2019,Premium,1,Email
237654,1,Massey,41,Female,United States,31402.39,Widowed,Self-Employed,5/14/2021,Retail,0,Email
237795,1,Bryant,49,Female,Germany,40197.29,Married,Salaried Employee,2/2/2019,Retail,0,Phone Call
237935,3,Moss,21,Female,United States,8000.00,Single,Student,5/3/2025,Student,0,Mobile App Push
237962,2,Gomez,35,Male,United States,42007.17,Married,Self-Employed,10/17/2022,Family,3,Mobile App Push
238173,1,Torres,38,Male,United Kingdom,29790.26,Married,Salaried Employee,11/20/2020,Retail,1,Phone Call
238197,2,Smith,39,Male,Germany,61093.08,Married,Unemployed,5/14/2021,Family,1,Mail
238205,2,Gutierrez,32,Female,Spain,37253.42,Single,Salaried Employee,8/14/2017,Family,3,Mail
238320,1,Lopez,34,Male,France,33038.53,Single,Salaried Employee,5/30/2018,Retail,1,Phone Call
238353,2,Carney,36,Male,United Kingdom,56855.51,Married,Unemployed,12/16/2020,Family,1,Email
238394,2,Jones,47,Female,Spain,40161.72,Married,Salaried Employee,12/9/2022,Family,4,SMS
238579,2,Kline,31,Female,Germany,42242.21,Married,Salaried Employee,3/25/2018,Family,3,Email
238595,1,Cochran,46,Male,Germany,23526.75,Married,Salaried Employee,12/3/2025,Retail,2,Email
238610,4,Hall,65,Male,France,143994.33,Married,Business Owner,4/4/2019,Premium,0,Mail
238635,5,Moore,71,Female,United States,15042.93,Married,Retired,1/28/2017,Senior,0,Email
238739,1,Christian,47,Female,Spain,39367.48,Married,Salaried Employee,4/12/2019,Retail,0,Email
238741,2,Franklin,39,Male,United States,39377.29,Married,Salaried Employee,10/23/2018,Family,1,Mobile App Push
238890,5,Ballard,75,Male,Germany,21416.86,Single,Retired,9/8/2016,Senior,1,Mail
238943,1,Hayes,25,Male,United Kingdom,25325.29,Married,Salaried Employee,4/16/2022,Retail,0,Email
238948,3,Howell,23,Male,Spain,16396.02,Married,Unemployed,9/28/2018,Student,0,Email
238976,1,Olsen,41,Male,Spain,31053.29,Single,Unemployed,8/19/2018,Retail,0,Email
239116,1,Joyce,41,Female,United States,19775.41,Married,Salaried Employee,11/27/2024,Retail,2,Mobile App Push
239136,2,Mccarthy,38,Female,United States,40235.00,Married,Self-Employed,7/30/2018,Family,2,Mobile App Push
239145,1,Cruz,43,Male,United States,29994.38,Married,Salaried Employee,5/20/2025,Retail,0,Phone Call
239158,2,Underwood,41,Male,Spain,48212.31,Married,Business Owner,12/15/2022,Family,1,Mobile App Push
239164,1,Hutchinson,39,Male,Spain,30514.21,Single,Salaried Employee,7/24/2024,Retail,1,Mobile App Push
239449,1,Solomon,34,Female,Germany,18998.67,Married,Salaried Employee,12/19/2020,Retail,1,SMS
239613,1,Fisher,49,Male,Spain,50049.27,Married,Salaried Employee,5/28/2022,Retail,1,Mail
239816,1,Short,36,Male,United Kingdom,26144.51,Single,Salaried Employee,8/14/2022,Retail,0,Email
239849,5,Peterson,88,Male,France,15383.24,Divorced,Retired,9/30/2016,Senior,0,Mail
239850,1,Miller,28,Female,Germany,58633.85,Widowed,Salaried Employee,12/11/2020,Retail,1,Email
239890,1,Alvarez,50,Male,Germany,50057.77,Married,Self-Employed,6/26/2022,Retail,1,Mobile App Push
239999,1,Lopez,52,Male,United States,40390.51,Single,Salaried Employee,12/10/2024,Retail,1,Mail
240057,2,Perry,35,Female,Germany,79866.52,Married,Self-Employed,7/31/2018,Family,1,Mobile App Push
240288,1,Shaw,41,Male,France,39285.26,Widowed,Salaried Employee,9/22/2018,Retail,1,Mobile App Push
240384,1,Perez,29,Female,United States,55963.28,Single,Salaried Employee,1/18/2025,Retail,0,Mobile App Push
240386,4,Adams,52,Female,France,112820.92,Widowed,Business Owner,10/27/2023,Premium,1,Email
240440,5,Gibson,88,Male,France,34626.24,Married,Retired,11/2/2016,Senior,0,Email
240454,3,Delgado,23,Female,Germany,8000.00,Married,Student,5/7/2019,Student,0,SMS
240600,2,Knight,42,Male,Spain,68204.05,Married,Unemployed,1/12/2026,Family,4,SMS
240606,3,Pearson,19,Male,United States,17002.40,Single,Student,6/23/2024,Student,0,Email
240718,4,Knight,49,Male,United States,112638.94,Single,Business Owner,12/6/2020,Premium,3,Mobile App Push
240800,5,Miller,81,Male,Germany,47203.81,Divorced,Salaried Employee,11/22/2017,Senior,2,Email
240814,5,Davis,72,Male,Germany,24639.45,Widowed,Business Owner,2/12/2023,Senior,0,Phone Call
240829,2,Weiss,43,Male,United Kingdom,64007.04,Divorced,Salaried Employee,10/28/2021,Family,2,Email
240913,1,Wells,41,Male,France,37369.62,Single,Salaried Employee,7/1/2021,Retail,1,Mobile App Push
241003,2,Lindsey,33,Male,United Kingdom,68045.33,Married,Salaried Employee,5/9/2025,Family,1,Email
241081,2,Smith,53,Male,Germany,42721.37,Married,Salaried Employee,2/27/2020,Family,2,Mail
241176,1,Stuart,38,Female,United Kingdom,45637.75,Single,Self-Employed,12/4/2018,Retail,2,SMS
241268,4,Gilbert,48,Male,Germany,161475.97,Single,Self-Employed,6/9/2020,Premium,1,Mail
241276,1,Rodriguez,45,Female,France,32903.14,Single,Self-Employed,12/28/2025,Retail,1,Mobile App Push
241403,5,Jones,85,Male,Germany,55461.65,Widowed,Retired,5/20/2020,Senior,0,Phone Call
241422,1,Lloyd,42,Female,United States,30566.99,Divorced,Salaried Employee,1/12/2026,Retail,1,SMS
241647,1,Larsen,36,Male,Germany,53043.43,Single,Self-Employed,11/18/2017,Retail,2,Email
241678,1,Steele,60,Male,Spain,23414.76,Married,Freelancer,1/21/2017,Retail,1,Mobile App Push
241822,3,Johnson,24,Male,United States,11253.49,Single,Student,6/27/2021,Student,0,Email
241879,2,Meyer,41,Male,France,48334.20,Married,Self-Employed,6/25/2017,Family,2,Mobile App Push
242007,3,Henry,18,Female,United Kingdom,12539.02,Single,Freelancer,10/19/2017,Student,0,Email
242071,1,Robinson,56,Female,Germany,31368.27,Divorced,Freelancer,5/6/2023,Retail,2,Email
242175,2,Gregory,53,Female,Germany,36622.44,Married,Salaried Employee,12/16/2018,Family,2,Mobile App Push
242239,3,Wright,20,Male,United Kingdom,21662.06,Single,Student,11/2/2023,Student,0,SMS
242254,4,Morgan,52,Female,Spain,187471.22,Married,Business Owner,7/23/2022,Premium,2,Email
242291,1,Cabrera,47,Male,United States,72411.06,Married,Self-Employed,8/5/2019,Retail,0,SMS
242321,5,Griffith,74,Male,United Kingdom,42883.90,Married,Retired,10/1/2016,Senior,1,Mail
242348,2,Turner,48,Male,Spain,44497.67,Married,Salaried Employee,3/18/2020,Family,1,SMS
242371,1,George,40,Female,Spain,29664.39,Married,Unemployed,12/2/2025,Retail,0,Email
242723,5,Brown,71,Female,France,26194.95,Widowed,Retired,10/16/2018,Senior,1,SMS
242736,5,Weaver,75,Male,Spain,24537.21,Married,Salaried Employee,8/31/2018,Senior,0,Mail
242921,2,Harper,49,Female,United Kingdom,42151.06,Married,Salaried Employee,8/15/2020,Family,2,Phone Call
243006,1,Grant,50,Female,France,19445.12,Divorced,Salaried Employee,1/16/2023,Retail,3,Mobile App Push
243030,1,Torres,41,Male,Germany,37448.92,Divorced,Salaried Employee,4/20/2026,Retail,1,SMS
243079,1,Ramirez,42,Female,Germany,28421.65,Single,Salaried Employee,6/9/2017,Retail,0,Mobile App Push
243132,1,Cisneros,39,Female,United Kingdom,23233.85,Single,Salaried Employee,3/8/2021,Retail,0,Email
243139,1,Morris,47,Male,Spain,25162.13,Married,Unemployed,10/14/2020,Retail,1,Phone Call
243167,2,Guzman,37,Female,Spain,54500.19,Married,Business Owner,3/3/2026,Family,2,Mobile App Push
243260,2,Price,46,Male,United Kingdom,27611.68,Married,Business Owner,9/1/2025,Family,2,Mobile App Push
243423,1,Taylor,46,Male,France,41111.15,Single,Salaried Employee,4/14/2025,Retail,0,Mobile App Push
243693,3,Lucas,22,Male,United Kingdom,17734.90,Single,Student,1/9/2020,Student,0,SMS
243790,3,Pham,24,Male,Germany,9785.22,Single,Student,12/6/2019,Student,0,Mobile App Push
243826,4,Schmidt,58,Male,Germany,102689.15,Married,Business Owner,5/26/2024,Premium,3,Phone Call
243876,2,Jenkins,47,Female,France,37911.44,Married,Self-Employed,2/25/2021,Family,1,Email
243885,1,King,45,Male,Germany,58136.71,Divorced,Self-Employed,10/15/2022,Retail,1,SMS
243901,1,Wood,46,Male,Germany,38834.82,Single,Salaried Employee,10/25/2021,Retail,0,SMS
243902,2,Butler,43,Female,France,42572.24,Married,Salaried Employee,9/1/2017,Family,2,SMS
243928,1,Smith,52,Male,United Kingdom,27924.74,Single,Salaried Employee,6/13/2024,Retail,0,Mobile App Push
243941,3,Tate,20,Male,France,8000.00,Single,Student,5/20/2019,Student,0,Mail
244000,1,Johnson,37,Male,Germany,23551.20,Single,Salaried Employee,8/23/2022,Retail,3,Mobile App Push
244037,1,Bryan,57,Male,France,75206.58,Married,Salaried Employee,3/21/2019,Retail,1,Mobile App Push
244144,1,Rodriguez,25,Female,France,60217.47,Single,Freelancer,6/20/2021,Retail,0,Email
244170,4,Holt,51,Female,Germany,138512.73,Married,Business Owner,1/10/2016,Premium,1,Email
244192,2,Smith,39,Female,United Kingdom,31405.75,Married,Self-Employed,6/15/2020,Family,3,Mail
244247,2,Arnold,43,Male,France,32305.47,Married,Salaried Employee,7/27/2021,Family,1,Mobile App Push
244283,3,House,21,Male,Spain,16311.36,Single,Student,3/5/2021,Student,0,Email
244383,1,Wise,42,Female,United Kingdom,47860.87,Married,Salaried Employee,9/25/2024,Retail,3,Phone Call
244564,2,Herrera,33,Female,United Kingdom,37018.46,Married,Unemployed,2/26/2022,Family,2,Mobile App Push
244775,5,Watkins,66,Female,France,25823.30,Widowed,Retired,9/1/2017,Senior,0,Phone Call
244789,1,Turner,46,Male,Spain,60222.62,Married,Salaried Employee,6/12/2023,Retail,1,Email
244818,3,Ochoa,19,Male,Germany,16457.79,Single,Student,10/20/2022,Student,0,Mobile App Push
244892,1,Garcia,47,Female,France,24287.19,Single,Unemployed,10/31/2016,Retail,1,Mobile App Push
245051,2,Nolan,47,Female,United Kingdom,52533.04,Married,Freelancer,9/5/2019,Family,4,Mobile App Push
245095,1,Jones,48,Male,Spain,50740.91,Married,Salaried Employee,10/29/2024,Retail,1,Phone Call
245117,2,Alvarez,42,Male,France,34982.51,Married,Salaried Employee,9/19/2017,Family,2,Mobile App Push
245121,4,Long,33,Male,Germany,57845.59,Married,Self-Employed,11/29/2023,Premium,0,SMS
245129,3,Garner,24,Male,Germany,8962.74,Single,Student,12/18/2019,Student,0,Email
245131,4,Martinez,41,Male,France,93545.51,Married,Business Owner,11/16/2018,Premium,1,Email
245308,1,Beard,54,Male,Spain,24044.88,Single,Salaried Employee,7/24/2018,Retail,1,SMS
245357,2,Perez,37,Female,France,31230.35,Married,Freelancer,12/25/2019,Family,2,Email
245534,5,Garrett,72,Female,France,23218.58,Married,Salaried Employee,9/17/2024,Senior,0,SMS
245584,1,Fuller,47,Female,France,36474.76,Married,Freelancer,5/2/2019,Retail,3,Phone Call
245622,3,Lamb,22,Male,France,14340.37,Single,Student,1/7/2026,Student,0,Email
245664,1,Ellis,46,Female,France,21233.13,Single,Freelancer,7/17/2018,Retail,0,Mobile App Push
245718,3,Thomas,21,Male,Spain,20395.21,Single,Student,12/20/2021,Student,0,Mobile App Push
245824,1,Byrd,33,Female,Germany,26444.55,Divorced,Unemployed,2/18/2018,Retail,1,Email
245939,1,Wright,55,Male,United Kingdom,37118.19,Single,Self-Employed,5/11/2018,Retail,0,SMS
245998,1,Miller,27,Male,France,42874.35,Single,Salaried Employee,7/7/2021,Retail,0,Mobile App Push
246316,5,Gardner,69,Male,United States,36697.38,Divorced,Retired,2/4/2023,Senior,2,Mail
246413,5,Harris,75,Female,United States,16845.92,Married,Retired,10/9/2023,Senior,0,Phone Call
246566,5,Smith,74,Female,United States,18465.32,Widowed,Business Owner,4/28/2020,Senior,0,Email
246570,4,Mitchell,55,Male,Germany,65189.17,Single,Business Owner,9/18/2023,Premium,0,Email
246583,2,Jordan,44,Female,United Kingdom,32979.56,Married,Salaried Employee,8/27/2019,Family,3,Mail
246622,5,Dudley,71,Male,Germany,68859.46,Widowed,Retired,2/28/2018,Senior,0,Email
246726,5,Anderson,62,Male,Germany,18493.75,Married,Self-Employed,9/26/2020,Senior,0,Phone Call
246740,1,Kidd,37,Male,Germany,40109.35,Married,Salaried Employee,8/22/2017,Retail,0,SMS
246748,4,Salas,46,Male,Spain,120846.91,Single,Self-Employed,7/20/2024,Premium,0,Email
246757,1,Roberts,60,Male,United States,27299.58,Single,Salaried Employee,11/20/2024,Retail,0,Mobile App Push
246802,1,Lawrence,44,Male,United Kingdom,39405.62,Married,Salaried Employee,11/17/2020,Retail,0,Email
246814,1,Rogers,47,Male,Germany,29382.56,Married,Salaried Employee,9/16/2020,Retail,1,Mobile App Push
246942,1,Sandoval,54,Male,Germany,49709.92,Married,Unemployed,1/7/2025,Retail,0,Mobile App Push
246991,2,Woods,43,Female,France,50128.18,Single,Freelancer,1/2/2026,Family,4,Mail
247111,1,Turner,44,Male,United States,41723.78,Single,Salaried Employee,8/5/2016,Retail,1,SMS
247189,2,Baker,54,Male,United Kingdom,30223.19,Married,Business Owner,4/29/2020,Family,2,Email
247271,2,Bailey,39,Female,France,37661.19,Married,Salaried Employee,3/3/2017,Family,1,SMS
247442,5,Coleman,80,Male,France,28881.02,Widowed,Retired,10/5/2019,Senior,0,Email
247475,2,Scott,35,Male,France,31687.61,Married,Salaried Employee,3/9/2019,Family,1,Email
247594,3,Lynch,23,Male,Germany,19696.08,Single,Student,1/25/2023,Student,0,Mobile App Push
247720,1,Cook,36,Male,Germany,36250.46,Single,Salaried Employee,9/12/2020,Retail,1,Phone Call
248097,5,Weeks,77,Female,Germany,23901.75,Married,Retired,10/4/2019,Senior,0,Phone Call
248213,1,Campos,38,Male,France,49326.61,Single,Salaried Employee,3/23/2017,Retail,1,Mobile App Push
248225,2,Hamilton,37,Male,United Kingdom,68207.63,Married,Freelancer,1/15/2023,Family,2,Email
248241,1,Lawson,37,Female,France,32684.90,Single,Unemployed,8/11/2018,Retail,2,Phone Call
248298,3,Hendrix,22,Male,France,13893.34,Single,Student,10/21/2021,Student,0,Phone Call
248433,2,Wilkinson,28,Male,France,29076.04,Single,Self-Employed,4/4/2023,Family,2,Email
248468,2,Cole,45,Male,United Kingdom,22939.41,Married,Unemployed,3/15/2024,Family,4,Phone Call
248533,5,Deleon,80,Male,United States,25366.03,Widowed,Retired,1/4/2026,Senior,0,Phone Call
248557,1,Bryant,49,Female,Germany,17941.53,Single,Unemployed,8/5/2017,Retail,0,Email
248766,1,Carter,44,Female,United States,20021.51,Married,Freelancer,12/5/2023,Retail,0,Mobile App Push
248989,5,Ortiz,72,Female,United Kingdom,40066.65,Married,Retired,2/19/2018,Senior,0,Mail
249005,2,Cannon,51,Male,France,39137.85,Divorced,Freelancer,8/17/2023,Family,2,SMS
249077,1,Schneider,39,Male,Spain,32652.77,Married,Salaried Employee,9/10/2021,Retail,0,Email
249145,1,Torres,39,Female,Germany,49339.05,Divorced,Salaried Employee,9/10/2017,Retail,1,Mobile App Push
249149,1,Martinez,39,Female,Germany,40466.81,Single,Self-Employed,5/22/2024,Retail,0,Phone Call
249289,1,Burnett,24,Male,United States,31250.44,Married,Salaried Employee,9/21/2022,Retail,0,Mobile App Push
249375,5,Carlson,81,Male,Germany,20921.79,Widowed,Salaried Employee,5/25/2021,Senior,2,Mail
249644,3,Ramirez,18,Male,United States,15384.96,Single,Student,3/7/2025,Student,0,Mobile App Push
249715,2,Hall,48,Male,Germany,35704.34,Married,Salaried Employee,1/4/2021,Family,2,Mobile App Push
249792,5,Smith,76,Female,France,33775.66,Divorced,Salaried Employee,12/12/2018,Senior,0,Email
249811,1,Tran,32,Female,France,26418.77,Married,Salaried Employee,8/31/2017,Retail,0,Mobile App Push
250038,5,Velez,78,Female,France,19618.23,Widowed,Retired,2/8/2026,Senior,1,Email
250069,2,Curtis,46,Female,United Kingdom,43151.98,Married,Salaried Employee,3/27/2025,Family,2,Mobile App Push
250181,2,Nolan,41,Male,France,78019.56,Married,Salaried Employee,5/2/2017,Family,2,Email
250210,1,Escobar,37,Female,United States,44662.26,Married,Salaried Employee,6/30/2022,Retail,2,Mobile App Push
250219,4,Jordan,40,Male,France,125981.35,Married,Business Owner,3/25/2017,Premium,0,Phone Call
250255,5,Richard,85,Male,United Kingdom,14532.65,Divorced,Self-Employed,11/3/2019,Senior,0,Email
250551,1,Nguyen,54,Male,Germany,19579.10,Divorced,Salaried Employee,6/29/2021,Retail,1,Mobile App Push
250647,5,Butler,79,Female,France,50015.07,Widowed,Retired,6/18/2025,Senior,0,Email
250703,3,Haley,20,Female,Spain,23566.69,Single,Student,11/16/2016,Student,0,Mobile App Push
250840,5,Murphy,65,Female,United States,32561.46,Married,Retired,3/30/2023,Senior,0,Mobile App Push
250861,4,Padilla,53,Male,United Kingdom,135398.39,Married,Business Owner,3/26/2018,Premium,1,Mobile App Push
250990,3,Williams,22,Female,Spain,11254.52,Single,Student,1/9/2024,Student,0,Mobile App Push
251074,1,Pierce,35,Male,France,24843.85,Divorced,Freelancer,7/26/2023,Retail,0,SMS
251157,5,Ramirez,74,Male,France,30192.98,Married,Retired,6/19/2018,Senior,0,Mail
251195,1,Thompson,51,Male,France,40624.09,Single,Unemployed,7/28/2018,Retail,0,Email
251275,1,Golden,51,Male,France,52653.45,Single,Freelancer,7/23/2021,Retail,0,Phone Call
251363,1,Guerrero,37,Female,Germany,52713.76,Single,Salaried Employee,9/23/2023,Retail,0,SMS
251631,3,Sullivan,19,Male,United States,16327.55,Single,Student,11/22/2021,Student,0,SMS
251668,2,Williams,29,Female,Germany,37253.13,Divorced,Self-Employed,6/9/2021,Family,1,Mobile App Push
251716,4,Jones,47,Female,United Kingdom,48469.54,Married,Business Owner,4/15/2025,Premium,2,Email
251884,2,Gallagher,41,Male,Spain,53116.27,Married,Salaried Employee,5/17/2020,Family,2,Email
251981,5,Baker,74,Female,United Kingdom,18559.82,Married,Retired,2/22/2023,Senior,0,Email
252117,1,Barnes,41,Female,France,33783.87,Married,Freelancer,4/18/2026,Retail,0,Mobile App Push
252200,1,Taylor,35,Female,United States,51534.66,Married,Salaried Employee,3/27/2018,Retail,1,SMS
252203,1,Wells,43,Male,Germany,43503.73,Married,Business Owner,4/27/2017,Retail,1,Email
252386,2,Harper,35,Female,Spain,59152.21,Married,Unemployed,1/8/2018,Family,1,Email
252387,1,Barrett,35,Male,United States,57850.29,Married,Unemployed,7/27/2021,Retail,1,Email
252436,2,Mejia,41,Male,France,21505.91,Married,Salaried Employee,4/17/2026,Family,1,Email
252591,5,Yang,74,Male,Spain,44238.96,Single,Salaried Employee,6/21/2024,Senior,0,Mail
252640,2,Gamble,28,Male,United Kingdom,39240.69,Single,Salaried Employee,5/7/2020,Family,1,Email
252901,2,Carpenter,42,Male,Germany,51923.54,Married,Freelancer,11/26/2025,Family,2,SMS
252928,1,Gonzalez,44,Male,Germany,36213.59,Single,Salaried Employee,12/13/2024,Retail,1,Phone Call
253011,2,Buchanan,40,Male,France,27188.04,Married,Salaried Employee,10/13/2016,Family,1,Mobile App Push
253023,3,Jones,23,Male,Germany,8000.00,Single,Student,7/19/2026,Student,0,Mobile App Push
253143,2,Mason,51,Male,United Kingdom,27146.42,Single,Self-Employed,6/16/2018,Family,3,Phone Call
253184,3,Gardner,23,Female,Germany,17206.37,Single,Student,7/5/2025,Student,0,Email
253300,1,Wade,48,Female,Germany,54300.71,Single,Salaried Employee,9/20/2017,Retail,3,Email
253347,5,White,77,Female,United States,19861.23,Married,Retired,8/14/2021,Senior,1,Email
253541,1,Jones,44,Female,United Kingdom,92966.06,Married,Self-Employed,4/22/2025,Retail,0,Email
253557,1,Alvarado,47,Female,France,17754.28,Single,Salaried Employee,9/5/2023,Retail,0,Phone Call
253591,1,Roberts,30,Male,Germany,70514.42,Divorced,Salaried Employee,2/18/2022,Retail,0,SMS
253852,1,Johnson,25,Female,United Kingdom,46074.56,Divorced,Salaried Employee,11/27/2024,Retail,0,Phone Call
253999,1,Gilbert,37,Female,Germany,24177.34,Married,Unemployed,1/8/2021,Retail,1,Mobile App Push
254506,3,Thomas,18,Male,France,15183.38,Single,Student,6/1/2021,Student,0,Email
254511,1,Rose,28,Female,France,39402.22,Divorced,Self-Employed,11/13/2023,Retail,1,Mobile App Push
254610,1,Long,40,Female,France,52383.20,Married,Freelancer,7/25/2021,Retail,0,SMS
254721,1,Cruz,49,Female,France,19324.10,Married,Salaried Employee,5/11/2023,Retail,1,Mobile App Push
254739,1,Williams,31,Male,Spain,28448.05,Single,Freelancer,12/2/2019,Retail,0,Email
254850,5,Shaw,82,Male,Spain,22283.87,Married,Retired,12/2/2021,Senior,1,SMS
254864,1,Wright,50,Female,Germany,17049.84,Divorced,Self-Employed,8/15/2018,Retail,2,Mobile App Push
254887,1,Moss,41,Female,Germany,34474.58,Married,Business Owner,7/17/2021,Retail,0,Email
254954,2,Mckenzie,49,Female,United Kingdom,33182.15,Married,Business Owner,1/6/2017,Family,2,Mobile App Push
255061,1,Norton,44,Female,France,100134.49,Single,Business Owner,2/23/2024,Retail,1,Email
255141,5,Douglas,78,Male,France,60752.40,Widowed,Retired,7/6/2018,Senior,2,Phone Call
255202,3,Castillo,21,Male,France,8827.78,Single,Student,1/31/2017,Student,0,SMS
255287,4,Tyler,57,Male,France,126644.21,Married,Salaried Employee,9/28/2016,Premium,2,Email
255398,1,Benson,26,Female,France,19567.36,Married,Freelancer,6/21/2018,Retail,0,Mobile App Push
255457,1,Diaz,48,Female,Spain,33824.34,Divorced,Salaried Employee,6/29/2022,Retail,1,Email
255528,1,Chase,38,Male,United Kingdom,27124.04,Married,Salaried Employee,5/19/2026,Retail,2,SMS
255539,3,Boone,21,Female,United Kingdom,16349.97,Single,Student,6/15/2019,Student,0,SMS
255813,2,Garcia,44,Male,United States,24098.14,Single,Business Owner,11/13/2023,Family,2,Email
255851,1,Wall,35,Female,France,64175.40,Married,Salaried Employee,1/5/2021,Retail,0,Phone Call
255852,1,Rivera,53,Female,Germany,20883.11,Single,Self-Employed,7/1/2019,Retail,1,Phone Call
255875,5,Holt,77,Male,Spain,46029.98,Married,Retired,5/10/2025,Senior,0,Phone Call
256085,1,Smith,31,Female,France,60048.07,Single,Freelancer,5/31/2017,Retail,1,Email
256130,5,Ramirez,80,Female,France,27658.84,Married,Retired,11/3/2018,Senior,0,Mail
256175,1,Williams,42,Male,France,21533.44,Single,Freelancer,4/16/2024,Retail,1,Mobile App Push
256189,1,Torres,47,Female,France,18656.26,Single,Unemployed,12/11/2016,Retail,1,Mobile App Push
256206,1,Kaiser,35,Female,United States,37925.55,Single,Salaried Employee,10/4/2024,Retail,0,Email
256226,4,Mccarthy,32,Male,Germany,91138.89,Married,Self-Employed,9/24/2024,Premium,0,SMS
256294,2,Robinson,54,Male,Germany,41453.71,Married,Freelancer,8/31/2018,Family,1,Email
256389,1,Galloway,40,Male,United States,36061.01,Single,Self-Employed,7/3/2018,Retail,1,Mobile App Push
256445,1,Weber,50,Female,United States,69706.60,Single,Freelancer,1/22/2019,Retail,0,Email
256464,5,Page,77,Female,United States,53966.55,Divorced,Retired,2/8/2023,Senior,0,Phone Call
256465,1,Quinn,47,Male,France,34816.17,Single,Salaried Employee,1/5/2022,Retail,0,Mobile App Push
256466,3,Fisher,25,Male,France,24838.57,Single,Student,2/17/2024,Student,0,Mail
256557,2,Brown,31,Male,United States,59622.67,Married,Self-Employed,4/1/2020,Family,2,Email
256574,5,Hunter,76,Female,United States,33004.77,Widowed,Retired,11/11/2020,Senior,0,Phone Call
256782,1,Weaver,39,Female,Spain,33191.52,Divorced,Self-Employed,12/24/2017,Retail,1,SMS
256812,1,Hogan,30,Female,Spain,45648.19,Married,Self-Employed,5/29/2022,Retail,1,Email
256826,2,Foster,41,Female,Spain,55778.28,Married,Salaried Employee,5/16/2023,Family,0,SMS
256846,1,Richards,62,Male,France,31241.28,Divorced,Salaried Employee,2/23/2023,Retail,1,SMS
256911,5,Collins,75,Female,Germany,25072.78,Married,Retired,5/13/2026,Senior,0,Phone Call
257131,1,Green,36,Male,Germany,34342.62,Single,Salaried Employee,5/26/2022,Retail,2,Email
257212,1,Scott,43,Female,France,53076.76,Divorced,Salaried Employee,2/5/2026,Retail,0,SMS
257375,4,Carlson,39,Male,United States,96190.44,Divorced,Self-Employed,3/9/2021,Premium,0,Mobile App Push
257380,3,Allen,20,Male,Germany,10861.60,Single,Student,5/29/2025,Student,0,Mobile App Push
257538,2,Holden,48,Male,United States,33110.38,Married,Business Owner,11/14/2020,Family,1,Email
257677,5,Martinez,81,Male,United Kingdom,46829.16,Married,Retired,11/16/2024,Senior,0,Phone Call
257808,1,Porter,62,Male,Germany,40317.49,Divorced,Salaried Employee,12/18/2023,Retail,0,Mobile App Push
257880,5,Reyes,78,Male,France,15740.62,Married,Retired,11/12/2019,Senior,1,Phone Call
258003,3,Strickland,23,Male,France,14098.01,Single,Student,4/5/2017,Student,0,Email
258067,1,Huerta,33,Male,United Kingdom,27857.34,Married,Business Owner,6/2/2022,Retail,0,SMS
258102,1,Thomas,25,Male,Germany,37942.72,Single,Salaried Employee,1/11/2017,Retail,2,Phone Call
258157,5,Day,76,Female,France,26507.04,Married,Retired,4/27/2026,Senior,2,SMS
258189,1,Alvarado,47,Female,France,38871.01,Married,Unemployed,11/17/2016,Retail,1,Mobile App Push
258290,2,Haley,41,Female,United States,39906.94,Single,Salaried Employee,1/19/2018,Family,1,Phone Call
258366,1,Banks,43,Female,France,71638.18,Divorced,Self-Employed,6/20/2024,Retail,2,Email
258471,1,Harris,49,Male,Spain,22961.25,Single,Self-Employed,4/5/2018,Retail,2,Mail
258477,4,Arellano,57,Female,Germany,134648.28,Married,Business Owner,9/4/2021,Premium,0,Mail
258727,4,Jones,48,Male,Germany,90239.98,Married,Salaried Employee,3/23/2023,Premium,1,Email
258787,1,Alvarez,51,Female,Spain,29138.18,Married,Salaried Employee,11/16/2022,Retail,1,Email
258971,1,Barber,36,Male,Spain,29499.38,Married,Salaried Employee,6/4/2017,Retail,0,Phone Call
259077,1,Frey,35,Female,France,38048.44,Married,Salaried Employee,9/15/2023,Retail,3,Mobile App Push
259097,1,King,46,Female,Spain,33765.13,Married,Salaried Employee,5/12/2017,Retail,1,Phone Call
259338,1,Caldwell,42,Female,United Kingdom,35888.64,Married,Unemployed,8/7/2024,Retail,2,Mobile App Push
259493,1,Smith,59,Female,France,37696.44,Married,Self-Employed,12/28/2017,Retail,2,Email
259540,1,Thomas,29,Female,France,28150.69,Married,Self-Employed,9/14/2020,Retail,0,SMS
259784,1,Harris,44,Male,Germany,44322.37,Single,Salaried Employee,5/21/2021,Retail,2,Mail
259797,5,Miller,67,Female,France,39422.89,Married,Retired,3/17/2026,Senior,0,Phone Call
259814,4,Jackson,54,Male,United States,94773.69,Single,Freelancer,8/2/2017,Premium,2,SMS
260053,4,Caldwell,61,Male,United Kingdom,87753.29,Single,Business Owner,9/6/2016,Premium,0,Email
260097,1,Harrison,39,Female,United Kingdom,58575.64,Single,Salaried Employee,2/24/2018,Retail,1,SMS
260169,5,Baker,76,Male,Germany,27821.08,Widowed,Retired,4/12/2020,Senior,2,Email
260227,5,Burch,61,Male,France,23793.15,Married,Business Owner,5/31/2018,Senior,0,Phone Call
260263,3,Johnson,22,Female,France,18208.87,Single,Student,8/2/2018,Student,0,SMS
260265,1,Cherry,50,Male,France,34685.15,Married,Self-Employed,3/29/2025,Retail,1,Mobile App Push
260295,1,Melton,31,Male,Germany,19056.33,Single,Salaried Employee,7/25/2025,Retail,2,Mobile App Push
260422,2,Jones,48,Male,Spain,26630.78,Married,Salaried Employee,12/10/2025,Family,2,Email
260448,1,Owens,39,Male,United States,33260.48,Single,Salaried Employee,2/16/2019,Retail,0,Mobile App Push
260565,5,Lopez,74,Male,Spain,27149.12,Widowed,Retired,6/10/2025,Senior,0,Phone Call
260626,2,Wilkerson,45,Male,France,28334.02,Divorced,Salaried Employee,1/16/2026,Family,0,SMS
260639,1,Wright,28,Female,United States,41598.31,Divorced,Self-Employed,8/16/2016,Retail,1,Mobile App Push
260891,2,Graham,46,Male,Germany,42070.59,Married,Salaried Employee,6/9/2024,Family,2,Phone Call
261050,3,Dennis,20,Female,France,12152.65,Single,Student,7/11/2026,Student,0,Mobile App Push
261169,1,Flores,46,Male,Germany,37565.75,Divorced,Self-Employed,3/18/2026,Retail,1,Email
261223,1,Moon,48,Female,Germany,20913.02,Married,Self-Employed,9/20/2019,Retail,1,Mobile App Push
261395,2,Francis,40,Male,France,49574.33,Married,Salaried Employee,5/9/2018,Family,1,SMS
261450,1,Benton,32,Female,Germany,38189.81,Single,Self-Employed,3/26/2018,Retail,1,SMS
261562,2,Short,32,Male,Germany,49159.01,Single,Business Owner,12/30/2025,Family,1,Mail
261618,1,Anderson,54,Male,Germany,47308.50,Single,Salaried Employee,3/7/2026,Retail,0,Mail
261630,1,Moss,24,Male,Germany,42416.21,Married,Salaried Employee,8/24/2021,Retail,0,Email
261638,2,Thompson,37,Male,Germany,49651.47,Married,Business Owner,3/15/2023,Family,3,Email
261684,1,Donovan,49,Female,Germany,31995.06,Married,Self-Employed,4/8/2022,Retail,0,SMS
261712,5,Edwards,73,Female,United Kingdom,35715.43,Widowed,Retired,7/6/2024,Senior,1,Mail
261745,3,Hardy,22,Male,Spain,17985.76,Single,Student,7/25/2017,Student,0,Mail
261760,1,Valentine,55,Female,France,27772.42,Divorced,Salaried Employee,12/28/2023,Retail,0,Mobile App Push
261771,1,Harding,38,Male,France,52270.99,Married,Salaried Employee,11/16/2017,Retail,1,Mail
261859,2,Jenkins,50,Female,Germany,32057.97,Married,Business Owner,7/19/2019,Family,2,SMS
262029,5,Stanley,61,Female,United Kingdom,30142.48,Single,Salaried Employee,7/17/2026,Senior,0,Phone Call
262060,1,Farrell,39,Male,France,41094.05,Married,Salaried Employee,8/12/2023,Retail,0,Email
262230,1,Martin,30,Female,France,29677.96,Married,Salaried Employee,3/18/2020,Retail,1,Email
262246,2,Gardner,55,Female,Germany,58996.40,Married,Salaried Employee,7/27/2024,Family,4,Mobile App Push
262297,2,Robinson,49,Male,France,23732.86,Married,Salaried Employee,1/14/2025,Family,2,Email
262316,1,Steele,35,Female,France,16644.50,Married,Freelancer,11/22/2019,Retail,1,Email
262325,2,Haney,29,Female,United States,50743.18,Single,Self-Employed,2/2/2018,Family,3,Email
262471,2,Morris,38,Male,France,27495.27,Married,Salaried Employee,9/22/2022,Family,2,Email
262520,2,Cruz,34,Male,Germany,38758.31,Married,Freelancer,12/1/2021,Family,1,Phone Call
262555,5,Bradford,81,Female,Spain,19776.49,Married,Retired,4/2/2019,Senior,0,Phone Call
262656,4,Foster,59,Male,Germany,104620.12,Married,Salaried Employee,7/1/2023,Premium,2,Mobile App Push
262816,2,Warner,37,Female,France,30814.83,Married,Business Owner,4/26/2021,Family,2,Mobile App Push
262924,3,Miller,25,Male,Spain,16167.92,Single,Student,12/14/2022,Student,0,SMS
262934,3,Douglas,19,Female,Germany,14984.79,Single,Student,2/21/2019,Student,0,Email
262959,1,Gross,48,Male,France,35651.85,Married,Salaried Employee,8/10/2017,Retail,1,Email
262998,1,Olson,44,Female,Germany,23247.46,Widowed,Salaried Employee,11/3/2024,Retail,0,Mail
263032,1,Williams,29,Female,Spain,30438.29,Married,Salaried Employee,7/3/2017,Retail,0,SMS
263137,1,Bennett,45,Female,United Kingdom,24195.96,Married,Self-Employed,10/5/2021,Retail,1,Phone Call
263281,1,Wood,39,Male,United States,33736.44,Single,Business Owner,8/14/2017,Retail,2,Email
263568,3,Chavez,24,Female,France,14071.93,Single,Unemployed,11/6/2016,Student,0,Mail
263573,1,Bates,29,Female,United States,54951.57,Single,Freelancer,3/5/2025,Retail,1,SMS
263690,4,Johnson,54,Male,Germany,113774.58,Single,Business Owner,3/19/2025,Premium,2,Mail
263917,2,West,48,Male,United Kingdom,46838.45,Married,Self-Employed,9/26/2024,Family,1,Email
264136,1,Chapman,47,Male,Germany,41436.99,Married,Salaried Employee,4/26/2024,Retail,3,Mail
264404,1,Bates,46,Female,France,81921.19,Single,Salaried Employee,11/22/2024,Retail,0,Email
264550,1,Ramirez,51,Male,Germany,38070.65,Married,Self-Employed,3/31/2025,Retail,2,Phone Call
264631,5,Sanders,74,Male,Germany,44542.36,Married,Retired,2/18/2017,Senior,0,Phone Call
264686,1,Jordan,37,Male,France,33158.98,Single,Self-Employed,4/2/2026,Retail,0,SMS
264735,5,White,74,Female,France,28355.58,Widowed,Retired,12/10/2019,Senior,0,SMS
264951,3,Welch,20,Female,Spain,8000.00,Single,Student,8/21/2021,Student,0,Email
265001,2,Wilson,44,Male,France,25666.96,Divorced,Unemployed,6/18/2020,Family,2,Mail
265055,3,Clark,22,Male,France,17834.31,Single,Student,1/8/2017,Student,0,Phone Call
265056,2,Black,45,Female,France,51738.45,Married,Salaried Employee,9/1/2025,Family,2,Email
265080,4,Wilson,56,Female,France,58804.72,Divorced,Salaried Employee,3/17/2021,Premium,2,Mobile App Push
265092,1,Gardner,36,Female,United States,28175.24,Married,Salaried Employee,11/18/2019,Retail,1,SMS
265146,3,Harrison,26,Male,France,14045.33,Single,Student,4/25/2026,Student,0,Mail
265154,2,Simpson,30,Male,France,22879.55,Single,Salaried Employee,9/10/2022,Family,3,Phone Call
265156,2,Horne,52,Female,Spain,47310.03,Married,Salaried Employee,1/5/2024,Family,2,Mail
265271,5,Conley,72,Female,France,31161.19,Married,Retired,7/1/2026,Senior,1,Mail
265358,2,Snyder,35,Female,France,63079.23,Married,Salaried Employee,5/13/2022,Family,2,Email
265409,4,Cruz,52,Female,Germany,36769.01,Married,Salaried Employee,8/2/2018,Premium,3,SMS
265416,1,White,29,Male,France,72596.88,Divorced,Salaried Employee,9/4/2018,Retail,2,Email
265613,2,Dickerson,35,Male,Germany,44128.54,Married,Salaried Employee,5/9/2021,Family,3,Email
265649,1,Blair,40,Male,United States,14265.11,Single,Salaried Employee,10/25/2023,Retail,0,Mail
265657,3,Pierce,25,Male,Spain,18823.08,Single,Student,12/9/2022,Student,0,Mobile App Push
265722,1,Taylor,48,Female,Germany,35968.16,Divorced,Salaried Employee,3/6/2017,Retail,3,Email
265725,2,Hughes,35,Male,Germany,42743.31,Married,Unemployed,8/30/2022,Family,2,Mobile App Push
265759,2,Horton,45,Female,United Kingdom,23945.50,Married,Freelancer,9/29/2020,Family,2,Email
265840,1,Charles,37,Male,Spain,40866.11,Married,Salaried Employee,9/25/2019,Retail,2,SMS
265860,1,Ray,26,Female,France,23273.78,Single,Salaried Employee,2/1/2018,Retail,0,SMS
266071,5,Herrera,73,Female,Germany,46439.16,Married,Retired,6/2/2017,Senior,0,Email
266131,2,Brooks,55,Male,France,42763.80,Married,Salaried Employee,9/27/2019,Family,3,Phone Call
266316,2,Soto,41,Female,United Kingdom,26789.24,Married,Self-Employed,5/26/2018,Family,3,Mobile App Push
266457,1,Jenkins,43,Female,Spain,73343.54,Married,Salaried Employee,4/30/2020,Retail,0,Email
266694,5,Wilson,88,Male,Spain,31296.14,Widowed,Salaried Employee,3/23/2021,Senior,1,Mail
266699,2,Smith,53,Female,Germany,25324.42,Married,Freelancer,1/26/2023,Family,3,SMS
266744,2,Green,48,Male,United States,34545.60,Single,Freelancer,11/24/2019,Family,2,Mail
266889,2,Hines,28,Female,United Kingdom,32373.21,Single,Salaried Employee,4/24/2020,Family,3,Mobile App Push
266931,1,Walker,42,Male,France,30932.25,Single,Salaried Employee,3/1/2023,Retail,0,SMS
266956,2,Gutierrez,29,Female,United Kingdom,26661.61,Married,Self-Employed,6/13/2018,Family,1,Email
267082,1,Cortez,43,Male,France,39159.24,Single,Salaried Employee,12/16/2017,Retail,2,Mobile App Push
267112,1,Miller,45,Male,France,21500.05,Married,Unemployed,10/13/2025,Retail,3,SMS
267138,3,Freeman,20,Female,France,11682.55,Single,Student,8/30/2024,Student,0,Mail
267378,1,Cervantes,41,Male,United States,23833.94,Married,Self-Employed,3/20/2018,Retail,1,Email
267414,2,Wright,52,Female,Germany,83052.00,Married,Freelancer,3/30/2019,Family,0,Mobile App Push
267457,3,Nguyen,24,Male,United States,11507.88,Single,Student,5/13/2023,Student,0,Mobile App Push
267475,1,Guzman,41,Female,Germany,31909.48,Single,Salaried Employee,2/11/2020,Retail,0,Mobile App Push
267520,2,Cabrera,38,Male,Spain,38933.19,Divorced,Salaried Employee,10/22/2025,Family,2,Email
267666,1,Shepherd,62,Female,Spain,30161.23,Single,Salaried Employee,8/22/2024,Retail,1,SMS
267753,2,Doyle,46,Female,United Kingdom,36646.87,Married,Salaried Employee,11/3/2016,Family,4,Mobile App Push
267758,1,Bryant,45,Female,Germany,47010.15,Single,Salaried Employee,4/11/2021,Retail,0,Email
267914,4,Davis,43,Female,Germany,109703.25,Single,Salaried Employee,11/6/2023,Premium,0,Mobile App Push
268099,1,Flores,50,Male,Spain,45904.81,Single,Salaried Employee,1/29/2020,Retail,2,Email
268132,5,Allen,69,Female,Germany,24393.18,Widowed,Retired,3/11/2021,Senior,0,Phone Call
268163,1,Murphy,48,Female,United Kingdom,39691.24,Married,Salaried Employee,2/21/2026,Retail,2,Phone Call
268546,1,Arnold,34,Male,France,38379.20,Married,Unemployed,1/8/2026,Retail,0,Mail
268637,5,Smith,69,Female,France,13250.73,Married,Retired,1/3/2021,Senior,0,Phone Call
268720,2,Kelly,54,Male,Germany,40065.35,Married,Salaried Employee,12/25/2023,Family,3,Email
268746,4,Meyers,51,Male,United States,64958.08,Married,Business Owner,6/23/2023,Premium,3,SMS
268752,1,Hernandez,47,Female,United Kingdom,38444.88,Widowed,Salaried Employee,7/4/2020,Retail,1,Mail
268772,5,Estrada,68,Male,Germany,29826.85,Married,Self-Employed,7/18/2024,Senior,2,Mail
268956,5,Stevenson,71,Male,Germany,22967.42,Married,Retired,1/7/2021,Senior,0,Phone Call
269078,3,Nelson,18,Male,Spain,16000.22,Single,Student,5/20/2026,Student,0,Email
269172,1,Ward,36,Female,Spain,45963.93,Married,Salaried Employee,1/22/2018,Retail,1,Email
269396,2,Soto,38,Male,Germany,34588.47,Married,Salaried Employee,9/26/2020,Family,3,Email
269430,5,Foley,74,Female,Germany,49287.69,Widowed,Retired,2/6/2026,Senior,0,Phone Call
269654,2,Howard,50,Male,France,43070.05,Married,Salaried Employee,9/11/2024,Family,3,Email
269662,2,Espinoza,28,Female,France,39854.30,Widowed,Self-Employed,3/13/2024,Family,2,Phone Call
269833,2,Wallace,41,Female,France,27559.10,Married,Self-Employed,5/30/2018,Family,4,Mobile App Push
269834,1,Berger,28,Female,United Kingdom,19127.83,Married,Salaried Employee,11/11/2020,Retail,0,Email
269868,5,Short,68,Male,Spain,58852.66,Married,Retired,4/30/2025,Senior,0,Phone Call
269930,3,Waters,23,Female,United States,29739.13,Single,Student,9/15/2016,Student,0,SMS
269999,1,Hernandez,52,Male,France,28195.81,Single,Salaried Employee,4/23/2025,Retail,0,Email
270128,2,Lopez,44,Male,France,29647.86,Married,Business Owner,11/29/2021,Family,1,Mobile App Push
270341,1,Allen,41,Female,United States,31310.21,Single,Self-Employed,8/24/2019,Retail,0,Phone Call
270387,1,Sullivan,61,Female,Spain,35319.75,Married,Freelancer,8/10/2022,Retail,0,Email
270395,1,Lewis,42,Male,Germany,38396.74,Single,Freelancer,10/21/2023,Retail,0,Email
270555,1,Nunez,49,Female,Germany,24545.22,Married,Freelancer,11/20/2023,Retail,0,SMS
270557,2,Barton,50,Male,Germany,27127.23,Married,Freelancer,12/2/2022,Family,1,Mail
270820,4,Parker,46,Male,Spain,166338.49,Married,Business Owner,4/19/2026,Premium,1,Mobile App Push
271200,4,Lawson,41,Male,Spain,101829.56,Divorced,Business Owner,11/16/2018,Premium,0,Mobile App Push
271276,2,Johnson,43,Male,Germany,27529.73,Married,Salaried Employee,3/30/2023,Family,2,Mail
271339,1,Henderson,24,Male,France,40899.13,Single,Freelancer,2/22/2021,Retail,3,Mobile App Push
271456,5,Arellano,77,Female,France,37625.86,Widowed,Salaried Employee,8/6/2019,Senior,0,Email
271720,1,Hayden,44,Female,Germany,23092.09,Married,Salaried Employee,12/17/2025,Retail,1,Email
271742,2,Phillips,42,Male,Spain,35032.50,Married,Self-Employed,6/6/2017,Family,2,Mail
271790,1,Thompson,45,Male,Germany,36625.25,Divorced,Business Owner,9/23/2017,Retail,0,Email
271960,1,Gonzalez,39,Female,France,30946.57,Married,Self-Employed,4/16/2022,Retail,2,SMS
272088,5,Bonilla,74,Male,France,46047.11,Widowed,Retired,2/16/2025,Senior,0,Email
272129,1,Jackson,54,Female,Germany,52242.51,Single,Self-Employed,2/15/2026,Retail,0,Mail
272337,5,Martin,70,Male,Spain,32877.85,Married,Retired,10/2/2023,Senior,0,Email
272359,1,Floyd,56,Female,Spain,49619.72,Married,Salaried Employee,8/26/2018,Retail,0,Mobile App Push
272529,4,Conrad,32,Male,United States,141827.62,Single,Business Owner,8/19/2021,Premium,0,SMS
272537,1,Smith,39,Female,Germany,28423.73,Married,Salaried Employee,8/4/2024,Retail,0,Mobile App Push
272634,1,Martinez,45,Female,Germany,25874.43,Married,Salaried Employee,6/25/2019,Retail,0,Mail
272655,1,Hill,38,Male,Germany,48767.00,Divorced,Self-Employed,10/27/2025,Retail,2,Email
272769,4,Harmon,46,Female,France,143660.35,Single,Salaried Employee,5/16/2022,Premium,0,Mail
272892,1,Bishop,30,Male,France,28250.67,Divorced,Freelancer,12/2/2025,Retail,2,Phone Call
273012,5,Merritt,73,Male,Germany,34862.11,Married,Salaried Employee,3/27/2022,Senior,0,SMS
273021,1,Good,45,Male,Germany,61427.88,Divorced,Freelancer,2/17/2017,Retail,1,SMS
273061,3,Hays,19,Female,France,15968.90,Single,Student,5/23/2019,Student,0,Mobile App Push
273148,5,Ashley,81,Male,France,28615.73,Divorced,Retired,2/16/2025,Senior,0,Mobile App Push
273438,4,Simpson,54,Male,France,157937.14,Married,Salaried Employee,1/8/2019,Premium,2,Email
273565,2,Williams,49,Male,United Kingdom,26621.73,Married,Business Owner,1/15/2023,Family,2,Phone Call
273580,1,White,37,Male,France,22182.46,Married,Salaried Employee,4/6/2018,Retail,2,Email
273650,5,Li,63,Male,Germany,19554.02,Married,Retired,4/5/2026,Senior,0,Phone Call
273899,1,Martin,42,Female,United Kingdom,16328.79,Single,Salaried Employee,10/21/2017,Retail,2,Mobile App Push
273982,3,Reyes,18,Male,France,27503.08,Single,Student,12/21/2017,Student,0,Phone Call
274031,1,Hendricks,62,Male,Spain,32064.68,Single,Freelancer,11/15/2023,Retail,1,Mobile App Push
274044,2,Lopez,47,Male,United States,56017.94,Married,Salaried Employee,6/30/2025,Family,2,Mobile App Push
274389,1,Weber,33,Male,United Kingdom,31849.40,Widowed,Business Owner,6/21/2024,Retail,1,Mobile App Push
274418,1,Lynn,34,Male,France,49543.79,Married,Salaried Employee,8/13/2022,Retail,3,Mail
274421,2,Warner,36,Male,France,34960.97,Married,Business Owner,4/28/2020,Family,2,Mail
274446,2,Foster,41,Male,United States,33195.76,Married,Salaried Employee,1/5/2026,Family,2,Phone Call
274573,3,Shepherd,22,Male,Germany,15849.17,Single,Student,2/1/2021,Student,0,Mail
274739,1,Flores,37,Female,France,40396.00,Divorced,Salaried Employee,7/7/2025,Retail,2,Email
274880,1,Montoya,49,Female,Germany,28140.72,Widowed,Business Owner,11/18/2022,Retail,0,Phone Call
274912,1,Turner,39,Male,France,20096.76,Married,Salaried Employee,5/18/2019,Retail,2,Phone Call
274971,1,Hunter,47,Male,United Kingdom,48515.45,Single,Salaried Employee,5/24/2026,Retail,2,Mobile App Push
274987,5,Kim,70,Female,Germany,21233.64,Married,Retired,10/7/2021,Senior,0,Phone Call
275018,1,Morris,42,Male,United Kingdom,65099.40,Married,Salaried Employee,8/23/2020,Retail,0,Email
275073,1,Jenkins,35,Male,France,22019.94,Married,Salaried Employee,10/4/2022,Retail,1,SMS
275133,1,Hunter,32,Male,United States,31044.72,Single,Salaried Employee,5/11/2018,Retail,2,Mobile App Push
275284,2,Day,37,Male,Germany,37827.92,Married,Freelancer,3/24/2022,Family,4,Email
275329,1,Hayes,37,Male,Spain,32489.03,Married,Salaried Employee,11/8/2019,Retail,2,Mobile App Push
275377,1,Jones,33,Male,United Kingdom,65126.79,Married,Salaried Employee,8/18/2022,Retail,2,Mail
275409,1,Smith,40,Female,France,26864.81,Divorced,Salaried Employee,11/17/2022,Retail,0,SMS
275445,2,Brown,44,Male,Spain,30593.22,Married,Salaried Employee,6/18/2023,Family,3,Mobile App Push
275490,2,Khan,38,Female,France,79285.54,Single,Freelancer,11/22/2017,Family,1,Mobile App Push
275526,3,Chen,24,Female,France,14268.38,Married,Student,6/29/2026,Student,0,Email
275645,1,Pace,43,Female,France,45622.52,Married,Salaried Employee,12/3/2023,Retail,0,Email
275715,2,Brown,39,Male,United Kingdom,37558.36,Married,Self-Employed,11/16/2021,Family,4,Mobile App Push
275741,2,Jones,48,Female,United Kingdom,18713.50,Single,Self-Employed,8/25/2020,Family,3,Email
275868,3,Gonzalez,21,Female,France,17968.72,Single,Freelancer,9/2/2024,Student,0,Mobile App Push
275939,1,Brewer,34,Female,Germany,38161.53,Single,Salaried Employee,10/22/2019,Retail,0,Email
276042,1,Perry,50,Male,United Kingdom,45691.41,Married,Salaried Employee,10/27/2024,Retail,1,Mobile App Push
276149,3,Golden,23,Female,France,10299.03,Single,Student,9/1/2024,Student,0,Mobile App Push
276214,3,Jackson,22,Male,Germany,10980.27,Single,Student,9/14/2017,Student,0,Mobile App Push
276299,2,Wilson,42,Male,Germany,38153.01,Married,Salaried Employee,11/12/2016,Family,2,Email
276379,2,Lawson,31,Male,Germany,39263.01,Married,Salaried Employee,2/9/2022,Family,2,Phone Call
276405,5,Brooks,75,Female,France,30590.27,Widowed,Retired,4/10/2026,Senior,0,Mail
276556,1,Santana,48,Male,Germany,26297.51,Single,Salaried Employee,1/13/2024,Retail,1,SMS
276795,3,Montgomery,20,Female,France,9827.82,Single,Student,8/26/2020,Student,0,Mobile App Push
276827,2,Fernandez,38,Male,France,42979.31,Married,Self-Employed,6/12/2024,Family,3,SMS
276831,1,Chen,62,Male,United Kingdom,29188.40,Divorced,Salaried Employee,1/5/2020,Retail,0,Email
277193,2,Trujillo,40,Female,Germany,33783.48,Married,Salaried Employee,2/17/2020,Family,1,Mail
277292,3,Adkins,21,Male,Germany,23009.59,Single,Student,12/16/2025,Student,0,Mobile App Push
277477,2,Henderson,36,Male,Spain,15750.56,Single,Business Owner,6/30/2024,Family,3,Mobile App Push
277487,4,Marshall,44,Male,Germany,159798.00,Married,Salaried Employee,8/8/2016,Premium,0,Phone Call
277715,1,Norton,38,Male,Spain,73258.95,Single,Salaried Employee,2/13/2026,Retail,0,Mobile App Push
277735,2,Harrell,52,Male,United States,29544.02,Married,Salaried Employee,12/28/2018,Family,3,Mail
277820,3,Bartlett,22,Male,United States,11068.16,Single,Student,3/4/2021,Student,0,SMS
277934,4,Singleton,46,Male,Germany,248903.48,Married,Salaried Employee,8/14/2017,Premium,2,Email
278190,3,Turner,22,Female,France,18669.58,Single,Student,6/5/2021,Student,0,Mobile App Push
278240,1,Fletcher,33,Male,Germany,26242.41,Single,Self-Employed,6/25/2017,Retail,0,Mobile App Push
278243,1,Waters,43,Male,France,54936.35,Single,Salaried Employee,9/3/2018,Retail,1,Mobile App Push
278368,1,Jensen,36,Male,United Kingdom,51607.63,Married,Salaried Employee,5/7/2022,Retail,0,SMS
278593,1,Franco,38,Male,France,28613.62,Married,Self-Employed,6/19/2024,Retail,0,Mobile App Push
278794,3,Choi,19,Male,Germany,11085.21,Single,Student,4/3/2017,Student,0,Mobile App Push
278795,2,Walsh,38,Female,United States,59219.42,Married,Salaried Employee,8/17/2022,Family,2,Mobile App Push
278852,2,Davis,47,Female,France,44258.18,Married,Salaried Employee,3/14/2024,Family,2,Mail
278895,1,David,41,Female,United States,36421.89,Widowed,Salaried Employee,10/28/2023,Retail,0,SMS
278980,1,Webb,44,Female,Germany,43542.47,Married,Unemployed,3/10/2017,Retail,3,Mobile App Push
279098,2,Parker,32,Female,Germany,37306.16,Married,Business Owner,7/20/2020,Family,3,Mobile App Push
279130,1,Gross,43,Male,France,25000.01,Single,Salaried Employee,9/25/2024,Retail,1,Mobile App Push
279185,2,Mcdonald,38,Male,Germany,31008.54,Widowed,Business Owner,6/5/2018,Family,4,Phone Call
279451,1,Lewis,37,Male,Germany,60206.91,Married,Salaried Employee,6/14/2021,Retail,0,Email
279516,1,Maldonado,39,Male,Spain,39655.50,Single,Salaried Employee,3/8/2020,Retail,1,Email
279517,1,Terrell,32,Female,Germany,41321.70,Married,Freelancer,11/22/2017,Retail,0,Mobile App Push
279594,5,Robinson,74,Female,Spain,25884.18,Divorced,Business Owner,4/17/2026,Senior,2,Phone Call
279708,1,Sanchez,50,Male,Germany,70599.05,Single,Salaried Employee,1/15/2021,Retail,1,Email
280222,3,Greene,18,Male,Germany,16621.72,Single,Student,12/5/2016,Student,0,Phone Call
280564,2,Morris,38,Male,United States,37669.35,Married,Business Owner,5/4/2025,Family,1,SMS
280616,1,Ramsey,40,Female,Germany,32586.07,Single,Unemployed,9/15/2022,Retail,0,Mobile App Push
280908,5,Baird,75,Male,United States,19454.64,Married,Retired,2/12/2017,Senior,0,Mail
280941,5,Diaz,61,Female,Spain,50473.71,Widowed,Retired,1/5/2021,Senior,0,Phone Call
281043,4,Mccormick,40,Female,United States,115688.10,Married,Business Owner,2/25/2021,Premium,2,Mail
281162,5,Cox,69,Male,United Kingdom,8000.00,Married,Retired,5/25/2019,Senior,0,Mail
281201,1,Phelps,37,Male,France,23063.59,Married,Self-Employed,9/5/2023,Retail,2,Mail
281276,2,Wood,30,Female,Germany,41744.65,Married,Salaried Employee,11/30/2018,Family,2,Email
281301,1,Robles,43,Male,France,40994.15,Single,Self-Employed,4/14/2024,Retail,1,Mail
281493,2,Townsend,49,Male,United States,41869.03,Married,Salaried Employee,12/4/2021,Family,4,Mail
281594,1,Patel,53,Male,Germany,66021.43,Single,Salaried Employee,11/7/2021,Retail,1,Mail
281614,1,Morrow,46,Female,United States,27540.79,Single,Freelancer,12/29/2019,Retail,1,SMS
281649,4,Hart,45,Female,United States,128285.28,Married,Self-Employed,3/16/2018,Premium,0,Email
281833,5,Weaver,78,Male,United Kingdom,37287.48,Married,Retired,3/11/2020,Senior,1,Email
281873,3,James,20,Female,United States,9063.09,Widowed,Student,12/31/2021,Student,0,Email
281926,1,Oliver,47,Female,France,13048.77,Divorced,Salaried Employee,6/1/2021,Retail,1,Mobile App Push
282085,1,Collins,42,Female,United States,31401.15,Divorced,Salaried Employee,8/31/2024,Retail,1,SMS
282150,1,Warner,49,Female,Germany,23850.19,Widowed,Salaried Employee,2/9/2019,Retail,3,Mail
282176,2,Perez,45,Female,United States,47090.40,Married,Business Owner,1/10/2019,Family,2,Mobile App Push
282237,5,Lester,72,Male,United States,49320.72,Widowed,Retired,3/19/2022,Senior,0,Email
282256,4,Stone,37,Female,United States,130630.44,Single,Salaried Employee,9/13/2021,Premium,2,Email
282294,4,Davis,52,Female,Germany,88939.12,Divorced,Business Owner,4/15/2021,Premium,0,Mobile App Push
282313,5,Mcknight,79,Male,Germany,41809.01,Married,Salaried Employee,10/7/2020,Senior,0,Mail
282480,3,Henderson,24,Male,Germany,15656.88,Single,Student,1/20/2023,Student,0,SMS
282547,2,Harrison,30,Female,France,29605.67,Single,Self-Employed,9/20/2021,Family,2,Mobile App Push
282664,2,Patrick,34,Female,United Kingdom,25354.00,Married,Unemployed,9/1/2025,Family,2,Mobile App Push
282710,3,Sandoval,21,Female,Germany,15540.39,Single,Student,4/29/2021,Student,0,Email
282927,4,Martinez,50,Female,Germany,62226.30,Married,Self-Employed,7/27/2025,Premium,0,Mobile App Push
282973,1,Solis,40,Male,France,51411.26,Married,Salaried Employee,3/9/2021,Retail,2,Mobile App Push
283017,2,Klein,37,Male,United States,43071.41,Widowed,Salaried Employee,1/4/2017,Family,2,Email
283027,1,Anderson,34,Male,France,48109.98,Divorced,Salaried Employee,1/21/2025,Retail,3,Mail
283095,1,Harris,24,Female,Spain,10950.83,Single,Salaried Employee,3/7/2024,Retail,1,Email
283188,3,Watson,22,Female,France,25680.36,Single,Student,3/16/2023,Student,0,SMS
283291,1,Jordan,46,Female,Germany,36218.05,Single,Self-Employed,7/11/2021,Retail,0,Mobile App Push
283514,3,Baker,23,Female,Germany,14977.35,Single,Student,6/20/2026,Student,0,Mobile App Push
283537,2,Adkins,34,Female,France,28136.50,Married,Salaried Employee,4/30/2024,Family,3,Mail
283568,2,Shaw,55,Male,United Kingdom,42243.56,Married,Salaried Employee,12/15/2019,Family,2,SMS
283573,1,Tanner,54,Female,Germany,30433.56,Married,Salaried Employee,12/26/2022,Retail,2,Mail
283594,4,Estrada,58,Male,Germany,177760.17,Married,Self-Employed,2/18/2025,Premium,1,SMS
283640,3,Rodriguez,22,Male,France,12933.64,Single,Student,9/14/2017,Student,0,Email
283700,4,Lowe,52,Female,United States,107162.96,Married,Self-Employed,3/17/2024,Premium,0,Mobile App Push
283781,4,Hall,32,Female,France,85111.24,Married,Business Owner,3/21/2025,Premium,3,Mail
283785,1,Gibson,33,Female,Germany,50433.07,Married,Salaried Employee,8/6/2024,Retail,0,Mobile App Push
283869,1,Reese,45,Male,Spain,41159.91,Single,Unemployed,5/28/2020,Retail,0,SMS
283919,1,Smith,43,Female,Germany,33790.99,Single,Salaried Employee,1/2/2026,Retail,2,Email
284019,1,Rodriguez,43,Male,France,30679.14,Married,Freelancer,12/31/2017,Retail,0,Email
284084,2,Horn,51,Female,United Kingdom,52471.38,Married,Salaried Employee,8/18/2019,Family,1,Email
284160,1,Harris,27,Female,United States,59718.81,Married,Freelancer,8/10/2024,Retail,2,Mobile App Push
284171,1,Harrell,42,Male,United Kingdom,63262.77,Single,Freelancer,5/15/2018,Retail,0,Mobile App Push
284178,1,Cervantes,34,Male,United Kingdom,41731.44,Single,Salaried Employee,9/26/2016,Retail,2,Mobile App Push
284229,2,Fletcher,28,Female,Germany,27730.61,Single,Salaried Employee,6/26/2018,Family,4,Mobile App Push
284308,1,Martinez,43,Male,France,47245.11,Married,Salaried Employee,11/26/2016,Retail,1,Mobile App Push
284327,3,Crawford,24,Female,United States,8835.55,Single,Student,12/14/2020,Student,0,Mobile App Push
284430,1,King,39,Female,United Kingdom,50453.97,Single,Freelancer,9/1/2022,Retail,3,SMS
284431,1,Brown,41,Male,Spain,33875.84,Married,Self-Employed,1/28/2018,Retail,2,Email
284654,3,Savage,21,Male,United Kingdom,12753.62,Single,Student,4/10/2017,Student,0,Mobile App Push
284692,3,Mack,22,Female,United States,8000.00,Single,Student,9/6/2020,Student,0,Email
284731,2,Mclaughlin,46,Female,United States,30564.58,Married,Salaried Employee,3/1/2018,Family,3,Email
284888,1,Williams,45,Female,United States,40469.33,Single,Self-Employed,1/16/2019,Retail,0,SMS
285186,1,Banks,35,Male,France,39998.13,Married,Salaried Employee,7/16/2020,Retail,2,SMS
285197,1,Cole,24,Male,Spain,38479.27,Single,Freelancer,2/24/2026,Retail,0,Mail
285413,1,Moore,29,Female,Germany,20993.01,Single,Business Owner,1/16/2026,Retail,0,Email
285636,2,Lee,38,Female,United States,33863.44,Married,Salaried Employee,1/6/2017,Family,2,Mobile App Push
285652,1,Davis,42,Male,United Kingdom,57830.84,Divorced,Salaried Employee,10/2/2020,Retail,0,Email
285679,1,Ochoa,24,Female,France,12522.93,Divorced,Salaried Employee,4/17/2020,Retail,0,SMS
285751,1,Fernandez,44,Male,Germany,39346.33,Single,Self-Employed,5/18/2021,Retail,1,Email
285810,2,Johnson,41,Female,Germany,38652.42,Married,Salaried Employee,10/13/2024,Family,2,Email
286037,1,Huber,39,Female,Germany,40265.96,Single,Salaried Employee,10/5/2023,Retail,0,Mobile App Push
286040,5,Gomez,77,Female,United States,24406.24,Married,Self-Employed,1/10/2026,Senior,1,Phone Call
286044,5,Blankenship,76,Female,France,16863.11,Divorced,Self-Employed,3/22/2020,Senior,0,Mail
286080,3,Williams,23,Female,France,9271.28,Single,Student,5/26/2018,Student,0,Mail
286209,1,Johnson,47,Male,France,16803.49,Single,Salaried Employee,6/16/2018,Retail,2,Mobile App Push
286266,3,Santos,21,Male,United Kingdom,23624.81,Married,Student,9/29/2024,Student,0,Email
286340,1,Patton,44,Male,United States,25503.05,Single,Unemployed,3/10/2023,Retail,1,Email
286450,2,Thomas,36,Male,Germany,34794.82,Divorced,Salaried Employee,1/15/2017,Family,2,SMS
286572,1,Foster,42,Female,France,43240.13,Married,Self-Employed,10/9/2018,Retail,1,Email
286638,1,Dixon,57,Male,United Kingdom,66424.46,Married,Salaried Employee,10/14/2016,Retail,1,Mobile App Push
286710,5,Vance,82,Male,Germany,11444.97,Married,Retired,9/28/2024,Senior,0,Mail
286906,2,Bradley,45,Female,France,49081.75,Married,Self-Employed,5/1/2020,Family,0,Mail
287110,1,Spencer,53,Female,Germany,54066.43,Married,Salaried Employee,12/1/2021,Retail,3,Mail
287143,1,Williams,45,Female,United Kingdom,57561.32,Single,Salaried Employee,7/20/2019,Retail,1,SMS
287155,4,Rose,45,Male,France,97588.46,Married,Self-Employed,7/9/2018,Premium,0,Mobile App Push
287241,1,Atkins,56,Female,Germany,36956.79,Married,Salaried Employee,10/22/2025,Retail,0,SMS
287316,1,Day,40,Female,Germany,22129.18,Married,Self-Employed,2/2/2026,Retail,0,Email
287330,5,Mitchell,86,Female,Germany,27527.00,Married,Retired,8/6/2016,Senior,0,Mail
287401,1,Cordova,28,Female,France,27172.00,Single,Freelancer,7/8/2017,Retail,0,Email
287497,4,Green,61,Female,France,92514.20,Single,Business Owner,5/14/2024,Premium,0,Email
287555,2,Gardner,35,Male,Germany,30538.14,Married,Salaried Employee,4/29/2019,Family,2,Phone Call
287567,1,Norton,57,Female,United States,70727.99,Single,Salaried Employee,11/2/2025,Retail,0,Phone Call
287588,2,Burnett,32,Male,France,53083.30,Married,Salaried Employee,2/1/2018,Family,3,Mobile App Push
287654,2,Campbell,49,Male,United Kingdom,47807.00,Married,Salaried Employee,8/31/2017,Family,2,Mobile App Push
287677,5,Vasquez,70,Male,Germany,19612.91,Married,Self-Employed,6/7/2023,Senior,0,Mail
287847,2,Hall,28,Male,United States,33982.50,Married,Salaried Employee,3/11/2022,Family,1,Email
287974,1,Carney,47,Male,France,18347.62,Single,Self-Employed,12/2/2020,Retail,0,SMS
288056,1,Phillips,41,Male,Germany,39936.84,Married,Salaried Employee,2/9/2022,Retail,0,SMS
288066,5,Fritz,62,Male,Germany,19108.96,Married,Retired,6/9/2018,Senior,1,Phone Call
288073,1,Jones,58,Male,United States,24738.96,Married,Salaried Employee,10/28/2025,Retail,0,Email
288128,2,Anderson,39,Male,United States,37036.90,Married,Salaried Employee,4/20/2026,Family,0,Mobile App Push
288158,5,Goodwin,68,Male,United States,29455.10,Married,Salaried Employee,6/19/2022,Senior,0,Mail
288503,5,Abbott,78,Male,United States,26882.29,Divorced,Salaried Employee,12/14/2017,Senior,0,Mail
288531,2,Cohen,41,Male,Germany,55681.24,Married,Freelancer,5/21/2023,Family,2,SMS
288550,4,Davis,59,Female,Germany,177394.33,Single,Self-Employed,3/9/2018,Premium,1,SMS
288627,5,Johnson,71,Female,United Kingdom,17789.88,Married,Retired,4/23/2018,Senior,0,Phone Call
288646,5,Robinson,78,Male,Spain,57372.69,Married,Retired,8/19/2022,Senior,0,Mail
288656,2,Kent,39,Male,United Kingdom,44079.45,Married,Salaried Employee,5/10/2017,Family,0,Mobile App Push
288667,1,Mclean,42,Female,Spain,25566.53,Married,Unemployed,12/21/2016,Retail,3,Mobile App Push
288724,3,Mitchell,23,Female,Spain,28538.32,Single,Student,5/22/2024,Student,0,Mobile App Push
288744,3,Franklin,23,Male,France,15740.73,Single,Student,8/11/2018,Student,0,Mobile App Push
288783,5,French,83,Female,France,46139.23,Married,Retired,5/15/2020,Senior,0,Phone Call
288803,2,Mcclure,44,Male,France,40717.96,Single,Salaried Employee,4/10/2018,Family,1,Mail
289019,2,Smith,55,Female,Spain,28236.01,Married,Salaried Employee,4/7/2020,Family,2,SMS
289117,4,Cobb,39,Female,France,115694.87,Married,Self-Employed,1/15/2021,Premium,2,SMS
289159,1,Wyatt,48,Male,Germany,26422.71,Single,Salaried Employee,9/27/2024,Retail,1,Phone Call
289179,2,Torres,35,Female,Spain,30672.16,Married,Unemployed,3/7/2020,Family,1,Mobile App Push
289222,2,Lee,39,Female,United Kingdom,37073.49,Married,Salaried Employee,8/5/2021,Family,4,Email
289473,1,Hill,43,Female,Germany,61316.70,Married,Salaried Employee,1/14/2021,Retail,2,Mobile App Push
289592,3,Garcia,22,Male,France,8879.98,Single,Student,12/23/2021,Student,0,Email
289630,2,Wright,41,Male,Germany,58655.74,Married,Unemployed,11/9/2021,Family,2,Phone Call
289934,1,Cox,49,Male,Germany,32580.34,Married,Salaried Employee,10/15/2019,Retail,0,Email
290065,4,Graham,40,Male,France,83804.57,Married,Salaried Employee,8/31/2019,Premium,3,Mobile App Push
290167,1,Maddox,38,Female,Germany,28305.16,Widowed,Unemployed,1/20/2023,Retail,2,Mail
290217,4,Sullivan,49,Male,United Kingdom,115093.16,Married,Self-Employed,5/31/2022,Premium,1,SMS
290305,1,Wood,44,Male,Germany,47584.66,Married,Business Owner,12/16/2025,Retail,0,Email
290425,2,Collier,40,Female,Spain,31804.37,Married,Business Owner,6/1/2023,Family,2,Email
290556,2,Silva,35,Female,France,54811.02,Married,Self-Employed,5/24/2026,Family,2,SMS
290672,2,Compton,39,Male,Spain,19553.24,Married,Self-Employed,7/20/2021,Family,0,SMS
290719,1,Mckay,61,Male,Spain,62101.31,Married,Salaried Employee,6/8/2024,Retail,0,Email
290802,1,Johnson,24,Female,France,25435.78,Married,Unemployed,11/7/2018,Retail,1,Mobile App Push
290926,1,Brown,49,Male,France,29621.54,Single,Salaried Employee,9/26/2019,Retail,2,Mobile App Push
291132,5,Davis,78,Female,Spain,54823.44,Widowed,Retired,11/28/2025,Senior,0,SMS
291267,1,Burke,44,Female,United States,36567.14,Married,Unemployed,9/25/2021,Retail,1,Email
291663,2,Lee,41,Male,United States,30303.14,Married,Salaried Employee,8/25/2020,Family,1,Mail
291752,1,Perez,34,Female,United States,20770.09,Single,Business Owner,8/24/2017,Retail,0,Phone Call
291755,2,Brown,37,Female,Germany,51679.02,Married,Freelancer,8/18/2020,Family,3,Mobile App Push
291936,1,Hill,43,Female,France,40514.23,Single,Self-Employed,4/27/2022,Retail,2,Phone Call
291961,4,Delgado,61,Male,United Kingdom,161096.64,Married,Freelancer,6/5/2020,Premium,3,Mobile App Push
292259,1,Cohen,52,Female,United States,29369.16,Married,Salaried Employee,1/1/2026,Retail,2,Email
292401,1,Soto,39,Female,Germany,81636.88,Single,Freelancer,2/5/2017,Retail,0,Mobile App Push
292800,1,Mueller,37,Female,France,39094.88,Single,Business Owner,2/17/2025,Retail,0,SMS
292811,5,Phelps,81,Female,United Kingdom,52419.36,Married,Retired,3/7/2021,Senior,0,Email
292818,1,Allen,52,Male,France,73350.31,Single,Self-Employed,2/14/2025,Retail,1,SMS
292847,4,Armstrong,39,Female,Germany,42595.78,Married,Self-Employed,5/27/2026,Premium,1,Mail
292913,1,Hamilton,57,Female,Germany,17254.47,Single,Salaried Employee,6/14/2020,Retail,2,SMS
292930,1,Jones,37,Male,United States,28684.09,Widowed,Self-Employed,12/21/2025,Retail,2,Mobile App Push
292988,2,Bell,43,Male,Germany,50412.04,Married,Salaried Employee,5/24/2020,Family,1,Mobile App Push
293079,1,Abbott,33,Female,United Kingdom,45369.79,Single,Salaried Employee,11/21/2018,Retail,0,Mobile App Push
293213,1,Duncan,36,Female,Spain,17920.96,Divorced,Salaried Employee,8/26/2024,Retail,0,SMS
293319,1,Anderson,31,Male,United Kingdom,37838.27,Married,Self-Employed,4/17/2019,Retail,0,SMS
293411,1,Davis,35,Male,United States,56247.34,Widowed,Salaried Employee,6/21/2017,Retail,1,Mobile App Push
293720,2,Bradley,42,Male,Spain,31498.35,Single,Self-Employed,8/19/2024,Family,2,Email
293743,4,Rodriguez,46,Male,Germany,274450.26,Divorced,Salaried Employee,12/1/2023,Premium,1,SMS
293757,5,Fry,67,Male,France,38659.40,Widowed,Retired,5/4/2020,Senior,0,Mail
293818,3,Erickson,24,Male,United States,25887.03,Single,Student,11/26/2025,Student,0,Phone Call
293862,3,Wilson,23,Male,Spain,8542.79,Single,Student,3/21/2023,Student,0,Mobile App Push
293929,1,Yates,62,Female,Spain,38709.63,Married,Unemployed,8/30/2016,Retail,0,Email
294143,1,Cunningham,43,Female,Spain,39372.77,Single,Salaried Employee,8/27/2020,Retail,1,Mobile App Push
294546,3,Pacheco,20,Female,Spain,19644.90,Single,Student,9/7/2024,Student,0,Email
294760,2,Sutton,35,Male,United States,35826.88,Married,Salaried Employee,10/1/2024,Family,1,Email
294776,4,Mullins,60,Male,Spain,206007.30,Divorced,Salaried Employee,1/11/2017,Premium,1,Email
294816,1,Nelson,29,Male,Germany,37919.76,Single,Salaried Employee,11/25/2019,Retail,1,Email
294851,1,Reyes,49,Female,Germany,28141.97,Single,Salaried Employee,2/8/2022,Retail,0,SMS
294969,1,Martin,46,Female,France,34773.32,Single,Self-Employed,5/30/2019,Retail,1,Mobile App Push
295085,4,Graham,46,Female,France,123961.80,Married,Business Owner,1/10/2026,Premium,0,Mobile App Push
295243,1,Green,51,Female,Spain,20246.39,Single,Salaried Employee,12/16/2017,Retail,1,SMS
295361,2,Richard,39,Male,Spain,43848.98,Single,Freelancer,6/7/2017,Family,2,Mobile App Push
295440,1,Pineda,41,Male,France,20704.24,Married,Salaried Employee,1/1/2024,Retail,0,SMS
295472,2,Williams,53,Male,United Kingdom,59378.86,Married,Salaried Employee,7/27/2021,Family,3,Mail
295646,2,Ballard,33,Male,United States,35427.39,Married,Salaried Employee,6/7/2021,Family,2,Phone Call
295692,1,Boyd,46,Male,Germany,44079.08,Widowed,Salaried Employee,1/23/2017,Retail,2,Mobile App Push
295892,5,Marsh,78,Male,Spain,52171.52,Married,Retired,6/14/2023,Senior,0,Phone Call
295984,4,Alvarez,42,Female,France,213659.73,Married,Business Owner,7/19/2022,Premium,1,Mail
296041,5,Myers,61,Female,United Kingdom,33516.16,Married,Retired,6/20/2021,Senior,0,Mail
296059,1,Garcia,31,Female,France,30211.45,Single,Salaried Employee,6/29/2019,Retail,1,SMS
296187,1,Stone,33,Female,United Kingdom,49026.18,Married,Freelancer,1/21/2026,Retail,2,SMS
296242,1,Watts,42,Male,France,40565.97,Divorced,Salaried Employee,6/11/2021,Retail,2,SMS
296243,2,Chandler,36,Male,United Kingdom,31353.39,Single,Freelancer,3/2/2024,Family,3,Email
296412,1,Forbes,30,Male,United States,32817.31,Single,Salaried Employee,1/6/2017,Retail,0,Email
296481,1,Adams,35,Female,Germany,32191.09,Married,Salaried Employee,7/27/2024,Retail,0,Mobile App Push
296494,3,Tran,20,Male,Germany,14352.14,Single,Student,8/21/2017,Student,0,Email
296653,3,Liu,22,Male,France,15618.60,Single,Freelancer,4/17/2022,Student,0,Mobile App Push
296694,3,Lawrence,20,Male,United States,10944.20,Single,Student,2/13/2024,Student,0,Mobile App Push
296911,1,Thompson,29,Female,Spain,24951.67,Single,Salaried Employee,9/2/2020,Retail,1,Email
297062,2,Bryant,49,Male,United States,53843.57,Married,Salaried Employee,1/24/2018,Family,1,Phone Call
297064,1,Bullock,39,Female,France,32301.07,Single,Salaried Employee,9/9/2023,Retail,0,Mobile App Push
297132,1,Wall,35,Female,Spain,23051.63,Married,Salaried Employee,2/20/2025,Retail,0,Email
297303,5,Mitchell,78,Female,Germany,32862.07,Single,Retired,2/5/2020,Senior,0,Email
297370,1,Morgan,33,Female,United States,23897.82,Single,Salaried Employee,11/19/2022,Retail,0,Email
297377,1,George,56,Female,Spain,49563.18,Divorced,Salaried Employee,2/4/2026,Retail,0,Phone Call
297383,1,Moore,35,Male,France,25113.95,Married,Salaried Employee,3/21/2019,Retail,2,Email
297503,5,Johnson,79,Male,Germany,34525.11,Widowed,Self-Employed,4/25/2023,Senior,0,Email
297509,3,Johnson,22,Male,Spain,11504.72,Single,Student,10/26/2020,Student,0,Phone Call
297579,5,Floyd,67,Male,Spain,38286.89,Single,Retired,4/4/2024,Senior,0,Phone Call
297636,4,Rodriguez,44,Male,Spain,140335.41,Single,Salaried Employee,9/24/2016,Premium,0,Email
297731,1,Grant,34,Female,France,36726.05,Widowed,Salaried Employee,10/27/2016,Retail,0,Mobile App Push
297810,4,Lee,32,Female,France,77141.27,Married,Self-Employed,7/29/2020,Premium,1,Phone Call
297816,1,Edwards,51,Female,Spain,50917.98,Single,Salaried Employee,3/16/2019,Retail,0,Mobile App Push
298202,4,Jones,50,Female,Spain,82992.67,Divorced,Freelancer,6/3/2021,Premium,1,SMS
298663,2,Wright,52,Male,Germany,38059.15,Married,Business Owner,2/23/2017,Family,2,Mobile App Push
298667,1,Johnson,31,Female,United States,38088.27,Single,Salaried Employee,9/18/2020,Retail,1,Email
298994,4,Wilson,53,Male,France,145707.99,Single,Self-Employed,11/9/2025,Premium,1,Mail
299028,4,Solis,50,Male,Germany,147481.45,Married,Business Owner,7/2/2019,Premium,1,Mobile App Push
299055,1,Reilly,47,Female,Germany,36948.96,Single,Salaried Employee,1/16/2018,Retail,0,SMS
299072,3,Phillips,18,Female,France,16388.02,Single,Student,12/22/2017,Student,0,Mail
299092,2,Patterson,52,Male,France,43222.85,Single,Salaried Employee,9/19/2024,Family,1,Email
299122,1,Landry,26,Male,United States,50532.37,Married,Salaried Employee,6/23/2019,Retail,1,Mail
299140,2,Reed,49,Male,Germany,46400.05,Married,Freelancer,3/17/2022,Family,2,Mobile App Push
299212,4,Mitchell,36,Female,Spain,112931.10,Single,Business Owner,8/3/2017,Premium,2,Mobile App Push
299254,1,Galvan,50,Female,United Kingdom,34562.73,Single,Salaried Employee,12/29/2020,Retail,1,Email
299312,1,Wolf,30,Male,Germany,32188.61,Married,Freelancer,8/14/2022,Retail,0,SMS
299367,4,Johnson,37,Female,Germany,109272.00,Married,Salaried Employee,9/7/2022,Premium,1,Email
299405,5,Lambert,79,Male,United Kingdom,10740.06,Divorced,Business Owner,10/17/2017,Senior,0,Phone Call
299448,1,Andrews,46,Male,France,44876.44,Single,Salaried Employee,4/28/2025,Retail,0,Email
299451,1,Thomas,51,Female,United Kingdom,46793.77,Married,Salaried Employee,10/16/2025,Retail,0,Email
299659,1,Cortez,49,Male,Germany,38506.80,Married,Salaried Employee,6/13/2017,Retail,0,Mobile App Push
299734,1,Watson,40,Male,Germany,39848.12,Married,Freelancer,3/11/2017,Retail,1,Mail
299742,5,Henderson,82,Female,United States,34479.59,Married,Retired,8/5/2022,Senior,0,Email
299834,1,Brown,54,Female,France,52826.05,Married,Salaried Employee,11/25/2024,Retail,0,Mobile App Push
299836,1,Wright,37,Female,United Kingdom,23475.32,Married,Salaried Employee,12/3/2023,Retail,3,Mail
299869,2,Reyes,28,Female,France,47581.56,Married,Salaried Employee,4/24/2021,Family,2,Mobile App Push
300051,3,Sanchez,22,Female,France,12253.35,Single,Student,6/22/2023,Student,0,Phone Call
300281,2,Garcia,38,Male,France,24521.96,Married,Freelancer,5/14/2025,Family,1,Mobile App Push
300337,1,Nunez,37,Male,United Kingdom,31373.70,Married,Freelancer,4/12/2019,Retail,2,Email
300386,1,Harris,52,Female,Germany,32337.39,Single,Self-Employed,9/15/2016,Retail,0,Email
300845,1,Perez,24,Female,Spain,35152.31,Married,Salaried Employee,7/1/2026,Retail,0,Email
300896,3,Henry,19,Male,United Kingdom,8000.00,Single,Student,4/12/2025,Student,0,Mail
300924,2,Fox,54,Female,Germany,21169.52,Married,Salaried Employee,3/8/2026,Family,4,Mobile App Push
301158,3,Larson,20,Male,France,13571.76,Single,Student,7/6/2020,Student,0,Email
301224,1,Orr,30,Male,France,35042.52,Married,Salaried Employee,9/27/2016,Retail,3,Email
301255,1,Lee,46,Male,Germany,40616.30,Widowed,Salaried Employee,8/23/2016,Retail,1,Email
301332,4,Ryan,46,Male,France,136470.62,Married,Business Owner,3/6/2023,Premium,2,Mobile App Push
301528,1,Ferguson,44,Female,Spain,34507.43,Single,Salaried Employee,7/30/2020,Retail,0,Email
301603,1,Rodriguez,35,Male,United States,36031.18,Single,Business Owner,1/7/2017,Retail,1,Mobile App Push
301629,1,Lewis,47,Female,France,29484.28,Single,Salaried Employee,10/28/2020,Retail,3,Email
301863,1,Ford,41,Female,Spain,34962.92,Divorced,Unemployed,4/26/2026,Retail,1,Email
301898,3,Lewis,24,Female,United States,8514.03,Single,Student,3/10/2023,Student,0,Email
301939,1,Li,24,Female,United Kingdom,29936.95,Single,Self-Employed,6/10/2016,Retail,3,Mobile App Push
302087,4,Hancock,50,Female,Germany,165776.83,Married,Business Owner,4/15/2018,Premium,0,SMS
302127,3,Stephenson,18,Male,Germany,14903.74,Single,Student,6/23/2018,Student,0,SMS
302177,2,Greer,36,Female,Germany,36646.17,Divorced,Salaried Employee,10/13/2019,Family,3,SMS
302338,1,Price,32,Male,Germany,18189.60,Widowed,Salaried Employee,1/17/2026,Retail,3,Mobile App Push
302458,4,Foster,50,Male,France,142815.65,Married,Business Owner,1/2/2024,Premium,1,Email
302472,2,Harris,39,Female,France,60709.45,Married,Salaried Employee,12/10/2022,Family,2,SMS
302500,3,Mcdonald,20,Male,France,15500.65,Single,Student,8/9/2025,Student,0,Mobile App Push
302511,5,Williamson,81,Male,France,16473.09,Married,Retired,3/3/2018,Senior,0,Email
302544,1,Ramsey,46,Female,United States,44724.25,Married,Salaried Employee,1/10/2026,Retail,0,Mail
302647,1,Robles,45,Male,United States,22541.43,Single,Salaried Employee,4/27/2020,Retail,3,Email
302897,2,Winters,47,Female,Germany,33025.18,Married,Salaried Employee,9/23/2019,Family,1,Email
302957,1,Collins,53,Male,France,18283.14,Single,Salaried Employee,3/18/2026,Retail,1,Mail
303129,2,Ayala,41,Female,France,53230.60,Married,Self-Employed,11/30/2021,Family,1,Mail
303322,5,Nicholson,79,Male,United Kingdom,30696.14,Married,Retired,2/5/2023,Senior,0,Mobile App Push
303440,1,Ross,47,Male,United Kingdom,55822.90,Single,Self-Employed,7/6/2017,Retail,0,Mobile App Push
303547,5,Frost,68,Female,France,20393.48,Divorced,Business Owner,5/3/2017,Senior,0,Phone Call
303586,4,Evans,55,Female,United Kingdom,203749.04,Married,Self-Employed,2/11/2025,Premium,1,Email
303765,2,Ali,35,Female,Germany,48043.79,Divorced,Unemployed,11/19/2023,Family,1,Mobile App Push
303880,2,Spencer,36,Female,United States,34175.79,Married,Salaried Employee,6/24/2026,Family,1,Phone Call
303974,2,Todd,46,Male,United Kingdom,45428.06,Married,Business Owner,4/7/2026,Family,3,Email
303993,1,Butler,39,Male,Germany,38478.72,Single,Unemployed,4/19/2017,Retail,0,Mail
304110,1,Leonard,38,Female,Germany,17551.63,Married,Freelancer,1/18/2026,Retail,0,Mobile App Push
304206,5,Perez,81,Male,Germany,22515.45,Divorced,Retired,12/24/2016,Senior,0,Phone Call
304394,2,Blevins,45,Male,France,50123.54,Married,Salaried Employee,4/1/2023,Family,1,Email
304607,1,Howard,49,Male,Germany,37722.91,Married,Salaried Employee,10/3/2018,Retail,0,Email
304915,4,Fisher,47,Male,Germany,123923.18,Single,Business Owner,9/7/2025,Premium,1,Email
305047,1,Byrd,59,Male,Germany,46898.70,Married,Salaried Employee,3/25/2024,Retail,2,Mail
305171,2,Skinner,40,Male,United Kingdom,38605.69,Married,Salaried Employee,8/13/2019,Family,1,Mobile App Push
305438,1,Rivera,55,Female,Spain,20462.57,Married,Salaried Employee,5/5/2023,Retail,2,Email
305587,1,Yates,28,Female,France,23503.22,Married,Business Owner,11/9/2025,Retail,2,SMS
305625,1,Oconnell,57,Male,United Kingdom,30197.95,Married,Salaried Employee,11/8/2022,Retail,2,Email
305721,1,Scott,24,Male,Spain,19233.41,Married,Salaried Employee,1/13/2018,Retail,0,Phone Call
305837,2,Schneider,49,Female,United States,60013.03,Married,Salaried Employee,10/11/2018,Family,3,Mobile App Push
305973,2,Henry,49,Female,France,22246.01,Married,Freelancer,1/4/2017,Family,2,Email
306012,4,Miller,56,Male,United States,96536.09,Married,Business Owner,6/18/2024,Premium,0,SMS
306606,2,Gilbert,33,Female,United States,39585.44,Married,Business Owner,2/23/2025,Family,2,SMS
306647,1,Rogers,59,Female,Germany,45778.29,Widowed,Business Owner,1/27/2022,Retail,0,SMS
306854,5,Williams,61,Female,United States,35210.02,Married,Retired,1/4/2022,Senior,0,Phone Call
306909,3,Meyer,23,Male,Germany,14561.98,Married,Student,7/23/2024,Student,0,Mobile App Push
307007,4,Thompson,57,Female,United Kingdom,135682.17,Married,Business Owner,2/4/2021,Premium,0,Email
307356,2,Ramos,47,Male,United States,91938.64,Married,Self-Employed,12/24/2017,Family,1,Email
307428,1,Ellis,53,Male,France,10516.92,Single,Salaried Employee,8/11/2019,Retail,1,Mobile App Push
307731,1,Dyer,40,Female,United States,32258.66,Single,Freelancer,7/20/2022,Retail,2,Phone Call
307757,1,Robinson,32,Female,Germany,31515.60,Single,Salaried Employee,5/26/2017,Retail,0,Phone Call
307772,1,Lloyd,29,Male,United States,24881.93,Single,Salaried Employee,4/13/2022,Retail,2,Email
307963,2,Bradley,41,Male,Germany,42713.40,Married,Salaried Employee,7/2/2024,Family,2,Phone Call
308296,1,Smith,50,Male,France,45835.71,Single,Salaried Employee,11/16/2024,Retail,0,Phone Call
308376,2,Barton,52,Male,Spain,31412.95,Married,Salaried Employee,7/2/2022,Family,1,SMS
308405,5,Tapia,74,Male,France,19582.99,Single,Retired,9/17/2019,Senior,0,Phone Call
308496,4,Clark,46,Female,France,71302.51,Single,Self-Employed,4/18/2020,Premium,2,Mobile App Push
308535,1,Baker,39,Male,Germany,41769.31,Single,Salaried Employee,6/26/2024,Retail,3,SMS
308573,1,Walker,47,Female,United States,23343.88,Single,Salaried Employee,4/28/2023,Retail,0,SMS
308622,3,Hart,21,Female,United States,15299.14,Single,Freelancer,8/24/2020,Student,0,Email
308727,1,Burton,53,Male,United Kingdom,77083.81,Divorced,Salaried Employee,10/20/2021,Retail,0,Mobile App Push
308781,1,Lyons,24,Female,France,25286.65,Single,Salaried Employee,9/1/2018,Retail,2,Email
308802,2,Dunn,49,Female,France,22293.11,Married,Business Owner,11/12/2024,Family,1,Mobile App Push
308855,1,Johnson,48,Female,Spain,43138.08,Single,Business Owner,10/12/2019,Retail,0,Mail
308894,1,Mcclure,40,Male,France,41731.32,Single,Salaried Employee,6/11/2018,Retail,1,Phone Call
309044,5,Ballard,74,Male,United Kingdom,32766.07,Widowed,Retired,2/21/2026,Senior,0,Phone Call
309100,1,Brown,40,Female,France,47249.38,Married,Salaried Employee,4/20/2026,Retail,2,Mobile App Push
309144,3,Bailey,24,Female,United States,10309.68,Single,Student,12/18/2024,Student,0,Email
309146,1,Elliott,39,Female,France,21860.81,Married,Business Owner,3/1/2021,Retail,1,Mobile App Push
309159,5,Lynch,66,Female,France,20427.32,Married,Retired,6/20/2019,Senior,2,Email
309267,1,White,45,Male,Germany,38022.68,Single,Self-Employed,4/8/2019,Retail,1,Mail
309365,4,Sutton,67,Female,United Kingdom,104597.65,Single,Self-Employed,11/28/2023,Premium,0,SMS
309374,2,Smith,52,Female,France,49418.94,Married,Freelancer,12/9/2022,Family,2,SMS
309385,1,Bishop,33,Female,Spain,37892.35,Married,Salaried Employee,4/6/2019,Retail,0,Email
309398,1,Fernandez,47,Male,United States,52223.56,Single,Salaried Employee,1/2/2017,Retail,2,Email
309452,5,Walker,75,Female,United States,24886.89,Divorced,Retired,3/8/2019,Senior,0,Phone Call
309505,1,Brown,37,Male,Germany,20091.54,Divorced,Salaried Employee,10/17/2022,Retail,1,Email
309612,4,Fry,32,Male,United States,101185.72,Married,Salaried Employee,4/13/2022,Premium,1,Phone Call
309668,1,Simmons,24,Male,Germany,36748.29,Single,Salaried Employee,2/23/2017,Retail,1,Mobile App Push
309902,5,Santiago,67,Male,Spain,32013.90,Single,Retired,7/27/2026,Senior,0,Phone Call
310026,1,Rodriguez,47,Female,Germany,47594.63,Married,Freelancer,2/17/2024,Retail,0,Phone Call
310040,2,Dunn,39,Female,France,31802.53,Married,Freelancer,1/7/2022,Family,2,Email
310297,1,Barry,50,Male,Germany,55552.23,Married,Salaried Employee,2/12/2020,Retail,2,Phone Call
310416,1,Lynch,46,Male,United States,33933.71,Divorced,Unemployed,1/4/2020,Retail,1,SMS
310418,5,Bell,62,Male,United States,35344.72,Widowed,Retired,3/31/2026,Senior,0,Phone Call
310445,1,Jensen,38,Male,Germany,17714.23,Married,Unemployed,1/20/2022,Retail,0,SMS
310477,4,Baker,56,Male,France,116763.12,Married,Self-Employed,7/28/2023,Premium,0,Mobile App Push
310548,3,Bailey,24,Female,France,12172.92,Married,Freelancer,6/18/2022,Student,0,SMS
310608,4,Price,48,Male,United Kingdom,148741.60,Married,Salaried Employee,10/4/2019,Premium,3,Phone Call
310647,1,Dodson,41,Male,United Kingdom,96824.00,Single,Salaried Employee,7/31/2017,Retail,2,Email
310743,2,Kennedy,34,Male,France,18705.80,Married,Salaried Employee,3/17/2017,Family,4,Email
310922,5,Day,68,Female,Spain,31123.02,Married,Retired,12/11/2016,Senior,2,Phone Call
310960,1,Williams,61,Male,United States,28907.85,Single,Salaried Employee,10/10/2023,Retail,0,Mobile App Push
311250,3,Beasley,22,Male,Germany,25056.77,Divorced,Student,1/26/2024,Student,0,SMS
311383,2,Benitez,41,Male,United Kingdom,65772.29,Married,Salaried Employee,11/19/2022,Family,2,Email
311469,3,Hernandez,24,Female,Germany,12041.77,Single,Student,4/8/2025,Student,0,Mobile App Push
311505,4,Wells,37,Female,France,183567.88,Married,Business Owner,7/6/2024,Premium,0,Email
311727,1,Morris,29,Male,France,38679.99,Single,Self-Employed,2/6/2018,Retail,2,SMS
311741,2,Davis,54,Female,United Kingdom,28114.24,Married,Salaried Employee,1/30/2026,Family,4,Phone Call
311883,1,Massey,36,Male,France,29533.87,Married,Self-Employed,10/27/2017,Retail,1,Mail
311895,1,Robertson,36,Female,France,31712.55,Single,Self-Employed,4/4/2020,Retail,1,Mobile App Push
311915,1,Turner,44,Male,Germany,32077.05,Single,Freelancer,10/4/2024,Retail,1,SMS
311976,4,Turner,51,Female,France,176952.14,Divorced,Business Owner,10/16/2022,Premium,0,SMS
312033,1,Garrett,42,Female,United States,40447.87,Single,Salaried Employee,1/12/2024,Retail,0,Mail
312137,2,Fleming,37,Female,Germany,28190.66,Married,Salaried Employee,5/14/2026,Family,2,SMS
312146,1,Richardson,34,Male,United States,52151.07,Married,Freelancer,11/10/2023,Retail,2,SMS
312177,1,Sanchez,47,Female,France,34110.50,Single,Unemployed,5/22/2019,Retail,0,Email
312484,4,Lee,47,Female,United Kingdom,164775.44,Married,Salaried Employee,2/9/2017,Premium,0,Email
312559,1,Haley,58,Male,France,32074.66,Single,Salaried Employee,1/22/2023,Retail,0,Mobile App Push
312616,2,Melton,51,Male,Spain,16422.48,Married,Salaried Employee,6/13/2024,Family,2,Email
312686,1,Johnson,47,Male,United Kingdom,31018.70,Single,Salaried Employee,6/30/2024,Retail,1,Email
312705,1,Sanders,59,Male,France,33433.70,Divorced,Salaried Employee,3/27/2020,Retail,0,SMS
312952,5,Hampton,69,Female,France,75701.89,Married,Retired,12/3/2024,Senior,0,Mail
312987,2,Richardson,28,Male,Spain,47439.03,Married,Salaried Employee,11/23/2020,Family,2,Email
312994,5,Zimmerman,74,Female,Spain,18458.13,Married,Retired,7/22/2024,Senior,2,Phone Call
313068,5,Cisneros,68,Female,Germany,48868.90,Widowed,Retired,4/10/2025,Senior,0,Email
313214,2,Cook,47,Female,Spain,31574.26,Married,Business Owner,12/18/2016,Family,3,Mobile App Push
313446,4,Hurst,50,Male,France,144152.43,Single,Salaried Employee,2/20/2017,Premium,2,Mobile App Push
313487,2,Gibbs,38,Female,France,36353.08,Married,Salaried Employee,4/2/2020,Family,2,Email
313588,1,Bishop,51,Female,United Kingdom,38631.01,Married,Salaried Employee,6/17/2019,Retail,0,Phone Call
313701,3,Cook,24,Female,Spain,19151.17,Single,Student,7/15/2017,Student,0,Email
313795,1,Martin,50,Male,France,38405.32,Single,Salaried Employee,1/17/2025,Retail,0,Mobile App Push
313910,4,Cantu,32,Male,France,152225.09,Married,Business Owner,4/17/2018,Premium,1,Phone Call
313933,4,Tucker,51,Male,United States,61327.95,Single,Business Owner,10/1/2016,Premium,0,Mail
314181,1,Bryant,28,Female,Spain,40058.05,Single,Self-Employed,11/8/2021,Retail,0,Email
314353,1,Olson,56,Female,Germany,45421.56,Divorced,Self-Employed,10/8/2017,Retail,1,Mobile App Push
314447,1,Armstrong,29,Male,France,60337.69,Married,Freelancer,10/20/2017,Retail,2,SMS
314498,1,Conley,60,Male,Spain,37543.20,Married,Salaried Employee,10/5/2016,Retail,0,Email
314656,2,Wright,28,Female,United States,39134.74,Married,Self-Employed,10/18/2019,Family,1,Email
315154,3,Walker,25,Male,Germany,20501.54,Single,Student,10/18/2024,Student,0,SMS
315161,3,Wood,21,Male,France,15113.66,Single,Student,8/14/2025,Student,0,Mail
315173,2,Roberson,35,Male,France,36808.97,Married,Salaried Employee,6/10/2023,Family,3,Mobile App Push
315379,1,Mcdowell,58,Male,United States,83961.65,Married,Salaried Employee,6/4/2019,Retail,0,Email
315397,5,Briggs,87,Male,France,28543.10,Married,Business Owner,1/18/2019,Senior,2,Phone Call
315425,2,Tyler,42,Female,United Kingdom,37052.41,Married,Self-Employed,3/26/2022,Family,2,SMS
315477,1,Murray,42,Male,France,34020.69,Married,Unemployed,4/11/2021,Retail,2,SMS
315535,5,Gilbert,74,Female,Germany,28520.53,Widowed,Retired,5/6/2022,Senior,0,Phone Call
315565,1,Lara,47,Male,United Kingdom,24741.40,Divorced,Salaried Employee,1/11/2026,Retail,0,SMS
315651,2,Perez,42,Male,United States,59008.02,Married,Unemployed,6/3/2017,Family,2,Mobile App Push
315780,2,George,45,Female,Germany,63822.31,Married,Salaried Employee,8/16/2023,Family,2,Mail
316092,1,Bass,38,Male,Germany,22695.80,Married,Unemployed,4/16/2022,Retail,0,Mobile App Push
316174,2,Ford,35,Female,Germany,52103.73,Married,Self-Employed,11/11/2017,Family,2,SMS
316612,4,Garcia,68,Female,France,114805.27,Divorced,Salaried Employee,2/25/2018,Premium,0,Email
316656,1,Freeman,40,Female,Germany,36636.10,Single,Salaried Employee,10/31/2017,Retail,1,Email
316773,2,Mcdaniel,29,Female,Spain,48811.38,Divorced,Business Owner,4/20/2021,Family,1,SMS
316800,2,Pearson,50,Male,Germany,24997.24,Married,Salaried Employee,4/8/2020,Family,2,Mail
316818,1,Harrell,44,Female,France,34772.52,Married,Business Owner,11/29/2020,Retail,0,Phone Call
316823,3,Clark,24,Male,United Kingdom,36258.51,Single,Student,8/30/2017,Student,0,Email
316881,3,Moore,21,Female,Germany,17185.35,Single,Student,1/4/2026,Student,0,SMS
316899,3,Gonzalez,20,Male,Germany,16300.02,Single,Student,7/21/2023,Student,0,Mobile App Push
316916,1,Hopkins,43,Male,France,16611.86,Single,Salaried Employee,10/11/2022,Retail,1,Email
316995,1,Foster,51,Female,France,43430.04,Single,Business Owner,11/8/2018,Retail,3,Phone Call
317005,1,Hernandez,44,Male,Spain,23960.05,Divorced,Salaried Employee,4/1/2019,Retail,0,Email
317208,1,Robinson,38,Female,France,78865.98,Divorced,Self-Employed,11/15/2025,Retail,0,Mobile App Push
317220,2,Gregory,38,Female,United Kingdom,39368.23,Married,Business Owner,8/22/2023,Family,2,Mobile App Push
317221,2,Cannon,41,Female,France,25592.43,Divorced,Business Owner,6/14/2022,Family,2,Mobile App Push
317346,1,Martin,37,Male,France,39464.35,Single,Salaried Employee,1/27/2020,Retail,0,Mobile App Push
317402,1,Lewis,40,Male,United Kingdom,41543.56,Married,Salaried Employee,5/20/2019,Retail,0,Email
317413,1,Carpenter,37,Female,United States,36596.35,Married,Salaried Employee,7/21/2017,Retail,0,Mobile App Push
317722,5,Wells,72,Female,France,23504.29,Widowed,Retired,9/20/2016,Senior,1,Phone Call
317723,5,Richard,64,Male,United States,44380.94,Married,Business Owner,8/21/2023,Senior,0,Phone Call
317782,4,Robinson,46,Male,France,40626.61,Single,Business Owner,12/16/2025,Premium,0,Email
317881,5,Little,66,Female,United Kingdom,22467.47,Married,Retired,12/18/2021,Senior,0,Mail
318217,2,Taylor,35,Male,Germany,74969.82,Married,Salaried Employee,10/18/2024,Family,3,Mail
318353,2,Reilly,40,Female,Spain,35264.00,Married,Salaried Employee,7/19/2020,Family,3,Mobile App Push
318379,1,Collins,24,Female,France,17425.05,Divorced,Unemployed,12/30/2018,Retail,1,Email
318572,1,Hurley,52,Male,Germany,73332.88,Single,Freelancer,8/14/2020,Retail,0,Email
318877,1,Rowe,34,Female,United Kingdom,40419.80,Married,Salaried Employee,9/14/2021,Retail,0,SMS
319036,2,Griffin,40,Male,United States,20281.55,Married,Self-Employed,5/10/2021,Family,1,Mobile App Push
319162,4,Cortez,50,Female,United States,98234.93,Married,Self-Employed,9/23/2018,Premium,0,Mobile App Push
319205,5,Hawkins,65,Female,United States,38765.21,Divorced,Retired,7/22/2026,Senior,0,Phone Call
319553,1,Silva,46,Male,France,34959.18,Single,Salaried Employee,8/16/2019,Retail,0,Mobile App Push
319684,2,Wright,41,Female,Germany,23075.48,Married,Business Owner,3/18/2025,Family,3,Email
319770,2,Peters,44,Male,United States,49299.84,Single,Self-Employed,3/20/2023,Family,4,SMS
319832,1,Ryan,55,Female,France,64426.86,Married,Salaried Employee,1/6/2019,Retail,0,Mobile App Push
319869,4,Perkins,44,Male,United Kingdom,78527.09,Divorced,Business Owner,9/4/2021,Premium,2,Mobile App Push
319899,1,Joseph,42,Male,United States,52791.46,Single,Salaried Employee,7/8/2025,Retail,0,Email
319984,1,Perez,58,Female,United Kingdom,36732.08,Single,Salaried Employee,3/19/2021,Retail,0,Mail
320038,2,Mclean,32,Female,Germany,37590.91,Married,Salaried Employee,3/4/2026,Family,3,Phone Call
320039,5,Cooper,80,Female,Spain,16978.77,Single,Retired,6/8/2024,Senior,0,Email
320073,3,Evans,20,Male,Germany,8283.00,Single,Freelancer,10/9/2017,Student,0,Mobile App Push
320256,1,Meyers,43,Male,France,21171.65,Married,Salaried Employee,6/17/2025,Retail,0,Email
320281,1,Ellis,35,Female,United States,78561.46,Married,Self-Employed,10/22/2021,Retail,2,Mobile App Push
320392,1,Martin,35,Female,France,54001.68,Divorced,Salaried Employee,12/5/2020,Retail,0,Mobile App Push
320759,2,White,46,Male,Spain,76625.42,Married,Salaried Employee,1/17/2017,Family,2,Phone Call
320800,2,Robinson,55,Female,United Kingdom,61788.62,Married,Salaried Employee,7/29/2018,Family,1,SMS
320861,2,Dalton,51,Male,Germany,23544.55,Married,Unemployed,4/5/2026,Family,2,Mobile App Push
320939,2,Best,41,Female,Germany,19633.55,Married,Salaried Employee,10/4/2022,Family,4,Phone Call
320989,1,Day,59,Male,France,33593.46,Married,Unemployed,5/7/2026,Retail,1,Mobile App Push
321020,1,Torres,47,Female,France,35935.52,Single,Salaried Employee,7/7/2020,Retail,0,Mobile App Push
321048,1,French,38,Female,France,44329.44,Single,Salaried Employee,2/25/2017,Retail,0,Mobile App Push
321099,2,Evans,55,Female,Germany,33877.34,Married,Salaried Employee,1/14/2021,Family,2,Email
321231,1,Lewis,41,Female,Spain,62033.94,Married,Salaried Employee,4/29/2017,Retail,0,SMS
321275,4,Kelly,61,Female,Germany,95718.86,Married,Self-Employed,3/4/2023,Premium,2,Mobile App Push
321449,1,Cole,48,Male,Germany,10618.53,Single,Salaried Employee,1/18/2024,Retail,0,Mobile App Push
321476,2,Atkins,35,Male,United States,70518.86,Married,Salaried Employee,8/8/2022,Family,1,Phone Call
321494,5,Prince,63,Female,Spain,32593.54,Married,Retired,11/13/2024,Senior,1,Phone Call
321659,3,Shepard,20,Female,France,19226.81,Single,Freelancer,10/4/2021,Student,0,Mobile App Push
321686,1,Neal,41,Male,Germany,23932.56,Single,Salaried Employee,4/10/2023,Retail,1,Mobile App Push
321791,1,Williams,35,Female,France,38669.63,Married,Self-Employed,2/8/2018,Retail,0,Mobile App Push
321941,2,Griffith,38,Male,Germany,48073.25,Married,Business Owner,5/16/2022,Family,1,Email
321960,1,Taylor,31,Male,Germany,43913.22,Single,Salaried Employee,7/10/2025,Retail,1,SMS
322022,1,White,33,Male,Spain,25785.22,Married,Salaried Employee,10/4/2018,Retail,0,SMS
322086,5,Shelton,77,Female,France,51359.24,Widowed,Salaried Employee,12/15/2019,Senior,2,Email
322096,1,Henderson,40,Male,United States,52085.81,Single,Salaried Employee,8/1/2021,Retail,0,Phone Call
322142,1,White,29,Female,Germany,40760.40,Single,Business Owner,4/23/2019,Retail,1,Email
322167,5,Hawkins,69,Male,Germany,21761.40,Widowed,Retired,2/20/2019,Senior,1,Mobile App Push
322182,2,Pacheco,45,Female,United Kingdom,42262.21,Divorced,Salaried Employee,12/2/2019,Family,1,SMS
322409,1,Briggs,58,Female,Spain,45447.11,Married,Business Owner,10/7/2017,Retail,1,Phone Call
322423,4,Flores,59,Female,United Kingdom,100379.96,Married,Business Owner,6/14/2024,Premium,1,SMS
322652,1,Jimenez,41,Female,France,17071.45,Married,Salaried Employee,6/10/2023,Retail,0,Email
322955,1,Warner,44,Female,United Kingdom,64275.35,Married,Salaried Employee,12/6/2024,Retail,1,SMS
323072,1,Myers,57,Female,Spain,27675.73,Married,Salaried Employee,12/16/2017,Retail,1,Email
323095,4,Huffman,48,Male,Germany,111042.93,Married,Business Owner,11/16/2017,Premium,1,Email
323404,3,Bennett,24,Female,France,13114.44,Single,Student,8/20/2023,Student,0,Mobile App Push
323508,3,Durham,24,Female,France,11558.44,Single,Student,1/1/2019,Student,0,Email
323530,1,Moore,50,Female,Germany,26378.17,Single,Freelancer,1/25/2026,Retail,0,SMS
323589,4,Gilbert,51,Female,United Kingdom,79366.94,Married,Self-Employed,3/17/2021,Premium,0,SMS
323717,5,Roman,68,Female,United Kingdom,40777.28,Married,Business Owner,9/23/2016,Senior,0,Mail
323788,34,Johnson,45,Male,United States,34501.17,Married,Salaried Employee,9/19/2025,Unknown,1,Mobile App Push
324082,1,Campbell,30,Female,Germany,42375.31,Married,Self-Employed,3/18/2021,Retail,2,Mobile App Push
324130,5,Jones,84,Male,United Kingdom,23456.36,Married,Retired,11/10/2024,Senior,2,Mail
324319,1,Sharp,50,Male,United Kingdom,22311.35,Married,Business Owner,1/22/2021,Retail,0,SMS
324345,2,Martinez,42,Male,Germany,37202.97,Married,Salaried Employee,2/23/2017,Family,3,Mobile App Push
324381,1,Ewing,39,Male,Germany,40684.20,Single,Salaried Employee,7/18/2022,Retail,1,Phone Call
324597,1,Gray,29,Female,United Kingdom,33466.50,Single,Salaried Employee,12/22/2022,Retail,1,Mobile App Push
324643,1,Webb,51,Female,United Kingdom,41393.05,Single,Salaried Employee,12/22/2021,Retail,1,Mobile App Push
324729,2,Turner,41,Male,United States,69360.94,Married,Salaried Employee,4/6/2025,Family,2,Phone Call
324875,1,Morales,41,Female,United Kingdom,40214.28,Single,Salaried Employee,8/26/2023,Retail,0,Mobile App Push
324993,3,James,22,Female,France,14572.72,Single,Student,6/3/2020,Student,0,Mobile App Push
325146,1,Smith,55,Female,France,53618.39,Single,Salaried Employee,6/27/2026,Retail,1,Email
325230,1,Solis,47,Male,France,18784.31,Married,Salaried Employee,4/1/2023,Retail,1,Mobile App Push
325258,1,Trujillo,40,Male,France,31526.75,Married,Salaried Employee,2/23/2023,Retail,2,Mail
325465,2,Vincent,41,Male,Germany,51809.07,Single,Self-Employed,5/4/2024,Family,2,Mail
325468,5,Hawkins,68,Female,United States,52778.60,Divorced,Salaried Employee,11/17/2020,Senior,0,Phone Call
325583,1,Hopkins,26,Male,Germany,57449.92,Single,Business Owner,1/30/2026,Retail,1,Phone Call
325595,1,Ramirez,34,Male,France,52505.36,Married,Salaried Employee,12/18/2024,Retail,1,Mail
325772,3,Burton,26,Male,United Kingdom,20790.40,Married,Student,9/9/2017,Student,0,SMS
325933,2,Todd,40,Female,Germany,42878.16,Married,Unemployed,10/27/2019,Family,2,Email
326040,4,Armstrong,47,Female,France,109584.70,Married,Business Owner,12/26/2016,Premium,2,Email
326061,1,Joseph,56,Male,United Kingdom,54368.91,Married,Self-Employed,9/9/2022,Retail,0,Email
326130,1,Murphy,49,Male,United States,55240.76,Married,Business Owner,9/10/2025,Retail,1,Phone Call
326222,1,Crane,62,Male,United Kingdom,49205.74,Single,Salaried Employee,1/16/2025,Retail,0,Email
326387,2,Duncan,37,Female,France,46390.09,Married,Salaried Employee,1/5/2026,Family,1,SMS
326441,1,Levine,47,Male,France,18978.68,Single,Salaried Employee,3/30/2022,Retail,3,Mobile App Push
326639,1,Chavez,50,Female,United States,49511.30,Single,Salaried Employee,12/27/2018,Retail,3,Mail
326665,1,Brooks,39,Male,United States,18837.67,Married,Salaried Employee,12/1/2021,Retail,0,Phone Call
326895,1,Abbott,28,Female,Germany,42143.37,Single,Salaried Employee,6/8/2023,Retail,3,Mobile App Push
326956,4,Jackson,50,Female,France,92946.55,Married,Business Owner,5/5/2022,Premium,1,Email
327114,1,Mendoza,47,Female,Germany,14687.65,Married,Salaried Employee,7/26/2026,Retail,1,Mobile App Push
327357,5,Leonard,86,Female,France,21138.78,Married,Retired,10/21/2019,Senior,0,Mobile App Push
327408,3,Watson,23,Female,France,11130.61,Single,Student,7/10/2023,Student,0,Email
327558,1,Miller,62,Male,United States,19385.05,Divorced,Unemployed,11/17/2024,Retail,0,Phone Call
327738,2,Gonzalez,46,Female,France,41282.74,Married,Self-Employed,4/19/2026,Family,3,Email
327797,1,White,32,Male,United Kingdom,19993.03,Married,Salaried Employee,2/2/2018,Retail,0,SMS
327823,1,Gonzalez,40,Male,France,35724.10,Single,Self-Employed,7/31/2018,Retail,2,Email
327900,1,Lozano,26,Female,United States,25973.74,Married,Salaried Employee,8/3/2023,Retail,0,Mobile App Push
327999,1,Rhodes,52,Male,United Kingdom,46572.81,Single,Salaried Employee,8/1/2021,Retail,2,Mobile App Push
328182,2,Lambert,40,Male,France,35295.19,Single,Salaried Employee,3/3/2018,Family,2,SMS
328275,1,Edwards,46,Female,France,25876.55,Married,Salaried Employee,2/21/2021,Retail,0,Mail
328367,1,Mcclain,52,Female,France,41832.40,Single,Salaried Employee,3/6/2018,Retail,1,SMS
328411,1,Martin,36,Female,Germany,18636.67,Single,Salaried Employee,4/24/2026,Retail,0,Email
328486,1,Rivas,46,Male,France,27033.73,Single,Salaried Employee,5/28/2017,Retail,2,Mail
328552,1,Garcia,33,Male,United Kingdom,28152.10,Single,Salaried Employee,10/8/2023,Retail,2,SMS
328596,4,Bruce,58,Female,Germany,114837.87,Married,Freelancer,1/28/2023,Premium,0,Email
328808,2,Turner,37,Female,United Kingdom,29608.14,Married,Salaried Employee,4/22/2024,Family,2,Email
328994,2,Pace,54,Male,Spain,29027.35,Married,Unemployed,5/13/2019,Family,2,Email
329021,1,Roberts,50,Female,United States,67370.46,Married,Self-Employed,6/1/2024,Retail,2,Mail
329056,2,Gonzalez,37,Male,Germany,20887.24,Married,Salaried Employee,8/21/2023,Family,2,Email
329157,3,Romero,22,Female,France,8000.00,Single,Student,10/31/2020,Student,0,SMS
329183,4,Martinez,52,Female,France,76315.00,Single,Business Owner,2/26/2025,Premium,2,Email
329258,1,Ray,47,Female,Germany,57616.12,Married,Salaried Employee,3/18/2025,Retail,0,Phone Call
329344,1,Powers,44,Male,United Kingdom,61391.07,Married,Salaried Employee,11/30/2024,Retail,2,SMS
329437,1,Jordan,34,Male,United Kingdom,19535.73,Married,Freelancer,7/20/2023,Retail,0,Mail
329448,1,Hughes,37,Male,France,31586.61,Divorced,Freelancer,8/1/2017,Retail,1,Email
329471,4,Hays,54,Female,France,71020.50,Married,Business Owner,9/30/2021,Premium,0,Email
329642,4,Jenkins,44,Female,United States,52541.16,Married,Salaried Employee,1/13/2020,Premium,0,Email
329659,1,Young,44,Female,France,54118.98,Married,Salaried Employee,12/3/2023,Retail,1,Mobile App Push
329772,2,Marsh,34,Female,United Kingdom,38185.07,Married,Freelancer,11/11/2024,Family,1,SMS
329927,5,Martinez,73,Female,United States,32384.99,Widowed,Self-Employed,3/8/2026,Senior,0,Mobile App Push
329974,1,Anderson,33,Female,France,35580.50,Single,Unemployed,1/27/2018,Retail,1,SMS
330019,1,Davis,60,Female,United Kingdom,73816.58,Single,Salaried Employee,2/10/2025,Retail,1,Email
330069,1,Taylor,42,Female,Germany,13344.73,Single,Salaried Employee,3/7/2022,Retail,0,Mobile App Push
330074,2,Roberts,45,Female,Spain,53612.60,Married,Self-Employed,4/16/2026,Family,2,Email
330080,2,Wagner,33,Male,United Kingdom,38080.14,Married,Salaried Employee,1/17/2026,Family,2,Email
330283,4,Farrell,38,Female,Germany,107695.05,Married,Business Owner,8/15/2021,Premium,0,SMS
330533,2,Ramos,34,Female,Germany,39016.61,Married,Salaried Employee,2/12/2025,Family,3,Mobile App Push
330545,2,Allen,34,Female,France,46303.86,Widowed,Salaried Employee,3/15/2019,Family,1,Mobile App Push
330646,2,Pratt,41,Male,Spain,34035.19,Married,Self-Employed,12/14/2019,Family,1,Mobile App Push
330914,5,Byrd,72,Male,United Kingdom,47750.56,Married,Business Owner,9/18/2019,Senior,1,Email
331087,3,Phillips,20,Female,United States,17029.12,Single,Student,7/2/2023,Student,0,Email
331148,1,Cohen,38,Female,Germany,27087.83,Married,Unemployed,3/1/2022,Retail,0,SMS
331230,2,Gordon,40,Male,Germany,35480.99,Married,Salaried Employee,3/11/2025,Family,2,Mobile App Push
331241,2,Bennett,38,Female,United States,49720.19,Married,Salaried Employee,9/10/2016,Family,4,Email
331251,1,Jimenez,31,Female,Germany,30871.71,Single,Self-Employed,9/28/2021,Retail,0,Phone Call
331287,1,Brewer,45,Female,United States,33629.49,Married,Salaried Employee,6/30/2025,Retail,0,Mobile App Push
331307,2,Russell,35,Male,United Kingdom,53284.88,Married,Salaried Employee,1/16/2020,Family,2,Phone Call
331381,5,Boyd,70,Male,Germany,61083.89,Married,Retired,3/18/2022,Senior,1,Mobile App Push
331444,1,Francis,51,Male,Germany,37579.21,Single,Business Owner,10/21/2019,Retail,1,SMS
331512,1,Smith,42,Male,United States,23854.08,Single,Salaried Employee,8/31/2017,Retail,2,Mobile App Push
331522,5,Adams,74,Female,France,26522.82,Single,Salaried Employee,11/27/2022,Senior,0,Mail
331577,5,Mcdaniel,66,Female,United States,42873.54,Married,Retired,3/15/2019,Senior,2,Phone Call
331625,2,Wilson,53,Male,Spain,33658.18,Married,Business Owner,2/2/2017,Family,1,Email
331768,1,Malone,36,Male,United States,53503.26,Single,Self-Employed,6/3/2018,Retail,0,SMS
331780,2,Kelly,31,Male,Germany,43707.15,Married,Salaried Employee,12/31/2019,Family,3,Mail
331942,1,Smith,37,Male,Spain,40901.28,Married,Salaried Employee,3/26/2025,Retail,0,SMS
332022,4,Martinez,37,Male,United Kingdom,57257.46,Married,Salaried Employee,7/25/2025,Premium,1,Email
332103,3,Davis,22,Female,United States,26924.42,Single,Student,8/17/2018,Student,0,Mobile App Push
332120,1,Baldwin,39,Female,France,28480.98,Single,Salaried Employee,10/4/2019,Retail,1,Mail
332286,5,Mooney,71,Male,United Kingdom,18242.68,Married,Retired,5/27/2025,Senior,0,Email
332311,5,Roberson,85,Male,France,25488.68,Married,Self-Employed,12/12/2025,Senior,0,Phone Call
332335,1,Todd,37,Female,United States,29468.49,Married,Self-Employed,4/17/2024,Retail,1,Email
332360,1,Thomas,34,Female,United States,43501.35,Married,Salaried Employee,10/22/2018,Retail,0,Email
332518,2,Flores,36,Female,United Kingdom,18668.81,Married,Freelancer,12/18/2025,Family,4,Mobile App Push
332542,2,Best,40,Male,France,44156.08,Married,Salaried Employee,6/5/2024,Family,2,Phone Call
332665,5,Harmon,88,Female,France,65794.27,Divorced,Retired,4/3/2017,Senior,0,Mail
332785,1,Jones,53,Male,United States,23024.80,Single,Freelancer,8/10/2016,Retail,2,Email
332823,2,Brown,40,Male,United States,33434.62,Divorced,Salaried Employee,9/19/2017,Family,3,Email
332873,1,Cervantes,32,Male,France,27349.47,Single,Salaried Employee,6/12/2023,Retail,3,Mobile App Push
332881,1,Middleton,29,Female,France,21580.09,Single,Salaried Employee,5/4/2022,Retail,1,SMS
333049,1,Dougherty,41,Female,France,27184.08,Single,Business Owner,12/1/2023,Retail,1,Phone Call
333086,2,Ferrell,47,Female,United States,40461.53,Married,Self-Employed,4/20/2019,Family,0,Email
333164,1,Weber,40,Female,Spain,25171.46,Single,Salaried Employee,11/20/2016,Retail,0,Email
333210,4,Cline,54,Female,United States,111153.80,Married,Self-Employed,8/24/2020,Premium,0,SMS
333238,1,Gallegos,51,Female,Spain,44650.59,Single,Self-Employed,11/19/2025,Retail,2,Mail
333365,2,Lee,44,Male,Germany,54356.72,Divorced,Self-Employed,1/4/2023,Family,2,Mobile App Push
333507,3,Wilson,22,Female,United Kingdom,15096.80,Single,Student,8/18/2021,Student,0,Mobile App Push
333524,2,Gallagher,42,Male,Germany,38738.18,Married,Freelancer,10/8/2017,Family,1,Mail
333726,1,Taylor,37,Female,Germany,34446.65,Single,Salaried Employee,7/2/2025,Retail,1,Email
333746,3,Miller,24,Female,Germany,9859.35,Single,Student,4/18/2022,Student,0,Mail
333752,1,Griffith,33,Male,France,37490.09,Single,Salaried Employee,4/17/2020,Retail,0,Email
334026,5,Simpson,85,Male,United States,30921.78,Married,Retired,1/18/2024,Senior,0,Mail
334053,1,Gonzalez,39,Female,United Kingdom,32987.36,Single,Salaried Employee,11/9/2016,Retail,0,SMS
334081,1,Garrison,31,Male,Germany,76337.05,Divorced,Salaried Employee,5/17/2023,Retail,2,SMS
334153,1,Smith,29,Male,France,32002.68,Single,Salaried Employee,6/16/2021,Retail,0,Email
334176,4,Kennedy,50,Female,Germany,128212.42,Married,Salaried Employee,4/15/2022,Premium,1,SMS
334639,1,Graham,31,Male,France,64245.27,Divorced,Salaried Employee,9/15/2018,Retail,0,Email
334665,4,Leonard,46,Male,Germany,114861.93,Widowed,Self-Employed,2/11/2023,Premium,1,Phone Call
334865,1,Lucas,51,Male,Germany,41395.88,Married,Freelancer,6/16/2024,Retail,0,Email
335113,1,Grant,47,Female,Spain,80428.40,Single,Salaried Employee,1/22/2019,Retail,0,Mail
335134,3,Curry,23,Female,Germany,22729.68,Single,Student,10/28/2025,Student,0,SMS
335137,1,Daniel,43,Male,United States,28753.71,Single,Salaried Employee,7/18/2024,Retail,0,Email
335203,5,Reed,62,Male,France,26145.29,Married,Retired,9/20/2022,Senior,0,Email
335217,3,Chase,18,Male,France,9003.91,Single,Student,4/25/2021,Student,0,Email
335421,1,Smith,39,Male,United Kingdom,31269.00,Married,Salaried Employee,5/23/2018,Retail,0,Email
335445,2,Pena,44,Female,Spain,23677.28,Married,Salaried Employee,2/14/2017,Family,2,Mobile App Push
335552,2,Smith,47,Male,Germany,27004.45,Married,Salaried Employee,1/29/2021,Family,4,SMS
335612,5,Hernandez,69,Male,Germany,40609.89,Married,Retired,10/18/2016,Senior,1,Mail
335615,3,Blair,22,Male,Spain,20328.91,Single,Freelancer,1/8/2023,Student,0,Mobile App Push
335729,3,Bailey,24,Female,France,16416.03,Single,Student,6/19/2022,Student,0,Email
335765,3,Nicholson,23,Female,Spain,16939.30,Single,Freelancer,8/29/2019,Student,0,Phone Call
335790,1,Mora,48,Female,Germany,32673.39,Married,Unemployed,2/6/2024,Retail,3,Email
336047,1,Brooks,52,Female,United Kingdom,24119.08,Single,Business Owner,1/19/2025,Retail,1,SMS
336290,1,Brown,44,Female,France,51363.71,Single,Salaried Employee,3/28/2018,Retail,2,Email
336388,3,Henderson,21,Female,France,21330.12,Single,Student,4/24/2024,Student,0,Phone Call
336422,3,Reyes,20,Female,Spain,10647.69,Single,Student,5/13/2024,Student,0,Mobile App Push
336504,5,Benson,74,Male,Germany,49559.78,Divorced,Retired,1/9/2021,Senior,0,Mobile App Push
336540,5,Johnston,73,Male,United Kingdom,25620.02,Divorced,Business Owner,6/5/2026,Senior,0,Mail
336574,3,Mcneil,21,Female,Spain,10626.54,Widowed,Student,3/26/2017,Student,0,Email
336633,3,Harris,21,Female,France,10747.37,Single,Student,7/9/2024,Student,0,Email
336650,1,Long,38,Male,Germany,39742.01,Single,Freelancer,4/10/2024,Retail,0,SMS
336706,4,Carpenter,43,Female,France,118144.19,Married,Self-Employed,9/5/2021,Premium,1,Mobile App Push
336817,3,Wagner,22,Male,France,11959.63,Single,Student,9/22/2019,Student,0,Email
336828,1,Brown,27,Male,France,24518.01,Divorced,Salaried Employee,6/13/2017,Retail,2,Mobile App Push
337144,1,Marsh,34,Female,Germany,31292.89,Single,Salaried Employee,5/29/2018,Retail,0,Mobile App Push
337178,3,Jackson,18,Female,Spain,10969.00,Single,Student,9/19/2017,Student,0,Mobile App Push
337232,2,Ross,43,Female,Germany,33329.80,Married,Salaried Employee,1/5/2021,Family,1,Mail
337256,3,Miller,22,Male,France,10310.78,Married,Student,10/4/2017,Student,0,Email
337264,1,Lowery,35,Male,Spain,84146.38,Divorced,Salaried Employee,6/25/2019,Retail,2,SMS
337288,1,Boyd,46,Female,France,25297.48,Divorced,Salaried Employee,1/6/2020,Retail,1,SMS
337547,5,Warren,79,Male,Germany,17986.18,Married,Retired,6/20/2020,Senior,0,Mail
337730,3,Brennan,23,Male,United Kingdom,9056.70,Single,Unemployed,4/22/2023,Student,0,Mobile App Push
338161,1,Spencer,24,Male,Germany,49320.48,Married,Salaried Employee,8/20/2019,Retail,0,SMS
338475,2,Chapman,46,Male,Germany,25291.13,Married,Freelancer,1/19/2020,Family,2,SMS
338533,2,Mcfarland,38,Male,France,47180.03,Married,Business Owner,12/3/2016,Family,2,Mobile App Push
338536,1,Hall,45,Male,Germany,24071.10,Single,Salaried Employee,6/30/2017,Retail,0,Mobile App Push
338564,1,Quinn,61,Male,United States,20830.60,Single,Salaried Employee,10/1/2018,Retail,0,Phone Call
338596,5,Coleman,72,Female,France,39258.19,Married,Self-Employed,4/19/2026,Senior,0,Phone Call
338651,4,Peterson,43,Female,France,91669.33,Married,Business Owner,10/16/2020,Premium,0,Mobile App Push
338703,2,Thomas,36,Female,United Kingdom,31787.69,Married,Business Owner,10/5/2019,Family,1,Mobile App Push
338846,1,Villegas,42,Male,Germany,25807.93,Married,Salaried Employee,6/16/2024,Retail,0,Email
338968,1,Walker,42,Male,United States,28746.81,Single,Salaried Employee,10/21/2017,Retail,0,SMS
339030,3,Chen,22,Male,Spain,22706.89,Single,Student,7/26/2026,Student,0,SMS
339220,1,Hartman,42,Female,Germany,30153.37,Married,Business Owner,1/12/2023,Retail,1,SMS
339303,2,Gomez,42,Female,Spain,30158.65,Single,Unemployed,6/29/2020,Family,4,SMS
339499,3,Reyes,23,Male,Germany,17742.24,Single,Student,5/19/2017,Student,0,Mail
339513,5,Cantu,77,Female,United Kingdom,27524.98,Married,Retired,4/16/2019,Senior,0,Phone Call
339592,2,Moore,33,Female,Spain,84215.29,Married,Salaried Employee,9/10/2023,Family,2,Mobile App Push
339669,3,Martin,25,Female,United States,9672.42,Single,Unemployed,8/4/2023,Student,0,Email
340044,5,Chen,70,Female,France,33091.98,Widowed,Retired,9/14/2023,Senior,0,Phone Call
340062,3,Riggs,23,Female,Germany,14338.30,Single,Unemployed,10/21/2017,Student,0,SMS
340068,1,Rios,30,Male,France,41151.11,Single,Salaried Employee,1/29/2018,Retail,0,SMS
340174,4,Silva,35,Male,United Kingdom,160617.76,Single,Salaried Employee,10/14/2020,Premium,2,Mobile App Push
340341,1,Ramsey,24,Male,Germany,32371.59,Single,Business Owner,1/14/2018,Retail,2,Email
340497,2,Richardson,50,Male,France,33990.23,Married,Freelancer,9/24/2018,Family,3,Email
340633,4,Weeks,32,Female,United Kingdom,76673.84,Single,Freelancer,7/12/2018,Premium,0,Email
340820,1,Church,31,Male,France,29824.62,Married,Salaried Employee,4/13/2025,Retail,3,SMS
340860,2,Stevenson,43,Male,Germany,50425.11,Married,Salaried Employee,10/14/2020,Family,2,Mobile App Push
340927,3,Peterson,24,Male,Germany,16315.26,Single,Student,6/12/2024,Student,0,Mobile App Push
340932,1,Davis,54,Female,Germany,36417.71,Married,Salaried Employee,8/5/2023,Retail,0,SMS
340977,1,Palmer,39,Male,France,22932.26,Single,Self-Employed,4/4/2024,Retail,0,SMS
341099,1,Ellison,53,Male,United States,23120.24,Divorced,Salaried Employee,12/31/2016,Retail,0,Email
341162,1,Smith,58,Female,United States,87378.52,Married,Freelancer,6/8/2026,Retail,0,Mobile App Push
341192,2,Jackson,41,Female,Germany,37229.51,Married,Salaried Employee,8/31/2020,Family,2,Mobile App Push
341238,4,Clements,57,Male,France,127565.84,Single,Self-Employed,4/23/2024,Premium,0,SMS
341288,3,Pearson,23,Male,Germany,12665.63,Single,Student,2/21/2018,Student,0,Email
341292,4,Oconnell,46,Male,United States,116457.03,Married,Freelancer,10/14/2024,Premium,2,Mobile App Push
341296,4,Chang,57,Female,Germany,59987.63,Married,Business Owner,6/22/2022,Premium,3,SMS
341535,4,Knight,58,Male,United States,88149.14,Single,Business Owner,7/4/2025,Premium,0,Email
341736,5,Arnold,78,Female,United Kingdom,25888.13,Married,Retired,8/29/2016,Senior,1,Email
342128,4,Davis,68,Female,Spain,139148.51,Single,Business Owner,12/16/2016,Premium,1,SMS
342129,1,Adams,42,Male,France,44832.57,Married,Salaried Employee,2/13/2019,Retail,3,Mobile App Push
342239,5,Valencia,79,Male,Germany,37192.34,Widowed,Retired,11/4/2024,Senior,1,Email
342389,1,Ruiz,60,Female,Germany,39004.62,Married,Business Owner,6/28/2020,Retail,2,Mobile App Push
342397,1,Watson,47,Female,Germany,26840.21,Single,Salaried Employee,3/12/2019,Retail,2,Mobile App Push
342446,1,Roman,34,Male,United States,17755.43,Single,Salaried Employee,12/26/2024,Retail,1,Mobile App Push
342495,2,Frazier,41,Male,Spain,27024.11,Married,Salaried Employee,3/2/2021,Family,1,SMS
342675,5,Gutierrez,76,Male,France,34150.77,Married,Business Owner,4/28/2023,Senior,1,Phone Call
342716,2,Gutierrez,32,Male,France,36256.35,Married,Business Owner,4/3/2026,Family,4,Email
342720,4,Evans,54,Female,Germany,215700.08,Married,Business Owner,10/13/2019,Premium,3,Mail
342924,2,Payne,51,Male,Spain,58888.59,Single,Self-Employed,9/27/2024,Family,2,SMS
342948,1,Anderson,24,Male,France,39692.60,Single,Salaried Employee,4/19/2024,Retail,0,Mail
343007,3,Hicks,22,Female,Germany,23594.97,Single,Student,11/11/2017,Student,0,Email
343118,1,James,47,Male,United States,33971.68,Married,Unemployed,12/15/2023,Retail,1,Mobile App Push
343420,1,Morse,50,Male,France,44165.35,Single,Freelancer,8/8/2020,Retail,1,Mobile App Push
343461,1,James,46,Female,United Kingdom,20326.94,Single,Salaried Employee,1/27/2024,Retail,0,Email
343467,2,Martin,40,Female,France,28819.00,Married,Business Owner,6/20/2023,Family,2,Mail
343500,1,Valenzuela,38,Male,Germany,37646.68,Single,Unemployed,4/11/2022,Retail,2,Email
343807,1,Mckay,50,Male,Spain,17361.28,Married,Self-Employed,8/16/2019,Retail,0,Email
343923,1,Tran,52,Female,France,66338.01,Single,Salaried Employee,12/22/2023,Retail,0,Email
343962,2,Williams,39,Male,Germany,24675.77,Married,Unemployed,8/22/2023,Family,1,Mail
343977,2,Stevenson,44,Female,United Kingdom,49478.60,Married,Business Owner,6/6/2023,Family,1,Phone Call
344026,2,Romero,38,Female,United Kingdom,54844.81,Married,Business Owner,8/1/2026,Family,0,SMS
344068,2,Harris,28,Male,United States,63537.04,Married,Salaried Employee,6/16/2019,Family,3,Mail
344098,1,Jones,26,Female,Spain,21859.85,Single,Business Owner,3/11/2025,Retail,2,SMS
344119,4,Hendrix,58,Male,United Kingdom,171179.16,Married,Freelancer,10/29/2025,Premium,1,Mobile App Push
344146,41,Cooper,46,Female,Germany,34653.65,Married,Salaried Employee,3/18/2019,Unknown,0,Email
344303,5,Kelley,75,Male,Spain,26032.38,Widowed,Retired,7/12/2021,Senior,0,Email
344312,2,Walker,41,Male,United Kingdom,53698.82,Married,Salaried Employee,1/6/2023,Family,1,SMS
344315,1,Skinner,47,Male,France,38546.97,Widowed,Salaried Employee,6/9/2019,Retail,0,Phone Call
344316,4,Haynes,35,Male,Spain,125817.89,Single,Salaried Employee,10/28/2021,Premium,0,Mobile App Push
344762,3,Davidson,22,Male,Germany,13899.48,Single,Student,6/9/2018,Student,0,Mobile App Push
344831,1,Miles,57,Male,United States,28121.83,Widowed,Salaried Employee,11/9/2025,Retail,0,Email
344907,2,Moore,35,Female,Germany,73897.64,Single,Salaried Employee,6/10/2022,Family,1,SMS
344959,2,Snyder,43,Male,Germany,45739.56,Divorced,Salaried Employee,11/21/2021,Family,1,Phone Call
345011,3,Baker,23,Male,France,18858.10,Widowed,Student,12/6/2021,Student,0,Email
345180,1,Preston,51,Female,United States,26026.09,Married,Salaried Employee,4/22/2017,Retail,0,SMS
345369,4,Smith,44,Male,United Kingdom,117382.06,Married,Salaried Employee,2/24/2025,Premium,1,SMS
345386,3,Franco,23,Female,Spain,19176.07,Married,Student,2/17/2024,Student,0,Phone Call
345517,1,Martin,49,Female,Spain,34778.67,Divorced,Salaried Employee,1/14/2021,Retail,1,SMS
345536,1,Nunez,54,Female,United Kingdom,32126.85,Single,Unemployed,4/12/2024,Retail,1,Email
345722,1,Smith,35,Male,United States,30404.11,Married,Salaried Employee,7/28/2023,Retail,0,Mail
345884,3,Spencer,23,Male,Spain,19801.04,Single,Student,11/9/2016,Student,0,SMS
345896,5,Manning,78,Male,Germany,40163.24,Married,Retired,12/1/2021,Senior,0,Phone Call
345925,2,Vincent,35,Male,Germany,29436.43,Divorced,Self-Employed,3/24/2022,Family,2,Mobile App Push
346024,1,Walker,31,Male,United States,86560.25,Married,Salaried Employee,7/16/2020,Retail,0,Phone Call
346174,3,Hart,20,Female,United States,14920.70,Single,Freelancer,3/25/2022,Student,0,Mail
346205,5,Evans,72,Male,Germany,27990.24,Widowed,Salaried Employee,10/31/2024,Senior,1,Phone Call
346269,2,Robinson,37,Female,United Kingdom,50762.70,Married,Salaried Employee,12/3/2017,Family,2,SMS
346277,2,Mitchell,46,Female,United Kingdom,21572.59,Married,Self-Employed,12/20/2017,Family,2,Email
346415,1,Bentley,48,Male,Spain,45003.79,Married,Unemployed,10/27/2021,Retail,0,Mobile App Push
346629,4,Hoover,49,Male,Spain,113624.23,Married,Business Owner,9/2/2021,Premium,0,Mobile App Push
346668,1,Robles,53,Male,United States,94751.10,Married,Self-Employed,9/9/2024,Retail,3,Mail
346729,2,Hernandez,44,Male,Spain,38351.48,Divorced,Self-Employed,4/11/2026,Family,4,SMS
346961,3,Vazquez,23,Female,France,8934.01,Married,Student,1/1/2026,Student,0,Mobile App Push
347085,2,Hernandez,42,Female,Germany,39247.48,Married,Salaried Employee,12/25/2025,Family,2,SMS
347088,1,Bowen,31,Male,Germany,33952.00,Divorced,Freelancer,5/1/2017,Retail,0,Email
347231,1,Aguilar,50,Female,United Kingdom,31473.00,Single,Salaried Employee,10/11/2016,Retail,0,Email
347259,4,Wheeler,52,Female,United States,113857.35,Divorced,Salaried Employee,11/18/2024,Premium,0,Email
347428,2,Jacobs,39,Female,France,25464.49,Married,Business Owner,6/12/2016,Family,3,Mobile App Push
347459,4,Anderson,58,Male,France,127282.47,Married,Self-Employed,8/22/2022,Premium,0,SMS
347582,5,Williams,71,Female,Spain,28637.30,Divorced,Self-Employed,7/19/2019,Senior,0,Email
347625,1,Caldwell,42,Female,United States,29130.35,Married,Salaried Employee,6/24/2026,Retail,0,Email
347669,5,Perkins,79,Female,Germany,62361.25,Widowed,Retired,4/18/2020,Senior,0,Mail
347678,1,Wells,28,Female,Germany,37487.74,Single,Self-Employed,7/14/2023,Retail,0,Email
347745,2,Moore,45,Male,France,51973.96,Married,Business Owner,10/12/2022,Family,3,Mobile App Push
347781,3,Morrow,18,Male,Germany,21362.10,Single,Student,5/4/2025,Student,0,Mail
347861,2,Bradshaw,36,Male,Germany,51630.08,Married,Business Owner,6/21/2023,Family,0,Mobile App Push
348041,2,Jones,46,Female,United States,37845.38,Divorced,Self-Employed,4/11/2026,Family,1,Mobile App Push
348235,1,Mitchell,59,Male,Germany,59461.92,Married,Salaried Employee,11/2/2022,Retail,1,SMS
348237,2,Mack,41,Male,France,37818.85,Married,Salaried Employee,2/7/2023,Family,2,SMS
348250,5,Walters,79,Male,United Kingdom,25391.57,Married,Retired,7/26/2020,Senior,0,SMS
348273,1,Kane,38,Female,United States,34621.32,Married,Salaried Employee,9/1/2019,Retail,1,Phone Call
348411,4,Clayton,52,Male,Germany,87427.68,Married,Business Owner,3/7/2018,Premium,2,Mobile App Push
348455,4,Miranda,54,Female,Germany,34875.26,Married,Business Owner,12/26/2021,Premium,1,SMS
348636,2,Mcclain,47,Male,Germany,47875.26,Married,Business Owner,4/2/2023,Family,4,Mobile App Push
348658,1,Garcia,29,Male,United States,33895.22,Married,Salaried Employee,6/20/2025,Retail,2,Email
348728,3,Miller,20,Male,United Kingdom,25473.74,Single,Student,4/9/2023,Student,0,Mobile App Push
349068,1,Lewis,25,Male,United Kingdom,62277.17,Married,Salaried Employee,3/24/2022,Retail,0,Mail
349087,4,Johnson,41,Female,United Kingdom,87664.13,Single,Business Owner,12/2/2024,Premium,1,Mobile App Push
349119,4,Jennings,68,Female,United States,89239.85,Divorced,Salaried Employee,6/26/2024,Premium,0,SMS
349136,2,Coffey,45,Female,Germany,54163.43,Married,Unemployed,5/3/2018,Family,2,Phone Call
349183,1,Acosta,34,Female,France,44210.86,Married,Salaried Employee,5/23/2025,Retail,0,SMS
349185,1,Hodges,40,Male,France,22065.29,Single,Self-Employed,1/5/2020,Retail,0,Email
349433,5,Johnson,75,Female,Germany,32270.19,Married,Retired,4/11/2018,Senior,0,Mail
349489,1,Clements,42,Male,Germany,34949.84,Married,Salaried Employee,4/23/2023,Retail,0,Mobile App Push
349505,5,Morris,69,Male,United States,20098.58,Widowed,Retired,7/15/2017,Senior,2,Email
349556,1,Wallace,30,Male,Germany,31214.84,Married,Salaried Employee,5/15/2017,Retail,0,SMS
349565,2,Poole,39,Male,United Kingdom,55035.40,Married,Salaried Employee,12/13/2022,Family,4,SMS
349736,1,Parrish,39,Female,United States,62909.91,Married,Salaried Employee,12/8/2025,Retail,2,Email
350021,1,Mahoney,53,Male,France,47893.33,Married,Salaried Employee,7/15/2025,Retail,1,Mobile App Push
350069,1,Johnson,45,Female,Spain,35480.59,Divorced,Freelancer,3/25/2026,Retail,3,SMS
350132,1,Fitzpatrick,52,Female,Spain,43431.41,Married,Unemployed,12/24/2021,Retail,3,Mobile App Push
350161,1,Hicks,53,Male,United States,25022.65,Single,Freelancer,4/14/2023,Retail,1,Mail
350164,1,Hudson,51,Female,United States,21325.47,Single,Salaried Employee,3/11/2022,Retail,2,SMS
350224,3,Jones,20,Female,Germany,11921.92,Single,Student,1/20/2022,Student,0,Mobile App Push
350229,1,Doyle,56,Female,Spain,13749.62,Divorced,Salaried Employee,9/1/2024,Retail,0,SMS
350280,4,Schwartz,49,Female,Germany,95409.48,Married,Self-Employed,12/24/2019,Premium,3,Phone Call
350385,2,Yang,36,Male,United Kingdom,52319.83,Married,Salaried Employee,12/20/2019,Family,1,Mail
350405,2,Stewart,47,Male,United States,73027.23,Married,Self-Employed,12/13/2023,Family,3,Email
350484,1,Henderson,34,Male,Spain,55718.98,Divorced,Salaried Employee,3/2/2022,Retail,0,SMS
350675,3,Kim,19,Female,Spain,29663.42,Single,Student,8/27/2018,Student,0,Mobile App Push
350786,2,Spencer,39,Male,Germany,25475.56,Married,Salaried Employee,5/10/2019,Family,3,SMS
350867,1,Vance,56,Female,France,39205.81,Married,Unemployed,1/6/2022,Retail,0,SMS
350875,1,Carter,39,Male,Germany,23690.91,Married,Salaried Employee,1/12/2016,Retail,0,Email
350878,4,Roberts,68,Male,France,74052.76,Single,Freelancer,3/17/2023,Premium,0,SMS
350905,2,Stanton,47,Male,United Kingdom,44487.87,Divorced,Salaried Employee,5/18/2023,Family,2,Mobile App Push
350921,5,Mason,83,Male,France,23121.56,Married,Retired,11/18/2022,Senior,0,Mail
350956,1,Ritter,41,Male,United States,24670.66,Married,Freelancer,4/22/2020,Retail,0,SMS
350967,2,Hernandez,43,Male,United Kingdom,36923.91,Married,Salaried Employee,6/30/2019,Family,1,Email
351083,1,Kelley,43,Male,United Kingdom,45882.96,Divorced,Salaried Employee,11/25/2024,Retail,2,Email
351198,1,Hines,31,Female,Germany,65915.71,Single,Business Owner,8/27/2020,Retail,0,Email
351516,4,Green,39,Male,Spain,203809.66,Married,Self-Employed,9/12/2016,Premium,1,SMS
351974,2,Lee,35,Male,Spain,17519.12,Married,Salaried Employee,10/4/2017,Family,3,Mobile App Push
351997,4,Mendoza,62,Male,United States,257682.25,Married,Business Owner,4/8/2026,Premium,2,SMS
352023,1,Graves,38,Male,United States,41174.34,Single,Salaried Employee,4/28/2026,Retail,0,Mail
352036,1,Spencer,33,Female,Germany,43274.99,Single,Salaried Employee,1/27/2017,Retail,0,Email
352153,1,Rowland,47,Male,Spain,57876.28,Married,Business Owner,1/3/2026,Retail,0,Mobile App Push
352194,1,Pearson,47,Male,Germany,31592.15,Divorced,Freelancer,4/5/2021,Retail,1,Email
352249,2,Liu,50,Male,France,22814.11,Married,Salaried Employee,11/5/2021,Family,2,SMS
352356,2,Harris,42,Female,Germany,32477.21,Married,Unemployed,6/12/2022,Family,3,Mail
352415,1,Powell,44,Male,United Kingdom,27455.31,Married,Salaried Employee,9/20/2017,Retail,1,Mobile App Push
352422,1,Vargas,53,Female,United States,40024.27,Married,Unemployed,7/21/2026,Retail,0,Email
352528,2,Snyder,55,Male,Germany,73079.75,Married,Salaried Employee,6/10/2025,Family,3,Mobile App Push
352572,5,Green,68,Female,United Kingdom,53092.72,Divorced,Retired,5/4/2021,Senior,1,Mail
352593,1,Schaefer,24,Female,France,23629.92,Married,Salaried Employee,10/13/2021,Retail,2,Mobile App Push
352673,3,Miller,24,Male,France,14191.38,Single,Student,1/12/2026,Student,0,Email
352674,4,Cole,45,Male,France,92735.84,Married,Self-Employed,10/17/2020,Premium,1,Email
352792,1,Mack,34,Female,France,23417.04,Married,Salaried Employee,2/19/2023,Retail,1,Mobile App Push
352838,5,Melton,61,Female,France,23527.05,Divorced,Retired,2/4/2018,Senior,1,SMS
352867,2,Barry,52,Male,United Kingdom,49876.56,Married,Salaried Employee,9/10/2024,Family,1,Email
353080,1,Gill,37,Male,Germany,50108.32,Single,Salaried Employee,6/23/2018,Retail,1,Mobile App Push
353480,1,Hill,44,Female,United States,76082.64,Married,Salaried Employee,3/10/2023,Retail,0,SMS
353542,1,Martinez,52,Female,France,56782.88,Single,Salaried Employee,6/24/2025,Retail,2,Mobile App Push
353690,4,Ho,36,Female,United Kingdom,65805.02,Married,Self-Employed,4/3/2017,Premium,2,Phone Call
353777,4,Miller,50,Male,Spain,123566.37,Single,Salaried Employee,5/29/2024,Premium,2,Mail
353814,1,Love,40,Male,United States,107335.06,Single,Freelancer,2/11/2023,Retail,0,Email
353961,4,Smith,32,Male,France,174680.41,Divorced,Self-Employed,11/11/2016,Premium,0,Mobile App Push
354085,1,Beard,43,Female,United States,18619.23,Divorced,Salaried Employee,2/8/2021,Retail,0,Mobile App Push
354200,5,Reid,77,Female,Germany,42966.63,Widowed,Retired,11/30/2019,Senior,0,Mobile App Push
354235,5,Shelton,80,Male,France,27290.16,Married,Retired,2/6/2020,Senior,1,Mail
354367,4,Marshall,43,Female,Spain,162172.98,Divorced,Self-Employed,11/19/2019,Premium,1,Email
354377,1,Kennedy,48,Male,France,18844.21,Single,Unemployed,9/20/2018,Retail,1,Email
354471,4,Anderson,45,Male,France,111889.73,Married,Business Owner,11/14/2017,Premium,0,SMS
354533,5,Patrick,73,Female,France,27880.59,Married,Retired,9/22/2022,Senior,2,Phone Call
354646,2,Wright,38,Female,United Kingdom,57509.28,Married,Business Owner,10/31/2019,Family,2,SMS
354655,4,Sullivan,40,Female,Germany,277648.48,Married,Self-Employed,5/30/2024,Premium,0,Mail
354801,2,White,42,Male,United States,49064.54,Married,Self-Employed,7/2/2025,Family,1,SMS
354854,5,Clarke,72,Male,United Kingdom,38628.75,Divorced,Retired,5/2/2022,Senior,0,Email
354897,2,Kelly,34,Male,France,75454.05,Married,Salaried Employee,1/3/2021,Family,3,SMS
355021,2,Duran,48,Male,Germany,70003.91,Married,Salaried Employee,10/16/2022,Family,2,SMS
355090,5,Jenkins,81,Male,United Kingdom,44011.64,Married,Retired,12/29/2019,Senior,0,Email
355123,4,Rivera,32,Male,France,70024.55,Married,Salaried Employee,2/12/2018,Premium,1,SMS
355135,2,Hill,41,Female,France,26545.20,Single,Salaried Employee,3/24/2026,Family,2,SMS
355400,5,Garza,68,Male,United States,43580.18,Divorced,Retired,10/2/2020,Senior,1,SMS
355479,1,Buchanan,42,Female,Germany,33424.40,Single,Salaried Employee,7/11/2019,Retail,0,Mobile App Push
355506,2,Allen,34,Female,Germany,40927.28,Married,Salaried Employee,9/1/2017,Family,3,Email
355528,3,Gutierrez,21,Male,Germany,15019.15,Single,Student,10/27/2025,Student,0,Mail
355570,1,Scott,48,Female,United Kingdom,22817.87,Divorced,Self-Employed,4/9/2020,Retail,3,Mobile App Push
355671,1,Vargas,33,Male,Germany,56603.79,Married,Salaried Employee,12/12/2022,Retail,2,Email
355709,2,Young,42,Male,Spain,20977.25,Married,Self-Employed,8/13/2020,Family,2,Mail
355761,4,Robinson,32,Male,France,74099.62,Married,Self-Employed,4/4/2024,Premium,3,Mobile App Push
355836,5,Moss,67,Male,France,17153.13,Married,Retired,4/23/2024,Senior,0,Phone Call
356059,1,Johnson,56,Male,United Kingdom,42559.19,Single,Salaried Employee,3/31/2026,Retail,0,Mail
356150,4,Matthews,50,Female,Germany,157059.15,Single,Business Owner,1/19/2020,Premium,1,SMS
356355,2,Hernandez,43,Male,Spain,63778.12,Married,Salaried Employee,3/7/2021,Family,4,Phone Call
356430,3,Hartman,23,Male,United States,8000.00,Single,Student,5/24/2024,Student,0,SMS
356600,5,Lewis,75,Female,Germany,31434.28,Widowed,Retired,9/14/2017,Senior,2,Mail
356622,1,Henderson,36,Male,France,71002.89,Married,Salaried Employee,11/16/2021,Retail,1,Phone Call
356702,1,Bowers,27,Male,Spain,60573.69,Married,Self-Employed,3/31/2019,Retail,2,Email
356717,1,Clark,51,Female,Germany,18061.79,Divorced,Salaried Employee,11/26/2017,Retail,1,Email
356736,1,Bauer,56,Female,Germany,42131.90,Married,Salaried Employee,10/16/2020,Retail,0,Email
356773,1,Crawford,42,Male,Germany,35498.49,Married,Self-Employed,8/28/2017,Retail,2,SMS
356787,1,Wagner,39,Male,United Kingdom,36347.93,Single,Salaried Employee,10/12/2018,Retail,0,SMS
357034,2,Jackson,50,Female,United Kingdom,41394.70,Married,Salaried Employee,11/1/2017,Family,3,Phone Call
357143,5,Davis,61,Male,Spain,30621.58,Widowed,Retired,2/5/2025,Senior,0,Phone Call
357420,1,Stephenson,46,Male,Germany,44357.86,Married,Self-Employed,4/3/2024,Retail,3,Mobile App Push
357657,1,Howard,30,Male,France,38134.89,Married,Unemployed,3/26/2024,Retail,0,Mobile App Push
357666,4,Nguyen,35,Female,Germany,119363.26,Married,Salaried Employee,9/21/2020,Premium,0,Mobile App Push
357724,2,Payne,43,Male,Spain,46105.79,Married,Business Owner,1/4/2025,Family,4,Mail
358133,1,Summers,45,Female,United Kingdom,45866.95,Widowed,Salaried Employee,7/8/2024,Retail,3,Mail
358175,4,Reed,48,Male,United States,68714.60,Married,Salaried Employee,12/24/2021,Premium,2,Mobile App Push
358207,3,Chang,25,Female,Germany,20622.63,Single,Student,12/22/2017,Student,0,Email
358421,4,Sanders,37,Female,United Kingdom,127187.31,Married,Salaried Employee,2/1/2018,Premium,0,Email
358494,1,Palmer,59,Male,France,28733.59,Single,Salaried Employee,7/11/2024,Retail,1,Phone Call
358568,4,Dodson,36,Female,France,54495.63,Single,Salaried Employee,1/7/2019,Premium,1,Mobile App Push
358607,1,Baker,34,Male,France,57196.51,Single,Salaried Employee,8/12/2022,Retail,2,Mobile App Push
358635,1,Mason,36,Male,Germany,80826.39,Divorced,Salaried Employee,6/26/2024,Retail,2,Mobile App Push
358771,2,Holland,46,Female,France,42475.80,Married,Self-Employed,9/21/2016,Family,3,Email
359168,5,Ryan,82,Male,Spain,25789.62,Married,Retired,5/5/2025,Senior,1,Phone Call
359249,3,Green,23,Female,United Kingdom,13601.32,Single,Student,3/19/2019,Student,0,Email
359295,3,Cardenas,20,Female,Germany,11885.65,Single,Student,5/25/2026,Student,0,Email
359409,1,Harrington,44,Male,Spain,48983.20,Married,Freelancer,10/20/2018,Retail,0,SMS
359414,1,Anderson,28,Female,United Kingdom,34453.82,Divorced,Freelancer,7/7/2024,Retail,1,Email
359486,1,Greene,37,Male,Germany,65172.78,Married,Salaried Employee,2/27/2025,Retail,0,Phone Call
359535,2,Tucker,47,Female,France,40729.73,Married,Freelancer,8/12/2022,Family,2,Mobile App Push
359555,3,Sanchez,19,Male,France,14720.43,Single,Student,3/2/2024,Student,0,Email
359579,2,Hickman,46,Male,Spain,32819.72,Married,Self-Employed,7/1/2026,Family,1,Mail
359778,4,Ochoa,43,Male,France,65235.97,Married,Self-Employed,8/5/2016,Premium,0,Mobile App Push
359822,5,Spence,73,Female,United Kingdom,46536.09,Married,Self-Employed,10/23/2021,Senior,0,Email
359870,2,Drake,32,Male,United States,33159.13,Married,Unemployed,3/27/2025,Family,1,Email
359896,3,Soto,21,Male,Germany,14775.01,Single,Student,6/1/2022,Student,0,Mobile App Push
359947,2,Gonzalez,47,Female,Germany,28406.52,Single,Salaried Employee,2/2/2026,Family,2,SMS
359961,2,Mitchell,35,Male,Germany,44003.71,Married,Freelancer,1/16/2023,Family,2,Phone Call
360096,2,Baldwin,43,Male,Germany,83328.45,Married,Salaried Employee,3/23/2020,Family,1,Email
360221,2,Skinner,45,Male,France,22720.21,Single,Unemployed,3/10/2022,Family,2,Email
360222,5,Bell,72,Male,Germany,27115.47,Married,Retired,8/7/2022,Senior,2,Email
360247,1,Cook,50,Female,France,46552.53,Married,Salaried Employee,11/21/2019,Retail,1,Phone Call
360276,3,Mcpherson,26,Male,France,8000.00,Single,Student,1/2/2024,Student,0,Mobile App Push
360289,5,Rhodes,63,Female,Spain,53676.25,Married,Business Owner,11/26/2022,Senior,0,Phone Call
360297,1,Alvarado,35,Male,United States,22245.10,Married,Self-Employed,10/16/2021,Retail,0,Mobile App Push
360316,3,Mccoy,24,Male,Spain,15853.33,Single,Student,4/6/2025,Student,0,Email
360322,3,Johnson,24,Male,Germany,10282.57,Single,Student,8/30/2022,Student,0,Email
360330,2,Gonzalez,39,Female,Spain,49286.13,Married,Self-Employed,11/8/2019,Family,2,Email
360651,5,Paul,85,Female,Germany,28168.78,Married,Retired,11/4/2017,Senior,0,Phone Call
360735,3,Martinez,23,Male,Spain,17677.83,Single,Student,7/27/2023,Student,0,Mail
360804,4,Flores,53,Female,France,166208.94,Widowed,Salaried Employee,12/7/2024,Premium,0,Email
360846,2,Murphy,45,Male,Germany,66338.72,Married,Self-Employed,7/19/2025,Family,1,Phone Call
360909,5,Gonzalez,76,Male,Spain,49619.72,Widowed,Retired,12/7/2022,Senior,2,Phone Call
361055,1,Navarro,48,Male,United States,32937.76,Single,Salaried Employee,1/20/2022,Retail,2,Mail
361250,3,Estes,22,Male,France,26727.93,Single,Student,8/31/2025,Student,0,SMS
361303,5,Crawford,71,Male,Germany,31898.68,Divorced,Self-Employed,5/2/2026,Senior,0,SMS
361609,2,Welch,28,Male,United Kingdom,27644.75,Married,Freelancer,2/2/2021,Family,2,Mail
361650,1,Morales,42,Female,Germany,28871.04,Married,Self-Employed,5/20/2021,Retail,2,Mail
361662,1,Lewis,47,Male,Germany,29050.07,Married,Self-Employed,1/13/2020,Retail,1,Email
361736,1,Lane,43,Male,Germany,58233.18,Single,Unemployed,6/29/2020,Retail,2,Phone Call
361805,2,Haynes,43,Female,Germany,47247.33,Married,Salaried Employee,10/9/2024,Family,3,Mobile App Push
361824,3,Becker,22,Female,United States,16562.27,Single,Freelancer,3/11/2023,Student,0,Mail
361941,4,Wilson,61,Male,Germany,175445.78,Married,Freelancer,7/14/2026,Premium,0,Email
361989,4,Levy,66,Male,United Kingdom,118214.66,Single,Business Owner,4/2/2018,Premium,0,Mobile App Push
361993,1,Cohen,51,Male,United States,34650.99,Married,Self-Employed,11/14/2024,Retail,0,SMS
362035,2,Vang,49,Male,United States,46834.71,Divorced,Salaried Employee,3/18/2022,Family,2,Email
362147,1,Larson,57,Female,Spain,44558.85,Single,Freelancer,1/18/2021,Retail,0,Email
362227,4,Porter,46,Male,France,113601.58,Married,Freelancer,1/2/2024,Premium,1,Email
362230,4,Rodriguez,43,Male,United States,140625.00,Married,Self-Employed,6/15/2025,Premium,0,Mobile App Push
362246,1,Anthony,34,Male,Germany,44369.13,Single,Salaried Employee,5/31/2017,Retail,0,Mail
362292,2,Conley,44,Female,United Kingdom,51469.46,Married,Salaried Employee,12/1/2016,Family,2,Email
362529,1,Rowe,36,Female,Spain,49681.42,Single,Freelancer,7/14/2026,Retail,2,Mobile App Push
362552,1,Garcia,36,Female,United States,28696.14,Married,Salaried Employee,4/19/2026,Retail,1,Mobile App Push
362732,3,Gonzales,20,Male,Spain,11307.29,Single,Student,3/5/2023,Student,0,Mail
362769,4,Prince,61,Female,France,203136.81,Married,Salaried Employee,9/8/2022,Premium,0,Mobile App Push
362778,5,Mack,77,Male,Germany,65240.22,Divorced,Salaried Employee,1/12/2018,Senior,0,Phone Call
362801,3,Steele,21,Male,France,21948.32,Single,Student,9/6/2022,Student,0,Mail
362829,1,Schneider,47,Male,France,52868.53,Married,Freelancer,10/27/2018,Retail,0,Email
362865,1,Bennett,54,Male,United Kingdom,31152.58,Single,Self-Employed,7/27/2020,Retail,0,Email
362874,1,Wood,42,Female,Spain,41580.85,Married,Salaried Employee,9/13/2023,Retail,0,Mobile App Push
363165,3,Hernandez,23,Male,Germany,15945.54,Single,Student,6/27/2017,Student,0,Email
363319,2,Herman,35,Female,United States,34727.70,Married,Salaried Employee,3/17/2022,Family,1,Email
363550,2,Evans,41,Female,France,27812.66,Single,Business Owner,12/2/2023,Family,3,Email
363592,1,Malone,61,Female,Spain,41574.94,Single,Business Owner,8/10/2021,Retail,0,Mobile App Push
363615,2,Freeman,48,Male,France,39015.51,Divorced,Salaried Employee,6/5/2021,Family,2,Mobile App Push
363626,1,Ramirez,46,Male,Germany,45410.00,Single,Salaried Employee,7/4/2026,Retail,2,SMS
363807,5,Coleman,78,Male,France,20632.28,Married,Retired,3/27/2019,Senior,0,Phone Call
363871,1,Greene,55,Female,France,22685.86,Single,Salaried Employee,7/16/2017,Retail,0,Mobile App Push
363926,4,Kelley,54,Male,France,135478.85,Married,Business Owner,11/4/2017,Premium,0,Email
364132,4,Brown,50,Female,United Kingdom,78126.69,Divorced,Salaried Employee,8/3/2025,Premium,1,Email
364144,2,Miller,41,Male,Spain,88658.98,Married,Salaried Employee,10/31/2022,Family,1,Mobile App Push
364236,3,Bridges,22,Male,France,8673.96,Single,Freelancer,11/24/2019,Student,0,Mobile App Push
364239,1,Morales,48,Female,Germany,21575.22,Single,Salaried Employee,3/12/2026,Retail,0,Email
364294,5,Andrade,69,Female,United States,53011.70,Divorced,Retired,4/30/2023,Senior,0,Mail
364525,1,Brown,50,Male,France,42629.21,Single,Freelancer,12/15/2023,Retail,0,Email
364650,2,Valdez,40,Female,United Kingdom,30614.29,Married,Salaried Employee,12/28/2019,Family,2,SMS
364659,1,Anderson,46,Female,Spain,40111.49,Divorced,Self-Employed,10/25/2020,Retail,0,Mobile App Push
364679,1,Coleman,52,Male,France,15786.55,Single,Business Owner,5/17/2026,Retail,0,Mobile App Push
364742,2,Russell,46,Female,Germany,34911.99,Married,Salaried Employee,2/21/2022,Family,1,Mobile App Push
364955,5,Sanders,63,Male,United States,31085.58,Married,Retired,4/27/2026,Senior,0,Email
365015,5,Dawson,66,Female,Germany,16224.81,Divorced,Retired,6/14/2024,Senior,1,Email
365018,5,Wallace,68,Male,United Kingdom,57118.38,Married,Retired,8/5/2016,Senior,0,SMS
365406,2,Rodriguez,28,Male,Germany,88447.75,Married,Salaried Employee,4/1/2024,Family,3,Phone Call
365617,2,Jones,32,Male,France,45847.64,Married,Salaried Employee,12/19/2025,Family,1,Mail
365618,5,Charles,79,Female,United States,57479.85,Married,Self-Employed,10/9/2017,Senior,0,Mail
365641,1,Roberts,42,Female,Germany,28334.84,Single,Salaried Employee,8/3/2018,Retail,0,Email
365953,1,Barnes,47,Female,Spain,57525.08,Divorced,Unemployed,8/1/2024,Retail,3,Mobile App Push
365971,1,Cole,51,Female,United Kingdom,35060.46,Married,Freelancer,9/26/2017,Retail,2,Mail
366105,4,Serrano,32,Female,France,231165.28,Married,Freelancer,6/14/2023,Premium,0,Email
366314,1,Jones,47,Male,Spain,29509.08,Married,Salaried Employee,2/10/2026,Retail,0,Email
366431,2,Reynolds,42,Female,Spain,40799.66,Married,Business Owner,4/25/2022,Family,3,Email
366641,2,Lewis,36,Female,France,26766.36,Married,Salaried Employee,6/16/2026,Family,2,Mobile App Push
366642,2,Lee,34,Female,France,37352.01,Married,Salaried Employee,6/2/2017,Family,3,Mobile App Push
366776,1,King,62,Male,United States,29813.72,Single,Self-Employed,1/23/2017,Retail,1,SMS
366817,3,Maldonado,18,Male,France,15156.31,Widowed,Student,11/7/2016,Student,0,Mail
366881,1,Herman,42,Male,France,40821.63,Married,Salaried Employee,1/6/2018,Retail,2,Mobile App Push
367095,4,Thompson,41,Female,Germany,157499.45,Married,Salaried Employee,2/24/2023,Premium,2,Mobile App Push
367271,5,Barajas,71,Male,United Kingdom,36491.30,Single,Retired,11/24/2021,Senior,0,Email
367382,5,Turner,79,Male,Germany,18487.87,Widowed,Salaried Employee,7/26/2018,Senior,1,Phone Call
367403,1,Potts,34,Male,Germany,29075.02,Single,Self-Employed,4/19/2026,Retail,0,Email
367508,4,Cameron,61,Male,France,185356.90,Married,Business Owner,6/8/2024,Premium,3,SMS
367729,2,Payne,31,Female,France,41261.06,Married,Self-Employed,11/30/2023,Family,3,Mobile App Push
367747,1,Mooney,41,Female,Germany,33081.51,Single,Salaried Employee,1/15/2025,Retail,0,Mobile App Push
367865,5,Carney,79,Female,United Kingdom,53216.93,Married,Retired,10/6/2021,Senior,0,Email
367931,2,Lang,43,Female,France,31146.75,Widowed,Unemployed,11/21/2018,Family,3,SMS
368214,3,Sanchez,20,Male,United States,21750.65,Single,Student,8/30/2017,Student,0,Phone Call
368322,1,Key,32,Male,Germany,29610.97,Single,Freelancer,8/8/2019,Retail,1,Email
368355,1,Waller,40,Female,United Kingdom,23059.36,Single,Self-Employed,2/13/2018,Retail,1,Mobile App Push
368371,2,Miller,44,Female,Spain,69789.77,Married,Salaried Employee,12/10/2021,Family,2,Mobile App Push
368402,4,Duran,47,Female,United Kingdom,36605.47,Married,Self-Employed,9/25/2022,Premium,2,Mail
368690,5,Donovan,73,Female,Spain,20187.17,Married,Retired,8/30/2020,Senior,0,Phone Call
368691,2,Mitchell,46,Male,Germany,25247.04,Married,Unemployed,9/12/2023,Family,1,Email
368900,2,Schaefer,40,Female,United Kingdom,35387.27,Married,Unemployed,8/11/2017,Family,0,Mobile App Push
369054,5,Harvey,88,Female,United States,31434.79,Married,Salaried Employee,12/4/2023,Senior,0,Phone Call
369125,2,Walls,35,Female,Germany,41098.37,Married,Freelancer,5/14/2017,Family,1,Phone Call
369437,5,Thompson,69,Female,Germany,36220.87,Married,Business Owner,4/10/2024,Senior,2,Mail
369452,1,Holland,34,Female,Spain,32994.58,Married,Freelancer,9/16/2025,Retail,0,Mobile App Push
369761,1,Lucas,49,Male,United Kingdom,37410.98,Single,Unemployed,12/15/2020,Retail,0,SMS
369826,5,Marshall,84,Female,United States,58033.26,Married,Retired,3/14/2017,Senior,0,SMS
369836,1,Brown,37,Female,United States,35725.13,Married,Salaried Employee,10/3/2019,Retail,0,Phone Call
370196,1,Frye,33,Female,United Kingdom,55009.36,Divorced,Salaried Employee,8/17/2021,Retail,3,Mobile App Push
370211,1,Wheeler,47,Male,France,42023.61,Single,Business Owner,1/9/2025,Retail,2,Mail
370233,5,Howell,79,Male,France,63808.96,Married,Retired,6/26/2019,Senior,0,Email
370328,1,Baker,40,Male,France,37120.00,Married,Salaried Employee,3/8/2025,Retail,0,Mobile App Push
370343,1,Hall,29,Female,United Kingdom,26189.40,Single,Salaried Employee,8/6/2024,Retail,0,Email
370413,5,Robertson,65,Male,United Kingdom,18616.97,Married,Retired,7/9/2023,Senior,2,Phone Call
370587,3,Alvarez,20,Male,France,10088.07,Married,Student,10/12/2021,Student,0,Email
370782,2,Martin,42,Male,France,87550.02,Married,Unemployed,5/20/2020,Family,1,Mail
370804,1,Hale,39,Male,Germany,35624.97,Single,Business Owner,9/8/2022,Retail,2,SMS
370902,1,Atkinson,53,Female,France,33569.20,Single,Salaried Employee,4/30/2021,Retail,0,Email
371212,2,Brown,45,Male,France,81047.92,Married,Salaried Employee,1/26/2025,Family,1,Mobile App Push
371216,1,Cole,42,Female,France,29052.01,Married,Salaried Employee,11/8/2024,Retail,0,Phone Call
371222,1,Martinez,42,Female,Spain,48316.48,Married,Salaried Employee,1/15/2018,Retail,0,SMS
371224,1,Hunter,40,Male,Germany,21071.44,Married,Salaried Employee,8/8/2025,Retail,1,Email
371306,1,Velasquez,42,Female,United Kingdom,34699.33,Married,Business Owner,6/19/2026,Retail,1,Phone Call
371393,1,Spencer,31,Female,Germany,30260.04,Single,Self-Employed,12/13/2017,Retail,1,Phone Call
371577,2,Wu,48,Male,France,43719.28,Married,Salaried Employee,10/31/2024,Family,2,SMS
371782,1,Porter,46,Female,United States,24008.44,Married,Business Owner,12/14/2023,Retail,1,Phone Call
371840,4,Banks,45,Male,France,72526.26,Married,Salaried Employee,8/19/2017,Premium,0,Mobile App Push
372028,2,Matthews,45,Female,Spain,67913.46,Married,Salaried Employee,11/11/2024,Family,1,Email
372273,4,Lozano,51,Male,France,94641.50,Married,Self-Employed,2/13/2020,Premium,2,Mail
372315,1,Jackson,24,Male,Spain,27644.48,Divorced,Freelancer,5/14/2019,Retail,3,Email
372387,1,Carter,46,Male,France,56409.20,Single,Salaried Employee,6/29/2019,Retail,0,Mobile App Push
372427,1,Martinez,48,Male,United Kingdom,36940.63,Single,Salaried Employee,9/27/2022,Retail,0,Email
372793,4,Johnson,48,Male,France,78056.79,Married,Self-Employed,6/23/2023,Premium,2,SMS
372804,1,Shelton,24,Male,United Kingdom,45690.79,Divorced,Salaried Employee,4/1/2019,Retail,0,Mobile App Push
372933,2,Glenn,36,Male,United Kingdom,32875.19,Married,Salaried Employee,3/17/2025,Family,2,SMS
373094,1,Dunn,42,Male,Germany,46298.33,Married,Salaried Employee,9/14/2017,Retail,0,SMS
373216,1,Morse,35,Male,Spain,41229.26,Single,Salaried Employee,12/19/2025,Retail,1,Mobile App Push
373276,1,Terry,49,Female,Spain,38193.72,Single,Salaried Employee,3/23/2021,Retail,2,Mobile App Push
373432,2,Alexander,42,Female,France,44510.61,Married,Freelancer,3/5/2025,Family,1,Mobile App Push
373441,1,Wallace,38,Male,United Kingdom,40937.76,Divorced,Salaried Employee,6/21/2025,Retail,0,Email
373453,1,Obrien,37,Female,United Kingdom,39448.57,Single,Self-Employed,6/4/2026,Retail,0,Mobile App Push
373668,1,Mcgee,40,Male,France,26425.32,Married,Salaried Employee,5/10/2025,Retail,3,Mobile App Push
373791,2,Walsh,43,Male,France,50529.77,Married,Salaried Employee,6/30/2018,Family,3,Email
373812,4,Gomez,32,Female,France,124247.48,Single,Business Owner,8/21/2025,Premium,3,Email
373832,1,Thomas,49,Female,France,70404.81,Divorced,Salaried Employee,4/27/2020,Retail,0,SMS
373903,1,Smith,54,Female,France,48575.14,Divorced,Business Owner,1/6/2017,Retail,1,Email
373943,5,Olson,73,Female,Spain,24434.71,Married,Retired,2/14/2026,Senior,0,Email
373995,2,Miller,40,Female,Germany,33707.22,Single,Salaried Employee,11/27/2019,Family,2,Mobile App Push
374258,1,Zamora,46,Male,Spain,39298.73,Married,Salaried Employee,9/12/2018,Retail,1,Mobile App Push
374267,1,Obrien,44,Male,France,48444.92,Single,Salaried Employee,10/18/2023,Retail,0,Mobile App Push
374320,5,Rush,72,Female,United Kingdom,60986.57,Married,Retired,3/9/2026,Senior,0,Mail
374492,1,Warner,50,Male,France,14795.17,Married,Freelancer,2/15/2017,Retail,0,Mobile App Push
374680,5,Ramos,68,Female,Germany,18157.85,Widowed,Retired,4/19/2020,Senior,0,SMS
374896,5,Frazier,69,Male,Spain,25273.48,Widowed,Salaried Employee,6/4/2018,Senior,0,Mobile App Push
374921,1,Richardson,44,Male,Spain,63603.75,Married,Freelancer,11/19/2017,Retail,0,Phone Call
375097,1,Campbell,41,Female,United States,71942.47,Single,Salaried Employee,11/15/2021,Retail,1,Email
375201,1,Glass,45,Male,United Kingdom,28680.78,Single,Salaried Employee,7/26/2022,Retail,1,Email
375311,1,Keller,42,Male,Spain,30503.13,Single,Salaried Employee,6/23/2026,Retail,0,Mail
375382,2,Downs,46,Male,France,68247.31,Married,Business Owner,12/13/2024,Family,1,Mail
375504,1,Wise,42,Male,France,87928.20,Divorced,Business Owner,8/17/2016,Retail,1,Mail
375581,1,Oconnell,34,Male,Germany,40598.98,Married,Salaried Employee,9/1/2022,Retail,0,Email
375617,2,Flynn,43,Male,France,26332.18,Married,Freelancer,7/8/2026,Family,2,Mobile App Push
375722,3,Mccullough,22,Male,Spain,8538.33,Single,Freelancer,1/4/2019,Student,0,Mobile App Push
375754,5,Jarvis,76,Male,Germany,21613.76,Married,Retired,3/26/2023,Senior,0,Phone Call
375769,4,Ortega,46,Female,Germany,73694.99,Single,Business Owner,3/4/2021,Premium,2,Email
375871,1,Smith,53,Female,France,41148.57,Married,Salaried Employee,8/5/2023,Retail,0,Mobile App Push
376021,4,Flores,55,Male,Germany,69408.22,Married,Business Owner,11/28/2016,Premium,0,Mobile App Push
376085,3,Wu,23,Female,United Kingdom,11952.12,Single,Student,9/1/2021,Student,0,Mail
376106,1,Pitts,39,Male,France,34554.21,Married,Salaried Employee,6/15/2020,Retail,0,Mobile App Push
376141,5,Bryant,69,Male,Germany,42107.02,Widowed,Retired,2/18/2020,Senior,0,Email
376142,2,Carroll,36,Male,Germany,48671.21,Married,Salaried Employee,1/29/2023,Family,1,SMS
376183,1,Byrd,39,Female,Spain,17427.16,Single,Salaried Employee,12/31/2025,Retail,0,SMS
376195,5,Myers,73,Female,Germany,65778.01,Widowed,Retired,10/9/2019,Senior,0,Phone Call
376807,3,Bentley,19,Female,Spain,10684.04,Single,Unemployed,10/26/2024,Student,0,Email
376955,2,Wright,42,Male,France,36032.87,Married,Business Owner,1/1/2018,Family,3,Email
376967,2,Rivera,35,Male,United Kingdom,30369.52,Married,Salaried Employee,4/3/2024,Family,2,SMS
377075,2,Gray,45,Female,Spain,27834.37,Married,Salaried Employee,5/27/2020,Family,2,Email
377198,2,Archer,32,Female,United States,33010.95,Married,Salaried Employee,9/23/2021,Family,4,Email
377203,1,Vazquez,44,Male,United Kingdom,27600.12,Married,Salaried Employee,5/19/2017,Retail,1,Mobile App Push
377238,4,Hart,63,Male,Spain,89613.87,Single,Business Owner,6/9/2021,Premium,1,Mobile App Push
377304,4,Walker,40,Female,United Kingdom,139397.18,Married,Business Owner,11/11/2023,Premium,2,Mobile App Push
377312,1,Burgess,53,Male,France,31225.41,Married,Freelancer,7/19/2019,Retail,3,Mail
377319,5,Sawyer,78,Female,United States,33872.25,Widowed,Retired,4/24/2024,Senior,0,Mail
377370,1,White,52,Male,France,49793.02,Single,Unemployed,8/7/2021,Retail,0,Phone Call
377405,1,Johnson,56,Male,United States,21721.97,Divorced,Salaried Employee,11/30/2020,Retail,0,SMS
377501,1,Williams,47,Female,Spain,19721.97,Single,Self-Employed,1/24/2023,Retail,2,SMS
377511,3,Cole,23,Female,United States,18120.05,Single,Student,12/8/2024,Student,0,Mobile App Push
377521,3,Collins,23,Female,France,20105.19,Single,Student,3/31/2017,Student,0,Mail
377746,5,Jacobs,70,Female,France,24962.86,Married,Retired,4/26/2019,Senior,0,Mail
377860,2,Santos,43,Female,Germany,39019.69,Married,Unemployed,5/29/2019,Family,4,Email
377877,3,Howard,21,Female,United Kingdom,20219.52,Single,Student,7/7/2020,Student,0,Mail
377880,5,Montes,81,Female,Spain,44071.32,Widowed,Salaried Employee,7/14/2022,Senior,1,Phone Call
377896,1,Mccoy,32,Female,France,50451.54,Single,Salaried Employee,11/7/2021,Retail,1,Email
377932,1,Adkins,51,Female,France,39473.97,Single,Salaried Employee,10/13/2020,Retail,3,Mobile App Push
378082,1,Scott,50,Male,United Kingdom,43444.14,Single,Salaried Employee,2/18/2019,Retail,1,Mail
378085,5,Reynolds,78,Male,Spain,22207.58,Divorced,Retired,12/28/2016,Senior,0,Mail
378095,2,Norman,47,Female,Germany,32461.89,Married,Salaried Employee,9/13/2021,Family,1,Mobile App Push
378150,3,Fischer,22,Male,France,15461.43,Single,Student,12/25/2024,Student,0,Email
378258,2,Wilson,47,Male,France,46362.13,Married,Self-Employed,10/3/2023,Family,4,SMS
378297,2,Smith,39,Female,Spain,48996.33,Married,Salaried Employee,11/22/2024,Family,2,Email
378361,2,Butler,43,Male,Spain,64721.59,Married,Salaried Employee,9/9/2023,Family,2,Mobile App Push
378428,1,Mitchell,51,Female,Germany,30322.50,Married,Salaried Employee,4/27/2020,Retail,0,Mobile App Push
378517,4,Christian,48,Male,France,76308.42,Divorced,Business Owner,2/3/2023,Premium,0,Phone Call
378535,1,Mendez,41,Female,United Kingdom,38365.56,Married,Salaried Employee,7/27/2019,Retail,0,Email
378727,1,Park,56,Female,France,32841.07,Married,Salaried Employee,2/16/2023,Retail,1,SMS
379190,1,Duncan,33,Female,Germany,17538.46,Married,Salaried Employee,12/11/2025,Retail,0,Email
379378,1,Mills,39,Male,Germany,28114.17,Married,Salaried Employee,7/4/2020,Retail,1,Mobile App Push
379449,1,Jackson,54,Female,Spain,34491.69,Divorced,Freelancer,9/11/2023,Retail,0,Mobile App Push
379473,2,Russell,41,Female,France,34698.23,Married,Salaried Employee,3/10/2020,Family,3,SMS
379676,3,Thornton,20,Male,Germany,16960.32,Single,Student,2/10/2024,Student,0,Phone Call
379766,1,Lewis,49,Male,Germany,31028.44,Married,Self-Employed,5/17/2022,Retail,0,SMS
379786,5,Ray,79,Male,United States,43102.34,Widowed,Retired,6/12/2020,Senior,0,Email
379825,5,Riley,72,Female,United Kingdom,54848.41,Married,Retired,9/27/2019,Senior,0,Mail
379946,2,Ramirez,35,Male,France,48007.18,Married,Self-Employed,10/24/2020,Family,3,SMS
379947,4,Clements,49,Female,Spain,247677.73,Widowed,Business Owner,1/3/2020,Premium,2,Email
379963,3,Cox,24,Male,Spain,11925.36,Single,Student,3/7/2026,Student,0,Phone Call
380028,1,Simpson,30,Male,Spain,22239.90,Married,Self-Employed,2/21/2026,Retail,3,Email
380061,4,Grant,32,Female,Spain,139601.67,Married,Self-Employed,7/10/2019,Premium,1,Email
380150,16,Elliott,57,Male,United States,11084.45,Married,Self-Employed,8/8/2018,Unknown,2,Email
380310,2,Davis,35,Female,Germany,29816.02,Single,Business Owner,11/8/2022,Family,1,Mail
380329,5,Macias,81,Female,United Kingdom,44815.53,Married,Retired,3/28/2024,Senior,0,Phone Call
380345,1,Harris,47,Female,Germany,39136.83,Married,Business Owner,11/12/2016,Retail,0,Phone Call
380439,1,Quinn,38,Male,United Kingdom,96410.42,Married,Salaried Employee,12/8/2017,Retail,1,SMS
380464,5,Thompson,74,Male,United States,25466.23,Widowed,Retired,5/4/2021,Senior,0,Mobile App Push
380465,2,Pruitt,32,Female,United States,28245.83,Married,Salaried Employee,3/10/2026,Family,2,Mobile App Push
380746,4,Ellis,58,Female,Spain,73510.35,Married,Business Owner,4/26/2017,Premium,0,Mobile App Push
380901,2,White,40,Male,Germany,36813.20,Married,Unemployed,8/30/2023,Family,2,SMS
380989,1,Murray,24,Female,Germany,32815.84,Divorced,Freelancer,10/27/2023,Retail,0,Mobile App Push
381342,2,Goodman,32,Female,Spain,32061.29,Married,Business Owner,5/16/2021,Family,2,Mobile App Push
381433,2,Pineda,35,Female,United States,25756.78,Married,Unemployed,5/8/2019,Family,2,Mail
381444,5,Snyder,75,Male,France,33221.36,Widowed,Retired,10/7/2018,Senior,1,Mobile App Push
381502,2,Curtis,55,Female,Germany,44749.21,Married,Salaried Employee,1/26/2017,Family,1,Mobile App Push
381581,2,Suarez,45,Female,France,92736.39,Married,Unemployed,7/25/2023,Family,0,Mobile App Push
381607,1,Morgan,33,Female,United Kingdom,24757.57,Single,Salaried Employee,11/17/2023,Retail,2,Mail
381631,1,Chandler,48,Female,Spain,56131.78,Married,Salaried Employee,4/18/2023,Retail,0,Email
381770,2,Flores,43,Male,France,27603.81,Single,Self-Employed,10/10/2020,Family,1,Email
381819,2,Walker,34,Male,Germany,27661.46,Married,Salaried Employee,10/19/2020,Family,2,SMS
381880,2,Atkinson,39,Female,Spain,48072.01,Married,Self-Employed,4/29/2024,Family,4,Phone Call
381981,1,Hendricks,54,Female,Germany,31739.04,Married,Salaried Employee,7/7/2019,Retail,1,Mobile App Push
382146,2,Levine,42,Male,France,34511.20,Married,Freelancer,7/28/2021,Family,1,Email
382154,5,Durham,75,Female,United Kingdom,43948.72,Widowed,Retired,8/1/2023,Senior,0,Email
382271,2,Powers,43,Female,France,20520.77,Married,Salaried Employee,3/23/2025,Family,4,SMS
382329,2,Lopez,32,Female,Germany,25839.65,Married,Salaried Employee,12/4/2018,Family,2,Mobile App Push
382495,2,Perez,34,Female,Spain,25507.86,Single,Salaried Employee,8/19/2021,Family,1,Email
382507,5,Walsh,79,Male,Spain,21272.04,Married,Business Owner,2/25/2017,Senior,0,Phone Call
382602,2,Floyd,42,Female,United Kingdom,40633.71,Married,Salaried Employee,3/23/2026,Family,2,Mobile App Push
382795,5,Porter,61,Male,Germany,44864.22,Married,Retired,8/29/2016,Senior,0,Mail
382870,2,Ferguson,29,Female,Germany,53506.88,Divorced,Self-Employed,7/1/2020,Family,2,Mobile App Push
382894,1,Diaz,32,Female,France,19705.69,Single,Salaried Employee,9/27/2025,Retail,1,Email
382967,3,Fisher,22,Male,Germany,15151.63,Single,Student,6/2/2021,Student,0,SMS
383060,1,Phillips,33,Male,Germany,51167.11,Married,Salaried Employee,2/21/2018,Retail,2,Mail
383062,3,Richards,19,Male,France,17909.32,Single,Student,3/19/2026,Student,0,Email
383091,1,Andrews,48,Female,Spain,35651.43,Married,Salaried Employee,7/7/2021,Retail,0,Mobile App Push
383201,1,Knox,52,Male,Spain,19814.53,Single,Self-Employed,4/16/2025,Retail,0,Mail
383457,2,Howard,54,Male,Germany,48177.01,Married,Salaried Employee,4/11/2026,Family,2,Mobile App Push
383572,3,Christian,20,Female,France,19078.05,Single,Student,1/16/2017,Student,0,Mobile App Push
384076,1,Williamson,31,Male,France,18912.40,Divorced,Self-Employed,4/29/2020,Retail,0,Mobile App Push
384111,2,Johnson,47,Female,Germany,45935.34,Married,Freelancer,2/26/2021,Family,2,Mail
384218,1,Trevino,39,Male,Germany,67909.56,Married,Salaried Employee,6/28/2017,Retail,3,Mobile App Push
384263,3,Martin,23,Male,France,23451.68,Single,Student,10/12/2020,Student,0,Mobile App Push
384303,5,Clarke,64,Female,France,57190.06,Married,Salaried Employee,4/29/2019,Senior,0,Mail
384424,2,Briggs,52,Male,France,33628.76,Married,Salaried Employee,9/5/2022,Family,2,Phone Call
384434,3,House,21,Male,France,12389.81,Single,Student,1/5/2024,Student,0,Email
384459,1,Conrad,43,Female,United Kingdom,35845.65,Single,Freelancer,12/30/2020,Retail,0,Phone Call
384489,1,Ward,44,Female,United States,63826.39,Married,Self-Employed,5/16/2021,Retail,1,Mobile App Push
384685,2,Odonnell,42,Male,Germany,20247.31,Married,Self-Employed,12/13/2021,Family,2,Mobile App Push
384815,3,Washington,21,Male,United Kingdom,10472.89,Single,Unemployed,8/21/2020,Student,0,Email
384913,2,Lara,47,Female,France,29126.05,Married,Salaried Employee,4/13/2020,Family,3,Email
385037,2,Anderson,28,Male,Spain,41498.44,Married,Freelancer,3/11/2024,Family,2,Phone Call
385071,2,Miranda,28,Female,France,50491.08,Married,Self-Employed,6/1/2025,Family,1,Email
385166,5,Wheeler,87,Female,Spain,29857.94,Divorced,Business Owner,8/15/2020,Senior,0,Phone Call
385192,5,Hobbs,61,Female,United Kingdom,27760.09,Married,Salaried Employee,7/6/2019,Senior,0,Mail
385320,1,Lopez,57,Male,United Kingdom,21085.05,Married,Salaried Employee,9/16/2018,Retail,2,Email
385353,1,Brown,59,Female,Germany,35898.17,Single,Salaried Employee,6/5/2020,Retail,1,Mobile App Push
385470,1,Ellis,40,Female,France,57247.72,Married,Unemployed,4/11/2018,Retail,2,Email
385577,5,Francis,73,Female,Germany,61367.27,Widowed,Retired,8/29/2024,Senior,0,Mobile App Push
385647,1,Rogers,53,Female,United States,19031.17,Single,Salaried Employee,5/17/2024,Retail,1,Phone Call
385765,1,Ortiz,49,Male,Germany,49399.03,Divorced,Self-Employed,4/14/2019,Retail,3,Mail
385831,1,Carlson,37,Female,United States,67986.19,Single,Self-Employed,4/16/2025,Retail,0,Phone Call
385898,2,Perez,39,Female,Germany,73058.98,Married,Business Owner,11/6/2018,Family,2,Mobile App Push
386042,1,Johnson,27,Male,France,60918.66,Divorced,Self-Employed,7/14/2022,Retail,0,Email
386090,1,Graham,46,Male,Germany,33340.53,Married,Salaried Employee,8/6/2019,Retail,0,Mobile App Push
386193,1,Lewis,44,Female,Germany,35093.06,Single,Unemployed,4/6/2026,Retail,2,Mail
386436,5,Soto,68,Male,France,21166.90,Widowed,Retired,3/16/2018,Senior,0,Phone Call
386488,2,Morgan,46,Female,United States,42761.32,Married,Self-Employed,11/25/2019,Family,2,Mobile App Push
386544,2,Thompson,29,Male,Germany,32707.91,Married,Self-Employed,2/10/2022,Family,2,Mail
386604,1,White,54,Female,Spain,17090.33,Single,Salaried Employee,1/6/2020,Retail,0,Email
386706,3,Nelson,20,Male,France,17395.79,Single,Student,8/31/2024,Student,0,SMS
386741,1,Gonzales,48,Female,Spain,38314.21,Married,Self-Employed,6/28/2022,Retail,1,Mail
386780,1,Nichols,43,Male,France,25824.88,Single,Salaried Employee,8/18/2019,Retail,2,Mail
386814,5,Lewis,71,Female,Spain,40995.84,Widowed,Retired,11/15/2016,Senior,0,SMS
386886,2,Rose,47,Male,Spain,37432.86,Married,Salaried Employee,10/19/2019,Family,1,SMS
386929,4,Williams,32,Female,France,72369.25,Married,Business Owner,7/5/2017,Premium,2,Email
387096,1,Campos,37,Male,United Kingdom,25294.63,Single,Salaried Employee,6/16/2023,Retail,0,Mobile App Push
387198,5,Colon,80,Male,United Kingdom,46027.04,Widowed,Retired,11/4/2016,Senior,0,Email
387286,2,Gallegos,44,Female,United Kingdom,23944.94,Married,Freelancer,8/19/2021,Family,2,Mail
387330,1,Thompson,59,Female,France,32896.64,Widowed,Salaried Employee,3/23/2018,Retail,2,Mail
387636,1,Hinton,32,Male,France,50660.81,Married,Salaried Employee,12/29/2017,Retail,0,Mobile App Push
387748,1,Hernandez,49,Female,Germany,41025.42,Single,Salaried Employee,1/9/2019,Retail,2,Email
387782,1,King,49,Female,Germany,65153.21,Single,Self-Employed,4/23/2022,Retail,0,Mobile App Push
387813,5,Thompson,66,Male,Spain,40599.28,Married,Retired,3/2/2024,Senior,0,Phone Call
387892,1,Morgan,43,Male,Germany,66686.50,Married,Salaried Employee,9/23/2022,Retail,0,Mail
387936,1,Joseph,58,Male,United States,54270.45,Single,Salaried Employee,2/9/2025,Retail,1,Phone Call
388016,3,Cervantes,21,Male,France,23829.54,Single,Student,12/3/2017,Student,0,Email
388078,2,Atkins,49,Male,United Kingdom,28590.38,Married,Freelancer,8/1/2017,Family,1,Email
388086,2,Brown,37,Female,United States,46096.81,Single,Self-Employed,11/16/2017,Family,2,Email
388204,3,Chandler,22,Female,Germany,13702.71,Single,Student,5/8/2018,Student,0,SMS
388339,5,Smith,75,Female,France,24605.40,Widowed,Retired,9/28/2017,Senior,0,Email
388375,1,Gonzalez,45,Male,France,37381.76,Widowed,Salaried Employee,4/19/2023,Retail,0,Email
388389,1,Johnson,45,Female,Spain,38766.60,Married,Salaried Employee,10/24/2020,Retail,0,SMS
388519,2,Robertson,44,Male,France,63983.02,Married,Salaried Employee,7/1/2023,Family,1,Mobile App Push
388586,4,Richmond,48,Male,France,346518.21,Married,Salaried Employee,6/5/2025,Premium,0,Email
388698,5,Rodriguez,70,Male,Spain,14821.38,Married,Retired,11/15/2019,Senior,0,Email
388755,3,Garcia,23,Male,Germany,30531.83,Single,Student,6/16/2023,Student,0,Mobile App Push
388792,3,Williams,22,Female,Spain,21531.14,Single,Student,7/21/2025,Student,0,Mobile App Push
388946,1,Young,50,Female,France,47874.42,Divorced,Salaried Employee,10/10/2017,Retail,1,SMS
389039,4,Martinez,59,Female,Germany,95414.34,Married,Self-Employed,8/15/2019,Premium,0,Email
389279,1,Price,24,Male,Spain,41941.13,Divorced,Salaried Employee,9/23/2022,Retail,2,Mobile App Push
389282,1,Williams,48,Male,United States,41742.65,Married,Self-Employed,5/5/2018,Retail,0,Email
389340,1,Lucas,61,Female,Spain,30941.25,Single,Salaried Employee,5/23/2017,Retail,0,Mobile App Push
389346,1,Murphy,33,Male,Germany,28444.05,Married,Salaried Employee,3/1/2026,Retail,0,Email
389362,1,Parker,49,Male,Spain,41056.85,Married,Salaried Employee,4/5/2020,Retail,0,Email
389366,2,Jones,39,Female,Spain,41002.33,Single,Self-Employed,3/20/2021,Family,4,Email
389511,1,Soto,42,Female,United Kingdom,62328.97,Single,Self-Employed,9/19/2021,Retail,0,Mail
389617,2,Weeks,36,Female,France,34146.16,Married,Salaried Employee,7/15/2019,Family,1,Mobile App Push
389666,5,Miller,72,Female,United States,53985.73,Widowed,Retired,4/22/2019,Senior,0,Email
389688,5,Harris,75,Female,United Kingdom,41717.97,Married,Retired,1/9/2019,Senior,1,Phone Call
389809,1,Sellers,29,Male,United States,26170.73,Married,Business Owner,1/14/2023,Retail,0,Mobile App Push
389854,1,Peck,37,Female,United Kingdom,26499.83,Single,Self-Employed,7/16/2021,Retail,0,Mobile App Push
389913,1,Sanchez,62,Female,Spain,41661.89,Divorced,Salaried Employee,6/26/2023,Retail,2,Mobile App Push
389930,2,Tran,43,Male,United States,24333.13,Married,Self-Employed,5/21/2020,Family,3,Mobile App Push
389939,1,Martin,24,Male,Spain,107277.87,Single,Freelancer,7/8/2026,Retail,2,Email
390088,1,Townsend,56,Female,Germany,41702.91,Married,Self-Employed,12/29/2022,Retail,2,Mobile App Push
390119,5,Burns,69,Female,Germany,24613.21,Married,Retired,6/21/2024,Senior,0,Phone Call
390120,2,Chavez,40,Female,France,43747.89,Single,Freelancer,12/13/2017,Family,2,Mobile App Push
390334,1,Jones,49,Male,United States,35465.66,Single,Salaried Employee,3/6/2021,Retail,2,SMS
390421,1,Lewis,62,Male,Germany,43107.61,Married,Self-Employed,11/5/2017,Retail,0,Email
390607,3,Goodwin,22,Male,United States,8000.00,Single,Student,7/18/2026,Student,0,Email
390743,1,Christian,39,Female,Germany,36766.40,Married,Salaried Employee,1/30/2025,Retail,2,SMS
390756,5,Webb,68,Male,France,18891.34,Single,Retired,11/19/2023,Senior,2,Email
390782,4,Martinez,57,Male,United Kingdom,138900.42,Divorced,Salaried Employee,7/4/2021,Premium,0,Mobile App Push
390794,1,Dixon,28,Male,United Kingdom,47458.83,Married,Freelancer,2/13/2018,Retail,1,Email
390946,5,Flores,84,Male,Spain,19355.97,Married,Salaried Employee,12/30/2022,Senior,0,Mail
391345,2,Orozco,34,Female,United States,23382.44,Married,Salaried Employee,8/11/2021,Family,3,Email
391369,5,Hicks,72,Male,United States,36096.83,Divorced,Self-Employed,7/28/2026,Senior,0,Phone Call
391476,1,Duncan,41,Male,Germany,81629.63,Married,Salaried Employee,12/13/2025,Retail,3,Mobile App Push
391622,2,Levy,51,Male,United States,26399.36,Married,Salaried Employee,5/19/2025,Family,2,Phone Call
391668,2,Ramirez,43,Female,Germany,44931.04,Single,Salaried Employee,10/1/2021,Family,2,Mobile App Push
391704,5,Adams,76,Female,Spain,38609.57,Married,Retired,10/1/2019,Senior,0,Email
391740,1,Eaton,44,Male,Spain,22173.48,Married,Salaried Employee,6/7/2020,Retail,3,Email
391773,5,Edwards,79,Female,United Kingdom,26423.13,Widowed,Retired,10/13/2016,Senior,2,Email
391865,3,Mooney,21,Female,United States,19928.73,Single,Student,9/7/2019,Student,0,SMS
392004,1,Graham,32,Female,Germany,51319.64,Single,Salaried Employee,9/1/2023,Retail,1,Email
392075,1,Hernandez,43,Female,United States,32521.74,Widowed,Unemployed,2/16/2017,Retail,0,Mobile App Push
392099,5,Walker,79,Male,France,23963.80,Divorced,Retired,3/15/2018,Senior,0,Mail
392136,2,Nelson,44,Female,Germany,39568.47,Single,Business Owner,5/1/2021,Family,4,Phone Call
392227,1,Schmidt,61,Female,France,24960.12,Single,Salaried Employee,2/1/2018,Retail,3,Mail
392477,3,Warner,20,Male,Germany,19921.66,Single,Student,7/28/2022,Student,0,Email
392559,1,Wilson,37,Male,Germany,28969.55,Married,Freelancer,3/9/2017,Retail,0,Mobile App Push
392670,1,Wallace,47,Male,France,23345.08,Married,Salaried Employee,1/22/2018,Retail,0,SMS
392683,5,Tucker,72,Female,Germany,35089.11,Widowed,Retired,5/19/2023,Senior,0,Mail
392731,1,Gonzalez,62,Female,United States,27514.71,Married,Unemployed,11/7/2021,Retail,0,Mobile App Push
392993,2,Davis,42,Male,Spain,57456.34,Married,Salaried Employee,2/8/2022,Family,2,SMS
393212,5,Bass,73,Female,France,20508.88,Married,Business Owner,6/22/2023,Senior,2,Phone Call
393243,5,Melendez,78,Male,Germany,27301.36,Married,Retired,8/26/2024,Senior,0,Phone Call
393308,4,Perez,36,Female,France,130346.29,Single,Salaried Employee,1/17/2024,Premium,2,Phone Call
393328,1,Taylor,39,Female,France,30588.19,Single,Self-Employed,8/26/2022,Retail,0,Email
393366,5,Contreras,82,Male,United States,44851.45,Married,Retired,7/10/2021,Senior,1,Email
393418,1,Murray,62,Male,United States,44965.35,Married,Salaried Employee,12/21/2017,Retail,1,Phone Call
393448,1,Martinez,46,Female,Germany,53858.69,Married,Salaried Employee,8/19/2022,Retail,0,Email
393804,5,Foster,76,Female,Spain,94446.43,Married,Retired,10/3/2021,Senior,0,Email
393880,4,Rosario,56,Female,Spain,235526.42,Single,Self-Employed,1/14/2019,Premium,1,Mobile App Push
393916,2,Franklin,35,Male,Germany,24117.23,Married,Salaried Employee,12/12/2019,Family,1,SMS
393964,5,Dorsey,76,Male,United Kingdom,20934.04,Widowed,Retired,2/17/2019,Senior,1,Email
393992,1,Hanson,32,Male,France,54861.46,Single,Self-Employed,11/24/2018,Retail,0,Email
394083,5,Walker,79,Female,France,28989.43,Married,Retired,11/29/2021,Senior,1,Email
394234,4,Martinez,52,Male,France,85400.19,Single,Business Owner,2/2/2024,Premium,2,Phone Call
394247,3,Evans,22,Female,Spain,10439.27,Married,Freelancer,7/29/2023,Student,0,SMS
394450,1,Bradley,50,Male,United States,35635.01,Single,Freelancer,5/14/2019,Retail,1,SMS
394579,1,Wilson,32,Male,France,25278.81,Married,Salaried Employee,9/18/2022,Retail,2,SMS
394620,3,Reid,20,Male,Spain,14650.14,Single,Student,8/26/2021,Student,0,Email
394739,1,Harrell,51,Male,United Kingdom,68041.58,Married,Salaried Employee,3/9/2020,Retail,0,Email
395023,1,Smith,32,Male,Spain,27957.51,Single,Self-Employed,5/1/2022,Retail,2,Email
395192,1,Jones,38,Female,France,45741.76,Married,Business Owner,3/26/2017,Retail,0,Mail
395198,5,Fernandez,63,Male,Spain,19676.37,Married,Retired,3/12/2026,Senior,2,Mail
395307,1,Rogers,42,Female,United Kingdom,33475.66,Married,Salaried Employee,7/12/2017,Retail,2,Email
395442,1,Wilson,49,Male,United States,34370.33,Single,Freelancer,12/25/2019,Retail,2,Email
395459,1,Miller,51,Male,France,24415.55,Married,Salaried Employee,5/11/2022,Retail,3,Email
395818,2,Powell,28,Male,United Kingdom,29555.25,Married,Business Owner,12/28/2017,Family,3,Mobile App Push
395917,1,Ellis,39,Male,Spain,16486.83,Married,Salaried Employee,12/30/2021,Retail,2,Email
395968,2,Graham,33,Female,United Kingdom,30082.69,Married,Freelancer,4/1/2023,Family,1,Email
396020,5,Freeman,70,Male,Spain,26131.25,Married,Retired,2/18/2026,Senior,1,Phone Call
396408,2,Fields,37,Male,France,35342.37,Married,Salaried Employee,11/3/2019,Family,2,Mail
396439,5,Holland,68,Female,Spain,28799.83,Married,Retired,4/28/2017,Senior,0,SMS
396451,1,Martin,36,Female,France,53661.74,Single,Self-Employed,5/14/2023,Retail,1,Mobile App Push
396567,1,Garner,41,Female,Germany,20852.14,Married,Salaried Employee,9/17/2016,Retail,1,Email
396578,1,Barton,29,Male,Germany,84246.69,Divorced,Self-Employed,12/7/2021,Retail,2,Phone Call
396635,5,Gray,83,Male,United States,16236.94,Married,Retired,6/28/2020,Senior,0,Mobile App Push
396745,1,Lewis,39,Female,Germany,33427.54,Divorced,Salaried Employee,1/7/2017,Retail,1,Email
396809,5,Small,75,Male,France,20731.68,Married,Retired,7/15/2025,Senior,1,Email
396882,1,Lloyd,41,Female,Spain,51023.29,Married,Salaried Employee,11/12/2024,Retail,0,SMS
397005,3,Dillon,21,Female,United Kingdom,12046.08,Single,Student,7/10/2026,Student,0,Email
397026,1,Mckenzie,31,Female,Germany,43804.03,Married,Salaried Employee,10/8/2020,Retail,0,Mobile App Push
397027,5,Mendoza,84,Female,United States,24006.75,Married,Retired,5/21/2024,Senior,2,Phone Call
397058,2,Poole,37,Male,Spain,41878.13,Married,Unemployed,4/4/2018,Family,4,Mobile App Push
397223,2,Scott,35,Female,France,28670.17,Married,Self-Employed,6/27/2017,Family,4,Mobile App Push
397368,4,Robinson,33,Female,France,99741.14,Married,Business Owner,8/18/2019,Premium,3,SMS
397514,4,Friedman,43,Female,Germany,204394.23,Single,Salaried Employee,9/12/2017,Premium,0,Mobile App Push
397571,3,Hernandez,20,Male,United States,9820.03,Single,Student,8/25/2025,Student,0,Mobile App Push
397809,1,Valentine,38,Female,United States,32870.44,Single,Salaried Employee,11/10/2022,Retail,0,Mail
397846,5,Vasquez,86,Male,United States,19480.63,Divorced,Retired,12/31/2020,Senior,0,SMS
397949,1,Moody,44,Female,United Kingdom,30963.46,Divorced,Salaried Employee,3/25/2021,Retail,0,Mobile App Push
397979,1,Martinez,41,Female,United Kingdom,15606.21,Single,Salaried Employee,4/21/2017,Retail,1,SMS
398151,4,Moore,64,Male,Spain,63280.34,Married,Salaried Employee,5/31/2017,Premium,3,Mobile App Push
398194,4,Hudson,45,Female,United Kingdom,106941.83,Single,Business Owner,3/26/2026,Premium,0,SMS
398301,1,Taylor,48,Female,United States,40408.04,Single,Salaried Employee,6/11/2022,Retail,1,SMS
398313,2,Marshall,50,Female,Spain,33789.21,Married,Freelancer,5/22/2024,Family,1,Mobile App Push
398384,3,Warner,21,Male,Spain,11193.21,Single,Student,11/10/2016,Student,0,Phone Call
398433,5,Ortiz,83,Female,France,21124.20,Divorced,Retired,3/9/2018,Senior,0,Mail
398505,2,Edwards,45,Female,France,24732.57,Married,Salaried Employee,8/31/2024,Family,4,Mobile App Push
398761,2,Morrison,33,Female,Germany,48850.27,Married,Self-Employed,5/16/2017,Family,2,Mobile App Push
398768,1,Sanders,41,Female,Germany,28472.79,Single,Self-Employed,1/25/2021,Retail,2,Mobile App Push
398830,5,Bruce,73,Male,Spain,55259.79,Widowed,Retired,2/4/2019,Senior,0,Phone Call
398910,1,Morris,43,Female,Spain,22123.39,Single,Salaried Employee,12/5/2024,Retail,0,Mobile App Push
398911,1,Flores,44,Female,France,55889.35,Married,Salaried Employee,6/2/2025,Retail,0,Email
398916,1,Bender,27,Female,United States,26235.69,Divorced,Salaried Employee,4/1/2026,Retail,1,Mobile App Push
398987,2,Baldwin,42,Male,Germany,29958.90,Married,Business Owner,7/7/2024,Family,2,Email
399105,2,Key,41,Male,France,36599.93,Divorced,Salaried Employee,2/7/2026,Family,3,Email
399279,1,Bell,62,Female,Germany,17966.88,Married,Self-Employed,3/2/2020,Retail,0,Phone Call
399449,1,Lopez,56,Male,Germany,20575.97,Divorced,Salaried Employee,5/5/2021,Retail,0,Email
399607,3,Tyler,20,Male,France,21059.46,Single,Student,12/25/2017,Student,0,Email
399628,2,Dennis,43,Female,Germany,40931.64,Single,Business Owner,9/19/2016,Family,3,Mail
399803,2,Hahn,38,Male,United Kingdom,56845.35,Single,Salaried Employee,1/1/2018,Family,2,SMS
399817,1,Carson,24,Male,United Kingdom,40191.41,Married,Salaried Employee,10/15/2017,Retail,2,Mail
399899,1,Pearson,52,Male,France,21669.39,Married,Self-Employed,8/6/2019,Retail,2,Mobile App Push
399990,3,Hernandez,21,Male,United Kingdom,13302.99,Single,Student,5/15/2017,Student,0,Mobile App Push
400009,5,Tyler,80,Male,France,20136.65,Widowed,Retired,5/30/2019,Senior,0,Phone Call
400096,1,Dean,54,Female,Spain,23163.51,Single,Freelancer,6/17/2024,Retail,0,Email
400384,1,Cook,30,Female,United States,36348.14,Married,Salaried Employee,9/15/2018,Retail,0,SMS
400404,1,Smith,42,Male,United States,64661.33,Married,Freelancer,10/21/2024,Retail,1,Email
400441,2,Thompson,34,Female,Spain,39989.54,Married,Salaried Employee,3/1/2025,Family,1,Mobile App Push
400487,2,Jackson,42,Female,France,39494.58,Married,Salaried Employee,12/10/2018,Family,4,Email
400538,1,Brown,49,Male,Spain,68152.98,Married,Salaried Employee,7/6/2019,Retail,0,Mobile App Push
400614,1,Mills,35,Male,Spain,77547.17,Single,Business Owner,11/15/2018,Retail,0,Email
400692,2,Weber,48,Male,United Kingdom,35430.93,Married,Salaried Employee,10/19/2020,Family,2,SMS
400748,1,Jackson,53,Female,Germany,31129.79,Single,Salaried Employee,9/12/2024,Retail,3,Phone Call
400814,1,Cook,36,Female,Germany,48194.24,Single,Self-Employed,11/20/2021,Retail,0,Email
400850,2,Anderson,30,Female,United States,31876.94,Married,Self-Employed,4/4/2024,Family,3,Email
401022,1,Thomas,31,Male,France,82626.72,Married,Salaried Employee,11/29/2022,Retail,3,Mobile App Push
401036,2,Davis,49,Male,United States,39636.99,Married,Unemployed,1/4/2025,Family,1,Mail
401137,5,Reeves,77,Male,France,28309.01,Divorced,Retired,3/20/2018,Senior,2,Mail
401198,1,Peterson,30,Female,France,38648.50,Married,Salaried Employee,7/5/2025,Retail,2,Phone Call
401244,1,Robinson,49,Female,France,29812.75,Married,Salaried Employee,5/10/2016,Retail,2,SMS
401338,2,Henry,35,Female,France,36405.32,Married,Salaried Employee,9/7/2019,Family,1,Email
401601,1,Haynes,49,Male,Germany,43655.26,Widowed,Unemployed,6/14/2022,Retail,0,Mobile App Push
401602,1,Shelton,39,Female,Germany,35127.08,Married,Self-Employed,5/8/2021,Retail,3,Email
401603,3,Moore,22,Female,France,9789.35,Married,Student,6/29/2025,Student,0,Mobile App Push
401610,1,Larsen,37,Male,France,32501.22,Married,Salaried Employee,8/13/2020,Retail,0,SMS
401659,2,Ewing,53,Male,United States,25100.27,Divorced,Salaried Employee,5/22/2021,Family,2,Email
401769,2,White,46,Female,United States,58862.44,Divorced,Salaried Employee,3/4/2026,Family,2,Mobile App Push
402020,4,Hatfield,62,Female,Spain,92586.40,Married,Salaried Employee,5/16/2026,Premium,0,SMS
402096,1,Stewart,42,Female,France,57282.75,Married,Salaried Employee,11/10/2017,Retail,0,SMS
402099,2,Wilson,45,Male,Spain,44801.35,Married,Salaried Employee,9/11/2024,Family,2,Mail
402218,1,Wright,46,Female,France,29438.71,Single,Self-Employed,2/21/2023,Retail,2,SMS
402380,2,Johnson,39,Male,Spain,26821.83,Married,Business Owner,1/24/2020,Family,2,Mail
402483,2,Burton,42,Female,France,31750.82,Married,Unemployed,6/13/2021,Family,0,Mobile App Push
402620,5,Thompson,67,Male,Germany,41814.13,Widowed,Self-Employed,4/1/2020,Senior,0,SMS
402630,4,Taylor,59,Female,United Kingdom,103687.47,Married,Business Owner,9/9/2016,Premium,2,Mail
402692,5,Grimes,65,Female,United Kingdom,47414.52,Widowed,Retired,8/7/2023,Senior,0,Phone Call
402808,4,Williams,54,Male,France,81865.52,Married,Self-Employed,12/21/2017,Premium,1,Email
402820,3,Nichols,20,Female,United States,13128.14,Single,Student,5/21/2018,Student,0,Mobile App Push
402865,1,Landry,54,Male,Spain,40504.39,Married,Freelancer,10/28/2020,Retail,0,Email
403042,5,Singleton,63,Female,United States,29390.71,Divorced,Retired,7/2/2017,Senior,0,Mail
403257,5,Rodriguez,72,Female,United States,22807.15,Single,Self-Employed,7/21/2024,Senior,0,Mail
403314,1,Moyer,26,Female,United Kingdom,20394.83,Single,Self-Employed,9/16/2023,Retail,1,Email
403387,1,Marsh,41,Male,Spain,39932.48,Single,Salaried Employee,2/4/2022,Retail,1,Mail
403445,1,Robinson,46,Female,Germany,35590.71,Single,Self-Employed,11/23/2018,Retail,0,SMS
403507,4,James,53,Male,France,103453.32,Single,Self-Employed,6/28/2024,Premium,2,Email
403528,1,Solis,48,Female,United States,57860.51,Married,Freelancer,4/7/2017,Retail,0,Phone Call
403578,2,Harper,42,Male,France,37386.74,Married,Salaried Employee,9/17/2023,Family,3,SMS
403662,4,Wilson,39,Male,United Kingdom,74393.36,Single,Salaried Employee,7/31/2026,Premium,2,SMS
403742,4,Williams,51,Female,United Kingdom,57437.53,Married,Salaried Employee,4/26/2018,Premium,1,SMS
403859,2,Jenkins,49,Female,France,62877.89,Married,Salaried Employee,7/9/2019,Family,3,SMS
403915,5,Foster,78,Female,United States,32391.00,Widowed,Retired,1/22/2023,Senior,0,Mail
404043,1,Cantrell,37,Female,United States,25926.18,Single,Salaried Employee,1/15/2022,Retail,0,Mobile App Push
404309,3,Thompson,21,Male,France,11216.10,Single,Student,11/4/2025,Student,0,SMS
404466,4,Marshall,42,Male,Germany,88925.83,Single,Self-Employed,5/20/2024,Premium,1,Phone Call
404561,1,Lopez,32,Female,Spain,12990.08,Married,Salaried Employee,2/23/2025,Retail,1,SMS
404598,3,Hill,18,Male,United States,12548.20,Single,Student,8/18/2024,Student,0,Email
404681,1,Harmon,55,Female,Spain,38699.85,Divorced,Salaried Employee,1/4/2026,Retail,1,Email
404694,4,Weeks,52,Female,United Kingdom,169743.78,Married,Salaried Employee,9/30/2016,Premium,0,Email
404771,1,Johnson,51,Female,Germany,42068.82,Single,Salaried Employee,4/29/2019,Retail,0,SMS
404955,5,Rowland,73,Female,France,22047.23,Single,Retired,12/29/2020,Senior,0,Email
405134,1,Vega,47,Female,Germany,35023.81,Married,Self-Employed,12/30/2019,Retail,0,Mobile App Push
405323,2,Bowers,38,Female,Spain,36825.18,Married,Salaried Employee,8/13/2022,Family,4,Email
405407,4,Alvarez,55,Male,France,111433.63,Single,Self-Employed,6/4/2021,Premium,0,Email
405420,5,Wright,73,Female,United Kingdom,31280.40,Married,Retired,3/3/2021,Senior,1,Phone Call
405482,2,Franklin,45,Female,United States,50789.87,Married,Freelancer,10/16/2023,Family,2,Mobile App Push
405509,1,Morgan,59,Male,Germany,62987.23,Divorced,Business Owner,5/9/2023,Retail,0,Mail
405605,4,Bird,46,Female,Germany,103656.65,Married,Salaried Employee,8/1/2022,Premium,0,Mobile App Push
405663,2,Hernandez,34,Male,Germany,30983.17,Married,Unemployed,3/10/2026,Family,1,Mobile App Push
405759,1,White,31,Male,Germany,38307.81,Married,Self-Employed,11/22/2016,Retail,2,Email
405844,4,Thomas,56,Female,Germany,142784.36,Single,Self-Employed,1/29/2023,Premium,1,Email
405925,5,White,68,Female,France,13150.90,Married,Self-Employed,11/11/2019,Senior,0,Phone Call
405986,2,Tapia,41,Female,France,49990.11,Married,Freelancer,5/9/2025,Family,3,Mobile App Push
406024,1,Aguirre,39,Male,Germany,46300.22,Married,Salaried Employee,8/2/2020,Retail,1,Email
406039,2,Norman,45,Female,Spain,31678.10,Divorced,Salaried Employee,11/11/2017,Family,2,Mobile App Push
406166,1,Aguirre,41,Male,France,16978.37,Single,Unemployed,9/24/2019,Retail,0,Mobile App Push
406278,1,Gray,48,Female,France,27767.85,Married,Salaried Employee,4/13/2026,Retail,0,Email
406327,4,Mack,47,Male,France,73871.59,Married,Salaried Employee,1/1/2020,Premium,0,Email
406461,1,Mendoza,60,Female,France,26197.19,Single,Unemployed,8/30/2018,Retail,1,Email
406703,1,Edwards,34,Female,Spain,40110.01,Divorced,Self-Employed,8/31/2018,Retail,1,Email
406849,2,Fisher,37,Female,Germany,22820.27,Married,Salaried Employee,4/2/2019,Family,3,Email
407057,3,Jacobson,20,Female,Germany,19410.65,Single,Unemployed,12/28/2016,Student,0,SMS
407151,2,Ashley,46,Female,Germany,29944.73,Married,Business Owner,1/3/2025,Family,1,Email
407419,1,Arroyo,37,Male,Germany,26424.39,Married,Salaried Employee,5/17/2025,Retail,1,Mail
407618,4,Thompson,53,Male,Germany,84220.17,Married,Business Owner,6/26/2022,Premium,2,Mobile App Push
407696,1,Blair,46,Female,France,42071.58,Married,Salaried Employee,9/8/2017,Retail,2,Mobile App Push
407757,2,Jones,55,Male,France,22090.75,Single,Salaried Employee,3/27/2020,Family,2,Email
407835,1,Martinez,41,Male,Germany,24074.60,Single,Self-Employed,8/26/2017,Retail,2,Email
408036,2,Rowe,48,Female,France,68751.18,Married,Business Owner,10/30/2021,Family,3,Phone Call
408054,2,Dyer,48,Male,United States,71931.76,Married,Salaried Employee,8/25/2017,Family,2,SMS
408334,2,Clark,53,Male,France,29722.79,Married,Salaried Employee,7/16/2025,Family,3,Mobile App Push
408463,5,Flores,80,Male,Germany,61425.22,Widowed,Retired,8/9/2018,Senior,0,Phone Call
408467,5,Hernandez,68,Male,France,46675.39,Widowed,Retired,8/16/2018,Senior,1,Phone Call
408474,5,Mendoza,84,Male,United Kingdom,19622.62,Married,Retired,1/5/2018,Senior,1,Phone Call
408528,3,Hart,23,Female,Germany,14664.28,Single,Student,9/25/2020,Student,0,Mobile App Push
408545,1,Kelly,42,Male,Germany,22330.00,Single,Salaried Employee,8/18/2016,Retail,0,Phone Call
408721,1,Simon,45,Female,United States,35400.39,Married,Salaried Employee,3/28/2019,Retail,0,Mobile App Push
408823,2,Foster,32,Male,United States,33953.16,Married,Salaried Employee,12/21/2019,Family,0,SMS
408857,1,Mann,42,Female,Spain,67412.03,Single,Salaried Employee,5/13/2024,Retail,0,Email
408877,5,Harris,65,Male,France,39882.64,Widowed,Retired,8/10/2025,Senior,1,SMS
408929,1,Patel,44,Female,United States,45471.50,Single,Salaried Employee,9/17/2022,Retail,2,Email
409030,1,Walker,48,Female,France,31672.03,Single,Unemployed,11/4/2024,Retail,1,Mobile App Push
409222,4,Roberts,44,Male,Germany,104818.85,Married,Business Owner,8/1/2024,Premium,1,Mobile App Push
409234,3,Vaughn,22,Male,United States,17675.25,Single,Student,11/27/2020,Student,0,SMS
409307,1,Cannon,41,Male,France,24933.64,Married,Salaried Employee,10/14/2016,Retail,1,Mail
409355,4,Guzman,46,Male,Germany,134658.12,Married,Business Owner,6/7/2017,Premium,0,Mobile App Push
409369,1,Jennings,51,Male,Germany,46195.24,Married,Freelancer,1/23/2025,Retail,1,Mobile App Push
409440,1,Williamson,62,Male,Germany,32192.67,Married,Salaried Employee,3/10/2025,Retail,2,SMS
409445,3,Colon,22,Male,United States,30734.82,Single,Unemployed,5/2/2019,Student,0,Email
409477,5,Montgomery,72,Male,France,45200.75,Divorced,Retired,12/8/2021,Senior,0,Mobile App Push
409478,1,Coleman,43,Male,United States,43210.94,Married,Salaried Employee,8/1/2023,Retail,2,Email
409499,5,Adams,74,Female,France,20951.89,Widowed,Retired,2/26/2025,Senior,0,Email
409531,1,Wilson,45,Male,Spain,41415.64,Married,Self-Employed,3/2/2019,Retail,0,Email
409571,2,Miller,40,Male,United States,39977.83,Married,Salaried Employee,5/10/2021,Family,2,SMS
409698,1,Fernandez,50,Male,Germany,56250.08,Married,Self-Employed,5/22/2024,Retail,0,Email
409727,1,Kennedy,39,Female,France,56654.50,Single,Freelancer,2/23/2023,Retail,2,Mobile App Push
409783,2,Jordan,33,Female,Germany,30257.05,Married,Salaried Employee,12/19/2019,Family,1,Mail
409898,2,Russell,39,Female,Germany,33500.91,Married,Salaried Employee,7/26/2017,Family,1,Email
409963,1,Joseph,43,Male,France,20612.29,Divorced,Salaried Employee,6/22/2019,Retail,0,Mobile App Push
410000,1,Randolph,41,Female,Spain,23244.69,Single,Self-Employed,8/20/2016,Retail,0,Email
410016,1,Aguilar,38,Female,Germany,11371.09,Divorced,Freelancer,12/5/2019,Retail,1,Email
410035,1,Clements,37,Male,France,31391.85,Single,Business Owner,9/7/2017,Retail,0,Mobile App Push
410158,4,Martinez,54,Female,France,144170.98,Married,Salaried Employee,9/8/2016,Premium,2,Mail
410160,1,Jones,24,Male,United States,24235.76,Single,Self-Employed,10/29/2021,Retail,0,Email
410244,3,Camacho,23,Male,United States,15627.35,Married,Student,12/13/2021,Student,0,Mail
410401,1,Morris,45,Male,France,49775.19,Divorced,Business Owner,1/25/2023,Retail,2,SMS
410636,2,Elliott,43,Female,United States,25326.25,Married,Salaried Employee,8/3/2025,Family,2,Phone Call
410833,3,Murray,19,Male,United States,14499.01,Single,Student,3/30/2021,Student,0,SMS
410997,1,Kelly,48,Male,Spain,78217.17,Single,Freelancer,6/2/2023,Retail,0,Mobile App Push
411120,3,Pierce,21,Male,Spain,13411.90,Single,Freelancer,9/23/2024,Student,0,Email
411797,2,Schwartz,35,Male,France,28431.95,Married,Salaried Employee,7/5/2019,Family,4,Mobile App Push
411847,1,Smith,29,Female,United Kingdom,66119.57,Divorced,Freelancer,1/8/2024,Retail,2,Email
411882,3,Johnston,22,Male,United States,10687.18,Single,Student,5/9/2026,Student,0,Mobile App Push
411893,2,Blevins,40,Male,Germany,26973.50,Married,Freelancer,6/23/2023,Family,3,SMS
412071,2,Santana,28,Female,France,39734.61,Divorced,Salaried Employee,8/25/2018,Family,3,SMS
412170,1,Tapia,54,Male,United Kingdom,34560.83,Married,Salaried Employee,12/26/2023,Retail,2,Email
412534,1,Lawrence,52,Male,Spain,24986.81,Single,Self-Employed,12/29/2016,Retail,0,SMS
412687,1,Parker,59,Female,United States,44597.83,Single,Self-Employed,3/17/2022,Retail,2,SMS
412848,2,Short,38,Female,Germany,45112.93,Married,Business Owner,7/30/2020,Family,2,Email
412856,1,Santiago,47,Female,France,28531.16,Single,Unemployed,2/22/2021,Retail,0,Email
412886,3,Brock,22,Female,Spain,26927.30,Single,Student,12/8/2019,Student,0,Mobile App Push
412938,2,Sims,54,Male,Germany,46930.70,Divorced,Freelancer,1/8/2022,Family,1,SMS
412942,1,Santana,45,Female,United States,34470.37,Married,Self-Employed,4/29/2021,Retail,2,Mobile App Push
412974,1,Howard,48,Female,United Kingdom,34085.71,Single,Self-Employed,7/21/2022,Retail,0,Email
412999,5,Webster,82,Female,United Kingdom,61891.84,Widowed,Business Owner,4/9/2023,Senior,0,Email
413058,2,Sanchez,40,Female,Germany,52771.85,Married,Salaried Employee,3/14/2024,Family,2,Mobile App Push
413118,2,Higgins,44,Female,Germany,33149.60,Married,Salaried Employee,9/20/2019,Family,4,Email
413305,4,Curry,45,Female,Germany,64285.63,Married,Business Owner,11/13/2025,Premium,0,Mobile App Push
413328,2,Williams,38,Male,United Kingdom,35354.20,Married,Unemployed,7/15/2022,Family,2,Email
413357,1,Rose,37,Male,United States,32597.08,Single,Freelancer,6/3/2026,Retail,0,Mobile App Push
413369,1,Greer,25,Male,Germany,33168.75,Married,Salaried Employee,9/27/2016,Retail,1,Email
413388,2,Long,45,Male,Spain,29716.34,Married,Freelancer,7/1/2019,Family,0,SMS
413433,4,Matthews,32,Male,United States,129277.49,Divorced,Salaried Employee,8/31/2019,Premium,0,Phone Call
413685,5,Phillips,67,Female,United States,51032.73,Divorced,Retired,11/14/2020,Senior,1,Email
413769,3,Watson,23,Male,Germany,16162.36,Single,Student,1/13/2020,Student,0,SMS
413791,4,Leon,40,Male,France,142006.37,Married,Business Owner,9/25/2020,Premium,0,Mobile App Push
413814,1,Boyle,28,Female,France,34486.81,Single,Salaried Employee,9/14/2017,Retail,0,Mobile App Push
413833,1,Poole,39,Female,Germany,49908.21,Married,Self-Employed,3/12/2022,Retail,0,Phone Call
413884,1,Dominguez,40,Female,Spain,18803.71,Single,Business Owner,2/21/2023,Retail,1,SMS
413921,2,Berger,39,Male,United Kingdom,80661.83,Married,Salaried Employee,11/16/2022,Family,3,Mobile App Push
414012,5,Moore,71,Male,Germany,79204.00,Divorced,Retired,12/16/2017,Senior,1,Mail
414164,2,Walsh,41,Female,United Kingdom,34092.94,Single,Business Owner,5/22/2022,Family,2,SMS
414295,1,Lynch,55,Female,France,48379.14,Divorced,Salaried Employee,9/29/2024,Retail,0,Mobile App Push
414313,3,Reese,20,Female,Germany,15177.48,Single,Student,5/28/2020,Student,0,SMS
414353,4,Thomas,61,Female,Spain,82745.21,Married,Business Owner,5/1/2022,Premium,0,SMS
414455,3,Pham,22,Male,France,13654.31,Married,Student,11/16/2018,Student,0,SMS
414527,5,Wu,65,Male,United Kingdom,29446.06,Widowed,Retired,5/17/2017,Senior,1,Email
414546,1,Edwards,53,Female,France,50563.53,Divorced,Salaried Employee,4/12/2016,Retail,3,Mail
414569,2,Welch,51,Male,Spain,51724.68,Married,Self-Employed,4/11/2017,Family,2,Mail
414608,4,Hale,43,Male,United Kingdom,69427.05,Married,Business Owner,6/29/2024,Premium,0,Email
414777,3,Gay,18,Female,Germany,22969.42,Single,Unemployed,11/10/2018,Student,0,Email
414849,2,Carter,34,Female,United Kingdom,31920.45,Married,Salaried Employee,12/9/2023,Family,2,Email
414870,2,Bryant,44,Male,France,34212.53,Single,Self-Employed,11/16/2024,Family,2,Email
414889,2,Velez,28,Male,Germany,18892.16,Married,Self-Employed,10/3/2022,Family,2,Mobile App Push
414910,2,Watson,42,Male,United Kingdom,93567.36,Married,Self-Employed,7/3/2018,Family,2,SMS
414922,2,Franco,34,Male,Germany,59562.27,Single,Salaried Employee,10/23/2023,Family,3,Email
414985,1,Cortez,35,Female,France,25577.91,Married,Salaried Employee,11/24/2016,Retail,2,Email
415029,2,Martinez,40,Female,Germany,45726.05,Single,Salaried Employee,12/25/2025,Family,1,Email
415076,1,Christensen,62,Female,Spain,53977.70,Married,Unemployed,6/5/2025,Retail,1,Email
415098,2,Hernandez,33,Female,United States,30502.41,Married,Salaried Employee,4/9/2019,Family,2,Email
415344,1,Keller,38,Male,Germany,37498.79,Divorced,Salaried Employee,3/9/2024,Retail,0,Mobile App Push
415568,1,Tucker,56,Male,Germany,29848.22,Single,Business Owner,1/26/2026,Retail,0,SMS
415743,2,Tucker,48,Female,France,35839.95,Married,Business Owner,7/22/2020,Family,3,Mobile App Push
415759,2,Bowen,36,Female,Spain,40388.42,Married,Freelancer,7/29/2023,Family,2,Mail
415779,1,Beard,52,Male,Spain,48148.24,Married,Salaried Employee,4/1/2024,Retail,0,Mobile App Push
415783,2,Allen,34,Male,United Kingdom,40700.42,Single,Salaried Employee,10/2/2017,Family,1,SMS
415830,2,Ortiz,32,Male,France,32520.26,Married,Salaried Employee,4/1/2026,Family,3,Mobile App Push
415989,2,Carroll,54,Female,France,34524.26,Married,Business Owner,4/2/2022,Family,2,SMS
416006,1,Ellis,46,Female,France,33617.33,Single,Self-Employed,6/26/2019,Retail,2,SMS
416061,1,Munoz,52,Male,United Kingdom,44304.11,Married,Freelancer,11/24/2017,Retail,1,Email
416232,5,Valdez,77,Female,Germany,32493.36,Widowed,Retired,9/15/2016,Senior,0,Phone Call
416282,2,Moon,45,Male,France,32368.85,Married,Salaried Employee,5/23/2026,Family,4,Mobile App Push
416302,4,Cunningham,35,Female,Spain,125177.26,Single,Self-Employed,5/12/2026,Premium,0,SMS
416422,1,Johnson,62,Male,United States,58512.22,Single,Salaried Employee,7/16/2025,Retail,2,SMS
416423,4,Ramirez,61,Male,United Kingdom,116102.66,Married,Salaried Employee,6/12/2016,Premium,0,Email
416503,4,Haynes,57,Male,Spain,134322.77,Divorced,Self-Employed,7/5/2022,Premium,1,Mail
416528,2,Blair,33,Female,United Kingdom,29935.20,Single,Business Owner,7/1/2021,Family,0,SMS
416613,2,Mathews,41,Female,United States,36342.55,Married,Salaried Employee,4/6/2025,Family,2,Phone Call
416768,4,Jackson,54,Male,Germany,107853.31,Married,Business Owner,2/26/2021,Premium,0,Mail
416793,2,Bailey,48,Male,France,39986.99,Single,Salaried Employee,5/21/2018,Family,1,Email
416797,1,Stephens,49,Male,Germany,50202.33,Single,Salaried Employee,7/3/2017,Retail,0,Mobile App Push
416822,2,Lang,38,Male,United States,41030.57,Divorced,Salaried Employee,8/19/2022,Family,2,Phone Call
416869,2,Mendez,33,Female,United States,25676.30,Divorced,Salaried Employee,6/22/2017,Family,4,SMS
416950,1,Sanders,36,Male,France,46076.23,Divorced,Salaried Employee,9/21/2023,Retail,1,SMS
417003,1,Love,32,Male,France,34384.09,Married,Salaried Employee,4/10/2020,Retail,2,Email
417012,5,Keith,76,Male,Germany,54102.86,Married,Self-Employed,11/16/2020,Senior,1,Email
417212,2,Knight,31,Female,United Kingdom,33323.10,Married,Salaried Employee,4/5/2019,Family,3,Email
417329,1,Castaneda,39,Female,Germany,60632.70,Married,Salaried Employee,5/30/2018,Retail,0,Phone Call
417530,1,Bradley,48,Male,France,61350.16,Single,Salaried Employee,3/20/2022,Retail,1,SMS
417534,1,Ortega,43,Female,Germany,28017.69,Married,Salaried Employee,12/3/2025,Retail,1,Mobile App Push
417538,1,Schmidt,42,Female,United States,29426.26,Married,Salaried Employee,3/8/2017,Retail,1,SMS
417543,1,Nelson,39,Female,United Kingdom,35158.28,Married,Unemployed,12/13/2022,Retail,2,Mobile App Push
417776,2,Collins,42,Female,Spain,66161.85,Single,Salaried Employee,8/25/2016,Family,2,Email
417915,2,Stone,40,Female,France,42758.31,Married,Salaried Employee,6/23/2022,Family,4,SMS
418083,4,Simmons,38,Male,United Kingdom,191838.31,Married,Business Owner,3/18/2019,Premium,0,SMS
418319,4,Smith,57,Male,Germany,282236.97,Single,Salaried Employee,4/7/2023,Premium,0,Mobile App Push
418594,3,Cook,21,Male,France,17818.86,Single,Student,1/31/2026,Student,0,Mail
418635,5,Rogers,67,Female,France,60794.13,Single,Retired,12/20/2016,Senior,0,SMS
418667,5,Robinson,76,Male,Germany,33322.86,Married,Retired,6/2/2025,Senior,0,SMS
418672,2,Watson,37,Male,France,17406.26,Married,Salaried Employee,3/1/2023,Family,2,Mobile App Push
418841,4,Lynch,49,Male,United Kingdom,139402.13,Married,Salaried Employee,8/28/2020,Premium,0,Mobile App Push
418862,2,Johnson,35,Male,France,50491.46,Married,Business Owner,6/2/2017,Family,3,Mobile App Push
418897,1,Fowler,50,Male,Germany,52948.67,Single,Salaried Employee,12/15/2025,Retail,1,SMS
418992,5,Fitzgerald,69,Female,Spain,10587.09,Divorced,Business Owner,8/22/2019,Senior,1,Mail
419149,5,Wright,84,Male,Germany,41998.08,Widowed,Retired,11/11/2022,Senior,0,Email
419343,1,Gonzalez,37,Female,Germany,38418.21,Married,Self-Employed,7/3/2024,Retail,2,Phone Call
419348,1,Franklin,43,Male,United States,9549.63,Widowed,Salaried Employee,5/26/2019,Retail,0,SMS
419394,1,Graves,48,Female,United States,37563.90,Married,Salaried Employee,9/6/2025,Retail,1,Email
419457,1,Copeland,33,Male,United States,37309.97,Divorced,Salaried Employee,7/25/2023,Retail,0,Mobile App Push
419491,1,Craig,36,Female,Spain,40858.88,Married,Freelancer,12/3/2024,Retail,0,Mobile App Push
419588,4,Lawrence,50,Male,France,51154.15,Married,Business Owner,11/24/2019,Premium,0,Email
419625,2,Tyler,36,Male,Germany,37091.94,Married,Business Owner,7/3/2019,Family,0,SMS
419644,1,Mcdonald,36,Female,France,31737.69,Married,Unemployed,12/20/2017,Retail,2,Mobile App Push
419739,1,Vincent,38,Female,Spain,48915.99,Married,Salaried Employee,11/26/2017,Retail,3,Mobile App Push
419939,4,Hardy,38,Male,Germany,86602.58,Single,Business Owner,2/29/2024,Premium,0,SMS
420015,5,Thomas,72,Male,United States,22323.73,Married,Retired,8/8/2020,Senior,0,Phone Call
420214,3,Allen,23,Female,France,13012.20,Single,Student,12/5/2022,Student,0,Email
420297,2,Mullen,33,Male,Germany,30504.38,Married,Salaried Employee,12/10/2016,Family,3,Mobile App Push
420310,5,Allen,69,Female,Germany,17528.08,Widowed,Self-Employed,4/2/2026,Senior,2,Mobile App Push
420349,1,Rodriguez,41,Female,United Kingdom,41218.58,Married,Self-Employed,3/4/2026,Retail,2,Phone Call
420523,1,Hernandez,56,Male,France,22804.29,Married,Salaried Employee,4/7/2024,Retail,0,Mobile App Push
420984,1,Vasquez,52,Female,France,41590.45,Single,Business Owner,8/10/2022,Retail,2,Email
421080,1,Whitaker,41,Male,Spain,20658.75,Single,Freelancer,5/23/2020,Retail,1,Mobile App Push
421384,4,Wheeler,45,Male,Spain,130646.93,Married,Business Owner,6/19/2023,Premium,3,Phone Call
421517,2,Jensen,45,Male,United States,24358.85,Single,Unemployed,4/6/2023,Family,2,Mobile App Push
421549,1,Armstrong,48,Female,Spain,72497.72,Married,Freelancer,3/2/2020,Retail,3,Mobile App Push
421709,1,Hunter,34,Female,Germany,30090.67,Married,Freelancer,7/31/2023,Retail,2,Mail
421727,2,Marsh,45,Male,France,52274.28,Married,Salaried Employee,9/29/2016,Family,4,SMS
422002,1,Stephenson,37,Male,France,33450.13,Married,Salaried Employee,1/10/2024,Retail,1,Mobile App Push
422266,2,Brown,49,Female,United Kingdom,36899.32,Divorced,Unemployed,4/4/2017,Family,1,Mail
422448,1,Graham,52,Male,France,37880.82,Single,Self-Employed,6/21/2023,Retail,1,Mobile App Push
422451,1,Wagner,50,Female,France,47274.98,Single,Self-Employed,10/15/2023,Retail,0,Phone Call
422554,1,Brewer,31,Male,United States,76323.60,Married,Salaried Employee,7/13/2023,Retail,0,Mail
422623,5,Johnson,69,Female,France,12545.23,Married,Retired,5/17/2019,Senior,0,Phone Call
422679,5,Chavez,76,Male,Germany,16588.99,Widowed,Retired,5/12/2023,Senior,0,Email
422722,2,Hall,49,Female,France,38297.92,Married,Salaried Employee,11/7/2024,Family,1,Email
422823,1,Doyle,40,Female,France,33790.46,Married,Unemployed,9/21/2025,Retail,2,Email
422998,1,Taylor,60,Female,France,17966.10,Married,Salaried Employee,2/25/2020,Retail,3,Mail
423026,5,Payne,79,Female,United Kingdom,17901.15,Married,Retired,8/17/2021,Senior,0,Phone Call
423139,1,Fox,51,Female,France,53300.82,Married,Salaried Employee,4/24/2026,Retail,1,Mobile App Push
423232,1,Alvarez,38,Male,United States,23405.48,Divorced,Salaried Employee,1/19/2024,Retail,0,SMS
423241,4,Rivera,46,Female,France,266002.71,Married,Self-Employed,2/13/2026,Premium,3,Email
423256,2,Long,40,Male,United Kingdom,44229.46,Divorced,Salaried Employee,3/2/2025,Family,3,Mobile App Push
423284,5,Jones,72,Male,Spain,74142.60,Widowed,Business Owner,3/26/2019,Senior,0,Mail
423331,2,James,44,Female,United Kingdom,35496.79,Married,Self-Employed,3/24/2019,Family,1,Mobile App Push
423401,1,Cruz,27,Female,United States,32255.74,Married,Unemployed,11/22/2018,Retail,0,Email
423404,1,Alvarez,62,Male,United Kingdom,51294.69,Single,Salaried Employee,5/29/2024,Retail,3,Mobile App Push
423528,2,Jackson,35,Male,United Kingdom,64500.19,Married,Self-Employed,3/7/2021,Family,2,Email
423869,4,Baker,54,Male,Germany,120640.30,Single,Business Owner,7/21/2019,Premium,0,Mail
423939,1,Camacho,39,Male,France,14274.55,Married,Salaried Employee,3/10/2024,Retail,0,SMS
423993,2,Baker,46,Female,United States,25275.14,Married,Salaried Employee,12/24/2021,Family,3,Email
424008,4,Gonzales,56,Female,Germany,79924.95,Married,Business Owner,11/6/2017,Premium,1,SMS
424065,1,Reynolds,45,Female,Germany,73223.95,Married,Salaried Employee,2/5/2023,Retail,3,Phone Call
424308,1,Harper,26,Female,France,49925.43,Married,Unemployed,12/24/2019,Retail,0,Mobile App Push
424314,2,Walsh,49,Male,France,48638.21,Married,Business Owner,12/29/2020,Family,3,Email
424398,2,Oliver,46,Male,United Kingdom,42824.69,Married,Salaried Employee,8/16/2016,Family,2,Mobile App Push
424500,1,Howe,31,Male,United Kingdom,34516.92,Single,Self-Employed,2/27/2022,Retail,1,SMS
424553,1,Stewart,45,Female,United Kingdom,28805.77,Single,Self-Employed,4/9/2026,Retail,1,Phone Call
424620,2,Smith,44,Female,Spain,51237.78,Married,Salaried Employee,6/26/2024,Family,4,Mobile App Push
424703,2,Barrera,41,Female,France,21107.86,Married,Self-Employed,3/17/2022,Family,1,SMS
424960,2,Mayer,44,Female,Germany,35937.32,Divorced,Salaried Employee,5/25/2020,Family,2,Email
425138,4,Hart,48,Female,Germany,138974.55,Married,Self-Employed,11/21/2017,Premium,1,Mobile App Push
425236,1,Smith,33,Female,France,58235.90,Divorced,Salaried Employee,6/26/2020,Retail,2,Mail
425301,4,Morris,54,Female,United Kingdom,97772.00,Married,Self-Employed,9/19/2019,Premium,0,Phone Call
425346,4,Li,55,Female,Germany,133540.14,Married,Business Owner,5/10/2025,Premium,3,Mobile App Push
425434,1,Ramirez,44,Male,United States,27154.62,Married,Salaried Employee,4/16/2026,Retail,0,Email
425469,1,Potts,51,Male,Spain,27367.61,Married,Salaried Employee,11/22/2020,Retail,0,Phone Call
425486,1,Mccarty,38,Female,Spain,28605.39,Married,Freelancer,4/8/2025,Retail,0,Email
425498,1,Thornton,40,Female,Spain,68525.43,Single,Self-Employed,12/25/2017,Retail,3,Mail
425790,1,Lawson,38,Female,Germany,48727.54,Married,Salaried Employee,10/28/2022,Retail,1,Mail
425845,1,Ramirez,31,Male,France,25178.53,Married,Salaried Employee,10/3/2022,Retail,1,Mobile App Push
426053,2,Wood,39,Female,United States,63551.73,Single,Self-Employed,7/14/2017,Family,3,Mobile App Push
426084,2,Edwards,41,Male,France,35981.28,Married,Salaried Employee,11/17/2022,Family,3,SMS
426087,1,Pennington,40,Male,United States,10591.01,Divorced,Salaried Employee,3/22/2017,Retail,0,Mail
426147,5,Mcdowell,68,Female,United Kingdom,31100.98,Married,Retired,11/8/2025,Senior,0,SMS
426236,2,Garza,42,Female,United States,28298.28,Married,Unemployed,6/14/2018,Family,2,Mail
426503,2,Gillespie,38,Male,France,25248.01,Single,Self-Employed,2/12/2026,Family,1,Email
426711,1,Arias,54,Male,France,32047.13,Married,Business Owner,3/4/2020,Retail,0,Email
426775,5,Gibson,75,Male,United Kingdom,23881.05,Married,Retired,4/16/2021,Senior,0,Phone Call
426858,1,Gray,46,Female,United Kingdom,98923.90,Married,Freelancer,2/4/2017,Retail,1,Mobile App Push
427040,3,Taylor,21,Female,France,15442.04,Single,Student,6/22/2025,Student,0,Mail
427110,2,Snyder,46,Male,United States,29709.15,Married,Unemployed,1/10/2022,Family,3,Mobile App Push
427252,1,Perkins,48,Female,Germany,46444.71,Single,Freelancer,4/15/2022,Retail,0,SMS
427270,3,Fernandez,23,Female,United Kingdom,22074.87,Single,Student,8/13/2016,Student,0,Email
427305,1,Lopez,41,Female,United Kingdom,32602.40,Single,Business Owner,8/9/2022,Retail,1,Email
427557,1,Grant,59,Female,France,56831.46,Divorced,Self-Employed,10/29/2017,Retail,0,Email
427617,2,Brown,42,Male,France,43598.30,Married,Salaried Employee,3/31/2020,Family,3,Mobile App Push
427626,3,Buchanan,24,Male,Spain,17803.43,Single,Student,8/27/2017,Student,0,SMS
427659,2,Gonzalez,41,Male,Germany,65402.03,Married,Business Owner,7/30/2018,Family,2,Mail
427679,1,Smith,38,Female,France,25484.20,Single,Salaried Employee,12/17/2024,Retail,0,SMS
427704,5,Ward,68,Female,United Kingdom,42437.09,Widowed,Retired,11/30/2019,Senior,0,Mail
427730,1,Davis,47,Female,United States,25555.31,Single,Business Owner,12/18/2021,Retail,0,Email
427766,2,Barton,39,Male,United States,12647.39,Married,Self-Employed,9/1/2024,Family,2,Mobile App Push
427841,1,Montgomery,59,Female,United States,22996.34,Single,Self-Employed,10/3/2023,Retail,0,SMS
427897,1,Garrett,41,Female,Spain,89314.01,Single,Salaried Employee,8/28/2019,Retail,0,Mobile App Push
427905,5,Zamora,80,Female,Germany,37589.04,Married,Retired,6/9/2021,Senior,0,Phone Call
428096,2,Wolf,28,Male,France,32899.88,Married,Unemployed,4/28/2024,Family,2,Email
428122,1,Lee,32,Male,Spain,45927.39,Married,Salaried Employee,10/3/2022,Retail,1,Mobile App Push
428267,2,Martin,31,Male,France,46190.92,Single,Self-Employed,8/30/2023,Family,1,Phone Call
428399,5,Wilson,67,Male,France,13227.75,Married,Retired,4/7/2020,Senior,1,Phone Call
428429,2,Rowland,28,Male,Spain,42134.94,Single,Unemployed,5/1/2022,Family,2,SMS
428487,1,Graham,56,Male,United States,42380.23,Married,Self-Employed,9/16/2022,Retail,1,Phone Call
428572,1,Flores,55,Male,France,31843.39,Divorced,Self-Employed,11/6/2020,Retail,0,Mobile App Push
428628,1,Mckinney,50,Female,United Kingdom,30658.00,Married,Freelancer,2/3/2025,Retail,1,Email
428638,3,Alvarez,21,Male,United States,11106.16,Single,Student,12/7/2022,Student,0,Mail
428709,2,Todd,44,Female,France,55581.43,Divorced,Salaried Employee,2/5/2024,Family,1,Email
428838,3,Harris,21,Male,United States,16673.72,Single,Student,12/3/2024,Student,0,Mobile App Push
428914,1,Cook,52,Male,France,86571.08,Divorced,Self-Employed,12/28/2019,Retail,0,Mail
428930,4,Perkins,47,Female,United Kingdom,192131.64,Married,Salaried Employee,1/19/2024,Premium,0,Mobile App Push
428993,3,Guerra,22,Female,Germany,16041.78,Single,Student,9/23/2022,Student,0,Mobile App Push
429119,5,Bartlett,66,Male,Germany,18082.18,Married,Retired,3/7/2022,Senior,1,Phone Call
429159,1,Lopez,52,Female,Germany,51554.57,Married,Salaried Employee,8/16/2019,Retail,0,Mobile App Push
429164,5,Nolan,80,Female,Germany,25840.45,Married,Retired,8/18/2017,Senior,0,Email
429287,1,Gordon,47,Female,France,66188.65,Single,Freelancer,7/15/2017,Retail,2,Mail
429445,4,Costa,48,Male,United Kingdom,120240.04,Married,Salaried Employee,4/16/2021,Premium,1,Mail
429502,1,English,37,Female,Germany,42914.27,Single,Salaried Employee,4/25/2026,Retail,0,Email
429657,3,Fields,21,Female,Germany,9477.23,Single,Student,8/17/2025,Student,0,Email
429761,1,Wilson,58,Male,France,29322.19,Married,Salaried Employee,11/22/2016,Retail,2,Mobile App Push
429776,2,Clark,42,Male,France,46166.87,Married,Business Owner,3/25/2017,Family,1,Mobile App Push
429780,5,Shaw,67,Female,Spain,40397.49,Married,Self-Employed,10/14/2025,Senior,2,Mail
429795,2,Mcneil,28,Male,France,31326.33,Married,Freelancer,10/6/2024,Family,2,Mail
429861,2,Hopkins,55,Male,United Kingdom,18011.59,Married,Self-Employed,6/3/2024,Family,3,Phone Call
429963,1,Moore,32,Female,Germany,17050.89,Married,Self-Employed,4/15/2020,Retail,0,Email
430201,1,Anderson,44,Female,United States,56564.46,Single,Freelancer,7/22/2022,Retail,0,Mobile App Push
430310,1,Johnson,46,Female,Spain,39796.40,Married,Self-Employed,6/19/2018,Retail,0,Email
430463,5,Lee,73,Male,United States,33648.90,Widowed,Retired,12/11/2023,Senior,1,Email
430738,2,May,42,Male,Spain,56791.35,Divorced,Salaried Employee,2/10/2022,Family,1,Mobile App Push
430776,1,Evans,24,Male,United States,28807.94,Married,Unemployed,4/24/2023,Retail,1,SMS
430779,2,White,55,Female,Spain,35223.51,Married,Salaried Employee,5/26/2022,Family,2,Mobile App Push
430828,2,Vasquez,35,Male,France,29820.55,Married,Unemployed,12/6/2021,Family,3,Phone Call
430876,2,Drake,42,Female,Spain,43058.67,Married,Salaried Employee,5/3/2023,Family,2,Email
430926,1,Gomez,47,Female,France,46761.21,Divorced,Unemployed,7/18/2026,Retail,1,SMS
430984,5,Daugherty,71,Male,Germany,41056.30,Widowed,Retired,5/28/2023,Senior,0,Email
431023,4,Olson,50,Male,France,113569.65,Divorced,Business Owner,1/2/2017,Premium,1,Mobile App Push
431064,2,Clayton,45,Male,Germany,46719.16,Single,Unemployed,1/31/2022,Family,2,Phone Call
431067,5,Williams,83,Female,Spain,26158.83,Widowed,Retired,4/14/2019,Senior,2,Mobile App Push
431246,2,Esparza,40,Female,France,51160.71,Married,Salaried Employee,4/28/2026,Family,4,Email
431414,4,Ritter,37,Male,Germany,85974.31,Divorced,Business Owner,3/5/2021,Premium,0,SMS
431495,2,James,45,Female,Germany,60070.54,Married,Salaried Employee,11/30/2020,Family,2,Email
431535,1,Hamilton,62,Male,Spain,67313.95,Divorced,Salaried Employee,1/23/2024,Retail,0,Email
431699,2,Hull,43,Male,France,48097.58,Married,Salaried Employee,1/11/2020,Family,4,Mail
431737,2,Kane,28,Male,Germany,138749.13,Married,Business Owner,6/30/2022,Family,4,Mobile App Push
431752,1,Sanchez,51,Female,United States,33555.73,Single,Salaried Employee,7/5/2021,Retail,0,Mobile App Push
431773,2,Rosario,36,Female,United Kingdom,29023.90,Married,Salaried Employee,1/20/2023,Family,0,Email
431845,2,Clark,38,Male,Germany,22557.83,Divorced,Salaried Employee,6/21/2020,Family,2,Mail
431862,5,Jackson,75,Male,France,29142.89,Widowed,Retired,11/7/2023,Senior,0,Email
431976,1,Martin,36,Female,Germany,36462.59,Married,Self-Employed,1/25/2026,Retail,1,Mobile App Push
432043,4,Stark,62,Female,Germany,155531.49,Single,Business Owner,10/3/2024,Premium,1,SMS
432061,1,Jennings,52,Male,United Kingdom,41857.20,Married,Freelancer,10/14/2020,Retail,0,Mobile App Push
432125,2,Clarke,51,Female,Germany,47559.20,Married,Salaried Employee,1/23/2025,Family,1,Email
432270,4,Williams,34,Female,United Kingdom,117441.45,Single,Salaried Employee,4/4/2025,Premium,1,Mobile App Push
432427,5,Walsh,81,Female,United States,31580.43,Widowed,Retired,10/9/2025,Senior,1,Email
432441,1,Robinson,24,Male,Spain,63319.42,Married,Salaried Employee,9/25/2016,Retail,2,Email
432695,5,Livingston,88,Male,Spain,11012.28,Single,Retired,11/7/2025,Senior,0,Phone Call
432711,1,Hill,40,Male,France,50284.62,Single,Salaried Employee,7/30/2026,Retail,2,Mobile App Push
432918,5,Williams,75,Female,United States,20894.45,Widowed,Self-Employed,1/24/2019,Senior,0,Mail
433025,5,Smith,70,Male,France,46040.75,Married,Retired,5/28/2025,Senior,0,Mobile App Push
433222,1,Stephens,41,Male,Germany,36842.71,Divorced,Salaried Employee,10/20/2024,Retail,0,Email
433299,3,Johnson,22,Male,Spain,16257.06,Single,Student,5/24/2020,Student,0,Email
433451,4,Porter,50,Female,France,189040.46,Married,Business Owner,11/29/2025,Premium,0,Email
433507,1,Dennis,51,Female,Spain,41132.89,Married,Unemployed,1/30/2023,Retail,1,SMS
433580,2,Hendricks,41,Male,France,8408.84,Married,Salaried Employee,10/26/2023,Family,2,Mobile App Push
433632,1,Moore,38,Female,Germany,44927.66,Divorced,Salaried Employee,10/17/2017,Retail,1,Mail
433674,4,Booth,44,Male,France,94685.02,Married,Salaried Employee,5/10/2019,Premium,0,Mobile App Push
433955,2,White,42,Male,Germany,32546.10,Married,Self-Employed,12/1/2022,Family,4,Email
434002,1,Young,44,Male,United States,42410.66,Single,Freelancer,2/16/2018,Retail,2,Email
434165,1,Christian,52,Female,France,34529.15,Single,Business Owner,4/23/2019,Retail,1,Email
434168,1,Reed,30,Male,United Kingdom,22038.03,Married,Salaried Employee,1/7/2025,Retail,3,Phone Call
434198,1,Sellers,35,Male,Germany,17768.89,Single,Self-Employed,4/6/2025,Retail,1,Phone Call
434217,3,Wagner,19,Male,Spain,19443.49,Single,Student,1/3/2020,Student,0,SMS
434367,1,Wolf,24,Male,United States,16022.53,Married,Salaried Employee,5/11/2021,Retail,1,Phone Call
434394,2,Estrada,31,Male,France,54717.27,Married,Self-Employed,2/2/2024,Family,3,Mobile App Push
434400,5,Hatfield,67,Male,United Kingdom,38179.95,Divorced,Retired,11/26/2025,Senior,0,Phone Call
434617,2,Townsend,47,Male,Germany,36003.13,Married,Business Owner,10/15/2018,Family,4,SMS
434640,3,Turner,23,Female,Spain,27828.21,Single,Student,10/12/2018,Student,0,Phone Call
434652,2,Boyd,37,Female,Spain,63645.91,Married,Salaried Employee,6/30/2018,Family,3,Mobile App Push
434827,4,Mills,59,Male,Germany,163224.80,Married,Salaried Employee,12/29/2022,Premium,0,Phone Call
435039,1,Watson,33,Male,United States,26176.49,Married,Freelancer,8/11/2019,Retail,0,Mail
435109,4,Nelson,46,Male,United States,80765.29,Divorced,Business Owner,5/18/2023,Premium,0,Mobile App Push
435112,2,Jenkins,49,Female,France,56631.87,Married,Salaried Employee,8/11/2021,Family,4,Mobile App Push
435239,2,Parker,47,Male,United States,40722.65,Married,Self-Employed,6/15/2017,Family,2,Email
435281,2,Haney,42,Male,France,51462.91,Married,Business Owner,3/7/2025,Family,4,Email
435476,5,Moore,61,Female,United Kingdom,20473.88,Divorced,Retired,1/22/2022,Senior,0,Email
435788,1,Armstrong,34,Male,United Kingdom,78517.38,Married,Freelancer,9/1/2023,Retail,1,Mail
435872,2,Hayes,34,Male,France,47640.77,Divorced,Salaried Employee,2/8/2025,Family,4,Email
436030,1,Thomas,40,Female,Spain,22118.86,Married,Business Owner,3/21/2021,Retail,0,Mail
436208,2,Bennett,42,Female,Germany,40624.90,Widowed,Salaried Employee,12/20/2024,Family,2,Phone Call
436219,1,Gonzalez,45,Female,Spain,20148.51,Married,Business Owner,11/21/2022,Retail,0,SMS
436241,2,Kelly,35,Male,Spain,39130.20,Married,Salaried Employee,5/27/2025,Family,2,Email
436272,1,Weaver,24,Female,United States,22442.07,Single,Salaried Employee,4/16/2023,Retail,0,Mobile App Push
436318,1,Hernandez,56,Female,France,42640.19,Married,Salaried Employee,8/19/2025,Retail,1,Email
436454,5,Singleton,76,Female,Germany,16256.12,Divorced,Retired,10/15/2020,Senior,0,Mail
436467,1,Burch,51,Female,Spain,40546.27,Single,Salaried Employee,10/15/2023,Retail,0,Email
436526,1,Moss,55,Male,United States,31382.75,Married,Unemployed,11/2/2024,Retail,0,Mail
436653,2,Fleming,39,Male,Germany,30212.70,Divorced,Salaried Employee,1/12/2020,Family,3,Phone Call
436768,1,Reed,39,Male,Spain,86676.24,Single,Salaried Employee,7/26/2017,Retail,2,Email
436814,1,Wiggins,50,Male,Germany,40880.35,Married,Salaried Employee,1/10/2018,Retail,1,Mobile App Push
437145,2,Mcclure,42,Female,France,31311.94,Married,Salaried Employee,2/22/2023,Family,2,SMS
437211,1,Sanchez,39,Female,Spain,43774.86,Single,Salaried Employee,7/20/2017,Retail,2,Email
437226,5,Bailey,88,Male,Germany,52489.20,Married,Retired,2/23/2026,Senior,2,Email
437237,1,Thomas,47,Female,Germany,30377.79,Married,Salaried Employee,7/4/2024,Retail,0,SMS
437408,1,Young,27,Female,France,67503.01,Married,Unemployed,3/28/2026,Retail,2,SMS
437433,4,Bradley,50,Male,United Kingdom,114875.14,Married,Salaried Employee,5/19/2018,Premium,1,Mobile App Push
437477,2,Diaz,45,Male,France,49477.56,Married,Freelancer,12/23/2019,Family,3,Mail
437666,2,Peters,42,Male,France,32872.14,Married,Freelancer,12/4/2022,Family,4,Email
437742,1,Perez,48,Male,Spain,31332.44,Single,Unemployed,9/12/2022,Retail,1,Mobile App Push
437758,1,Butler,43,Male,Germany,20743.28,Single,Salaried Employee,4/8/2023,Retail,0,Mail
437864,1,Norris,39,Male,France,29305.14,Divorced,Business Owner,1/17/2019,Retail,1,Phone Call
437902,1,Cole,40,Female,France,43420.26,Divorced,Salaried Employee,1/30/2024,Retail,1,Phone Call
437960,3,Rodriguez,21,Female,United Kingdom,15467.57,Single,Student,11/5/2023,Student,0,SMS
437978,1,Bailey,45,Male,Germany,50191.22,Single,Freelancer,2/2/2021,Retail,1,Mail
438041,4,Doyle,59,Female,United Kingdom,81602.83,Married,Self-Employed,5/19/2025,Premium,0,Email
438270,1,Jones,29,Male,Spain,28701.40,Married,Salaried Employee,12/4/2025,Retail,0,SMS
438273,1,Wilcox,30,Male,France,22219.79,Married,Salaried Employee,6/8/2020,Retail,2,Email
438302,1,Rush,37,Male,Germany,24413.71,Single,Salaried Employee,9/16/2023,Retail,2,Email
438334,1,Morris,39,Male,France,25448.96,Single,Unemployed,4/17/2024,Retail,0,Mobile App Push
438503,2,Lewis,49,Female,United Kingdom,37867.83,Married,Salaried Employee,4/28/2017,Family,0,Mobile App Push
438548,1,Gibson,41,Male,France,28664.21,Divorced,Self-Employed,7/2/2024,Retail,0,Phone Call
438756,5,Pittman,66,Female,Germany,16527.31,Divorced,Retired,6/9/2017,Senior,0,Phone Call
438908,2,Garcia,35,Female,Spain,46727.54,Married,Salaried Employee,11/17/2018,Family,1,Email
438977,1,Reyes,38,Male,France,36704.01,Married,Salaried Employee,4/20/2017,Retail,1,Email
439113,5,Graham,61,Female,United States,51765.21,Married,Retired,12/11/2024,Senior,0,Email
439121,5,Cain,73,Male,Germany,18771.73,Married,Retired,4/27/2018,Senior,0,Email
439162,1,Obrien,50,Male,Spain,37396.07,Single,Salaried Employee,2/16/2017,Retail,1,Email
439173,1,Allen,43,Male,Germany,23061.33,Widowed,Salaried Employee,10/7/2023,Retail,0,Mobile App Push
439307,2,Mendoza,47,Male,Germany,45336.58,Divorced,Business Owner,8/28/2022,Family,3,Email
439320,1,Giles,41,Male,Germany,28052.77,Married,Self-Employed,5/22/2025,Retail,1,Mail
439375,25,Gonzalez,38,Male,France,34782.84,Single,Salaried Employee,3/13/2018,Unknown,1,Mail
439403,1,Clark,24,Female,Germany,41567.03,Widowed,Salaried Employee,12/24/2024,Retail,1,SMS
439498,1,Gibson,30,Male,France,17246.81,Married,Salaried Employee,10/28/2018,Retail,2,Email
439658,2,Jones,43,Female,France,34742.18,Married,Salaried Employee,11/30/2017,Family,2,Email
439813,5,Johnson,74,Male,Spain,17126.14,Widowed,Business Owner,12/2/2020,Senior,0,Phone Call
439817,2,Miller,42,Male,United Kingdom,58096.82,Married,Salaried Employee,10/3/2024,Family,1,Mobile App Push
439902,1,Rubio,32,Male,France,44384.96,Single,Freelancer,5/9/2018,Retail,2,SMS
439984,1,Barry,57,Female,United Kingdom,29029.06,Single,Salaried Employee,12/16/2018,Retail,0,Phone Call
440035,5,Lopez,71,Female,Germany,21588.41,Married,Salaried Employee,5/24/2017,Senior,0,SMS
440131,3,Novak,20,Female,France,10679.60,Single,Freelancer,5/3/2018,Student,0,Mobile App Push
440140,2,Padilla,41,Female,United Kingdom,31141.11,Married,Salaried Employee,11/1/2019,Family,3,Mobile App Push
440189,2,Cohen,30,Male,Germany,44011.37,Married,Self-Employed,8/14/2021,Family,2,Mobile App Push
440277,2,Holt,52,Female,United States,39429.68,Married,Freelancer,7/30/2022,Family,3,SMS
440424,2,Perry,34,Male,United Kingdom,41710.03,Married,Self-Employed,8/22/2016,Family,2,Email
440464,5,Copeland,71,Female,United Kingdom,43005.74,Divorced,Retired,8/28/2017,Senior,0,SMS
440536,1,Powers,52,Male,United States,39658.31,Married,Salaried Employee,2/18/2026,Retail,0,Email
440544,1,Mitchell,35,Female,France,33713.03,Married,Business Owner,8/19/2024,Retail,0,Mobile App Push
440677,2,Barnett,52,Female,Germany,39818.97,Married,Salaried Employee,4/27/2026,Family,3,Email
440802,4,Simmons,52,Female,United Kingdom,69836.57,Single,Business Owner,8/11/2022,Premium,0,SMS
440839,1,Watson,57,Male,Germany,66971.27,Single,Self-Employed,10/10/2021,Retail,0,SMS
440881,2,Buchanan,43,Male,Spain,49692.23,Married,Salaried Employee,10/10/2022,Family,3,Mobile App Push
440930,1,Mills,42,Female,France,31012.95,Single,Salaried Employee,12/3/2023,Retail,0,Phone Call
440981,1,Parrish,44,Female,France,28123.87,Divorced,Salaried Employee,8/14/2017,Retail,0,SMS
440998,1,Mathews,62,Female,France,20138.34,Married,Self-Employed,7/20/2023,Retail,2,Email
441183,2,Williams,35,Male,Germany,51258.19,Married,Salaried Employee,1/14/2019,Family,4,SMS
441244,1,George,52,Female,United Kingdom,51169.69,Single,Self-Employed,2/5/2019,Retail,2,Email
441505,3,Davis,21,Male,United States,16835.87,Single,Student,3/10/2018,Student,0,Email
441699,2,Reid,28,Female,Germany,41161.94,Married,Self-Employed,9/10/2017,Family,1,SMS
441716,1,Stewart,60,Male,Spain,18361.23,Married,Salaried Employee,6/8/2025,Retail,3,SMS
441806,1,Durham,59,Male,Germany,38526.97,Single,Salaried Employee,11/13/2018,Retail,1,Email
441819,2,Ritter,47,Male,Germany,47610.30,Married,Business Owner,1/29/2025,Family,2,SMS
441968,5,Ross,79,Female,France,22782.74,Widowed,Retired,1/24/2022,Senior,1,Phone Call
441974,5,Fuller,76,Male,Spain,34462.68,Single,Retired,12/23/2025,Senior,0,Mail
442027,1,Mitchell,46,Male,Germany,29615.18,Married,Salaried Employee,5/19/2023,Retail,0,Mobile App Push
442099,1,Davis,33,Female,France,46078.15,Single,Salaried Employee,4/27/2019,Retail,0,SMS
442230,2,Simmons,51,Female,United States,33298.22,Single,Self-Employed,10/21/2022,Family,2,Mobile App Push
442589,3,Reid,18,Female,France,27317.08,Single,Student,8/24/2021,Student,0,Phone Call
442622,5,Joseph,76,Male,France,18221.65,Widowed,Retired,7/30/2019,Senior,1,Phone Call
442707,1,David,47,Female,United Kingdom,18877.49,Divorced,Salaried Employee,1/12/2022,Retail,1,Mobile App Push
442722,2,Harvey,32,Female,Germany,50060.95,Married,Self-Employed,11/19/2022,Family,2,Phone Call
443187,1,Jones,40,Male,Germany,52031.46,Married,Salaried Employee,11/6/2025,Retail,1,Email
443194,4,Rice,45,Male,France,88400.74,Single,Salaried Employee,1/11/2023,Premium,0,Mobile App Push
443199,2,Bradley,40,Female,United States,28996.37,Married,Freelancer,11/20/2020,Family,3,Mobile App Push
443238,1,Salinas,40,Female,Spain,52475.60,Single,Salaried Employee,8/27/2025,Retail,2,Mail
443254,2,Parsons,39,Female,Spain,52297.32,Married,Salaried Employee,3/6/2024,Family,4,Mobile App Push
443312,2,Green,35,Female,United States,56544.20,Divorced,Freelancer,7/30/2019,Family,2,Mail
443341,1,Rojas,24,Male,France,35758.36,Married,Freelancer,7/29/2017,Retail,3,Mobile App Push
443716,1,Smith,48,Female,United Kingdom,39945.81,Married,Freelancer,11/17/2023,Retail,3,Mail
443848,1,Stevens,44,Male,Spain,54099.76,Single,Freelancer,11/3/2023,Retail,1,Email
443856,5,Young,74,Male,United Kingdom,28505.93,Married,Retired,1/29/2024,Senior,0,SMS
443897,5,Franco,73,Male,United States,16128.59,Married,Salaried Employee,4/30/2026,Senior,0,Email
443939,1,Hudson,33,Male,Germany,19608.08,Divorced,Freelancer,7/9/2020,Retail,2,Mobile App Push
444056,2,Anderson,38,Male,United States,21374.11,Married,Business Owner,5/16/2025,Family,2,Mobile App Push
444061,1,Figueroa,33,Female,France,24560.59,Married,Business Owner,6/26/2022,Retail,2,SMS
444207,5,Tucker,73,Male,United Kingdom,41539.89,Married,Retired,3/20/2023,Senior,1,SMS
444295,3,Fowler,18,Female,United Kingdom,9707.40,Single,Student,10/20/2019,Student,0,Mobile App Push
444432,3,Galvan,19,Female,France,10211.66,Single,Student,10/12/2022,Student,0,SMS
444519,3,Stanley,22,Female,Germany,22420.70,Single,Student,7/18/2017,Student,0,Mail
444525,3,Brown,24,Male,France,9334.83,Single,Student,5/19/2024,Student,0,Mobile App Push
444625,2,Harrison,49,Male,United States,35222.79,Married,Business Owner,9/16/2019,Family,2,Mobile App Push
445200,5,Davis,80,Male,Spain,32394.02,Divorced,Retired,8/16/2025,Senior,0,SMS
445280,1,Cox,56,Male,Germany,36483.97,Married,Salaried Employee,5/19/2025,Retail,0,Mobile App Push
445549,2,Hays,37,Male,France,51400.80,Married,Salaried Employee,10/23/2020,Family,3,Email
445637,2,Martinez,46,Female,Spain,30007.15,Married,Salaried Employee,9/19/2024,Family,4,Mail
445658,2,Hernandez,52,Female,United States,36127.86,Married,Salaried Employee,1/24/2024,Family,2,Mobile App Push
445705,2,Espinoza,43,Male,France,48731.70,Married,Unemployed,4/15/2019,Family,2,Mobile App Push
445824,4,Harris,45,Male,Spain,164366.82,Divorced,Salaried Employee,3/5/2026,Premium,0,Email
445852,2,Walton,55,Female,Germany,49223.45,Married,Self-Employed,8/15/2021,Family,2,Email
445888,1,Parker,48,Male,Germany,23702.42,Single,Unemployed,6/28/2017,Retail,0,Mail
446239,1,Alvarez,52,Male,France,41242.34,Single,Self-Employed,10/23/2019,Retail,2,Mobile App Push
446265,1,Hall,46,Female,France,43069.79,Single,Unemployed,11/22/2020,Retail,0,Email
446290,2,Stewart,45,Female,United Kingdom,24500.57,Married,Self-Employed,5/23/2026,Family,3,Email
446305,2,Singh,46,Female,France,34585.25,Married,Salaried Employee,11/5/2023,Family,1,SMS
446337,3,Edwards,18,Female,Spain,26755.45,Single,Student,6/6/2020,Student,0,Email
446373,2,Carrillo,49,Female,Germany,46126.04,Married,Salaried Employee,7/5/2017,Family,2,Email
446479,1,Peterson,29,Female,United Kingdom,24541.06,Married,Salaried Employee,8/27/2021,Retail,0,Mobile App Push
446569,2,Tucker,51,Male,Spain,67549.66,Married,Salaried Employee,11/10/2017,Family,2,Mobile App Push
446620,2,Tanner,28,Female,United States,32556.02,Married,Self-Employed,6/22/2026,Family,2,Email
446663,2,Brooks,32,Female,United States,26583.42,Married,Salaried Employee,8/12/2024,Family,3,Mobile App Push
446747,5,Scott,75,Male,United Kingdom,52938.72,Married,Retired,1/20/2023,Senior,0,SMS
446859,4,Duran,57,Female,Germany,243424.83,Single,Salaried Employee,4/11/2023,Premium,1,Email
446922,1,Harris,33,Female,United States,69211.68,Divorced,Salaried Employee,10/14/2023,Retail,0,Mail
446954,5,Singleton,69,Male,United Kingdom,18158.11,Divorced,Retired,7/18/2025,Senior,0,Email
446968,3,Guzman,18,Female,Germany,11298.94,Single,Student,2/6/2020,Student,0,Email
447067,1,Wiggins,43,Male,France,47065.65,Single,Salaried Employee,7/7/2023,Retail,0,Email
447148,1,Murray,44,Female,Germany,24706.85,Married,Salaried Employee,4/23/2025,Retail,0,Email
447177,1,Stone,34,Female,France,52771.76,Divorced,Salaried Employee,9/13/2018,Retail,1,Mobile App Push
447195,4,Moses,50,Female,France,148774.44,Married,Business Owner,10/9/2025,Premium,1,Phone Call
447235,1,Mason,52,Female,France,30772.42,Married,Self-Employed,8/19/2023,Retail,1,Mobile App Push
447255,2,Mathews,47,Male,France,48285.73,Single,Salaried Employee,5/19/2023,Family,3,Mobile App Push
447329,5,Morales,71,Male,Spain,43275.64,Widowed,Retired,9/4/2019,Senior,0,Phone Call
447362,1,Smith,56,Male,France,15821.68,Single,Salaried Employee,4/13/2020,Retail,1,Mobile App Push
447411,1,Wood,45,Male,United Kingdom,19471.52,Single,Salaried Employee,3/17/2018,Retail,1,SMS
447596,4,Larsen,46,Male,United States,104124.26,Single,Salaried Employee,9/16/2023,Premium,0,Email
447617,5,Graham,75,Female,Germany,21354.75,Married,Retired,9/29/2023,Senior,0,Mail
447655,1,Hunt,56,Female,Germany,40759.49,Married,Salaried Employee,1/8/2019,Retail,1,Email
447668,2,Bowman,40,Female,France,43201.34,Married,Business Owner,8/28/2017,Family,2,Mobile App Push
447704,4,Walter,43,Female,Germany,138285.99,Single,Salaried Employee,9/16/2020,Premium,3,Phone Call
447828,5,Morris,70,Female,France,22846.46,Married,Retired,11/12/2017,Senior,0,Phone Call
447832,2,Harris,47,Female,United Kingdom,24477.24,Married,Salaried Employee,3/26/2019,Family,1,Mobile App Push
447843,4,Williams,53,Male,United Kingdom,79094.20,Married,Self-Employed,1/15/2019,Premium,0,SMS
447848,2,Hall,41,Male,United States,37995.51,Married,Business Owner,3/4/2017,Family,2,Email
447997,3,Rodriguez,19,Male,France,12963.60,Single,Student,9/28/2023,Student,0,SMS
448005,3,Sims,18,Male,United States,18613.85,Single,Student,2/26/2018,Student,0,Email
448048,1,Thompson,41,Male,Germany,33735.35,Married,Freelancer,11/19/2016,Retail,1,Mobile App Push
448098,2,Hill,41,Female,Spain,69920.61,Married,Business Owner,4/9/2023,Family,4,Mail
448121,2,Brown,40,Female,Spain,70481.87,Married,Business Owner,10/23/2016,Family,1,Mobile App Push
448321,3,Rodgers,21,Male,Spain,13873.10,Single,Unemployed,7/23/2017,Student,0,Mobile App Push
448354,4,Parker,46,Female,United States,78432.62,Single,Salaried Employee,7/1/2020,Premium,0,Mobile App Push
448475,1,Gibbs,52,Female,Germany,29708.43,Married,Salaried Employee,11/25/2023,Retail,0,Mail
448588,2,Meyer,49,Female,United Kingdom,47927.36,Single,Salaried Employee,7/26/2025,Family,2,SMS
448671,2,Young,34,Female,Spain,35613.73,Married,Self-Employed,6/3/2025,Family,3,Mobile App Push
448787,3,Wood,22,Female,United Kingdom,11691.84,Single,Student,10/21/2018,Student,0,SMS
448813,1,Crawford,57,Male,Germany,19266.18,Single,Salaried Employee,4/15/2025,Retail,0,Phone Call
449077,3,Bradford,21,Female,France,22773.69,Single,Student,9/2/2022,Student,0,Email
449138,5,Fox,65,Male,Spain,51619.02,Married,Retired,4/15/2020,Senior,0,Phone Call
449218,2,Wilkinson,40,Male,Spain,35403.56,Married,Salaried Employee,7/25/2023,Family,2,Email
449247,1,Ellis,37,Female,United States,15759.08,Divorced,Self-Employed,3/17/2026,Retail,0,Email
449472,2,Franklin,36,Female,France,35537.31,Married,Unemployed,5/17/2020,Family,1,Mobile App Push
449479,5,Bates,73,Male,France,73445.05,Widowed,Retired,10/17/2019,Senior,2,Phone Call
449499,1,Washington,43,Female,Germany,46687.94,Married,Salaried Employee,4/4/2022,Retail,1,Mobile App Push
449555,4,Wright,66,Female,Spain,226800.27,Married,Self-Employed,4/11/2024,Premium,1,Email
449636,3,Martinez,24,Male,Germany,8000.00,Single,Student,9/30/2019,Student,0,Mail
449709,2,Moore,41,Male,United States,65214.42,Married,Freelancer,7/1/2026,Family,3,Mobile App Push
449759,2,Moore,44,Female,France,28370.87,Married,Unemployed,1/7/2024,Family,4,Mobile App Push
449773,1,Lindsey,43,Male,Germany,32735.44,Single,Salaried Employee,4/15/2020,Retail,0,SMS
450006,4,Burton,62,Female,Germany,166277.48,Married,Business Owner,11/10/2017,Premium,1,Mobile App Push
450533,1,Parker,33,Male,United States,22013.51,Single,Self-Employed,3/23/2026,Retail,0,Mobile App Push
450632,2,Johnson,52,Female,France,54808.91,Married,Salaried Employee,8/20/2023,Family,1,Email
450905,2,Nichols,41,Male,France,44335.82,Married,Salaried Employee,2/2/2017,Family,2,Email
450912,4,Gordon,44,Female,Germany,133187.18,Married,Business Owner,7/17/2024,Premium,0,Email
450996,2,Walker,37,Male,Spain,32721.73,Married,Freelancer,4/14/2023,Family,1,Mail
451199,5,Rodriguez,69,Female,United Kingdom,37152.29,Divorced,Retired,9/27/2025,Senior,0,Mail
451238,1,Smith,40,Female,Germany,32415.76,Married,Self-Employed,1/17/2023,Retail,0,SMS
451284,5,Padilla,67,Male,United States,13034.28,Married,Retired,10/18/2024,Senior,1,Mail
451291,1,Edwards,57,Female,Spain,30324.95,Married,Salaried Employee,2/27/2022,Retail,2,Mobile App Push
451317,1,White,56,Female,United Kingdom,51229.67,Married,Freelancer,3/24/2024,Retail,0,Phone Call
451387,5,Butler,82,Male,Germany,16450.37,Widowed,Retired,11/3/2018,Senior,0,Email
451470,4,Vang,45,Male,United States,165824.47,Widowed,Business Owner,12/14/2018,Premium,0,Mail
451475,5,Arellano,72,Male,Germany,15027.54,Divorced,Retired,7/25/2019,Senior,0,Phone Call
451577,4,Stewart,59,Male,United Kingdom,58233.21,Married,Freelancer,8/3/2017,Premium,0,Email
451801,1,Hicks,44,Female,Germany,38043.63,Married,Salaried Employee,1/2/2017,Retail,1,SMS
451936,1,Montgomery,54,Female,Germany,24841.93,Married,Salaried Employee,12/16/2022,Retail,1,SMS
452001,2,Neal,49,Male,United Kingdom,39968.33,Married,Unemployed,8/16/2023,Family,2,Email
452058,1,Conrad,55,Female,Germany,63859.59,Single,Salaried Employee,1/14/2017,Retail,0,Mobile App Push
452161,3,Salazar,19,Female,Spain,12542.99,Single,Student,2/10/2022,Student,0,Email
452207,2,Dennis,34,Male,United States,38787.88,Married,Salaried Employee,8/23/2018,Family,2,Mobile App Push
452457,1,Khan,45,Male,United Kingdom,34862.86,Single,Salaried Employee,11/26/2020,Retail,1,Mobile App Push
452497,2,Morris,43,Male,Spain,44000.77,Married,Business Owner,3/5/2018,Family,2,SMS
452618,1,Bonilla,60,Male,France,33304.51,Married,Salaried Employee,5/5/2019,Retail,3,Email
452713,4,Knapp,44,Male,France,84173.39,Married,Freelancer,8/11/2019,Premium,1,Email
452737,1,Keller,40,Male,United Kingdom,22302.92,Divorced,Salaried Employee,1/10/2018,Retail,2,Mail
452909,1,Porter,44,Female,Germany,13580.87,Married,Salaried Employee,9/26/2017,Retail,0,SMS
452944,2,James,40,Male,United Kingdom,28202.18,Single,Business Owner,3/25/2017,Family,2,Email
453123,1,Hurley,48,Female,Spain,68923.99,Single,Salaried Employee,5/3/2022,Retail,0,Mail
453487,3,Tucker,24,Male,France,8048.02,Single,Student,3/26/2026,Student,0,Mobile App Push
453729,1,Lewis,48,Female,Spain,32091.83,Married,Unemployed,6/21/2023,Retail,3,Email
453777,1,Phillips,50,Female,Germany,34097.21,Married,Salaried Employee,10/14/2022,Retail,0,Email
453796,1,Brooks,51,Female,Germany,35424.70,Married,Salaried Employee,11/10/2024,Retail,1,Email
453894,1,Hernandez,39,Male,Germany,38584.87,Married,Unemployed,1/2/2025,Retail,0,Email
453907,1,Roach,35,Female,France,23416.74,Single,Freelancer,11/16/2023,Retail,2,Email
453961,5,Wilson,75,Male,United States,37737.69,Widowed,Retired,6/11/2020,Senior,0,Email
454019,3,Holland,22,Male,Germany,26347.64,Single,Student,4/5/2024,Student,0,Email
454123,1,Ramirez,47,Female,Germany,38010.95,Married,Salaried Employee,3/25/2024,Retail,0,Mail
454161,2,Arnold,42,Male,Spain,20160.10,Married,Self-Employed,9/5/2023,Family,1,Email
454245,3,Little,21,Male,Germany,26993.72,Single,Student,1/10/2021,Student,0,Email
454278,1,White,56,Female,Germany,39226.73,Divorced,Salaried Employee,6/2/2020,Retail,0,Mobile App Push
454349,1,White,53,Male,France,22754.35,Single,Freelancer,5/22/2018,Retail,0,SMS
454352,1,Richardson,24,Female,France,27478.58,Single,Freelancer,3/2/2022,Retail,0,Mobile App Push
454366,1,Hendricks,39,Female,Germany,30848.41,Divorced,Freelancer,4/3/2024,Retail,0,Phone Call
454508,3,Robinson,19,Female,Germany,12209.83,Single,Student,3/27/2022,Student,0,SMS
454733,4,Jones,49,Male,Spain,143251.66,Married,Self-Employed,12/8/2024,Premium,3,Mail
454803,3,Mitchell,22,Male,United States,10159.77,Single,Student,6/10/2023,Student,0,SMS
454861,5,Dominguez,79,Female,Spain,34189.96,Widowed,Retired,4/12/2020,Senior,0,Email
454877,4,Moore,67,Male,Germany,72141.93,Married,Self-Employed,1/30/2018,Premium,0,Phone Call
454992,2,Bryan,34,Female,France,38439.69,Married,Salaried Employee,3/3/2022,Family,2,Mail
455007,1,Norton,46,Male,United States,68668.04,Married,Salaried Employee,8/13/2024,Retail,0,Mobile App Push
455168,5,Owens,82,Male,France,50127.61,Married,Salaried Employee,2/11/2019,Senior,0,Email
455193,1,Carter,44,Male,Spain,21070.01,Single,Salaried Employee,2/20/2024,Retail,1,Mail
455395,2,Randolph,35,Female,France,27730.27,Married,Self-Employed,2/6/2017,Family,2,SMS
455505,1,Clark,25,Female,United States,26744.73,Single,Business Owner,12/14/2021,Retail,2,SMS
455556,1,Miller,56,Female,Germany,30823.68,Married,Freelancer,3/4/2021,Retail,0,Email
455627,2,Miller,45,Male,United Kingdom,59001.89,Married,Salaried Employee,1/1/2019,Family,3,Email
455766,1,Smith,32,Male,United Kingdom,17897.74,Married,Salaried Employee,7/8/2023,Retail,0,Mail
455784,1,Smith,43,Female,United States,49609.19,Married,Salaried Employee,5/22/2018,Retail,2,Phone Call
456005,1,Hart,36,Female,Germany,27899.84,Single,Salaried Employee,4/4/2026,Retail,0,Mail
456160,1,Parker,32,Male,France,20215.79,Single,Salaried Employee,5/6/2017,Retail,1,Mobile App Push
456331,2,Jones,41,Male,United Kingdom,54082.71,Married,Salaried Employee,6/16/2025,Family,2,Email
456385,1,Campbell,52,Female,United States,39021.89,Married,Unemployed,3/30/2021,Retail,0,Email
456480,2,Peck,34,Female,United States,39338.62,Married,Unemployed,6/21/2026,Family,1,Email
456581,2,Herman,35,Male,France,45969.13,Married,Freelancer,8/12/2020,Family,3,Mail
456637,1,Richardson,48,Male,Germany,24455.84,Single,Salaried Employee,10/18/2017,Retail,0,SMS
456699,2,Ball,43,Female,United States,60339.78,Married,Salaried Employee,12/23/2021,Family,2,Mobile App Push
456717,5,White,61,Female,Spain,26101.01,Widowed,Salaried Employee,8/28/2016,Senior,0,Email
456778,1,Robinson,53,Male,United States,37228.15,Single,Salaried Employee,3/8/2020,Retail,0,Email
456871,5,Zimmerman,71,Male,United States,14052.80,Married,Retired,8/8/2019,Senior,1,Phone Call
457137,1,Foster,34,Male,United States,50033.67,Married,Salaried Employee,3/24/2025,Retail,1,Mobile App Push
457256,1,Ward,46,Male,United States,27022.35,Single,Salaried Employee,9/5/2019,Retail,1,Email
457264,1,Salazar,46,Male,France,24776.73,Married,Salaried Employee,7/24/2025,Retail,1,SMS
457311,1,Hess,34,Female,Germany,37946.68,Single,Salaried Employee,10/17/2023,Retail,1,Email
457411,2,Sanders,55,Male,France,16764.71,Widowed,Salaried Employee,12/3/2021,Family,1,Email
457455,2,Wood,42,Male,France,55334.94,Married,Salaried Employee,3/22/2017,Family,2,Mobile App Push
457806,1,Armstrong,46,Female,Germany,56552.65,Single,Salaried Employee,8/25/2021,Retail,1,Phone Call
457938,1,Heath,33,Male,France,25598.40,Married,Self-Employed,12/9/2017,Retail,2,SMS
457943,1,Moore,46,Male,Germany,65902.45,Single,Salaried Employee,3/14/2025,Retail,1,Mobile App Push
458332,1,Smith,33,Male,France,25168.40,Married,Salaried Employee,6/13/2018,Retail,2,SMS
458388,3,Baxter,21,Female,Germany,13789.29,Single,Student,11/15/2017,Student,0,Email
458411,2,Villanueva,45,Female,France,25865.90,Married,Self-Employed,7/27/2025,Family,4,Email
458521,5,Davis,67,Male,Spain,23773.36,Married,Retired,2/17/2021,Senior,0,Phone Call
458605,1,Lopez,24,Male,Germany,33574.36,Married,Salaried Employee,5/10/2024,Retail,0,Mail
458823,2,Murphy,48,Female,France,26371.61,Married,Salaried Employee,1/26/2017,Family,3,Email
458955,1,Fuentes,37,Female,United States,33790.86,Married,Salaried Employee,5/11/2017,Retail,3,Mobile App Push
459315,1,Gutierrez,46,Male,France,35928.24,Single,Salaried Employee,4/14/2018,Retail,1,Mobile App Push
459316,1,Martinez,62,Male,United States,16920.19,Married,Freelancer,5/19/2018,Retail,0,Mobile App Push
459370,2,Eaton,44,Male,United States,36711.61,Married,Salaried Employee,8/19/2020,Family,2,Email
459381,2,Moreno,47,Female,United States,54437.13,Married,Unemployed,10/18/2019,Family,2,SMS
459502,2,Murray,43,Male,Spain,46750.19,Married,Self-Employed,9/9/2020,Family,2,Email
459513,2,Payne,44,Male,Germany,37669.12,Married,Self-Employed,7/14/2020,Family,2,Mobile App Push
459536,1,Ballard,40,Female,United Kingdom,60462.22,Single,Salaried Employee,4/8/2026,Retail,1,Email
459731,4,Melton,52,Male,Germany,203990.77,Single,Salaried Employee,12/8/2022,Premium,2,Email
459743,2,Griffin,45,Female,Spain,32043.93,Married,Salaried Employee,4/10/2018,Family,1,Email
459762,3,Hawkins,22,Female,Germany,12366.29,Single,Student,2/16/2024,Student,0,Mobile App Push
459836,2,Mercer,46,Male,France,80263.38,Married,Unemployed,9/2/2018,Family,1,Mail
459946,4,Coleman,41,Male,France,99375.78,Divorced,Business Owner,5/9/2022,Premium,0,SMS
460120,3,Welch,23,Female,Spain,14404.24,Single,Student,7/27/2022,Student,0,Email
460234,5,Sexton,72,Male,Germany,44551.47,Widowed,Retired,11/16/2025,Senior,0,Mobile App Push
460263,3,Shelton,23,Female,France,11531.96,Single,Student,4/8/2022,Student,0,Phone Call
460265,2,Cuevas,44,Female,Germany,25690.81,Married,Freelancer,1/5/2021,Family,3,Mobile App Push
460317,3,Hendrix,23,Male,United Kingdom,14335.87,Single,Student,7/6/2019,Student,0,Mobile App Push
460437,1,Jacobs,48,Male,United States,42770.84,Married,Self-Employed,1/26/2020,Retail,1,Mobile App Push
460455,1,Stark,37,Female,United Kingdom,36264.97,Married,Salaried Employee,6/23/2021,Retail,2,Email
460491,1,Pena,60,Male,Spain,72057.21,Married,Salaried Employee,2/14/2022,Retail,2,Email
460554,5,Collins,68,Female,Spain,27581.52,Widowed,Retired,9/15/2021,Senior,0,Mail
460572,1,Garcia,42,Female,United States,64581.35,Married,Salaried Employee,3/23/2019,Retail,0,Phone Call
460589,1,Bender,37,Male,Spain,49657.59,Single,Freelancer,4/28/2022,Retail,2,SMS
460663,2,Mckay,40,Female,Germany,37641.56,Married,Salaried Employee,2/17/2021,Family,2,Mobile App Push
460745,4,Pennington,54,Male,United States,118070.61,Married,Business Owner,5/10/2022,Premium,0,SMS
460857,1,Gray,34,Male,Spain,34364.77,Widowed,Salaried Employee,1/7/2017,Retail,3,Mobile App Push
460971,4,Gregory,63,Male,France,81605.06,Single,Salaried Employee,12/22/2019,Premium,2,Mail
460987,2,Taylor,39,Male,France,27447.83,Married,Business Owner,12/15/2017,Family,1,Mobile App Push
461076,1,Freeman,37,Female,France,37581.51,Married,Salaried Employee,9/29/2018,Retail,2,Email
461083,3,Williams,20,Male,United Kingdom,18479.30,Single,Student,11/24/2019,Student,0,SMS
461145,2,Oconnor,46,Male,France,78491.30,Married,Self-Employed,8/27/2021,Family,3,SMS
461249,1,Lee,36,Male,France,51778.85,Single,Self-Employed,6/25/2022,Retail,0,SMS
461260,5,Myers,73,Male,United Kingdom,31528.33,Divorced,Retired,11/9/2023,Senior,1,Phone Call
461264,4,Dennis,59,Female,Spain,179493.18,Married,Self-Employed,11/4/2019,Premium,0,SMS
461551,1,Keller,40,Female,France,38008.31,Single,Salaried Employee,4/1/2022,Retail,0,Phone Call
461724,1,Boyd,58,Female,Spain,56552.50,Single,Self-Employed,7/24/2017,Retail,1,Mobile App Push
461792,5,Hardy,77,Male,Germany,41331.51,Married,Salaried Employee,4/30/2018,Senior,0,Mail
461838,1,Garza,34,Female,United States,30400.87,Single,Salaried Employee,9/18/2020,Retail,1,Phone Call
461888,1,Morse,43,Male,France,23333.06,Single,Salaried Employee,7/10/2017,Retail,1,Mail
461899,2,Campbell,52,Male,France,30013.96,Single,Business Owner,10/1/2017,Family,0,Mobile App Push
461939,2,Ball,50,Male,France,27441.12,Married,Freelancer,12/10/2016,Family,4,Mobile App Push
461996,2,Lopez,51,Male,Spain,29808.26,Married,Salaried Employee,10/2/2016,Family,2,Phone Call
462066,2,Smith,46,Female,Germany,50029.93,Married,Freelancer,11/2/2025,Family,2,SMS
462147,2,Johnson,48,Female,United States,38523.77,Married,Salaried Employee,9/13/2022,Family,2,Email
462351,5,Larsen,80,Female,France,48093.84,Divorced,Salaried Employee,4/24/2022,Senior,1,Phone Call
462479,1,Sanchez,39,Male,Spain,36930.95,Single,Unemployed,1/14/2025,Retail,2,Mail
462544,4,Lozano,43,Male,United Kingdom,76726.22,Divorced,Business Owner,5/21/2026,Premium,2,SMS
462659,1,Marshall,55,Female,United States,28414.35,Single,Salaried Employee,7/31/2021,Retail,1,SMS
462814,2,Gonzalez,53,Male,Germany,61707.83,Married,Unemployed,5/9/2018,Family,2,SMS
462831,2,Brown,30,Female,France,41122.77,Divorced,Salaried Employee,12/3/2019,Family,4,Phone Call
462974,3,Nunez,21,Male,France,18307.97,Single,Student,3/14/2020,Student,0,Email
463188,2,Barrett,43,Male,France,39000.39,Married,Salaried Employee,12/22/2020,Family,2,Email
463251,1,Williams,58,Male,United Kingdom,36620.28,Married,Salaried Employee,10/10/2025,Retail,0,Mobile App Push
463546,1,Daniels,41,Female,Spain,73569.72,Divorced,Salaried Employee,7/18/2022,Retail,0,SMS
463625,1,Brown,27,Female,Spain,42171.25,Single,Unemployed,11/19/2018,Retail,2,Email
463656,1,Young,50,Male,France,36562.04,Single,Self-Employed,9/14/2021,Retail,0,Email
464032,5,Riggs,81,Female,France,17835.28,Single,Retired,10/22/2022,Senior,0,Email
464069,5,Dunn,87,Male,United Kingdom,35489.17,Married,Retired,10/2/2020,Senior,0,Email
464158,1,Weber,38,Male,United States,42569.07,Married,Salaried Employee,5/23/2020,Retail,1,SMS
464189,1,Cohen,40,Female,France,36927.34,Divorced,Salaried Employee,3/15/2019,Retail,2,Email
464301,1,Carroll,47,Female,France,16508.58,Married,Freelancer,5/18/2026,Retail,0,Mobile App Push
464354,2,Oliver,34,Male,Spain,63652.83,Married,Salaried Employee,9/14/2025,Family,2,Email
464552,2,Johnson,47,Male,Spain,39233.73,Single,Salaried Employee,4/15/2019,Family,3,Phone Call
464663,1,Leach,38,Female,Spain,34411.37,Divorced,Salaried Employee,11/14/2017,Retail,0,SMS
464750,5,Lopez,78,Female,United Kingdom,19301.02,Single,Retired,5/4/2019,Senior,0,Phone Call
464825,2,Hinton,31,Male,United States,33921.69,Single,Freelancer,5/18/2023,Family,2,Email
464831,1,White,55,Male,France,44493.12,Single,Salaried Employee,3/31/2022,Retail,0,Email
464863,1,Clayton,30,Female,Germany,45044.28,Married,Salaried Employee,4/12/2019,Retail,1,Mobile App Push
465004,1,Swanson,47,Female,Spain,32838.07,Married,Salaried Employee,1/16/2026,Retail,0,SMS
465219,1,Hess,39,Female,Germany,19699.77,Single,Salaried Employee,3/3/2026,Retail,0,Mobile App Push
465227,1,Moody,26,Male,Spain,42134.64,Married,Freelancer,7/1/2022,Retail,1,SMS
465249,1,Hardy,33,Female,Spain,24810.96,Single,Salaried Employee,7/30/2023,Retail,2,Mobile App Push
465509,3,Macias,21,Female,United States,12787.77,Single,Student,5/5/2023,Student,0,Mobile App Push
465549,5,Mclean,61,Female,Germany,15791.41,Married,Self-Employed,11/7/2022,Senior,0,Phone Call
465648,4,Tucker,48,Male,France,99456.05,Married,Business Owner,2/20/2021,Premium,0,SMS
465746,1,Medina,43,Male,France,28544.01,Widowed,Salaried Employee,8/11/2025,Retail,2,SMS
465962,1,Byrd,60,Female,United States,45071.58,Married,Salaried Employee,8/10/2025,Retail,3,SMS
465973,1,Long,27,Female,United Kingdom,33228.24,Single,Salaried Employee,9/9/2016,Retail,0,Email
466346,1,Gomez,44,Female,United Kingdom,26016.85,Single,Salaried Employee,5/11/2021,Retail,1,Mobile App Push
466375,1,Maxwell,38,Female,France,39836.60,Married,Salaried Employee,8/10/2024,Retail,1,SMS
466566,5,Benson,71,Female,Germany,19628.43,Divorced,Business Owner,9/24/2016,Senior,0,Phone Call
466634,1,Johnson,37,Male,Spain,31235.99,Married,Unemployed,9/21/2016,Retail,1,Mail
466643,2,Knight,39,Female,Germany,34374.37,Married,Freelancer,4/17/2025,Family,3,Email
466704,1,Williams,27,Female,France,28192.03,Married,Salaried Employee,2/21/2020,Retail,1,SMS
466749,2,Brooks,37,Female,France,76228.66,Single,Salaried Employee,2/13/2019,Family,2,Mobile App Push
466813,1,Maldonado,52,Female,France,48751.49,Single,Salaried Employee,4/28/2021,Retail,0,Email
466960,3,Lee,19,Female,Germany,8000.00,Single,Student,9/11/2022,Student,0,SMS
467121,2,Smith,47,Male,Germany,37866.24,Married,Salaried Employee,10/29/2017,Family,2,Mobile App Push
467335,2,Walker,41,Female,United States,40386.08,Married,Unemployed,5/26/2026,Family,1,Mobile App Push
467506,1,Miller,45,Female,United Kingdom,32793.69,Married,Unemployed,7/29/2026,Retail,2,Mobile App Push
467544,1,Stevens,44,Male,United States,60629.45,Married,Salaried Employee,7/30/2024,Retail,0,Email
467663,2,Johnson,38,Female,United Kingdom,51389.48,Married,Self-Employed,11/7/2024,Family,2,Mobile App Push
467856,1,Martin,43,Male,United Kingdom,38717.91,Widowed,Salaried Employee,12/27/2024,Retail,0,Email
468074,2,Smith,42,Male,United Kingdom,62311.88,Married,Business Owner,5/7/2017,Family,2,SMS
468145,1,Reed,50,Female,France,38044.24,Single,Freelancer,1/19/2019,Retail,2,Mobile App Push
468154,1,Adams,51,Female,Germany,49924.88,Widowed,Salaried Employee,7/15/2025,Retail,2,Email
468203,2,Williams,51,Male,United Kingdom,20933.75,Married,Self-Employed,4/8/2023,Family,3,Mobile App Push
468247,4,Brown,39,Male,Germany,85376.38,Single,Business Owner,11/15/2024,Premium,2,Phone Call
468292,2,Cox,44,Female,United States,56567.91,Married,Self-Employed,5/25/2025,Family,3,Mobile App Push
468512,4,Bryant,40,Male,United States,95279.21,Married,Salaried Employee,3/23/2022,Premium,2,Email
468591,1,Rivas,35,Male,Germany,28104.85,Single,Self-Employed,8/27/2016,Retail,1,Mobile App Push
468611,1,Liu,38,Female,France,50164.17,Married,Salaried Employee,5/24/2023,Retail,0,Email
468623,4,Hernandez,50,Male,United Kingdom,111012.13,Single,Business Owner,10/8/2017,Premium,0,SMS
468727,5,Miller,81,Female,France,25160.26,Married,Retired,8/10/2019,Senior,0,SMS
468765,4,Johns,50,Male,France,51723.45,Single,Business Owner,3/25/2023,Premium,2,Mail
468845,5,Lawson,61,Female,United Kingdom,21958.45,Married,Retired,8/20/2018,Senior,0,SMS
468900,5,Kirby,84,Male,France,42041.79,Widowed,Retired,9/19/2020,Senior,0,Phone Call
469007,5,Lopez,82,Male,Germany,31550.09,Married,Salaried Employee,3/13/2018,Senior,0,Email
469038,5,Castro,79,Male,Germany,41165.69,Divorced,Retired,3/15/2020,Senior,0,Email
469082,1,Clements,62,Male,United States,89227.34,Single,Self-Employed,1/26/2018,Retail,2,Mobile App Push
469283,2,Hayes,45,Female,United Kingdom,45802.44,Married,Salaried Employee,9/16/2025,Family,2,Mobile App Push
469348,1,Freeman,49,Female,Spain,24293.33,Divorced,Salaried Employee,5/10/2024,Retail,2,Email
469412,5,Sanchez,77,Female,France,21944.63,Married,Retired,6/8/2022,Senior,0,Email
469435,1,Nichols,24,Male,United States,29227.94,Married,Salaried Employee,6/16/2019,Retail,1,Mobile App Push
469438,5,Valdez,81,Male,Germany,42851.18,Divorced,Retired,5/17/2021,Senior,0,Mail
469685,1,Thomas,42,Male,Spain,24237.28,Divorced,Salaried Employee,10/12/2019,Retail,0,Mail
469844,1,Alexander,42,Female,United States,14126.16,Single,Salaried Employee,3/5/2020,Retail,0,Email
469954,5,Wheeler,79,Female,United States,43755.44,Divorced,Salaried Employee,1/8/2024,Senior,0,SMS
470037,1,Murphy,25,Male,Germany,27500.49,Divorced,Unemployed,1/23/2019,Retail,1,Email
470040,1,Morris,42,Male,France,20766.05,Single,Salaried Employee,1/8/2022,Retail,3,Mobile App Push
470057,1,Torres,39,Female,Spain,27245.96,Divorced,Salaried Employee,6/4/2018,Retail,1,Email
470248,2,Rodriguez,41,Female,France,56332.51,Married,Business Owner,6/24/2022,Family,1,Email
470281,1,Sandoval,36,Female,United States,32325.68,Single,Unemployed,3/6/2019,Retail,0,Email
470711,3,Wright,21,Male,France,17159.23,Single,Student,6/21/2019,Student,0,Mobile App Push
470771,1,Valentine,52,Male,Spain,27399.33,Married,Freelancer,6/28/2026,Retail,0,Mobile App Push
470774,3,Perez,24,Female,United States,9055.99,Single,Student,5/6/2022,Student,0,Phone Call
470858,5,Franklin,74,Male,France,27645.13,Widowed,Retired,5/27/2017,Senior,1,Phone Call
471015,5,Kramer,62,Male,Germany,37405.36,Married,Salaried Employee,3/13/2026,Senior,0,SMS
471042,1,Mejia,51,Male,Germany,55458.32,Single,Freelancer,12/6/2020,Retail,0,Mobile App Push
471106,1,Jones,42,Male,France,24439.22,Single,Salaried Employee,5/18/2021,Retail,0,Mail
471136,2,Collins,44,Male,France,25117.31,Married,Freelancer,9/8/2019,Family,2,SMS
471371,1,Peters,44,Female,France,26232.39,Married,Salaried Employee,4/18/2020,Retail,1,Phone Call
471496,3,Cox,19,Male,France,14492.23,Single,Student,9/17/2019,Student,0,SMS
471507,5,Torres,71,Male,United States,28033.06,Married,Retired,7/7/2023,Senior,0,Phone Call
471658,1,Collins,51,Male,United Kingdom,37902.25,Single,Freelancer,3/28/2018,Retail,2,Email
472039,3,Guzman,20,Female,Germany,13591.74,Single,Student,11/25/2018,Student,0,Mobile App Push
472060,1,Hernandez,44,Male,United Kingdom,33771.63,Single,Freelancer,10/3/2020,Retail,3,Mobile App Push
472253,3,King,23,Female,Germany,12425.38,Married,Student,5/28/2023,Student,0,Email
472358,5,Grant,70,Male,France,16777.72,Married,Retired,2/26/2025,Senior,0,Mail
472390,4,Wright,58,Female,Germany,65607.89,Married,Salaried Employee,6/16/2026,Premium,2,Mobile App Push
472528,4,Morgan,44,Female,United Kingdom,81335.29,Married,Business Owner,8/14/2020,Premium,0,Email
472541,5,Wright,74,Female,United States,21252.83,Married,Retired,11/5/2019,Senior,2,Mail
472566,2,Stone,47,Female,France,26911.22,Single,Freelancer,8/13/2021,Family,2,SMS
472640,2,Phillips,38,Male,France,57219.51,Married,Unemployed,5/5/2018,Family,1,SMS
472787,2,Nunez,46,Female,Germany,40119.90,Married,Self-Employed,12/22/2016,Family,1,Email
472899,3,Wells,23,Female,United States,13149.19,Single,Student,11/16/2024,Student,0,Phone Call
472932,1,Reynolds,48,Male,France,22049.71,Divorced,Unemployed,3/27/2026,Retail,0,Mobile App Push
473023,2,Garner,44,Male,United States,61464.12,Married,Freelancer,3/9/2020,Family,2,Email
473095,2,Garcia,28,Male,Spain,18699.73,Married,Salaried Employee,10/11/2025,Family,2,SMS
473321,2,Berg,39,Male,Germany,32116.97,Married,Salaried Employee,2/16/2020,Family,0,Mail
474158,5,Griffith,64,Male,United States,21735.39,Divorced,Retired,6/22/2020,Senior,0,Phone Call
474175,3,Peck,23,Female,Germany,21797.60,Married,Student,7/7/2017,Student,0,Mobile App Push
474314,2,Hunter,38,Male,Germany,55097.69,Married,Salaried Employee,9/3/2019,Family,3,Mobile App Push
474440,2,Herring,40,Female,France,33318.85,Divorced,Salaried Employee,9/17/2021,Family,2,Mobile App Push
474486,2,Lambert,28,Female,France,57111.11,Single,Salaried Employee,4/8/2019,Family,2,Mobile App Push
474795,1,Zhang,43,Female,Germany,26535.09,Single,Salaried Employee,5/15/2020,Retail,0,Mobile App Push
474894,2,Anderson,50,Female,Germany,37752.72,Single,Unemployed,8/16/2025,Family,1,Email
475075,2,Wood,36,Male,United Kingdom,30624.65,Married,Salaried Employee,2/13/2022,Family,2,Email
475190,2,Camacho,36,Female,United States,58459.26,Divorced,Self-Employed,6/5/2024,Family,4,SMS
475308,1,Harris,43,Female,United Kingdom,38162.82,Married,Salaried Employee,4/28/2024,Retail,0,Email
475351,1,Singh,44,Female,Spain,56273.47,Single,Business Owner,9/13/2018,Retail,1,Email
475479,1,Anderson,31,Male,United States,24797.23,Married,Self-Employed,8/2/2022,Retail,1,Mail
475565,1,Parks,28,Female,France,30695.99,Divorced,Salaried Employee,3/9/2022,Retail,3,Mail
475623,4,Greene,44,Male,France,109272.55,Married,Business Owner,10/23/2016,Premium,0,Phone Call
475644,2,Munoz,46,Female,Spain,56860.49,Married,Unemployed,7/3/2017,Family,2,SMS
475691,2,Lopez,42,Male,United States,18346.13,Single,Freelancer,4/15/2017,Family,2,Mobile App Push
475815,5,Diaz,73,Female,Spain,24386.90,Widowed,Retired,11/18/2019,Senior,0,Mail
475876,2,Barker,55,Male,United Kingdom,40756.39,Divorced,Salaried Employee,8/30/2019,Family,1,Email
475911,3,Davis,24,Male,France,19043.67,Single,Unemployed,2/2/2025,Student,0,SMS
476009,2,Cook,39,Male,France,23259.41,Married,Business Owner,10/25/2022,Family,0,SMS
476018,1,Lee,26,Female,France,29429.00,Divorced,Unemployed,7/31/2026,Retail,0,Email
476096,2,Hall,51,Female,France,44120.50,Married,Salaried Employee,2/25/2019,Family,2,Email
476105,2,Mack,43,Male,United Kingdom,29541.27,Married,Self-Employed,9/24/2024,Family,3,Mobile App Push
476167,5,Rodriguez,88,Male,Germany,66175.21,Widowed,Retired,8/21/2021,Senior,1,Phone Call
476211,2,Johnson,48,Female,United Kingdom,58343.97,Married,Salaried Employee,3/23/2019,Family,3,Mobile App Push
476224,1,Lopez,43,Male,France,43440.15,Single,Self-Employed,8/9/2024,Retail,1,Mobile App Push
476353,2,Lucas,46,Male,Spain,40892.02,Married,Business Owner,9/1/2019,Family,1,SMS
476395,1,Randall,42,Male,Spain,32058.48,Married,Salaried Employee,2/17/2022,Retail,1,Mobile App Push
476417,5,Davidson,64,Female,United Kingdom,15810.01,Widowed,Retired,6/4/2019,Senior,0,Mail
476479,1,Weiss,42,Male,United Kingdom,34288.30,Single,Salaried Employee,1/8/2017,Retail,2,Mail
476556,2,Ramirez,29,Female,Spain,33145.40,Married,Unemployed,6/17/2024,Family,3,Phone Call
476695,4,Hardin,37,Male,United States,234025.83,Married,Business Owner,4/21/2019,Premium,1,Phone Call
476701,2,Duncan,39,Male,United Kingdom,25915.00,Married,Salaried Employee,9/9/2022,Family,1,Mobile App Push
476710,4,Mccullough,40,Male,Spain,101529.74,Married,Business Owner,4/2/2022,Premium,3,Email
476712,3,Young,21,Female,France,23731.06,Married,Freelancer,3/22/2018,Student,0,Email
476948,2,Giles,41,Female,United Kingdom,27039.23,Single,Freelancer,4/29/2020,Family,1,Mobile App Push
476993,1,Cruz,39,Male,Germany,61606.95,Single,Salaried Employee,10/23/2025,Retail,2,SMS
477017,1,Wang,59,Female,Germany,45360.41,Married,Salaried Employee,5/22/2025,Retail,3,Mobile App Push
477114,1,Wagner,55,Male,France,15905.57,Divorced,Salaried Employee,3/19/2024,Retail,0,Phone Call
477214,3,Lewis,20,Male,Spain,8000.00,Single,Student,6/26/2026,Student,0,Mobile App Push
477400,1,Camacho,45,Male,France,34048.76,Single,Business Owner,9/3/2022,Retail,1,Mobile App Push
477496,4,Herrera,57,Male,United States,128758.55,Married,Self-Employed,12/20/2019,Premium,0,Mobile App Push
477617,1,Solis,39,Female,United Kingdom,28781.19,Married,Salaried Employee,11/17/2024,Retail,1,Mobile App Push
477685,2,Smith,34,Female,United States,42151.74,Married,Salaried Employee,11/5/2018,Family,1,SMS
477712,4,White,44,Male,Germany,111657.70,Divorced,Salaried Employee,9/12/2024,Premium,1,Email
477717,1,Brown,45,Male,United Kingdom,31252.27,Single,Salaried Employee,4/6/2023,Retail,1,Phone Call
477789,1,Cruz,52,Male,United States,20406.48,Single,Salaried Employee,6/23/2023,Retail,3,SMS
477808,2,Barnett,34,Female,France,35153.10,Single,Self-Employed,1/27/2018,Family,3,SMS
477880,1,Reed,46,Male,United States,41545.60,Married,Salaried Employee,8/14/2023,Retail,1,Mobile App Push
477934,1,Jordan,49,Female,Germany,32146.33,Married,Salaried Employee,4/12/2019,Retail,0,Mobile App Push
477943,2,Stout,35,Male,Spain,64019.65,Widowed,Salaried Employee,1/17/2019,Family,2,Mobile App Push
478120,2,Torres,49,Female,United States,33975.46,Married,Business Owner,7/29/2020,Family,2,Email
478221,1,Osborne,42,Female,United States,27036.67,Married,Salaried Employee,8/17/2020,Retail,1,Mobile App Push
478323,2,Hartman,51,Female,United Kingdom,82592.75,Divorced,Self-Employed,4/30/2025,Family,2,Email
478356,1,Mcguire,39,Female,Spain,17742.74,Married,Salaried Employee,5/20/2017,Retail,1,Mobile App Push
478411,1,Ali,42,Female,Spain,31846.15,Married,Freelancer,9/27/2019,Retail,0,Email
478427,1,Smith,51,Female,Spain,30079.65,Single,Salaried Employee,3/4/2025,Retail,2,Mobile App Push
478458,1,Rios,49,Female,France,34188.88,Married,Self-Employed,11/7/2025,Retail,0,SMS
478496,5,Gardner,78,Male,France,48421.22,Married,Retired,3/9/2018,Senior,0,Mail
478638,1,Schroeder,24,Female,United Kingdom,19697.30,Single,Salaried Employee,7/2/2025,Retail,1,Mobile App Push
478666,1,Washington,35,Female,France,51426.29,Married,Self-Employed,1/30/2024,Retail,1,SMS
478799,1,Obrien,40,Female,Spain,45729.58,Divorced,Freelancer,7/2/2020,Retail,0,SMS
479052,1,Yates,40,Female,United Kingdom,24548.13,Married,Salaried Employee,3/15/2026,Retail,3,SMS
479167,5,Mays,61,Male,France,15942.52,Divorced,Retired,1/22/2024,Senior,0,Email
479201,4,Pierce,36,Male,Germany,119856.94,Married,Self-Employed,5/7/2021,Premium,1,SMS
479353,5,Taylor,83,Female,Germany,72684.60,Divorced,Retired,9/27/2019,Senior,0,Phone Call
479358,2,Erickson,43,Female,United Kingdom,38792.86,Married,Salaried Employee,9/23/2023,Family,2,Mobile App Push
479404,5,Guerra,69,Male,Germany,19298.81,Divorced,Salaried Employee,5/7/2019,Senior,0,Mail
479430,5,Willis,75,Female,Germany,38902.44,Divorced,Business Owner,7/18/2020,Senior,0,Mail
479481,1,Powell,51,Female,United Kingdom,38054.03,Married,Self-Employed,9/27/2023,Retail,0,Email
479580,1,Aguilar,36,Female,United States,32662.21,Single,Unemployed,12/9/2024,Retail,1,Mobile App Push
479625,4,House,60,Female,Germany,63224.86,Married,Self-Employed,9/27/2020,Premium,0,Email
479742,4,Morales,45,Male,France,178884.22,Married,Self-Employed,12/3/2021,Premium,0,Mobile App Push
479781,1,Cummings,25,Male,France,35424.03,Married,Salaried Employee,8/30/2024,Retail,0,Mobile App Push
479818,5,Ward,84,Male,Germany,63037.06,Married,Retired,5/28/2018,Senior,0,Phone Call
479867,1,Scott,38,Male,France,17170.21,Married,Business Owner,8/11/2024,Retail,0,SMS
480133,1,Rodriguez,35,Female,United States,45908.09,Single,Business Owner,6/22/2025,Retail,0,Email
480211,1,Moore,42,Male,United Kingdom,52969.98,Single,Salaried Employee,4/13/2017,Retail,0,Phone Call
480303,1,Rivera,27,Female,Germany,30059.17,Single,Self-Employed,12/4/2025,Retail,1,Mobile App Push
480573,2,Bradley,41,Male,France,53116.67,Married,Salaried Employee,1/1/2018,Family,2,Mobile App Push
480612,2,Travis,29,Female,United States,58247.69,Single,Salaried Employee,4/9/2023,Family,2,Mail
480805,1,Hawkins,38,Male,Germany,27559.25,Married,Salaried Employee,11/4/2020,Retail,1,Mail
480941,2,Gutierrez,37,Male,Spain,50189.38,Married,Self-Employed,4/11/2022,Family,3,Mobile App Push
480959,2,Marquez,41,Female,France,53562.93,Married,Salaried Employee,10/8/2024,Family,3,Mail
480992,1,Garcia,50,Male,France,91127.26,Married,Salaried Employee,10/22/2025,Retail,0,Mobile App Push
481104,1,Gomez,37,Male,France,28613.03,Married,Salaried Employee,1/15/2022,Retail,1,Phone Call
481540,5,Smith,79,Female,France,16776.58,Divorced,Salaried Employee,8/2/2023,Senior,1,SMS
481574,1,Foster,45,Female,Spain,29584.41,Single,Unemployed,3/14/2022,Retail,0,Mobile App Push
481657,1,Little,29,Female,France,32778.24,Married,Salaried Employee,11/14/2022,Retail,0,Email
481671,1,Rodgers,41,Male,France,35080.97,Single,Salaried Employee,9/21/2025,Retail,1,Email
481760,3,Ramos,22,Male,France,20938.01,Single,Student,2/3/2021,Student,0,Mobile App Push
481884,1,Davis,55,Female,United States,27468.33,Divorced,Salaried Employee,6/2/2017,Retail,1,Email
481913,1,Ford,27,Male,United States,49083.39,Married,Business Owner,8/31/2021,Retail,0,Email
481995,1,Watson,44,Female,France,69843.97,Married,Salaried Employee,11/3/2019,Retail,1,Mobile App Push
482199,3,Ryan,23,Male,Spain,21006.87,Single,Unemployed,6/2/2021,Student,0,Email
482364,5,Palmer,76,Male,France,22904.97,Widowed,Salaried Employee,5/17/2024,Senior,0,Email
482554,2,Owens,43,Male,Germany,76221.32,Married,Business Owner,10/30/2020,Family,2,Email
482584,1,Lee,49,Male,Germany,52480.86,Single,Unemployed,11/18/2016,Retail,1,Mobile App Push
482614,1,Howell,46,Male,Germany,21048.52,Divorced,Unemployed,8/26/2023,Retail,0,Mail
482746,1,Jensen,44,Male,Spain,37214.95,Single,Freelancer,12/2/2018,Retail,0,Email
482812,1,Richardson,51,Female,Germany,45333.00,Married,Salaried Employee,1/11/2023,Retail,1,Email
483010,2,Craig,37,Male,France,42601.45,Married,Self-Employed,7/3/2025,Family,1,Email
483041,1,Roberts,37,Female,France,32378.53,Single,Freelancer,4/22/2019,Retail,0,SMS
483102,1,Cooper,50,Female,Germany,41087.52,Single,Salaried Employee,4/16/2017,Retail,1,SMS
483162,1,Miller,38,Female,Germany,24950.83,Widowed,Business Owner,5/29/2024,Retail,0,Phone Call
483329,2,Sanchez,44,Female,France,34212.34,Widowed,Business Owner,9/22/2023,Family,3,Mobile App Push
483349,2,Jones,38,Female,France,48102.88,Married,Self-Employed,4/11/2020,Family,1,SMS
483366,1,Rodriguez,29,Female,France,38175.72,Single,Salaried Employee,2/28/2026,Retail,0,Mobile App Push
483405,4,Kennedy,53,Male,United States,117610.90,Married,Self-Employed,2/18/2018,Premium,1,SMS
483542,3,Rios,20,Female,Spain,8889.86,Single,Student,10/22/2023,Student,0,Phone Call
483545,1,Marshall,57,Female,United States,52849.09,Single,Salaried Employee,4/19/2020,Retail,0,Phone Call
483551,5,Russell,80,Male,Germany,19319.62,Widowed,Retired,11/18/2021,Senior,0,Phone Call
483561,1,Hopkins,35,Female,United Kingdom,34813.58,Married,Salaried Employee,6/9/2026,Retail,0,Email
483588,5,Moore,79,Female,United Kingdom,92383.14,Widowed,Salaried Employee,9/9/2017,Senior,0,Mail
483629,1,Armstrong,53,Female,France,34445.44,Married,Salaried Employee,3/23/2018,Retail,1,Mail
483699,2,Rodgers,49,Male,France,35357.75,Married,Salaried Employee,3/28/2018,Family,4,Email
483713,2,Johnson,39,Male,Germany,37505.03,Single,Salaried Employee,12/4/2019,Family,2,SMS
484123,1,Sparks,35,Female,France,25886.09,Married,Salaried Employee,2/2/2023,Retail,0,SMS
484150,3,Castillo,22,Male,Spain,17190.11,Single,Student,5/8/2025,Student,0,Mail
484232,5,Walls,67,Female,Germany,31915.69,Single,Retired,4/10/2023,Senior,2,Mobile App Push
484398,2,Bush,39,Male,Germany,34310.56,Married,Salaried Employee,10/15/2016,Family,1,SMS
484682,1,Cervantes,51,Female,France,33104.32,Single,Self-Employed,5/29/2025,Retail,0,SMS
484774,1,Davis,45,Male,Spain,48179.23,Single,Business Owner,3/13/2023,Retail,2,Mail
484795,5,Blackwell,72,Female,France,40881.50,Married,Salaried Employee,11/10/2020,Senior,0,Mobile App Push
484914,1,Peterson,32,Female,Germany,32468.76,Married,Salaried Employee,8/9/2025,Retail,2,Email
484945,2,Vargas,37,Male,France,26171.20,Single,Salaried Employee,10/24/2017,Family,3,Mobile App Push
485178,1,Hernandez,39,Male,France,26622.97,Married,Salaried Employee,4/14/2023,Retail,0,Mobile App Push
485191,4,Kirby,55,Female,Germany,83641.31,Married,Self-Employed,10/11/2022,Premium,2,Phone Call
485397,1,Flores,46,Female,United States,27401.63,Single,Salaried Employee,7/9/2024,Retail,3,SMS
485415,1,Berger,40,Female,Spain,97655.37,Single,Self-Employed,1/29/2024,Retail,0,Mobile App Push
485416,1,Steele,38,Female,Germany,48109.04,Single,Salaried Employee,10/31/2020,Retail,0,Mobile App Push
485548,1,Owen,41,Female,United States,28854.94,Married,Salaried Employee,8/3/2017,Retail,3,SMS
485604,1,Jenkins,47,Male,France,31062.83,Single,Salaried Employee,7/28/2018,Retail,0,SMS
485709,1,Navarro,60,Male,France,33072.19,Married,Freelancer,10/10/2025,Retail,2,Mobile App Push
485896,3,Burton,22,Female,United States,8000.00,Married,Freelancer,5/29/2021,Student,0,Mobile App Push
486028,5,Rasmussen,66,Male,Germany,42348.54,Single,Retired,11/11/2023,Senior,0,Email
486162,4,Cruz,42,Female,United States,115457.21,Divorced,Business Owner,3/18/2022,Premium,1,SMS
486244,2,Davis,46,Male,Spain,78132.36,Single,Salaried Employee,7/15/2024,Family,4,Mobile App Push
486251,1,Pierce,52,Male,France,29587.30,Married,Freelancer,12/27/2017,Retail,2,Mail
486473,4,Scott,53,Female,Spain,81445.26,Married,Business Owner,5/22/2020,Premium,3,Phone Call
486482,5,Friedman,79,Female,United Kingdom,28024.55,Divorced,Salaried Employee,11/1/2025,Senior,1,Phone Call
486490,5,Walter,76,Female,Germany,27225.89,Divorced,Retired,12/31/2024,Senior,0,Email
486649,1,Preston,39,Male,France,37647.30,Single,Salaried Employee,12/17/2023,Retail,0,Mobile App Push
486814,1,Maynard,39,Male,Germany,38139.14,Married,Unemployed,3/8/2018,Retail,0,Phone Call
486831,1,Morton,54,Female,France,41803.85,Married,Salaried Employee,1/22/2021,Retail,1,Email
486839,1,Newman,39,Male,France,51329.19,Married,Salaried Employee,11/10/2024,Retail,1,Mobile App Push
486945,2,Levy,35,Male,Spain,34986.57,Married,Business Owner,10/23/2024,Family,2,SMS
486996,1,Keith,42,Male,United Kingdom,34500.21,Married,Self-Employed,1/2/2024,Retail,0,Phone Call
486999,5,Willis,73,Male,France,12500.16,Married,Retired,10/18/2017,Senior,0,Email
487151,1,Anderson,35,Female,United States,31125.74,Single,Unemployed,1/15/2018,Retail,1,SMS
487158,1,Roach,33,Male,France,71434.76,Single,Freelancer,9/30/2019,Retail,1,Mobile App Push
487345,5,Ayala,72,Female,United Kingdom,11473.34,Single,Retired,8/23/2023,Senior,2,Mail
487380,3,Wright,25,Male,France,10204.09,Single,Student,4/4/2022,Student,0,SMS
487477,5,Coleman,80,Male,Germany,37602.72,Divorced,Retired,12/26/2022,Senior,0,Mail
487728,2,Woods,43,Male,United States,32348.91,Married,Salaried Employee,3/24/2017,Family,1,Email
487896,2,Smith,40,Male,Spain,28818.86,Married,Unemployed,5/2/2021,Family,2,Email
488028,5,Ward,78,Male,Germany,28644.05,Widowed,Salaried Employee,9/2/2025,Senior,1,Phone Call
488162,3,Garcia,18,Female,Germany,16667.39,Single,Student,6/9/2026,Student,0,Mobile App Push
488196,4,Wong,42,Male,United States,60674.34,Single,Business Owner,9/3/2024,Premium,0,Phone Call
488368,2,Hamilton,42,Male,United States,32943.51,Married,Business Owner,2/16/2023,Family,2,Email
488414,5,Diaz,72,Male,United Kingdom,33253.36,Married,Retired,10/4/2023,Senior,0,Email
488528,1,Rodriguez,47,Female,Germany,46268.54,Divorced,Salaried Employee,9/25/2017,Retail,2,Email
488539,3,Young,22,Female,United States,8802.40,Single,Student,8/21/2016,Student,0,Email
488571,3,Miller,19,Male,France,15210.49,Single,Student,4/29/2025,Student,0,SMS
488712,1,Martinez,50,Female,Germany,25028.53,Married,Salaried Employee,3/16/2022,Retail,0,SMS
488848,1,Tucker,34,Male,France,52936.17,Single,Self-Employed,10/1/2020,Retail,0,Email
488984,1,Galvan,40,Male,France,45272.30,Single,Unemployed,5/16/2017,Retail,0,Mobile App Push
489033,1,Lopez,38,Male,United States,34460.09,Single,Salaried Employee,3/9/2020,Retail,1,Mail
489043,1,Flores,41,Female,France,36080.40,Single,Salaried Employee,3/29/2021,Retail,2,Mobile App Push
489102,5,Hogan,74,Male,Germany,44327.69,Married,Retired,11/14/2016,Senior,0,Email
489227,1,Brewer,45,Female,Germany,49559.30,Married,Unemployed,5/28/2024,Retail,2,Mobile App Push
489244,1,Williams,48,Female,France,40325.64,Divorced,Unemployed,4/23/2022,Retail,2,Mobile App Push
489438,2,Ferrell,31,Male,United Kingdom,38863.78,Married,Salaried Employee,8/23/2018,Family,4,Mobile App Push
489439,2,Hanson,39,Male,United States,35412.88,Married,Salaried Employee,3/2/2018,Family,1,SMS
489518,2,York,41,Male,United States,31947.05,Married,Salaried Employee,7/15/2019,Family,3,Mobile App Push
489633,5,Morris,68,Female,United Kingdom,18400.78,Divorced,Retired,7/21/2022,Senior,0,Email
489737,2,Thompson,32,Female,Germany,36106.16,Married,Salaried Employee,5/5/2025,Family,0,Email
489776,1,Davis,40,Male,Germany,51363.40,Married,Salaried Employee,7/13/2022,Retail,2,SMS
489906,2,Morrison,45,Female,Spain,48984.32,Single,Salaried Employee,9/3/2024,Family,2,Phone Call
489933,5,Walton,77,Female,United Kingdom,39725.99,Married,Retired,7/23/2021,Senior,1,Email
490084,1,Tucker,58,Male,United Kingdom,26708.67,Divorced,Self-Employed,5/3/2022,Retail,1,Mobile App Push
490321,1,Walsh,40,Male,United Kingdom,45447.54,Married,Business Owner,9/17/2024,Retail,0,Email
490394,5,Swanson,74,Female,Spain,15734.11,Divorced,Retired,11/28/2016,Senior,0,Mail
490532,1,Castro,40,Female,France,27446.88,Single,Salaried Employee,9/24/2018,Retail,2,SMS
490559,1,Fisher,31,Female,France,21687.50,Married,Self-Employed,9/2/2016,Retail,0,SMS
490586,1,Baker,35,Male,France,18995.59,Married,Salaried Employee,11/7/2018,Retail,2,Email
490722,2,Perez,46,Male,Germany,39295.21,Married,Unemployed,1/7/2026,Family,3,Email
490748,1,Huber,44,Female,United States,42212.89,Single,Salaried Employee,4/8/2018,Retail,0,SMS
490917,1,Robinson,34,Female,Germany,52857.59,Divorced,Self-Employed,9/28/2017,Retail,1,Email
490923,2,Perez,43,Male,France,46968.26,Married,Freelancer,8/31/2019,Family,2,SMS
490963,2,Mclaughlin,47,Male,France,25657.48,Single,Salaried Employee,3/24/2018,Family,2,SMS
491172,2,Allen,36,Female,United Kingdom,34644.96,Married,Self-Employed,2/9/2017,Family,2,Mail
491225,1,Stevenson,34,Male,United Kingdom,21921.70,Divorced,Self-Employed,2/26/2019,Retail,0,Phone Call
491255,4,Herrera,32,Female,Spain,129466.70,Divorced,Salaried Employee,9/21/2018,Premium,0,Email
491326,4,Everett,49,Female,France,67570.06,Divorced,Business Owner,9/6/2024,Premium,1,Phone Call
491329,4,Thompson,50,Female,United States,124716.36,Married,Self-Employed,3/4/2020,Premium,1,Mobile App Push
491435,2,Martinez,40,Female,United Kingdom,30240.04,Single,Salaried Employee,10/12/2023,Family,2,SMS
491439,3,Bauer,22,Female,Spain,14572.38,Single,Student,1/18/2024,Student,0,Mail
491559,2,Miller,55,Female,France,46474.90,Married,Freelancer,2/12/2019,Family,3,SMS
491627,4,Swanson,44,Female,United States,146120.02,Married,Business Owner,9/18/2019,Premium,0,Email
491738,2,Daugherty,45,Female,Spain,30960.97,Married,Salaried Employee,12/18/2017,Family,3,SMS
491774,1,Gonzalez,47,Female,France,29436.82,Single,Self-Employed,5/3/2026,Retail,0,Mobile App Push
491794,5,Dean,74,Female,United States,25386.86,Married,Retired,2/21/2017,Senior,0,Mail
491979,3,Carr,21,Female,France,20478.47,Single,Student,3/30/2019,Student,0,SMS
492052,1,Galloway,39,Female,United States,38590.74,Single,Salaried Employee,2/19/2022,Retail,0,Email
492073,1,Francis,34,Male,Germany,62966.83,Single,Salaried Employee,4/28/2018,Retail,0,Phone Call
492077,1,Alvarez,27,Male,France,60917.22,Divorced,Salaried Employee,1/16/2019,Retail,0,Email
492124,1,Holt,38,Male,France,28459.11,Divorced,Salaried Employee,10/3/2016,Retail,1,SMS
492127,1,Hale,35,Male,France,20427.34,Divorced,Salaried Employee,1/3/2018,Retail,1,Email
492292,4,Sims,59,Female,France,94126.97,Single,Business Owner,6/9/2020,Premium,2,Mobile App Push
492393,2,Cuevas,42,Male,France,38208.54,Divorced,Salaried Employee,6/15/2019,Family,4,Mobile App Push
492408,1,Parks,48,Female,Germany,44330.49,Married,Salaried Employee,6/27/2025,Retail,2,Mobile App Push
492483,1,Zavala,35,Female,France,17589.93,Married,Salaried Employee,10/30/2024,Retail,1,SMS
492650,4,Hart,45,Female,United Kingdom,116107.31,Married,Business Owner,5/11/2021,Premium,3,Email
493049,4,Daniel,36,Female,Germany,139515.70,Single,Business Owner,11/13/2017,Premium,0,Email
493124,2,Williamson,51,Female,Spain,27098.87,Married,Salaried Employee,6/26/2024,Family,1,Email
493172,3,Hayes,24,Male,Germany,15958.15,Single,Student,12/28/2024,Student,0,Mobile App Push
493247,2,Fleming,38,Male,France,56467.74,Married,Salaried Employee,6/29/2022,Family,3,Mail
493282,1,Schaefer,44,Male,France,21067.39,Single,Salaried Employee,3/19/2023,Retail,0,Phone Call
493396,4,Kennedy,49,Female,Spain,55697.18,Single,Salaried Employee,9/18/2018,Premium,0,Mobile App Push
493417,1,Lewis,44,Female,Germany,35741.64,Single,Salaried Employee,8/3/2018,Retail,0,Mail
493468,5,Charles,63,Male,Spain,16459.81,Divorced,Retired,12/9/2024,Senior,0,Mail
493537,2,Martin,38,Female,France,49177.01,Married,Business Owner,9/20/2017,Family,4,Mobile App Push
493580,3,Valdez,20,Female,France,11689.45,Single,Freelancer,9/28/2025,Student,0,Email
493663,1,Gonzalez,58,Male,United Kingdom,23387.60,Single,Freelancer,8/6/2018,Retail,2,Mail
493696,1,Williams,41,Male,France,31540.22,Married,Self-Employed,7/15/2026,Retail,0,SMS
493774,1,Miller,51,Male,United States,21200.55,Married,Self-Employed,10/29/2016,Retail,3,Phone Call
493892,2,Peterson,51,Female,France,62640.76,Single,Salaried Employee,12/30/2016,Family,2,SMS
494220,1,Davis,44,Male,United Kingdom,36207.07,Single,Salaried Employee,6/9/2019,Retail,0,Email
494322,4,Olson,49,Male,France,125255.16,Married,Salaried Employee,2/9/2025,Premium,2,Email
494401,3,Wells,22,Male,Spain,15378.05,Single,Student,7/28/2024,Student,0,SMS
494468,2,Fitzgerald,37,Female,France,41519.32,Married,Business Owner,4/10/2026,Family,4,Mobile App Push
494552,2,Brooks,52,Female,Spain,33627.27,Married,Unemployed,10/22/2017,Family,2,Phone Call
494609,1,Tate,36,Female,Spain,15438.70,Single,Salaried Employee,9/3/2023,Retail,2,Email
494747,1,Ortiz,41,Female,Germany,49179.21,Single,Salaried Employee,9/23/2020,Retail,0,Email
494763,4,Flores,57,Female,France,41349.14,Divorced,Business Owner,9/18/2016,Premium,2,Email
494900,5,Payne,76,Female,United States,44672.34,Married,Self-Employed,11/25/2022,Senior,2,Email
494956,2,Peterson,42,Male,United Kingdom,54244.42,Married,Salaried Employee,6/28/2021,Family,2,Mail
494976,2,Carlson,38,Female,United States,92350.56,Single,Salaried Employee,5/7/2021,Family,2,Email
495019,2,Yu,36,Male,United Kingdom,61783.26,Married,Salaried Employee,1/15/2026,Family,2,Mobile App Push
495129,1,Prince,50,Female,United States,36566.50,Single,Salaried Employee,6/24/2018,Retail,2,Email
495303,2,Dorsey,35,Female,Germany,66043.68,Single,Salaried Employee,3/8/2024,Family,1,Email
495397,1,Brown,42,Female,United Kingdom,21586.17,Single,Salaried Employee,3/7/2025,Retail,0,Email
495489,1,Evans,48,Male,Spain,33690.16,Married,Salaried Employee,11/3/2017,Retail,0,Mobile App Push
495490,1,Gibson,43,Male,Spain,63616.70,Divorced,Self-Employed,6/4/2024,Retail,1,SMS
495521,1,Lucero,45,Male,United Kingdom,42392.92,Married,Salaried Employee,4/16/2021,Retail,0,Email
495533,5,Jones,70,Male,France,17074.39,Married,Retired,10/17/2024,Senior,0,Phone Call
495833,5,Simmons,66,Female,Germany,36549.59,Married,Retired,12/7/2020,Senior,0,Email
496119,3,Cooper,18,Male,France,12241.75,Single,Student,7/17/2023,Student,0,Email
496583,2,Wagner,48,Male,United Kingdom,60632.52,Married,Salaried Employee,10/19/2016,Family,2,SMS
496737,1,Smith,47,Male,United Kingdom,48842.69,Married,Salaried Employee,11/6/2019,Retail,0,Email
496764,5,Anderson,73,Female,France,36437.22,Married,Retired,11/3/2025,Senior,0,Phone Call
496905,1,Adams,55,Female,United States,42007.44,Single,Salaried Employee,2/10/2019,Retail,0,Email
496922,1,Hickman,47,Female,France,16843.57,Married,Salaried Employee,10/15/2016,Retail,0,Email
497030,1,Garner,31,Female,United States,44849.99,Married,Salaried Employee,7/13/2020,Retail,1,Mail
497073,1,Winters,32,Female,Germany,27248.15,Single,Self-Employed,6/2/2017,Retail,3,Email
497108,1,Oconnor,45,Female,Germany,28354.50,Married,Freelancer,1/2/2019,Retail,2,SMS
497316,2,Ward,28,Male,Germany,24233.13,Married,Salaried Employee,3/16/2019,Family,2,Phone Call
497346,1,White,30,Male,France,49721.04,Married,Salaried Employee,1/8/2025,Retail,1,SMS
497382,2,Lyons,55,Male,United Kingdom,59098.47,Married,Salaried Employee,6/25/2023,Family,3,SMS
497399,2,Turner,44,Male,Spain,64438.44,Single,Freelancer,10/20/2019,Family,3,Mobile App Push
497455,5,Martin,87,Male,France,16909.25,Widowed,Retired,1/29/2020,Senior,1,Mobile App Push
497519,2,Coffey,31,Male,Spain,53851.23,Divorced,Unemployed,5/4/2021,Family,2,Mail
497542,5,Rodriguez,68,Female,Germany,30077.49,Married,Retired,1/28/2026,Senior,2,Phone Call
497562,1,Santiago,45,Female,Germany,39576.59,Married,Salaried Employee,9/22/2024,Retail,0,Email
497687,4,Pace,47,Male,United Kingdom,108112.65,Married,Salaried Employee,12/28/2019,Premium,2,Email
497700,1,Jackson,30,Female,France,53884.90,Divorced,Salaried Employee,10/5/2017,Retail,2,Email
497859,5,Orozco,67,Female,France,29393.90,Single,Retired,6/29/2025,Senior,0,Email
497887,1,Higgins,48,Female,France,46764.82,Married,Freelancer,2/25/2022,Retail,2,Mail
498138,5,Farmer,74,Female,Spain,49694.05,Married,Retired,12/14/2017,Senior,0,Mail
498197,2,Wagner,42,Male,United Kingdom,31162.43,Single,Self-Employed,4/7/2025,Family,2,Mobile App Push
498249,1,Sparks,50,Male,France,43736.85,Single,Salaried Employee,10/3/2019,Retail,0,SMS
498290,3,Nguyen,21,Female,United Kingdom,9507.65,Single,Student,9/27/2022,Student,0,SMS
498343,1,Brooks,54,Female,France,31416.36,Married,Salaried Employee,11/18/2025,Retail,0,SMS
498382,5,Le,71,Female,France,58447.19,Married,Retired,9/15/2016,Senior,0,Phone Call
498458,1,Carrillo,51,Female,United Kingdom,47598.32,Married,Salaried Employee,6/22/2018,Retail,3,SMS
498468,3,Adams,23,Male,Spain,8000.00,Single,Freelancer,3/1/2023,Student,0,Email
498535,2,Smith,36,Male,France,36678.78,Married,Self-Employed,9/19/2025,Family,2,Email
498591,1,Anderson,33,Male,United States,41588.97,Single,Salaried Employee,9/26/2018,Retail,1,SMS
498658,5,Spencer,78,Female,France,17491.17,Widowed,Retired,5/30/2020,Senior,1,SMS
498676,1,Smith,34,Male,France,40286.35,Married,Salaried Employee,10/9/2017,Retail,0,SMS
498724,2,Schmidt,38,Male,Spain,26060.01,Married,Salaried Employee,3/15/2019,Family,3,SMS
498851,2,Harrison,46,Male,United Kingdom,89762.47,Married,Salaried Employee,4/26/2024,Family,2,Email
498855,1,Pierce,29,Male,United States,37790.88,Single,Self-Employed,5/31/2023,Retail,1,Mobile App Push
498858,4,Evans,50,Male,United Kingdom,112553.92,Married,Salaried Employee,6/12/2023,Premium,1,Mobile App Push
499095,1,Williams,51,Female,United States,29729.79,Single,Unemployed,3/4/2019,Retail,0,Mobile App Push
499152,4,Fuentes,63,Female,United Kingdom,157079.12,Married,Business Owner,10/1/2018,Premium,0,Mobile App Push
499194,4,Washington,53,Female,France,84148.72,Married,Business Owner,2/24/2017,Premium,3,Mail
499226,1,Bautista,54,Male,United States,64969.94,Married,Unemployed,7/12/2020,Retail,0,Mobile App Push
499371,1,Kim,42,Male,Germany,53854.17,Married,Salaried Employee,9/30/2022,Retail,0,SMS
499385,2,Obrien,41,Male,France,39864.77,Married,Freelancer,10/2/2019,Family,1,SMS
499407,1,Hancock,39,Female,United Kingdom,54512.27,Widowed,Freelancer,12/28/2023,Retail,0,SMS
499534,2,Garner,49,Male,France,86749.95,Married,Freelancer,2/23/2020,Family,1,Phone Call
499581,1,Smith,43,Female,France,24030.03,Single,Salaried Employee,11/20/2021,Retail,2,Phone Call
499669,5,Gonzales,73,Male,United Kingdom,21106.68,Widowed,Retired,1/29/2025,Senior,0,Email
499749,4,Palmer,40,Female,United States,99640.99,Married,Freelancer,2/25/2020,Premium,0,Email
499755,5,Powell,76,Female,France,64475.53,Married,Retired,1/11/2016,Senior,1,Email
499889,1,Weaver,50,Female,Spain,44721.29,Single,Freelancer,12/1/2020,Retail,0,Mobile App Push
499898,1,Pena,50,Female,United Kingdom,21943.25,Single,Self-Employed,11/25/2021,Retail,0,Mobile App Push
499941,2,Compton,41,Female,Germany,43190.64,Married,Business Owner,2/21/2024,Family,2,Mobile App Push
499974,1,Terry,43,Male,United Kingdom,23757.33,Married,Salaried Employee,9/23/2017,Retail,0,Email
500080,1,Miller,32,Male,France,49126.00,Married,Salaried Employee,11/20/2018,Retail,0,Mobile App Push
500099,2,Vazquez,46,Female,France,39239.64,Single,Business Owner,6/1/2023,Family,4,Email
500112,5,Flowers,77,Male,United Kingdom,42828.49,Widowed,Salaried Employee,5/6/2017,Senior,0,Phone Call
500118,2,Cox,41,Female,Germany,35343.08,Married,Salaried Employee,6/23/2020,Family,1,SMS
500156,2,Torres,25,Female,Spain,56077.86,Married,Salaried Employee,3/13/2021,Family,1,SMS
500209,1,Castillo,27,Female,Germany,28209.87,Single,Salaried Employee,10/30/2016,Retail,0,Email
500422,1,Montoya,48,Female,United Kingdom,43537.22,Married,Salaried Employee,1/27/2020,Retail,1,SMS
500560,3,Berry,20,Female,United States,8000.00,Single,Student,5/14/2025,Student,0,Mail
500773,1,Martin,40,Male,Germany,72381.88,Single,Salaried Employee,3/24/2019,Retail,1,Phone Call
501058,2,Avila,37,Female,Spain,91381.49,Married,Salaried Employee,10/28/2020,Family,2,Mobile App Push
501066,2,Powell,44,Female,Germany,43986.50,Married,Salaried Employee,5/24/2026,Family,2,Phone Call
501078,2,Rios,46,Male,United Kingdom,31125.13,Married,Freelancer,3/22/2017,Family,1,Email
501124,3,Villegas,20,Female,Germany,14589.20,Single,Student,1/17/2025,Student,0,Mobile App Push
501126,2,Rodriguez,28,Female,Germany,36122.55,Married,Salaried Employee,2/28/2019,Family,3,Mobile App Push
501261,5,Weaver,82,Male,Germany,47601.12,Widowed,Retired,2/4/2022,Senior,0,Mail
501312,2,Sanchez,43,Male,Germany,51754.53,Married,Salaried Employee,2/18/2023,Family,3,Mobile App Push
501320,1,Harris,38,Male,Spain,75867.25,Divorced,Freelancer,2/14/2017,Retail,0,Phone Call
501384,2,Parsons,35,Male,Germany,42821.44,Married,Self-Employed,3/21/2021,Family,2,Mobile App Push
501393,1,Coleman,53,Male,France,50761.06,Single,Salaried Employee,9/1/2017,Retail,0,Email
501451,1,Oliver,39,Male,Germany,67642.05,Single,Freelancer,9/23/2020,Retail,1,Phone Call
501557,5,Hernandez,71,Male,Germany,21334.85,Single,Retired,11/18/2018,Senior,1,Mail
501574,4,Chan,59,Female,Germany,156775.45,Divorced,Self-Employed,8/15/2018,Premium,0,Email
501583,1,Garcia,30,Female,United Kingdom,62714.17,Married,Salaried Employee,5/22/2022,Retail,1,Email
501620,3,Wolfe,21,Female,Germany,12658.68,Single,Student,7/4/2020,Student,0,Mail
501641,1,Humphrey,50,Female,Germany,53010.93,Single,Salaried Employee,1/15/2020,Retail,0,SMS
501650,1,Vargas,44,Male,Germany,17244.91,Married,Business Owner,4/25/2024,Retail,1,Mobile App Push
501677,5,Myers,71,Female,United States,26154.41,Single,Business Owner,10/18/2019,Senior,0,Email
501779,2,Andrews,55,Female,United Kingdom,43752.56,Married,Salaried Employee,4/17/2025,Family,2,Mobile App Push
501936,1,Garcia,46,Male,United Kingdom,44081.42,Married,Salaried Employee,7/30/2020,Retail,0,Mobile App Push
502181,1,Shaffer,53,Male,France,62487.38,Single,Self-Employed,7/17/2018,Retail,0,Mobile App Push
502206,5,Bates,72,Female,United Kingdom,17881.10,Married,Retired,1/3/2025,Senior,1,Email
502219,3,Sanchez,20,Male,United Kingdom,14155.04,Single,Student,3/23/2025,Student,0,Phone Call
502233,5,Allen,77,Female,France,31752.45,Widowed,Retired,6/8/2025,Senior,0,Mail
502349,1,Richards,44,Female,United Kingdom,30353.73,Married,Salaried Employee,10/13/2021,Retail,0,Email
502460,5,Parker,76,Female,France,20864.08,Widowed,Salaried Employee,1/18/2024,Senior,1,Phone Call
502491,4,Lopez,47,Male,Spain,79481.98,Single,Business Owner,10/3/2022,Premium,0,Mobile App Push
502594,1,Scott,36,Male,France,28648.61,Single,Unemployed,5/3/2017,Retail,2,Mobile App Push
502630,1,Smith,36,Female,Germany,53810.29,Married,Salaried Employee,2/17/2019,Retail,0,Mobile App Push
502686,1,Wall,38,Male,Germany,50773.68,Married,Freelancer,9/13/2016,Retail,0,Mobile App Push
502744,1,Frye,54,Male,Germany,31777.01,Married,Salaried Employee,3/2/2019,Retail,0,Mobile App Push
502810,1,Washington,29,Male,Germany,45492.32,Single,Freelancer,6/13/2024,Retail,2,Email
502824,2,Freeman,41,Female,France,42824.26,Married,Unemployed,12/27/2018,Family,3,Email
502995,1,Townsend,40,Female,United States,64048.38,Married,Salaried Employee,10/9/2020,Retail,2,Mobile App Push
503097,3,Curry,20,Male,Germany,23501.57,Single,Student,3/29/2021,Student,0,Email
503159,2,Roy,38,Female,France,33214.20,Married,Salaried Employee,1/16/2021,Family,2,Mobile App Push
503277,5,George,81,Female,France,21535.45,Married,Retired,2/24/2018,Senior,0,Phone Call
503348,2,Powell,42,Female,United Kingdom,49457.48,Married,Business Owner,6/24/2018,Family,3,Email
503380,4,Griffin,40,Male,United States,130868.77,Divorced,Self-Employed,4/15/2020,Premium,3,SMS
503402,1,Smith,62,Male,Germany,35094.00,Married,Salaried Employee,8/23/2025,Retail,0,Phone Call
503457,1,Velasquez,48,Male,United States,30717.44,Single,Freelancer,10/26/2018,Retail,1,Email
503489,3,Simon,23,Female,Spain,15604.53,Single,Student,4/7/2021,Student,0,Email
503572,1,Richards,37,Female,France,33799.03,Single,Self-Employed,4/5/2021,Retail,1,Mail
503575,3,Holder,21,Male,Germany,9888.87,Single,Student,12/22/2016,Student,0,Mobile App Push
503906,2,Young,37,Male,Germany,56254.20,Married,Salaried Employee,9/29/2024,Family,3,Mobile App Push
503951,2,Smith,42,Male,United States,54525.66,Married,Salaried Employee,5/8/2019,Family,1,Email
504048,2,Jones,38,Female,Germany,32352.37,Married,Unemployed,5/3/2018,Family,3,Email
504186,1,Taylor,52,Male,United Kingdom,63359.09,Married,Salaried Employee,2/28/2017,Retail,2,Email
504452,1,Michael,49,Female,Spain,22783.42,Single,Salaried Employee,5/22/2022,Retail,2,Mobile App Push
504620,5,Cooper,77,Male,Germany,33483.57,Married,Retired,3/22/2017,Senior,1,Email
504630,1,Higgins,51,Female,France,48935.30,Married,Unemployed,7/11/2017,Retail,2,Email
504684,5,Alexander,74,Male,Spain,53387.61,Single,Retired,11/2/2021,Senior,0,Mail
504832,4,Green,57,Male,Germany,139189.80,Single,Business Owner,5/14/2023,Premium,1,Email
504924,2,Williams,37,Female,Germany,35645.64,Single,Salaried Employee,3/25/2023,Family,1,Email
505116,1,Harris,29,Male,United States,45271.10,Married,Unemployed,9/9/2023,Retail,0,SMS
505298,1,Robertson,57,Male,United Kingdom,19685.78,Married,Salaried Employee,11/7/2017,Retail,0,SMS
505341,2,Bolton,28,Female,United States,44755.67,Single,Self-Employed,8/3/2024,Family,1,Mail
505343,1,Anderson,41,Female,United Kingdom,74993.45,Married,Salaried Employee,2/11/2024,Retail,0,SMS
505426,1,Stewart,48,Female,United Kingdom,19197.01,Single,Salaried Employee,11/5/2023,Retail,1,Mobile App Push
505629,1,Burton,45,Male,France,33274.99,Single,Salaried Employee,2/12/2018,Retail,1,SMS
505674,5,Hogan,76,Female,United Kingdom,59091.40,Married,Retired,8/31/2025,Senior,0,SMS
505785,5,Powell,63,Male,United Kingdom,47512.59,Married,Retired,6/17/2026,Senior,0,Phone Call
505910,1,Moore,24,Male,United States,85197.84,Married,Self-Employed,6/11/2021,Retail,0,Mail
505977,2,Holmes,39,Male,France,47687.34,Married,Self-Employed,12/5/2021,Family,2,Phone Call
506145,1,Molina,35,Female,United States,37642.66,Single,Salaried Employee,9/23/2025,Retail,2,Email
506216,2,Jones,42,Female,Germany,30203.88,Married,Salaried Employee,12/26/2017,Family,4,Phone Call
506224,1,Pace,40,Female,Germany,37179.41,Single,Self-Employed,10/17/2025,Retail,0,Email
506235,5,Henderson,70,Female,France,40649.83,Married,Retired,3/23/2019,Senior,0,Mail
506281,1,Welch,32,Male,France,15168.15,Divorced,Salaried Employee,9/3/2021,Retail,2,Email
506313,1,Ponce,39,Female,France,21471.45,Married,Salaried Employee,9/13/2025,Retail,2,SMS
506351,3,Nguyen,22,Female,United Kingdom,19376.73,Single,Student,4/16/2026,Student,0,SMS
506380,2,Ross,41,Male,Germany,33947.44,Married,Salaried Employee,11/8/2019,Family,1,Email
506415,4,Rodriguez,40,Male,Germany,69070.32,Married,Business Owner,4/10/2021,Premium,1,Email
506637,4,Stevens,42,Female,United Kingdom,74467.35,Married,Self-Employed,5/21/2025,Premium,0,Email
506881,2,Summers,42,Female,United Kingdom,44575.54,Single,Business Owner,11/13/2019,Family,0,Mobile App Push
506945,1,Goodman,24,Female,United States,51631.40,Single,Self-Employed,4/6/2025,Retail,2,Email
506951,2,Stanton,42,Female,United States,40416.79,Married,Salaried Employee,12/20/2020,Family,1,Mobile App Push
507135,2,Peterson,35,Male,France,51724.77,Married,Salaried Employee,9/19/2016,Family,3,Mobile App Push
507247,2,Powell,49,Female,France,50147.94,Married,Salaried Employee,8/10/2022,Family,2,SMS
507286,4,Barron,53,Male,France,100038.86,Married,Salaried Employee,7/27/2023,Premium,0,Mobile App Push
507290,1,Wilson,43,Male,France,29655.26,Married,Salaried Employee,7/30/2019,Retail,0,Email
507333,3,Stout,18,Female,Germany,9669.21,Single,Unemployed,3/24/2017,Student,0,SMS
507466,1,Carter,43,Male,France,48863.05,Single,Freelancer,5/18/2021,Retail,0,Email
507475,2,Torres,41,Male,United States,41435.07,Married,Self-Employed,8/30/2016,Family,1,Mail
507517,5,Dominguez,66,Male,France,46437.37,Widowed,Retired,12/20/2017,Senior,0,Phone Call
507523,1,Frazier,51,Male,Germany,60242.12,Single,Salaried Employee,10/26/2023,Retail,0,SMS
507524,4,Cowan,56,Male,United States,108782.29,Married,Business Owner,6/22/2025,Premium,2,Mobile App Push
507652,3,Baird,20,Male,Spain,24259.93,Single,Student,12/12/2017,Student,0,Email
507723,4,Hood,39,Male,France,124073.34,Married,Self-Employed,1/9/2026,Premium,1,Email
507746,2,Boone,37,Female,France,88455.04,Single,Salaried Employee,12/17/2021,Family,1,Email
507777,4,Walsh,49,Male,France,139411.10,Married,Business Owner,1/14/2018,Premium,1,SMS
508004,2,Pineda,51,Male,France,77779.57,Married,Business Owner,6/21/2022,Family,1,SMS
508024,2,Thomas,39,Male,France,28826.65,Married,Freelancer,5/23/2024,Family,1,Email
508060,1,Lee,50,Male,United States,45597.67,Married,Salaried Employee,7/17/2024,Retail,2,Mobile App Push
508396,2,Bryan,48,Male,United Kingdom,47132.66,Married,Salaried Employee,3/25/2022,Family,2,Mobile App Push
508422,5,Moss,86,Female,United Kingdom,40346.38,Widowed,Retired,12/6/2023,Senior,2,Email
508489,2,Jacobson,43,Male,United Kingdom,37043.00,Married,Salaried Employee,6/18/2022,Family,4,Phone Call
508548,2,Morgan,31,Female,Germany,74398.53,Married,Self-Employed,12/8/2024,Family,1,Email
508654,5,Hoffman,81,Male,France,35848.36,Married,Retired,3/2/2023,Senior,0,Mobile App Push
508783,4,Perry,46,Male,United Kingdom,147151.26,Married,Business Owner,11/4/2023,Premium,0,SMS
508926,2,Davis,34,Female,Germany,57294.36,Married,Self-Employed,8/22/2024,Family,2,Phone Call
508930,1,Anderson,62,Male,United Kingdom,33232.58,Widowed,Freelancer,8/5/2026,Retail,0,Mobile App Push
509018,1,Jackson,37,Female,Spain,27078.84,Single,Unemployed,11/11/2019,Retail,0,SMS
509054,1,Romero,35,Male,United Kingdom,31364.45,Married,Unemployed,12/7/2017,Retail,2,Email
509386,2,Miller,40,Male,United Kingdom,41387.05,Divorced,Salaried Employee,7/13/2021,Family,2,Mail
509420,1,White,43,Female,Germany,22619.03,Married,Unemployed,2/7/2021,Retail,1,Email
509451,1,Mills,36,Female,Germany,27283.98,Married,Business Owner,5/2/2025,Retail,0,Email
509660,1,Deleon,52,Female,Germany,29215.25,Single,Freelancer,7/14/2023,Retail,1,Phone Call
509711,1,Warren,49,Female,United Kingdom,41890.99,Married,Self-Employed,4/22/2025,Retail,0,Email
509985,1,Williams,35,Female,United States,25502.53,Single,Salaried Employee,11/6/2018,Retail,0,Email
510133,4,Oneill,65,Female,United Kingdom,91740.80,Married,Business Owner,3/11/2022,Premium,1,Email
510154,1,Smith,42,Male,United States,22231.14,Single,Business Owner,10/21/2023,Retail,0,Mobile App Push
510339,1,Wilson,41,Male,United States,29478.65,Single,Freelancer,1/31/2025,Retail,1,SMS
510623,2,Owens,50,Female,France,63875.70,Married,Salaried Employee,12/28/2020,Family,1,Phone Call
510780,2,Park,37,Male,Germany,27579.12,Married,Salaried Employee,5/2/2026,Family,0,Phone Call
510954,1,Nelson,47,Male,Spain,47390.05,Married,Salaried Employee,11/28/2021,Retail,0,Phone Call
510997,3,Clay,21,Female,Germany,24338.74,Single,Unemployed,7/31/2018,Student,0,SMS
511122,1,Boyle,43,Female,France,22575.62,Single,Business Owner,12/31/2024,Retail,0,Email
511484,2,Carter,37,Male,France,26273.19,Married,Salaried Employee,3/27/2025,Family,3,Email
511564,1,Gonzalez,44,Male,France,17693.35,Married,Unemployed,12/19/2024,Retail,2,Mobile App Push
511612,5,Goodman,71,Male,Spain,17029.08,Married,Retired,10/10/2018,Senior,2,Phone Call
511707,2,Rodriguez,45,Female,France,31507.16,Married,Unemployed,6/28/2023,Family,3,Mobile App Push
511776,1,Hall,39,Male,Spain,34302.76,Married,Freelancer,12/5/2022,Retail,0,Email
511929,1,Larson,39,Male,Germany,22124.38,Single,Salaried Employee,4/28/2018,Retail,1,SMS
511967,5,Evans,74,Female,Germany,76512.35,Married,Retired,3/9/2024,Senior,1,Email
511981,4,Smith,32,Female,United States,142809.65,Married,Salaried Employee,9/27/2019,Premium,2,SMS
511987,1,Guerra,29,Female,France,41881.36,Single,Unemployed,10/20/2021,Retail,0,Email
512022,2,Mcneil,46,Male,Germany,37358.85,Married,Salaried Employee,6/21/2022,Family,2,Email
512040,1,Mcintosh,48,Female,Germany,44369.93,Married,Salaried Employee,4/2/2019,Retail,0,Email
512042,2,Stewart,32,Male,France,30256.09,Married,Salaried Employee,1/2/2017,Family,2,Email
512151,5,Coleman,80,Male,Germany,30399.57,Divorced,Retired,9/2/2017,Senior,1,Mail
512160,2,Montoya,53,Male,Germany,42274.16,Single,Freelancer,1/18/2026,Family,0,Mobile App Push
512344,2,Cordova,40,Male,Spain,17983.43,Married,Freelancer,4/17/2018,Family,1,Email
512509,1,Lopez,50,Female,United States,34140.61,Married,Self-Employed,2/19/2025,Retail,3,SMS
512842,4,Nguyen,52,Male,United States,79012.85,Married,Self-Employed,7/1/2025,Premium,1,Mobile App Push
513037,1,Dougherty,59,Female,France,19467.37,Single,Self-Employed,8/5/2024,Retail,0,Mobile App Push
513160,2,Cook,43,Male,France,43258.06,Single,Salaried Employee,12/18/2017,Family,2,Mobile App Push
513224,4,Williams,52,Male,United States,165997.13,Married,Business Owner,6/11/2018,Premium,1,SMS
513296,5,Kelley,81,Male,Germany,35411.06,Married,Retired,11/22/2020,Senior,0,Email
513420,1,Ibarra,28,Male,Germany,21386.30,Single,Self-Employed,7/10/2019,Retail,1,SMS
513474,3,Garcia,23,Female,United Kingdom,12458.65,Single,Student,1/8/2023,Student,0,SMS
513477,1,Mitchell,43,Male,United States,44931.98,Single,Salaried Employee,10/4/2018,Retail,1,Mobile App Push
513507,5,Hodges,74,Female,United Kingdom,9127.21,Widowed,Retired,3/6/2025,Senior,1,Email
513697,1,Hawkins,41,Male,Germany,13004.17,Married,Salaried Employee,8/23/2023,Retail,3,Email
513741,1,Erickson,44,Male,France,61580.29,Married,Salaried Employee,12/12/2016,Retail,0,Email
513927,3,Lewis,20,Male,France,11863.37,Single,Student,2/5/2018,Student,0,Email
513982,2,Sparks,34,Male,United States,49500.09,Married,Freelancer,12/15/2023,Family,2,Mobile App Push
514186,1,Rivera,37,Male,United States,30354.05,Married,Salaried Employee,5/29/2021,Retail,1,Email
514306,1,Gutierrez,56,Female,Germany,41169.34,Married,Unemployed,12/23/2019,Retail,3,Email
514337,5,Harris,72,Male,Spain,38706.71,Widowed,Retired,8/27/2025,Senior,0,SMS
514463,5,Hernandez,73,Female,United Kingdom,27714.55,Married,Retired,10/16/2020,Senior,1,SMS
514521,1,Rodriguez,42,Male,Germany,60753.03,Married,Salaried Employee,1/22/2018,Retail,0,Mobile App Push
514664,3,Roberts,23,Male,France,10842.28,Single,Student,5/24/2019,Student,0,Mobile App Push
514798,1,Brown,38,Female,United States,38251.89,Married,Salaried Employee,8/11/2016,Retail,1,Email
514812,2,Thomas,55,Male,Spain,49674.64,Married,Salaried Employee,10/4/2024,Family,2,Mobile App Push
514828,2,Smith,34,Female,France,33763.05,Married,Salaried Employee,6/18/2018,Family,2,Mobile App Push
514850,1,Evans,42,Female,France,28025.58,Married,Salaried Employee,10/6/2024,Retail,0,SMS
514913,1,Prince,41,Male,Germany,27663.05,Divorced,Salaried Employee,10/5/2023,Retail,1,Email
514991,1,Frye,37,Male,Germany,70528.19,Married,Salaried Employee,8/16/2024,Retail,0,Mobile App Push
515011,1,Villarreal,41,Male,Germany,34683.51,Single,Unemployed,2/12/2025,Retail,1,Mobile App Push
515018,2,Bass,46,Male,France,32898.00,Married,Salaried Employee,1/18/2026,Family,2,Email
515032,1,Martinez,38,Male,Germany,44401.56,Married,Salaried Employee,10/18/2022,Retail,2,SMS
515035,1,Patrick,46,Female,France,35672.96,Married,Salaried Employee,3/4/2021,Retail,1,Mobile App Push
515182,2,Clay,43,Female,France,41487.96,Married,Salaried Employee,5/13/2023,Family,2,Email
515287,3,Schmidt,20,Female,Spain,30333.28,Single,Student,2/1/2024,Student,0,Email
515492,1,Blevins,43,Female,Spain,41373.07,Married,Salaried Employee,7/14/2018,Retail,0,SMS
515594,1,Burton,45,Female,France,26504.60,Married,Salaried Employee,1/8/2018,Retail,2,Phone Call
515712,1,Green,43,Female,United States,40977.26,Married,Freelancer,10/29/2021,Retail,0,Email
515898,2,Hernandez,39,Male,United Kingdom,55881.64,Married,Self-Employed,12/30/2016,Family,2,Email
515922,1,Scott,38,Male,France,55161.61,Divorced,Business Owner,3/8/2021,Retail,0,Mobile App Push
515973,1,Bell,44,Male,France,22953.57,Married,Salaried Employee,1/14/2021,Retail,0,Email
516059,3,Richardson,19,Male,United States,18063.22,Single,Freelancer,12/22/2020,Student,0,Mobile App Push
516176,5,Sims,61,Male,United Kingdom,37984.95,Widowed,Retired,9/7/2022,Senior,1,Phone Call
516224,1,Taylor,43,Male,Spain,63056.37,Single,Salaried Employee,6/17/2018,Retail,0,SMS
516278,1,Williams,33,Female,France,44734.98,Single,Unemployed,6/20/2019,Retail,2,Mobile App Push
516297,1,Smith,40,Male,United States,67084.94,Single,Self-Employed,6/7/2025,Retail,1,Mobile App Push
516332,1,Khan,55,Male,Spain,42664.10,Married,Salaried Employee,11/7/2018,Retail,0,Email
516359,5,Thornton,75,Male,France,18326.76,Single,Retired,1/14/2020,Senior,0,Email
516379,1,Garcia,45,Male,Germany,27206.07,Single,Salaried Employee,5/12/2024,Retail,1,Mobile App Push
516444,2,Reyes,41,Male,United Kingdom,84509.97,Married,Unemployed,11/29/2021,Family,0,Mail
516656,1,Pratt,33,Female,France,23565.16,Single,Salaried Employee,4/20/2018,Retail,0,Mail
516716,1,Cannon,40,Male,France,69387.86,Single,Business Owner,3/2/2018,Retail,0,Email
516760,5,Chapman,81,Female,Germany,22861.76,Widowed,Retired,3/6/2026,Senior,1,Mobile App Push
516774,1,Sandoval,46,Male,Germany,20473.86,Single,Salaried Employee,6/8/2021,Retail,0,Mobile App Push
516791,1,Durham,53,Female,France,34972.95,Married,Salaried Employee,10/6/2021,Retail,2,SMS
517035,1,Berg,48,Male,France,23299.52,Single,Self-Employed,6/11/2023,Retail,0,Mail
517196,2,Patel,35,Male,United States,46578.44,Married,Self-Employed,5/6/2022,Family,2,Mail
517206,2,Foley,46,Male,Spain,40371.67,Married,Salaried Employee,11/28/2025,Family,4,SMS
517307,2,Schneider,37,Male,United States,32450.08,Divorced,Salaried Employee,10/20/2022,Family,4,Phone Call
517368,1,Clay,41,Female,United Kingdom,52639.85,Married,Salaried Employee,10/6/2024,Retail,0,SMS
517375,1,Arnold,45,Male,Germany,54038.64,Married,Salaried Employee,12/10/2024,Retail,2,Phone Call
517469,2,Jackson,51,Male,Spain,40603.04,Divorced,Salaried Employee,7/8/2018,Family,0,Mail
517479,1,Garcia,35,Male,Germany,119110.13,Single,Freelancer,3/28/2021,Retail,0,Mobile App Push
517500,1,Navarro,48,Female,United States,23369.01,Married,Salaried Employee,9/14/2018,Retail,0,SMS
517568,2,White,40,Female,France,44028.36,Married,Salaried Employee,7/9/2021,Family,4,Email
517584,2,Jones,47,Female,Germany,51917.19,Married,Salaried Employee,4/13/2020,Family,1,Mobile App Push
517643,5,Byrd,72,Female,United Kingdom,47996.47,Divorced,Self-Employed,10/20/2016,Senior,0,Phone Call
517754,1,Haney,46,Male,Germany,30984.67,Divorced,Salaried Employee,5/29/2023,Retail,0,Mobile App Push
517821,1,Nelson,50,Female,United States,27094.34,Single,Freelancer,5/3/2023,Retail,1,Mobile App Push
517885,4,Weiss,43,Male,Spain,135350.11,Married,Business Owner,10/1/2021,Premium,1,Mobile App Push
518084,3,Porter,22,Male,United Kingdom,18048.52,Single,Student,5/24/2018,Student,0,SMS
518098,1,Bowers,47,Male,Germany,25811.45,Divorced,Salaried Employee,3/5/2020,Retail,0,Mobile App Push
518114,1,Boone,39,Female,United Kingdom,38419.42,Married,Unemployed,8/12/2024,Retail,0,Phone Call
518309,3,Shields,19,Female,France,11294.31,Single,Student,3/2/2026,Student,0,Mobile App Push
518373,2,Murphy,40,Female,France,37446.90,Married,Salaried Employee,9/17/2018,Family,3,Mobile App Push
518582,1,Jordan,42,Female,Spain,20723.54,Divorced,Freelancer,3/31/2018,Retail,0,Email
518801,5,Gardner,74,Male,France,22786.26,Married,Self-Employed,8/20/2025,Senior,0,Mail
518836,1,Curry,47,Female,France,41065.95,Single,Self-Employed,11/22/2017,Retail,0,SMS
519029,1,Barrett,38,Male,United Kingdom,26118.78,Married,Freelancer,4/9/2026,Retail,0,Mobile App Push
519066,4,Fuller,64,Male,United Kingdom,150371.28,Married,Freelancer,12/4/2023,Premium,1,SMS
519093,1,Taylor,43,Female,Germany,16559.76,Divorced,Salaried Employee,9/15/2018,Retail,0,Email
519218,5,Orozco,83,Male,Spain,25742.15,Widowed,Retired,4/12/2020,Senior,0,Phone Call
519453,1,Bowers,47,Female,France,27872.75,Divorced,Salaried Employee,12/12/2019,Retail,0,Mobile App Push
519692,5,Meyer,88,Female,Germany,14161.58,Married,Retired,4/12/2023,Senior,0,Phone Call
519902,2,Russell,55,Female,Spain,52441.60,Married,Business Owner,3/16/2019,Family,2,Phone Call
519904,1,Sanders,45,Male,Germany,33204.65,Married,Salaried Employee,4/1/2018,Retail,3,SMS
520018,2,Parker,32,Female,Germany,76039.15,Married,Self-Employed,6/10/2026,Family,4,Email
520040,2,Daniels,33,Female,United Kingdom,25725.43,Single,Freelancer,1/21/2026,Family,3,Email
520051,5,Reynolds,73,Male,France,13758.94,Widowed,Retired,12/10/2024,Senior,0,Mail
520075,5,Salinas,75,Female,Spain,76031.11,Married,Retired,11/9/2024,Senior,1,Phone Call
520106,2,Dawson,31,Female,United States,35912.26,Married,Salaried Employee,11/29/2022,Family,1,SMS
520172,1,Santana,57,Female,Spain,33392.85,Single,Salaried Employee,10/6/2017,Retail,0,Mobile App Push
520245,1,Dickson,38,Male,United Kingdom,33066.50,Married,Salaried Employee,11/18/2019,Retail,1,Email
520252,1,Diaz,43,Female,United States,52988.14,Single,Freelancer,5/6/2024,Retail,1,SMS
520274,1,Moore,60,Female,Germany,43991.27,Single,Salaried Employee,4/15/2021,Retail,3,Email
520286,1,Archer,34,Female,France,30330.02,Married,Salaried Employee,8/4/2019,Retail,0,SMS
520304,1,Booker,50,Male,France,34500.21,Single,Salaried Employee,5/6/2018,Retail,2,Mobile App Push
520400,1,Long,32,Female,Germany,20899.38,Married,Salaried Employee,5/28/2019,Retail,0,Mobile App Push
520521,2,Parker,30,Female,United Kingdom,21264.42,Married,Business Owner,4/3/2018,Family,3,SMS
520651,2,Walton,45,Male,United Kingdom,46662.61,Married,Freelancer,3/10/2019,Family,4,Mobile App Push
520884,1,Wallace,47,Male,France,54859.27,Single,Salaried Employee,1/23/2020,Retail,1,Phone Call
521063,1,Conley,51,Male,France,68760.87,Widowed,Salaried Employee,4/4/2017,Retail,2,Email
521126,1,Walls,30,Female,France,34201.15,Single,Freelancer,9/18/2023,Retail,1,Email
521233,1,Ware,56,Male,France,27374.06,Married,Business Owner,11/25/2021,Retail,1,Email
521536,2,Chan,45,Male,United States,34657.12,Married,Business Owner,7/16/2022,Family,1,SMS
521805,1,Simpson,44,Male,United Kingdom,43148.22,Single,Self-Employed,4/30/2021,Retail,0,Email
521818,1,Nielsen,47,Male,Germany,29878.85,Single,Salaried Employee,8/10/2025,Retail,1,Email
521947,1,Douglas,25,Female,Germany,54225.60,Single,Self-Employed,10/31/2023,Retail,0,Email
522060,5,Medina,77,Male,United Kingdom,23840.19,Single,Business Owner,5/6/2019,Senior,1,SMS
522179,1,Garcia,52,Male,United Kingdom,21631.30,Married,Salaried Employee,6/4/2019,Retail,1,Email
522419,4,Maxwell,64,Female,France,125403.08,Single,Business Owner,3/17/2020,Premium,0,Mobile App Push
522548,2,Gonzales,45,Female,United Kingdom,49077.77,Married,Self-Employed,9/17/2021,Family,3,Mobile App Push
522842,2,Barry,44,Female,France,45610.86,Married,Freelancer,4/20/2017,Family,0,SMS
522866,5,French,69,Female,France,42358.28,Divorced,Retired,1/25/2020,Senior,0,Mail
522979,1,Miller,37,Male,Germany,46990.58,Married,Freelancer,5/4/2020,Retail,2,Email
522986,3,Valdez,22,Male,Germany,8000.00,Single,Student,5/29/2026,Student,0,Mobile App Push
522988,3,Logan,23,Female,Germany,14689.31,Single,Student,1/19/2025,Student,0,Mail
523013,4,Jones,47,Female,Germany,97708.30,Single,Business Owner,8/31/2017,Premium,0,Mobile App Push
523037,5,Cook,65,Female,United Kingdom,39338.68,Married,Retired,2/28/2025,Senior,0,Mail
523389,1,Evans,47,Male,Spain,24108.67,Widowed,Salaried Employee,6/4/2019,Retail,1,Mobile App Push
523533,1,Anthony,62,Male,France,11139.40,Married,Business Owner,4/5/2025,Retail,1,Email
523579,2,Sherman,34,Male,United States,42280.84,Single,Salaried Employee,6/27/2020,Family,0,Mobile App Push
523727,3,Powers,20,Female,Spain,14242.83,Single,Student,5/13/2019,Student,0,Phone Call
523808,1,Ayala,40,Male,Spain,31672.15,Widowed,Unemployed,12/18/2017,Retail,0,Mail
523831,2,Schwartz,52,Female,Spain,36812.74,Single,Self-Employed,4/9/2017,Family,1,Mobile App Push
523956,2,Jones,37,Female,United States,37413.99,Married,Salaried Employee,2/15/2022,Family,4,Email
524035,1,Cooper,39,Male,Germany,50513.90,Single,Salaried Employee,10/17/2021,Retail,0,SMS
524045,1,Donovan,49,Male,Germany,27353.64,Single,Self-Employed,3/15/2019,Retail,0,SMS
524068,1,Walker,36,Male,United Kingdom,49996.02,Single,Freelancer,3/27/2017,Retail,1,Mobile App Push
524094,4,Jacobs,40,Male,France,150889.60,Single,Freelancer,6/13/2026,Premium,1,SMS
524252,5,Spears,75,Female,Germany,24274.94,Married,Self-Employed,6/26/2020,Senior,0,Email
524434,4,Richardson,36,Female,United States,141605.70,Married,Freelancer,10/7/2023,Premium,2,SMS
524533,2,Davis,28,Female,Germany,44958.55,Married,Business Owner,6/17/2017,Family,3,Email
524707,5,Gonzales,79,Female,United States,54608.63,Divorced,Retired,12/30/2022,Senior,0,Phone Call
524723,1,Stokes,51,Male,France,25918.70,Single,Salaried Employee,2/26/2025,Retail,0,Phone Call
524814,1,Waters,49,Female,Spain,53865.66,Married,Business Owner,9/10/2019,Retail,1,Phone Call
524965,1,Harvey,37,Male,France,68518.08,Single,Salaried Employee,5/24/2025,Retail,0,Mail
525051,5,Yoder,84,Male,Germany,24238.07,Widowed,Retired,3/24/2025,Senior,0,Mail
525110,5,Rojas,74,Male,United States,16975.55,Widowed,Retired,9/23/2024,Senior,0,Phone Call
525146,2,Davis,35,Female,United Kingdom,31001.69,Married,Salaried Employee,3/26/2018,Family,0,Email
525151,1,Wright,44,Male,Germany,78366.57,Married,Self-Employed,8/23/2020,Retail,0,Mobile App Push
525187,1,Wilkerson,26,Male,United Kingdom,33017.47,Married,Freelancer,2/10/2019,Retail,0,SMS
525205,2,Guerra,40,Male,United States,49636.26,Married,Salaried Employee,8/31/2023,Family,0,SMS
525392,2,Hale,53,Male,Germany,19370.24,Married,Self-Employed,2/15/2020,Family,2,SMS
525505,1,Gross,41,Female,France,58092.32,Divorced,Salaried Employee,9/28/2017,Retail,1,Mail
525556,5,Ward,75,Female,France,34062.45,Married,Retired,6/19/2023,Senior,2,Email
525750,1,Brown,41,Male,Germany,22415.63,Divorced,Self-Employed,1/1/2020,Retail,0,Mobile App Push
525756,4,Lowery,61,Female,Spain,130585.91,Married,Self-Employed,8/11/2017,Premium,0,Mobile App Push
525800,1,Taylor,37,Female,Germany,60458.29,Single,Salaried Employee,11/10/2018,Retail,0,Email
525818,5,Nguyen,79,Male,France,15639.43,Married,Retired,5/19/2023,Senior,2,Phone Call
525942,1,Edwards,43,Male,United Kingdom,31804.48,Single,Self-Employed,10/4/2022,Retail,0,Mail
526117,4,Vang,53,Female,United Kingdom,202454.31,Single,Self-Employed,11/5/2019,Premium,0,Mobile App Push
526156,1,Peck,39,Female,United States,38123.43,Single,Salaried Employee,3/17/2023,Retail,2,Mobile App Push
526170,5,Booth,63,Male,Germany,26454.50,Married,Retired,5/22/2021,Senior,0,SMS
526259,5,Woods,78,Female,United Kingdom,24000.67,Widowed,Salaried Employee,8/7/2023,Senior,0,Phone Call
526369,1,Garcia,58,Female,United Kingdom,22388.25,Married,Salaried Employee,9/1/2021,Retail,0,Email
526673,1,Myers,59,Male,France,31057.02,Single,Salaried Employee,8/29/2021,Retail,3,SMS
526833,1,Vaughan,46,Male,France,25532.21,Single,Salaried Employee,9/11/2016,Retail,2,Mobile App Push
526911,3,Kaiser,19,Female,France,18127.48,Single,Student,6/4/2017,Student,0,Email
526949,3,Brown,23,Female,United States,19402.83,Single,Student,4/17/2023,Student,0,Mobile App Push
527398,1,Everett,45,Male,France,59496.21,Single,Salaried Employee,1/21/2020,Retail,0,SMS
527433,5,Schultz,67,Female,Spain,24104.17,Widowed,Retired,1/22/2019,Senior,0,SMS
527809,2,Davenport,52,Male,France,42849.65,Married,Self-Employed,12/9/2022,Family,3,Mobile App Push
527865,1,Stone,51,Female,France,35785.71,Single,Freelancer,3/2/2017,Retail,0,SMS
527940,1,Nelson,34,Female,France,27178.65,Married,Freelancer,3/22/2023,Retail,0,Email
528090,2,Hernandez,39,Male,United Kingdom,35833.60,Married,Self-Employed,3/31/2023,Family,2,Mobile App Push
528129,5,Reyes,71,Female,France,35170.59,Married,Retired,4/1/2026,Senior,0,Phone Call
528184,1,Lane,56,Female,United Kingdom,49243.83,Married,Self-Employed,12/21/2019,Retail,1,Phone Call
528231,1,Davis,31,Female,Spain,57213.04,Divorced,Salaried Employee,4/2/2017,Retail,2,Mobile App Push
528361,5,Garcia,65,Female,Germany,32329.35,Married,Retired,2/11/2016,Senior,0,Mobile App Push
528436,1,Santos,50,Female,United Kingdom,36445.66,Married,Salaried Employee,11/18/2025,Retail,0,Email
528497,1,Jones,42,Male,Germany,29278.86,Single,Salaried Employee,8/7/2016,Retail,1,Email
528625,4,Duran,56,Male,Spain,160123.61,Married,Self-Employed,12/28/2018,Premium,0,Email
528705,2,Vargas,48,Male,United Kingdom,36913.10,Married,Business Owner,2/8/2017,Family,2,Mobile App Push
528728,1,Martin,51,Male,United Kingdom,45689.90,Married,Salaried Employee,2/12/2025,Retail,1,Phone Call
529008,2,Oconnor,44,Male,France,33434.41,Married,Salaried Employee,4/19/2017,Family,2,SMS
529016,1,Miller,53,Female,United Kingdom,49141.89,Married,Salaried Employee,12/16/2018,Retail,0,SMS
529068,3,Durham,19,Male,United States,23489.71,Single,Student,12/29/2019,Student,0,Email
529088,1,Henry,55,Male,United States,40927.84,Married,Freelancer,9/24/2023,Retail,0,Mobile App Push
529161,5,Hill,79,Female,France,13844.98,Married,Business Owner,10/12/2017,Senior,0,Email
529322,3,Thomas,21,Female,France,14565.50,Single,Student,5/4/2021,Student,0,SMS
529399,4,Hines,42,Female,United States,92267.62,Married,Self-Employed,8/28/2023,Premium,0,Email
529660,2,Kirk,47,Female,France,43086.56,Divorced,Unemployed,8/12/2022,Family,1,Email
529711,3,Morgan,21,Male,Germany,15403.82,Single,Unemployed,8/25/2016,Student,0,Email
529893,2,Johnson,52,Male,United Kingdom,86829.16,Married,Salaried Employee,6/6/2025,Family,1,Email
529954,1,Chase,36,Female,France,26227.91,Married,Freelancer,1/12/2023,Retail,0,Mobile App Push
530074,1,Kim,51,Female,Germany,45740.61,Married,Business Owner,12/12/2017,Retail,2,Email
530311,1,Flores,49,Male,Spain,30687.99,Married,Business Owner,3/6/2017,Retail,0,SMS
530720,5,Frederick,76,Female,Germany,22491.71,Divorced,Retired,5/21/2017,Senior,0,Mail
530728,3,Clark,21,Male,France,15103.31,Single,Student,3/29/2026,Student,0,SMS
530749,5,Patel,77,Female,Germany,40646.47,Married,Retired,2/13/2024,Senior,0,Email
530764,2,Grant,38,Male,Spain,27452.17,Married,Salaried Employee,7/15/2024,Family,1,Email
530794,1,Wells,31,Male,United States,62269.22,Single,Salaried Employee,10/22/2025,Retail,0,Email
530816,2,Frey,40,Male,United Kingdom,33222.91,Married,Freelancer,9/30/2019,Family,3,Email
530849,2,Matthews,40,Male,France,47621.12,Married,Salaried Employee,7/25/2024,Family,1,Email
530859,1,Martin,60,Male,United Kingdom,47496.84,Divorced,Freelancer,3/10/2021,Retail,2,Email
531071,1,Coleman,44,Male,United Kingdom,33000.92,Single,Salaried Employee,11/26/2021,Retail,3,Mobile App Push
531225,2,Price,41,Male,Germany,45699.50,Divorced,Business Owner,5/25/2021,Family,1,Email
531228,1,Moses,40,Female,Germany,37321.62,Single,Salaried Employee,6/10/2025,Retail,0,SMS
531262,1,Bridges,45,Male,Spain,40769.47,Married,Salaried Employee,10/11/2022,Retail,1,Mobile App Push
531319,4,Kane,53,Female,Germany,75442.20,Single,Freelancer,7/21/2020,Premium,0,Email
531589,1,Tucker,50,Female,United Kingdom,32350.98,Single,Self-Employed,6/28/2019,Retail,0,Phone Call
531641,1,Anderson,42,Female,Spain,53655.26,Single,Salaried Employee,6/25/2023,Retail,1,Mobile App Push
531694,2,Miller,44,Female,France,39666.28,Married,Freelancer,12/9/2017,Family,3,Email
531709,4,Harrell,46,Male,United Kingdom,106008.52,Married,Salaried Employee,12/20/2024,Premium,1,Email
531712,4,Hoffman,42,Male,Germany,219387.81,Single,Salaried Employee,6/17/2022,Premium,1,Mobile App Push
531736,1,Bowman,30,Male,Spain,45456.02,Single,Salaried Employee,2/22/2018,Retail,1,Email
531762,2,Greene,30,Female,France,40561.95,Divorced,Salaried Employee,8/11/2016,Family,1,Email
532005,5,Cardenas,85,Female,France,23270.98,Married,Retired,6/11/2018,Senior,0,Phone Call
532046,1,Rodriguez,44,Male,United Kingdom,31275.11,Married,Salaried Employee,5/12/2026,Retail,1,Mobile App Push
532067,1,Walker,43,Male,France,36865.33,Married,Salaried Employee,4/9/2026,Retail,0,SMS
532227,1,Brewer,38,Male,Spain,41803.19,Married,Unemployed,9/18/2018,Retail,1,Mobile App Push
532322,3,Ortega,20,Male,Spain,16578.53,Single,Student,11/10/2020,Student,0,Phone Call
532368,5,Singh,74,Male,France,54359.23,Married,Retired,10/4/2022,Senior,0,SMS
532373,2,Thomas,49,Male,Germany,40690.42,Married,Salaried Employee,4/8/2026,Family,2,Mobile App Push
532424,1,Greene,36,Male,United Kingdom,45185.68,Single,Unemployed,3/11/2021,Retail,1,Phone Call
532459,1,Rush,40,Female,United States,16117.92,Married,Self-Employed,4/13/2017,Retail,1,Email
532637,1,Thompson,24,Female,France,28670.77,Widowed,Freelancer,3/29/2021,Retail,1,Email
532699,4,Porter,53,Female,Germany,135353.89,Divorced,Business Owner,12/7/2019,Premium,0,Mobile App Push
532723,1,Ramirez,50,Female,Germany,62938.87,Single,Self-Employed,2/9/2016,Retail,1,Email
532794,1,Lynch,38,Male,Spain,28245.65,Single,Salaried Employee,3/17/2022,Retail,0,Phone Call
532961,2,Nolan,47,Male,United States,44508.95,Married,Salaried Employee,4/25/2019,Family,1,Phone Call
533007,3,Ross,19,Male,Germany,21758.16,Married,Student,2/16/2026,Student,0,Email
533020,1,Wilson,32,Female,Germany,23928.19,Married,Salaried Employee,7/16/2023,Retail,0,Phone Call
533108,5,Chase,71,Male,United Kingdom,35681.31,Widowed,Retired,2/8/2024,Senior,1,Mobile App Push
533121,5,Bray,76,Female,Germany,18341.21,Widowed,Retired,3/17/2023,Senior,0,Phone Call
533174,2,Cox,40,Female,United Kingdom,72237.88,Married,Self-Employed,4/13/2024,Family,2,SMS
533301,2,Moore,41,Female,Spain,63372.07,Married,Salaried Employee,3/30/2018,Family,3,Mail
533321,1,Heath,29,Male,France,46037.96,Divorced,Salaried Employee,6/18/2023,Retail,2,SMS
533377,1,Melendez,24,Male,Germany,20579.89,Single,Salaried Employee,11/24/2020,Retail,0,Phone Call
533525,1,Oliver,35,Male,Germany,78143.16,Single,Salaried Employee,10/3/2025,Retail,0,Mobile App Push
533648,1,Barker,33,Female,Germany,38009.43,Married,Salaried Employee,6/3/2018,Retail,1,SMS
533649,5,Rich,86,Male,United States,23658.16,Single,Retired,1/22/2017,Senior,0,Email
533672,2,Wong,37,Male,United States,28480.08,Married,Freelancer,7/5/2017,Family,3,SMS
533856,5,Pennington,80,Male,United Kingdom,14663.10,Married,Self-Employed,12/15/2017,Senior,0,Phone Call
533911,1,Kent,62,Male,France,33155.65,Single,Salaried Employee,7/11/2021,Retail,0,SMS
533914,2,Morris,48,Female,Germany,28334.34,Married,Salaried Employee,2/17/2018,Family,3,Email
533973,1,Schaefer,42,Female,United Kingdom,51240.27,Married,Salaried Employee,4/28/2022,Retail,0,Phone Call
534037,2,Ray,48,Male,United Kingdom,77717.74,Single,Self-Employed,10/13/2022,Family,2,SMS
534061,1,Macias,45,Male,United States,22439.13,Married,Salaried Employee,12/10/2017,Retail,1,Email
534096,1,Heath,36,Female,Germany,31910.72,Single,Freelancer,12/13/2021,Retail,0,Email
534098,1,Johnson,33,Female,United States,34408.26,Single,Salaried Employee,6/24/2023,Retail,1,Email
534130,1,Bryant,57,Female,United States,42089.53,Single,Salaried Employee,3/19/2020,Retail,1,Email
534152,4,King,51,Male,Spain,225237.34,Married,Self-Employed,4/26/2018,Premium,1,Mobile App Push
534153,1,Morrison,39,Male,Germany,21573.16,Divorced,Unemployed,3/11/2020,Retail,0,SMS
534303,2,Berry,44,Female,United States,39244.67,Married,Salaried Employee,9/1/2017,Family,2,Phone Call
534346,5,Garner,78,Male,France,43752.61,Married,Retired,2/11/2017,Senior,0,Mobile App Push
534572,1,Miller,41,Male,United Kingdom,39426.54,Divorced,Salaried Employee,3/28/2023,Retail,0,SMS
534574,2,Jones,48,Male,France,38470.06,Married,Unemployed,2/5/2018,Family,1,SMS
534603,3,Berry,21,Male,United States,21745.16,Single,Student,1/21/2026,Student,0,Mail
534753,5,Morgan,71,Male,Germany,23816.32,Widowed,Business Owner,9/10/2016,Senior,0,Mobile App Push
534773,5,Ashley,76,Male,United States,21439.79,Married,Retired,10/22/2020,Senior,0,Phone Call
535020,2,Fletcher,44,Male,France,43191.12,Single,Freelancer,10/27/2019,Family,3,Mobile App Push
535037,5,Smith,69,Female,France,39895.38,Single,Retired,2/17/2023,Senior,0,Mail
535050,1,Clark,54,Female,United Kingdom,51673.41,Married,Self-Employed,10/27/2016,Retail,2,Email
535098,3,Jones,26,Male,France,16796.46,Single,Student,2/19/2026,Student,0,Email
535320,5,Lutz,83,Male,France,8856.97,Married,Retired,7/8/2024,Senior,1,Phone Call
535352,2,Thompson,38,Female,United Kingdom,35341.96,Married,Salaried Employee,1/27/2022,Family,3,Email
535604,1,Fletcher,42,Male,Germany,55151.23,Married,Unemployed,2/28/2020,Retail,0,Email
535612,1,Day,44,Male,Germany,52878.14,Single,Salaried Employee,4/2/2021,Retail,3,Email
535673,2,Joseph,49,Female,France,31202.00,Married,Self-Employed,3/26/2017,Family,4,SMS
535686,1,Wheeler,50,Male,France,58135.84,Married,Salaried Employee,4/26/2020,Retail,1,SMS
535810,2,Williams,41,Male,Spain,45573.63,Married,Freelancer,11/7/2025,Family,2,Mail
535820,5,Watson,72,Female,France,17847.93,Married,Salaried Employee,7/9/2018,Senior,0,Mail
535970,3,Ferguson,23,Male,Germany,22408.25,Single,Student,8/16/2019,Student,0,Email
536045,2,Jackson,42,Male,Germany,27613.14,Single,Freelancer,8/10/2023,Family,1,Email
536056,1,Garcia,47,Female,France,48003.01,Married,Self-Employed,9/8/2017,Retail,1,SMS
536135,1,Flores,32,Female,Germany,29407.95,Married,Salaried Employee,4/4/2023,Retail,3,Email
536158,1,Ray,57,Male,France,26651.59,Single,Salaried Employee,4/27/2018,Retail,0,SMS
536181,1,Wu,62,Female,United Kingdom,74795.49,Married,Freelancer,4/20/2020,Retail,0,Email
536196,1,Robinson,53,Female,Germany,32286.42,Single,Salaried Employee,10/10/2019,Retail,0,Mobile App Push
536236,2,Peterson,45,Male,Germany,45136.09,Married,Salaried Employee,4/11/2023,Family,1,SMS
536390,5,Edwards,66,Female,France,36126.53,Widowed,Retired,8/8/2018,Senior,0,Mail
536440,2,Nielsen,50,Male,France,49119.75,Married,Unemployed,12/18/2021,Family,2,Mail
536476,3,Chaney,18,Male,Germany,13112.56,Married,Freelancer,5/10/2026,Student,0,Mobile App Push
536548,1,Ward,50,Male,Germany,40997.30,Married,Salaried Employee,2/22/2024,Retail,0,Mail
536740,1,Knapp,58,Male,United States,29595.91,Married,Salaried Employee,11/15/2021,Retail,0,Mobile App Push
536754,1,King,52,Female,France,49686.90,Married,Salaried Employee,11/20/2020,Retail,0,Mobile App Push
536774,3,Silva,21,Male,Spain,22618.71,Single,Student,1/3/2023,Student,0,SMS
536801,3,Harris,18,Female,Germany,12974.02,Single,Student,10/30/2023,Student,0,Email
536802,5,Wilcox,69,Male,France,36256.32,Widowed,Retired,2/9/2021,Senior,0,Phone Call
536822,2,Gregory,41,Male,Spain,54687.70,Married,Salaried Employee,6/3/2021,Family,2,Mobile App Push
537017,1,Lucero,44,Male,United States,21680.02,Single,Self-Employed,1/13/2022,Retail,0,Mobile App Push
537020,2,Sanchez,45,Male,France,38404.97,Married,Salaried Employee,6/22/2017,Family,4,Phone Call
537211,2,Sanchez,33,Female,Spain,76896.58,Married,Salaried Employee,12/3/2024,Family,4,Phone Call
537503,2,Hunter,46,Female,United States,39565.76,Married,Salaried Employee,2/21/2019,Family,0,Mobile App Push
537605,1,Goodwin,42,Female,France,33575.85,Single,Freelancer,6/14/2020,Retail,1,Mobile App Push
537757,1,Harding,42,Female,Germany,42196.50,Single,Salaried Employee,11/13/2019,Retail,0,SMS
537862,2,Stewart,41,Male,France,53751.03,Married,Freelancer,3/11/2025,Family,3,Phone Call
537983,2,Meyer,44,Male,Spain,57109.00,Married,Salaried Employee,9/25/2022,Family,2,SMS
538065,5,Ramirez,67,Male,France,20025.21,Single,Self-Employed,2/28/2023,Senior,0,Phone Call
538184,1,Morgan,44,Female,Germany,27543.31,Married,Self-Employed,3/30/2024,Retail,0,Mobile App Push
538446,1,Watkins,29,Male,Spain,35745.89,Single,Salaried Employee,10/23/2023,Retail,3,Mobile App Push
538539,2,Hernandez,50,Male,Germany,51976.31,Married,Freelancer,8/5/2020,Family,2,Mobile App Push
538555,1,Lopez,35,Male,Germany,41197.13,Single,Self-Employed,7/18/2024,Retail,0,SMS
538620,1,Waller,24,Female,United States,60953.10,Divorced,Business Owner,12/30/2025,Retail,0,Mobile App Push
538897,5,Murphy,76,Female,France,44005.85,Married,Retired,12/10/2022,Senior,0,Email
538967,4,Martinez,36,Female,Germany,69195.78,Married,Salaried Employee,4/27/2019,Premium,3,Email
538997,5,Guzman,87,Female,United Kingdom,25715.60,Married,Retired,2/14/2023,Senior,1,Mail
539001,1,Rangel,37,Female,Germany,19475.51,Married,Self-Employed,3/5/2020,Retail,0,Email
539122,2,Oneill,55,Male,France,66682.74,Married,Self-Employed,4/2/2022,Family,3,SMS
539128,1,Smith,42,Male,France,31381.45,Single,Business Owner,9/27/2023,Retail,1,Email
539170,1,Mathis,35,Female,United States,64454.94,Married,Freelancer,7/31/2024,Retail,2,SMS
539375,4,Wright,68,Male,United Kingdom,89895.78,Married,Salaried Employee,9/4/2019,Premium,0,Mail
539422,1,Lee,45,Female,United States,31238.71,Single,Salaried Employee,12/19/2022,Retail,0,Mobile App Push
539450,1,Gonzalez,42,Female,United Kingdom,24155.21,Single,Self-Employed,11/13/2024,Retail,0,Mobile App Push
539486,5,Richardson,68,Male,France,29582.97,Married,Salaried Employee,4/14/2018,Senior,2,Email
539589,1,Thornton,33,Male,Spain,51659.20,Single,Salaried Employee,1/16/2024,Retail,3,Email
539599,5,Johnson,73,Female,Germany,23040.94,Widowed,Self-Employed,11/3/2020,Senior,0,Mail
539605,1,Johnson,25,Male,Germany,87424.68,Married,Freelancer,2/5/2021,Retail,0,Mail
539740,3,Stokes,19,Female,France,12448.89,Single,Student,9/5/2025,Student,0,SMS
539898,2,Bowman,42,Male,France,22015.50,Single,Salaried Employee,6/28/2026,Family,2,Mail
539963,1,Galvan,58,Female,Germany,49020.70,Single,Salaried Employee,7/3/2025,Retail,0,Mail
539976,5,Calderon,86,Female,Spain,28873.24,Divorced,Retired,11/2/2021,Senior,0,SMS
540038,1,Saunders,57,Male,United Kingdom,47247.97,Married,Self-Employed,1/9/2019,Retail,0,Mobile App Push
540186,1,Smith,44,Male,France,23959.03,Married,Salaried Employee,5/14/2020,Retail,2,Mobile App Push
540208,5,Glover,68,Male,Spain,20104.02,Single,Retired,3/11/2019,Senior,0,Phone Call
540218,1,Maxwell,33,Male,Germany,16635.64,Single,Salaried Employee,5/2/2019,Retail,0,SMS
540226,1,Howard,33,Male,France,59943.37,Single,Salaried Employee,6/6/2021,Retail,0,Mobile App Push
540463,1,Aguilar,47,Female,Germany,23099.65,Married,Salaried Employee,8/25/2018,Retail,1,Email
540552,2,Kirby,39,Female,United States,39041.78,Married,Salaried Employee,8/24/2022,Family,1,Mobile App Push
540656,5,Velazquez,88,Female,United States,35256.88,Widowed,Retired,2/12/2017,Senior,0,Email
540781,5,Mcclure,73,Female,France,15270.84,Married,Retired,6/28/2021,Senior,1,Phone Call
540869,4,Collins,34,Male,Spain,126706.01,Single,Salaried Employee,12/22/2025,Premium,1,SMS
540897,4,Arnold,67,Male,Germany,212486.93,Single,Salaried Employee,2/19/2023,Premium,0,Mobile App Push
541119,5,Hughes,69,Female,Germany,20201.52,Widowed,Self-Employed,3/30/2021,Senior,0,SMS
541307,1,Novak,43,Female,United States,39407.13,Married,Business Owner,1/24/2022,Retail,0,SMS
541315,4,Rice,53,Male,Spain,70659.33,Divorced,Business Owner,1/27/2017,Premium,1,SMS
541409,4,Park,39,Female,United States,170905.07,Divorced,Business Owner,10/24/2021,Premium,2,Email
541467,1,Jones,51,Female,France,27760.72,Single,Self-Employed,1/16/2018,Retail,0,Email
541557,5,Brady,78,Female,United Kingdom,20092.37,Divorced,Retired,7/16/2023,Senior,0,Email
541996,4,Velasquez,54,Male,Spain,192772.69,Single,Business Owner,9/20/2023,Premium,2,Mobile App Push
542042,2,Salas,39,Male,France,29593.63,Divorced,Salaried Employee,10/19/2025,Family,4,Mobile App Push
542226,4,Martin,56,Male,Spain,146716.77,Married,Self-Employed,7/17/2024,Premium,2,Mail
542306,1,Duncan,39,Female,Spain,41020.72,Single,Salaried Employee,4/21/2018,Retail,0,Mail
542374,2,Morales,46,Male,Spain,31302.47,Married,Business Owner,10/25/2024,Family,0,Email
542417,1,Blair,44,Female,United States,67027.99,Married,Self-Employed,8/31/2024,Retail,0,Mobile App Push
542666,4,Adams,32,Female,United States,124610.82,Married,Business Owner,9/13/2024,Premium,0,Email
542750,5,Johnson,77,Male,France,35162.44,Married,Retired,12/7/2020,Senior,0,Email
542828,2,Garcia,46,Male,United Kingdom,78559.72,Married,Salaried Employee,1/29/2020,Family,2,Mobile App Push
542904,2,Jimenez,45,Male,France,32653.33,Married,Salaried Employee,2/21/2022,Family,1,Email
542983,5,Gentry,74,Female,Germany,31110.55,Divorced,Business Owner,5/30/2025,Senior,1,Phone Call
543143,2,Hurst,50,Female,France,49004.65,Married,Salaried Employee,6/10/2022,Family,3,SMS
543473,4,Castillo,51,Male,Spain,157200.78,Married,Business Owner,2/21/2024,Premium,0,Mobile App Push
543481,4,Nunez,50,Female,France,156004.27,Married,Business Owner,5/10/2016,Premium,1,Email
543555,2,Adams,35,Female,France,28861.31,Single,Salaried Employee,4/26/2023,Family,2,Email
543588,1,Tyler,33,Female,Germany,28503.21,Married,Salaried Employee,9/25/2023,Retail,2,Mobile App Push
543681,1,Smith,27,Female,France,53639.60,Single,Salaried Employee,7/12/2024,Retail,0,Phone Call
543692,2,Johnson,53,Female,Germany,47488.29,Married,Business Owner,12/14/2020,Family,1,Email
543732,1,Duran,45,Female,France,22693.73,Divorced,Self-Employed,8/29/2019,Retail,0,Mobile App Push
543814,2,Fitzpatrick,42,Male,United States,38406.14,Married,Business Owner,1/17/2018,Family,2,Email
543940,5,Sharp,74,Female,United States,26443.88,Married,Self-Employed,4/30/2021,Senior,0,Phone Call
543973,2,Lopez,50,Female,Spain,30594.67,Single,Salaried Employee,6/29/2018,Family,1,Mail
544114,2,Moore,44,Female,Germany,19720.30,Married,Salaried Employee,6/7/2017,Family,0,Email
544136,2,Small,55,Female,United States,40517.48,Married,Salaried Employee,9/25/2019,Family,2,Mobile App Push
544150,1,Marshall,47,Female,United States,29153.01,Married,Salaried Employee,8/6/2025,Retail,0,Email
544151,5,Vasquez,68,Male,Spain,50962.67,Married,Retired,8/21/2019,Senior,0,Mobile App Push
544154,2,Kennedy,28,Male,Spain,53522.17,Married,Salaried Employee,5/30/2022,Family,1,SMS
544278,4,Tapia,45,Male,Germany,146190.95,Married,Business Owner,2/26/2023,Premium,2,Mobile App Push
544393,1,Lara,51,Male,Spain,87974.24,Single,Salaried Employee,3/21/2025,Retail,0,Email
544536,1,Young,38,Male,Germany,31128.17,Married,Freelancer,10/25/2024,Retail,1,SMS
544611,2,Cortez,41,Female,Germany,60547.24,Married,Self-Employed,9/15/2024,Family,2,Mail
544726,5,Singh,78,Female,France,35107.03,Widowed,Retired,6/9/2025,Senior,0,Phone Call
544730,1,Rodriguez,51,Male,France,45547.38,Single,Salaried Employee,4/24/2025,Retail,1,Email
544815,1,Jones,32,Male,United States,68042.50,Married,Salaried Employee,3/18/2026,Retail,2,Email
544920,5,Johnson,64,Male,France,28156.56,Widowed,Retired,8/4/2018,Senior,0,Phone Call
545120,4,Robinson,50,Female,France,129190.67,Married,Self-Employed,2/7/2026,Premium,2,Mobile App Push
545405,3,Martin,23,Female,Germany,15675.42,Single,Student,10/20/2016,Student,0,Mobile App Push
545790,5,Huffman,65,Male,France,45864.74,Married,Retired,3/21/2019,Senior,0,SMS
545798,1,Mahoney,46,Female,France,43306.55,Married,Salaried Employee,1/5/2017,Retail,0,Mobile App Push
545807,1,Castillo,56,Female,Germany,61768.20,Single,Salaried Employee,11/26/2023,Retail,1,Email
546157,5,Gonzales,67,Female,Spain,25239.19,Married,Retired,3/15/2023,Senior,0,Mail
546173,5,May,82,Male,Germany,52218.28,Married,Salaried Employee,1/6/2022,Senior,1,Phone Call
546376,5,Archer,78,Female,Germany,35922.09,Married,Retired,6/11/2020,Senior,0,Mail
546383,2,Hernandez,49,Male,United States,39781.32,Married,Self-Employed,2/3/2025,Family,2,Mobile App Push
546590,1,Vaughn,24,Male,France,30438.51,Divorced,Freelancer,12/18/2020,Retail,3,SMS
546688,2,Baker,45,Female,France,77034.87,Married,Salaried Employee,9/7/2025,Family,3,Mobile App Push
546768,3,Marshall,20,Male,Germany,8000.00,Married,Student,2/26/2026,Student,0,Mail
546815,2,Collins,38,Female,Germany,39422.78,Married,Freelancer,5/15/2022,Family,2,Phone Call
546915,2,Reynolds,29,Male,Spain,41775.98,Married,Business Owner,6/2/2020,Family,2,Mobile App Push
546980,5,Harris,67,Male,Spain,22704.39,Widowed,Retired,2/12/2022,Senior,1,Phone Call
547080,5,Schneider,79,Male,United Kingdom,52300.15,Married,Self-Employed,8/8/2022,Senior,1,Phone Call
547180,1,Collins,38,Female,United States,56249.80,Married,Business Owner,9/25/2021,Retail,0,Email
547181,5,Holland,75,Male,France,25248.72,Married,Retired,4/5/2017,Senior,0,Phone Call
547389,5,Walker,63,Male,France,19511.00,Widowed,Retired,7/19/2021,Senior,0,Email
547470,1,Osborne,43,Female,United States,38158.43,Single,Salaried Employee,4/7/2017,Retail,2,Email
547494,4,Lewis,49,Female,Germany,80360.14,Single,Business Owner,10/22/2018,Premium,0,Email
547724,1,Wells,39,Male,United Kingdom,74794.06,Single,Unemployed,12/19/2016,Retail,2,Mail
547798,1,White,47,Male,United Kingdom,30677.64,Married,Freelancer,6/2/2022,Retail,0,Mobile App Push
547820,1,Bright,47,Female,United States,64616.80,Married,Freelancer,2/6/2024,Retail,0,Email
547952,2,Garcia,48,Male,France,52206.99,Married,Self-Employed,1/5/2017,Family,1,SMS
548081,1,Hernandez,30,Female,France,27471.80,Single,Salaried Employee,8/15/2023,Retail,2,Mail
548324,4,Evans,57,Male,Germany,117926.92,Single,Self-Employed,10/3/2025,Premium,1,Mail
548377,2,Hill,39,Male,France,52485.62,Married,Freelancer,8/31/2021,Family,2,Email
548462,3,Gibson,23,Male,Germany,24652.82,Single,Student,1/27/2025,Student,0,Email
548479,4,Murphy,37,Female,Germany,70680.74,Single,Business Owner,8/29/2024,Premium,1,Email
548580,1,Hall,43,Male,United States,46972.76,Single,Salaried Employee,2/24/2018,Retail,2,Mobile App Push
548906,4,Hall,58,Male,France,118298.59,Married,Self-Employed,4/13/2023,Premium,2,Email
548965,1,Smith,50,Female,France,58775.73,Married,Freelancer,2/18/2020,Retail,0,Mobile App Push
549112,1,Thomas,24,Female,France,79675.14,Single,Salaried Employee,3/6/2026,Retail,3,SMS
549186,2,Robinson,32,Female,France,49724.85,Married,Business Owner,3/27/2023,Family,2,Email
549245,1,Smith,24,Female,Spain,19872.99,Single,Salaried Employee,11/14/2020,Retail,2,Mail
549323,3,Beck,23,Male,Spain,18755.96,Single,Student,5/10/2026,Student,0,Mail
549433,1,Erickson,24,Male,United Kingdom,43137.37,Single,Salaried Employee,12/1/2021,Retail,1,Mobile App Push
549660,5,Porter,75,Male,France,21285.97,Married,Retired,9/7/2020,Senior,0,SMS
549793,1,Gomez,35,Male,Spain,36134.72,Married,Self-Employed,5/22/2021,Retail,1,Phone Call
549865,2,Perez,52,Female,France,25794.68,Married,Salaried Employee,11/1/2021,Family,2,Email
549956,1,Gamble,62,Female,United Kingdom,44202.92,Married,Freelancer,12/1/2025,Retail,0,Email
550081,5,Moore,83,Female,United States,57734.62,Widowed,Retired,11/29/2019,Senior,0,Phone Call
550089,1,Williams,35,Male,France,38415.01,Married,Salaried Employee,8/22/2020,Retail,1,Mobile App Push
550137,1,Thomas,62,Female,Spain,28284.68,Single,Salaried Employee,3/7/2017,Retail,0,Email
550179,5,Walker,81,Female,Germany,42854.01,Single,Retired,5/4/2020,Senior,1,Mail
550246,1,Gallegos,40,Male,United Kingdom,34041.12,Single,Salaried Employee,2/19/2022,Retail,0,SMS
550268,1,Larsen,39,Female,France,34027.29,Single,Salaried Employee,8/28/2025,Retail,0,Mobile App Push
550418,1,Thomas,52,Female,United States,20757.38,Divorced,Self-Employed,3/14/2021,Retail,1,SMS
550513,2,Cruz,43,Male,United States,21605.94,Married,Salaried Employee,2/7/2024,Family,2,Email
550664,5,Morris,63,Female,United States,68797.43,Divorced,Retired,12/22/2018,Senior,0,Phone Call
550770,1,Wise,42,Male,Germany,33273.11,Single,Salaried Employee,11/27/2024,Retail,0,Mobile App Push
550797,1,Campbell,37,Male,France,33855.50,Married,Freelancer,3/19/2023,Retail,2,Mobile App Push
550955,1,Peters,48,Male,Germany,49005.09,Married,Self-Employed,4/9/2025,Retail,1,Email
550956,1,Smith,58,Female,Germany,27743.37,Divorced,Salaried Employee,12/20/2020,Retail,0,Email
550961,1,Silva,34,Female,Spain,26187.51,Single,Freelancer,11/23/2017,Retail,1,Email
551096,5,Smith,72,Male,Spain,34852.06,Widowed,Self-Employed,2/11/2022,Senior,0,Phone Call
551344,2,Clay,44,Female,France,38171.16,Single,Salaried Employee,4/26/2024,Family,3,SMS
551365,1,Frank,38,Male,United Kingdom,58762.68,Married,Self-Employed,12/15/2022,Retail,1,SMS
551488,2,Hahn,44,Male,Germany,45014.35,Married,Self-Employed,1/2/2023,Family,1,Mobile App Push
551504,2,Mcdaniel,44,Female,United Kingdom,37035.26,Married,Unemployed,10/10/2017,Family,1,SMS
551524,2,Strickland,44,Female,Germany,60465.35,Married,Self-Employed,6/11/2024,Family,4,Phone Call
551533,3,Robles,20,Male,France,24488.83,Single,Student,6/1/2025,Student,0,Email
551574,1,Ortiz,52,Male,Germany,34579.59,Divorced,Self-Employed,12/5/2025,Retail,2,SMS
551607,1,Fry,55,Female,France,13081.89,Single,Freelancer,1/30/2026,Retail,0,Phone Call
551860,1,Burgess,47,Male,France,41163.01,Divorced,Salaried Employee,3/4/2025,Retail,0,Email
551914,2,Barker,32,Male,United States,45479.53,Married,Salaried Employee,11/30/2016,Family,2,Mobile App Push
551989,3,Walker,22,Male,France,13607.51,Single,Student,7/10/2017,Student,0,Email
552091,1,Perez,47,Female,France,29095.38,Married,Salaried Employee,2/7/2021,Retail,1,Email
552202,1,Phillips,36,Female,France,31856.57,Single,Salaried Employee,4/18/2018,Retail,0,Mobile App Push
552248,2,Conner,40,Male,Spain,31228.74,Married,Salaried Employee,2/19/2022,Family,1,Mobile App Push
552275,2,Davis,39,Female,France,58990.82,Divorced,Salaried Employee,1/16/2026,Family,4,Mobile App Push
552457,2,Livingston,33,Female,France,30947.53,Married,Salaried Employee,7/25/2025,Family,2,Email
552686,5,Smith,67,Male,United Kingdom,47367.54,Married,Retired,10/7/2025,Senior,0,Email
552760,5,Frazier,67,Male,France,35719.20,Single,Retired,9/21/2018,Senior,2,Mail
552825,3,Turner,23,Female,Spain,20148.60,Single,Student,11/20/2019,Student,0,SMS
552855,5,Lang,82,Female,France,13553.75,Widowed,Retired,5/5/2020,Senior,0,Phone Call
552917,4,Hawkins,54,Male,United States,175290.27,Married,Business Owner,6/1/2020,Premium,1,Mobile App Push
553014,1,Potter,37,Female,Spain,28868.86,Married,Business Owner,11/23/2024,Retail,0,SMS
553125,4,Ray,42,Male,Spain,79210.47,Married,Salaried Employee,2/19/2026,Premium,1,SMS
553214,1,Jackson,60,Male,Germany,33845.89,Single,Salaried Employee,1/31/2021,Retail,2,SMS
553633,4,Little,55,Female,United States,125360.06,Divorced,Salaried Employee,2/6/2026,Premium,1,Phone Call
553834,1,Robinson,38,Female,France,62593.60,Married,Self-Employed,5/31/2018,Retail,2,Email
553873,5,Garcia,79,Male,United Kingdom,45833.00,Widowed,Self-Employed,9/15/2019,Senior,1,SMS
554059,5,Holloway,62,Female,Spain,75907.02,Married,Retired,12/16/2021,Senior,0,Phone Call
554197,1,Gallegos,52,Male,France,52065.58,Single,Unemployed,2/20/2017,Retail,2,Mobile App Push
554582,1,Ford,61,Male,United Kingdom,27928.88,Married,Freelancer,3/3/2017,Retail,0,Mail
554730,2,White,39,Male,France,48787.30,Married,Business Owner,12/24/2021,Family,3,Mail
554779,2,Kelly,38,Male,Germany,30567.99,Married,Business Owner,2/4/2023,Family,2,Email
554987,4,Mcclure,55,Female,France,71565.27,Married,Salaried Employee,9/15/2019,Premium,0,Email
555052,2,Anderson,45,Female,United Kingdom,21318.78,Widowed,Salaried Employee,10/8/2018,Family,2,Phone Call
555251,1,Proctor,24,Female,France,36769.79,Married,Salaried Employee,1/6/2022,Retail,1,Email
555292,2,Morris,47,Female,United Kingdom,32622.58,Married,Salaried Employee,11/10/2020,Family,4,SMS
555342,2,Solis,39,Female,France,39235.19,Married,Salaried Employee,5/14/2019,Family,2,Email
555401,2,Simmons,45,Male,Germany,69978.63,Married,Salaried Employee,2/24/2020,Family,2,Mail
555589,1,Russell,48,Female,United States,49616.49,Married,Self-Employed,4/18/2026,Retail,0,Mail
555596,2,Brown,39,Female,Germany,33152.79,Married,Business Owner,6/26/2017,Family,1,Mobile App Push
555673,1,Davis,52,Male,France,32864.15,Single,Salaried Employee,10/16/2025,Retail,0,Mail
555786,2,Green,42,Male,France,29974.58,Single,Salaried Employee,4/15/2020,Family,2,Mail
555791,1,Hunter,45,Female,France,61704.09,Single,Salaried Employee,2/14/2019,Retail,0,SMS
555844,4,Mcknight,56,Female,France,68548.72,Married,Salaried Employee,5/12/2017,Premium,2,Mobile App Push
555851,1,Guzman,54,Female,France,29383.51,Divorced,Freelancer,6/29/2019,Retail,0,Mobile App Push
555884,2,Rivera,55,Female,United States,25242.37,Married,Self-Employed,3/28/2023,Family,1,Mobile App Push
556068,1,Jones,42,Female,France,32413.95,Divorced,Self-Employed,1/16/2019,Retail,2,SMS
556106,2,Merritt,38,Male,France,57263.87,Married,Salaried Employee,10/12/2018,Family,1,SMS
556112,1,Palmer,45,Male,Germany,37330.74,Married,Salaried Employee,4/10/2025,Retail,2,Mobile App Push
556329,1,Green,45,Female,France,32949.72,Divorced,Salaried Employee,10/22/2019,Retail,0,Phone Call
556379,1,Roman,51,Female,United States,33395.53,Married,Salaried Employee,11/4/2023,Retail,0,Phone Call
556501,4,Fox,43,Male,United Kingdom,83821.50,Divorced,Self-Employed,3/26/2019,Premium,1,Email
556526,2,Levy,36,Male,Germany,34854.35,Married,Salaried Employee,11/12/2019,Family,4,Email
556542,2,Morgan,44,Male,United Kingdom,37936.08,Married,Business Owner,9/16/2019,Family,2,Email
556641,2,Johnson,51,Female,United Kingdom,17742.47,Married,Salaried Employee,7/12/2025,Family,1,SMS
556732,4,Evans,54,Male,United Kingdom,68751.76,Single,Business Owner,10/27/2016,Premium,0,Mobile App Push
556839,2,Lee,37,Male,United Kingdom,59213.26,Married,Salaried Employee,8/29/2022,Family,3,Email
557007,2,Williams,41,Male,United Kingdom,29758.84,Single,Freelancer,2/15/2020,Family,1,Mail
557037,5,Martinez,67,Female,Spain,33195.48,Divorced,Business Owner,7/2/2020,Senior,0,Phone Call
557058,1,Schroeder,47,Male,Spain,56396.21,Married,Salaried Employee,8/14/2016,Retail,0,Phone Call
557239,5,Glass,76,Female,United States,30715.72,Widowed,Retired,1/30/2021,Senior,0,Email
557309,1,Sutton,52,Female,Germany,40979.03,Single,Salaried Employee,12/29/2023,Retail,2,Email
557409,1,Lyons,49,Male,United Kingdom,23321.40,Single,Salaried Employee,1/22/2021,Retail,2,Phone Call
557592,1,Dixon,37,Female,United Kingdom,30978.87,Single,Salaried Employee,4/11/2018,Retail,2,Mail
557925,3,Davis,22,Female,Germany,17579.44,Single,Student,4/12/2017,Student,0,SMS
557949,1,Yates,41,Male,Germany,25747.58,Married,Self-Employed,7/13/2023,Retail,2,Mobile App Push
558089,2,Harris,42,Male,Spain,48487.11,Married,Salaried Employee,1/14/2017,Family,2,Mobile App Push
558176,1,Herrera,54,Female,France,21985.67,Married,Salaried Employee,7/7/2025,Retail,3,Phone Call
558320,5,Adams,79,Male,France,40437.44,Widowed,Retired,7/17/2021,Senior,0,Phone Call
558339,1,May,46,Female,United States,37435.26,Single,Business Owner,7/6/2025,Retail,2,Mobile App Push
558723,2,Brooks,43,Male,France,37082.72,Married,Unemployed,8/4/2018,Family,2,Mobile App Push
558737,4,Contreras,64,Male,United Kingdom,112861.77,Single,Self-Employed,5/16/2017,Premium,1,Email
558752,1,Flores,48,Male,Spain,81629.94,Married,Salaried Employee,10/1/2016,Retail,3,SMS
558933,5,Murillo,75,Male,France,40295.81,Divorced,Retired,3/5/2018,Senior,0,Email
558936,2,Young,39,Female,United Kingdom,36813.99,Married,Unemployed,12/30/2025,Family,2,SMS
558976,5,Diaz,69,Male,Spain,18509.51,Married,Retired,2/27/2023,Senior,1,SMS
559022,2,Smith,48,Female,Germany,84262.00,Married,Salaried Employee,4/14/2021,Family,1,Phone Call
559023,2,Richardson,49,Female,United States,36673.01,Married,Salaried Employee,10/29/2024,Family,2,Mail
559259,1,Scott,30,Male,Germany,37919.83,Married,Salaried Employee,5/15/2020,Retail,2,Phone Call
559381,1,Ryan,53,Female,Spain,69231.71,Single,Salaried Employee,10/14/2016,Retail,0,Mobile App Push
559398,2,Anderson,36,Female,France,42751.68,Married,Salaried Employee,12/7/2025,Family,3,Mail
559447,3,Marks,23,Male,Germany,8883.09,Married,Student,7/21/2019,Student,0,SMS
559450,1,Wallace,25,Male,Germany,40795.14,Married,Salaried Employee,11/7/2019,Retail,1,Email
559457,3,Chavez,20,Female,France,23864.69,Single,Student,6/2/2025,Student,0,Email
559469,1,Young,48,Male,France,37263.26,Widowed,Business Owner,6/5/2021,Retail,0,Mobile App Push
559507,2,Huff,43,Female,France,35103.52,Married,Business Owner,4/15/2019,Family,2,Mobile App Push
559713,1,Davis,37,Male,France,50426.18,Single,Self-Employed,2/24/2022,Retail,0,Email
559753,5,Ortega,80,Female,United Kingdom,28716.29,Widowed,Retired,8/29/2025,Senior,0,Phone Call
559969,3,Malone,22,Male,France,12735.63,Single,Student,4/11/2024,Student,0,SMS
560030,1,Bowen,51,Female,France,25744.28,Single,Salaried Employee,3/17/2024,Retail,3,Mobile App Push
560285,5,Reed,65,Male,United Kingdom,71172.45,Divorced,Salaried Employee,12/26/2025,Senior,0,SMS
560295,3,Cook,21,Male,France,15056.42,Single,Student,1/14/2017,Student,0,Email
560398,5,Farley,75,Female,Germany,19125.85,Divorced,Retired,9/24/2021,Senior,2,Phone Call
560485,3,Maynard,21,Female,United States,20642.99,Single,Unemployed,9/29/2024,Student,0,Mail
560623,5,Cisneros,79,Male,United States,13087.68,Married,Retired,1/11/2026,Senior,0,Phone Call
560767,3,Arroyo,23,Female,Spain,25102.47,Single,Student,10/25/2025,Student,0,Email
560905,1,Chambers,46,Female,United States,49175.41,Married,Self-Employed,7/23/2017,Retail,0,Email
560959,1,Gonzales,24,Female,France,30700.13,Married,Self-Employed,2/16/2022,Retail,1,SMS
561097,4,Evans,43,Female,Germany,143407.76,Divorced,Business Owner,12/11/2024,Premium,0,Email
561101,2,Brown,38,Female,France,41171.21,Married,Salaried Employee,6/3/2024,Family,4,Phone Call
561124,1,Shaffer,31,Male,United Kingdom,46706.29,Widowed,Salaried Employee,2/2/2018,Retail,0,Mobile App Push
561239,4,Little,32,Male,Spain,82279.17,Married,Self-Employed,11/13/2025,Premium,2,Mail
561267,1,King,51,Female,Germany,59958.84,Divorced,Unemployed,8/27/2022,Retail,0,Email
561477,1,Sanchez,44,Female,United States,31744.41,Married,Self-Employed,9/22/2025,Retail,1,SMS
561567,2,Vance,50,Male,Germany,38880.33,Divorced,Unemployed,7/11/2022,Family,2,Phone Call
561607,1,Lee,37,Male,France,49068.59,Married,Salaried Employee,12/19/2019,Retail,0,Email
561694,2,Rivera,33,Female,United Kingdom,43524.39,Single,Salaried Employee,11/20/2024,Family,3,Mail
561859,1,Hopkins,37,Female,Spain,31062.25,Married,Freelancer,3/8/2025,Retail,0,Email
561865,4,Smith,43,Male,France,89217.83,Married,Business Owner,8/29/2017,Premium,0,Mobile App Push
561976,2,Johnston,36,Male,Germany,40586.73,Divorced,Salaried Employee,6/21/2022,Family,0,Email
561999,2,Johnston,36,Male,United Kingdom,50732.39,Single,Self-Employed,6/29/2023,Family,3,Mobile App Push
562094,1,Hernandez,59,Female,United Kingdom,44200.38,Single,Salaried Employee,2/8/2024,Retail,1,Email
562236,2,Collins,39,Female,France,74193.64,Married,Business Owner,3/8/2018,Family,1,Mobile App Push
562462,1,Jones,34,Male,United States,32518.28,Married,Self-Employed,7/16/2026,Retail,0,Mobile App Push
562543,2,Wells,55,Female,Germany,45940.24,Married,Business Owner,3/25/2020,Family,1,Email
562721,1,Walker,48,Female,France,35603.46,Married,Salaried Employee,10/5/2024,Retail,0,Mail
562806,1,Vasquez,24,Male,France,15837.02,Single,Salaried Employee,2/19/2022,Retail,1,Phone Call
563031,5,Kim,75,Female,Germany,14650.76,Widowed,Retired,6/4/2022,Senior,0,Email
563173,2,Blackburn,36,Male,France,41195.61,Married,Freelancer,6/18/2022,Family,2,Mobile App Push
563187,2,Williams,40,Male,France,53287.21,Single,Salaried Employee,12/20/2018,Family,2,Mobile App Push
563246,5,Harrison,65,Female,France,18328.34,Married,Business Owner,9/5/2024,Senior,0,Phone Call
563298,2,Levine,45,Female,France,30691.37,Single,Business Owner,1/14/2022,Family,1,Email
563303,5,Anderson,88,Female,Germany,43032.20,Married,Retired,1/13/2017,Senior,0,Email
563324,2,Roy,48,Male,United States,55161.12,Divorced,Freelancer,12/20/2018,Family,4,Email
563339,4,Leon,32,Female,France,297132.79,Married,Business Owner,9/25/2019,Premium,2,Email
563513,3,Turner,21,Female,France,11482.18,Married,Student,3/7/2023,Student,0,Mobile App Push
563516,1,Johnson,48,Male,United States,66549.35,Single,Salaried Employee,12/5/2024,Retail,1,Mobile App Push
563638,1,Richardson,39,Female,France,20781.63,Single,Salaried Employee,12/11/2024,Retail,0,Mail
563688,2,Le,46,Male,France,28847.78,Married,Salaried Employee,10/6/2021,Family,3,Mobile App Push
563690,1,Cook,44,Male,United Kingdom,44642.12,Married,Freelancer,3/6/2022,Retail,0,Mobile App Push
563711,3,Davis,23,Female,United States,14994.06,Single,Student,5/25/2025,Student,0,Email
563864,1,Thomas,31,Female,Spain,21275.49,Married,Business Owner,6/11/2017,Retail,0,Phone Call
563873,3,Cervantes,20,Male,France,34380.08,Single,Freelancer,4/15/2022,Student,0,Email
564071,5,Walsh,74,Female,France,30368.63,Single,Retired,5/6/2017,Senior,0,Phone Call
564226,4,Gonzales,53,Male,Spain,65720.05,Married,Business Owner,9/5/2023,Premium,0,Mail
564276,1,Carter,32,Male,France,44014.05,Single,Salaried Employee,10/25/2024,Retail,0,Mobile App Push
564478,2,Mckenzie,35,Male,France,54944.59,Married,Business Owner,11/8/2020,Family,2,Email
564523,1,Clark,36,Male,France,30984.00,Single,Freelancer,11/7/2024,Retail,2,Phone Call
564531,1,Turner,31,Female,United States,21290.75,Married,Unemployed,10/31/2016,Retail,2,Phone Call
564586,2,Cruz,43,Female,France,17078.04,Married,Freelancer,2/28/2018,Family,4,Mobile App Push
564635,1,Shannon,51,Female,Germany,40691.77,Single,Salaried Employee,11/18/2016,Retail,0,Email
564637,4,Love,41,Male,France,82843.67,Single,Business Owner,3/20/2020,Premium,1,Mail
564656,1,Perez,46,Male,France,16226.07,Married,Unemployed,7/2/2024,Retail,0,Mobile App Push
564687,3,Ingram,23,Female,United Kingdom,21956.86,Single,Unemployed,11/8/2021,Student,0,SMS
564920,5,Mills,74,Female,France,29629.66,Single,Business Owner,3/23/2019,Senior,0,Mobile App Push
564971,1,Mcdonald,61,Female,Germany,23553.36,Single,Self-Employed,9/21/2023,Retail,0,SMS
565108,4,Morris,60,Male,Germany,220232.84,Single,Business Owner,7/16/2023,Premium,0,SMS
565198,1,Hodge,40,Female,United States,29278.33,Single,Salaried Employee,7/1/2026,Retail,3,Mobile App Push
565230,4,Brooks,51,Female,Germany,85418.91,Divorced,Business Owner,3/14/2026,Premium,1,Email
565330,2,Brown,33,Male,United Kingdom,38498.34,Married,Freelancer,10/12/2023,Family,2,Email
565412,4,Riddle,32,Female,France,139373.24,Married,Self-Employed,2/16/2018,Premium,1,Phone Call
565471,2,Alexander,44,Female,United States,52971.90,Married,Self-Employed,10/14/2019,Family,2,Phone Call
565504,2,Ford,34,Female,Germany,61560.02,Married,Freelancer,7/8/2022,Family,1,Mobile App Push
565765,1,Bradley,42,Male,Germany,73516.18,Married,Business Owner,11/6/2016,Retail,2,SMS
565776,2,Howe,51,Male,Germany,20806.82,Married,Salaried Employee,4/2/2024,Family,2,Email
565897,1,Farmer,50,Female,Germany,33624.79,Married,Salaried Employee,4/28/2022,Retail,2,Mobile App Push
566297,2,Warner,38,Female,Spain,38579.07,Married,Salaried Employee,8/11/2018,Family,2,Mail
566339,5,Morrison,81,Male,Germany,19429.69,Married,Retired,11/22/2022,Senior,1,Mobile App Push
566428,1,Mason,49,Female,Germany,26023.68,Married,Salaried Employee,11/26/2021,Retail,0,Email
566453,1,Gibbs,26,Male,France,57596.29,Single,Salaried Employee,12/12/2020,Retail,0,Email
566509,1,Hull,37,Female,France,49437.79,Married,Salaried Employee,8/24/2021,Retail,0,SMS
566686,1,Wilson,62,Male,Germany,44205.32,Single,Freelancer,2/10/2022,Retail,0,Mail
566732,1,Hicks,47,Female,France,40400.95,Single,Salaried Employee,5/23/2018,Retail,0,SMS
566843,1,Morrow,44,Female,United States,47546.75,Single,Salaried Employee,4/5/2022,Retail,2,Mobile App Push
566991,2,Leon,47,Female,Germany,64422.28,Married,Salaried Employee,8/7/2016,Family,3,Mobile App Push
567122,1,Yates,49,Male,France,32480.18,Married,Salaried Employee,3/3/2023,Retail,0,Phone Call
567200,1,Duarte,58,Male,United States,28235.64,Married,Freelancer,9/24/2019,Retail,2,Email
567262,2,Underwood,41,Female,United Kingdom,20065.94,Married,Unemployed,11/23/2024,Family,1,Phone Call
567315,1,Weaver,58,Male,Germany,16205.15,Married,Salaried Employee,1/12/2018,Retail,2,Email
567429,2,Jenkins,38,Female,Spain,36715.72,Single,Salaried Employee,6/26/2021,Family,1,SMS
567432,2,Barrera,35,Female,Germany,37959.14,Married,Salaried Employee,3/10/2019,Family,1,Email
567493,2,Mueller,36,Female,United Kingdom,39657.66,Married,Self-Employed,3/2/2017,Family,0,Email
567541,1,Evans,41,Female,France,31942.66,Married,Salaried Employee,10/17/2024,Retail,2,Phone Call
567574,2,Rush,29,Male,France,46848.62,Married,Salaried Employee,5/21/2023,Family,2,Email
567576,5,Owens,69,Male,United Kingdom,13249.45,Widowed,Retired,6/19/2017,Senior,0,SMS
567604,5,Perez,61,Female,France,29993.36,Widowed,Retired,11/29/2018,Senior,0,Phone Call
567676,5,Harris,79,Female,France,35971.98,Single,Retired,7/24/2017,Senior,0,Email
567773,4,Owens,45,Female,Spain,99101.24,Married,Freelancer,8/28/2019,Premium,0,SMS
567896,1,Tyler,56,Female,Spain,67973.83,Divorced,Salaried Employee,4/6/2017,Retail,0,SMS
567935,1,Sullivan,46,Female,France,68591.99,Single,Salaried Employee,2/3/2025,Retail,1,Phone Call
567951,2,Flores,43,Female,France,60683.53,Married,Salaried Employee,7/15/2020,Family,4,Phone Call
568127,1,Roberts,38,Female,Germany,63322.37,Single,Salaried Employee,2/19/2022,Retail,1,Mobile App Push
568238,1,Allen,24,Male,France,26368.62,Single,Salaried Employee,11/22/2021,Retail,0,SMS
568288,3,Barker,21,Male,France,22660.35,Single,Student,8/29/2022,Student,0,Mail
568325,2,Johnson,48,Male,Spain,21470.21,Married,Salaried Employee,9/18/2025,Family,1,SMS
568349,1,Chandler,48,Female,United States,31010.00,Single,Salaried Employee,12/19/2023,Retail,2,Mobile App Push
568436,4,Allen,37,Male,Germany,89938.35,Married,Salaried Employee,6/25/2024,Premium,1,Email
568449,4,Smith,63,Female,France,198963.70,Married,Business Owner,3/5/2021,Premium,2,Email
568640,2,Davenport,44,Male,France,46196.55,Married,Salaried Employee,7/5/2020,Family,1,Email
568784,2,Williams,41,Male,Spain,45458.18,Widowed,Self-Employed,1/20/2021,Family,1,SMS
568849,3,Smith,21,Male,Spain,8000.00,Single,Student,1/5/2019,Student,0,Mobile App Push
568881,2,Chaney,30,Female,France,41003.90,Married,Salaried Employee,3/25/2019,Family,1,SMS
569237,2,Shepherd,43,Male,Spain,54113.46,Divorced,Salaried Employee,5/13/2025,Family,2,Email
569865,4,Daniel,50,Female,France,187219.61,Widowed,Self-Employed,12/8/2024,Premium,0,Phone Call
569945,1,Crawford,29,Female,United Kingdom,16826.55,Married,Freelancer,9/21/2021,Retail,0,Email
570050,2,Harrington,34,Female,France,62572.59,Married,Self-Employed,3/1/2021,Family,4,Mobile App Push
570325,2,Austin,35,Female,France,42311.05,Married,Salaried Employee,9/14/2024,Family,4,Email
570392,2,Prince,48,Male,France,30740.16,Single,Self-Employed,2/10/2018,Family,2,Mobile App Push
570405,3,Williams,21,Male,France,10852.24,Single,Student,6/9/2018,Student,0,SMS
570616,2,Pittman,33,Female,Spain,36529.17,Married,Business Owner,9/22/2018,Family,4,Email
570622,4,Smith,35,Female,France,68028.28,Single,Self-Employed,4/18/2024,Premium,2,SMS
570646,1,Lopez,54,Female,Germany,29661.77,Single,Salaried Employee,6/24/2021,Retail,0,Mobile App Push
570711,1,Austin,36,Male,France,51333.99,Married,Salaried Employee,4/22/2021,Retail,1,Mobile App Push
570735,1,Walker,32,Male,Germany,33185.25,Married,Salaried Employee,8/7/2019,Retail,0,Phone Call
570852,1,Sanders,38,Male,United States,67638.73,Married,Self-Employed,7/5/2026,Retail,1,Mobile App Push
570880,1,Scott,57,Male,France,35656.50,Married,Salaried Employee,11/11/2023,Retail,1,SMS
570988,2,Dodson,34,Male,France,52236.60,Single,Salaried Employee,2/13/2024,Family,1,Email
571023,4,Nash,59,Female,United Kingdom,263257.01,Single,Self-Employed,12/4/2018,Premium,0,SMS
571029,1,Parsons,42,Male,Spain,77320.28,Single,Salaried Employee,1/8/2025,Retail,0,Email
571132,1,Green,33,Female,Germany,17617.84,Married,Salaried Employee,7/19/2021,Retail,0,Email
571145,5,Huerta,86,Female,United Kingdom,26481.66,Widowed,Self-Employed,8/23/2019,Senior,0,Mail
571213,1,Schneider,54,Female,Germany,26325.61,Single,Salaried Employee,7/26/2023,Retail,1,SMS
571228,1,Murphy,53,Male,United Kingdom,88184.78,Single,Salaried Employee,3/19/2022,Retail,1,Email
571404,2,Roberts,55,Female,Germany,60889.14,Single,Salaried Employee,1/26/2020,Family,1,Mobile App Push
571413,2,Walker,34,Female,Spain,31146.16,Married,Self-Employed,11/8/2022,Family,1,Phone Call
571435,1,Williams,35,Male,Germany,34511.81,Single,Salaried Employee,4/19/2023,Retail,2,Email
571578,2,Lynch,44,Female,Germany,52542.13,Married,Unemployed,11/16/2021,Family,1,Email
571579,4,Brown,58,Female,Spain,118688.08,Single,Business Owner,8/16/2017,Premium,1,Phone Call
571635,2,Boyd,45,Male,Spain,90596.08,Married,Salaried Employee,2/10/2022,Family,2,SMS
571706,4,Mcneil,39,Male,Germany,118802.56,Married,Business Owner,10/15/2023,Premium,0,Mail
571778,3,Bates,22,Female,Germany,19131.98,Single,Student,12/15/2018,Student,0,Mail
571832,4,Adams,52,Female,France,74341.80,Married,Salaried Employee,12/11/2019,Premium,3,Email
571907,5,Ramos,78,Male,France,15301.02,Widowed,Self-Employed,7/16/2019,Senior,0,Phone Call
571923,2,Campos,40,Male,United Kingdom,70012.91,Married,Salaried Employee,3/3/2020,Family,1,Mobile App Push
571932,1,Wilson,36,Male,Germany,39836.74,Single,Salaried Employee,2/2/2019,Retail,0,Email
572161,2,Brown,46,Male,France,40606.82,Married,Salaried Employee,11/29/2024,Family,2,Phone Call
572230,4,Mendoza,32,Female,Germany,139964.57,Married,Salaried Employee,9/23/2017,Premium,0,Email
572298,2,Bray,48,Male,Germany,36086.53,Widowed,Freelancer,3/3/2023,Family,2,Phone Call
572387,2,Nixon,49,Male,Germany,73760.56,Married,Salaried Employee,10/2/2020,Family,1,SMS
572388,5,Schultz,80,Male,Germany,22055.43,Widowed,Retired,6/14/2026,Senior,0,Mobile App Push
572398,5,Murray,76,Female,Germany,33196.63,Married,Retired,2/15/2026,Senior,1,Phone Call
572407,2,Proctor,55,Male,United Kingdom,63406.14,Married,Self-Employed,5/10/2021,Family,2,Email
572436,2,Miller,53,Male,France,41587.16,Married,Business Owner,3/8/2020,Family,0,Email
572536,1,Fernandez,50,Male,United Kingdom,51310.95,Married,Self-Employed,11/9/2023,Retail,2,Email
572623,1,Gray,42,Male,Germany,51819.73,Single,Self-Employed,3/9/2018,Retail,0,Mobile App Push
572700,1,Yang,36,Female,Spain,32002.54,Single,Salaried Employee,1/29/2017,Retail,3,SMS
572788,1,Barnes,26,Female,Germany,50734.63,Married,Salaried Employee,12/15/2017,Retail,2,Mobile App Push
572908,5,Mills,78,Female,Spain,43944.33,Married,Retired,7/19/2023,Senior,0,Phone Call
573039,1,Thomas,40,Female,France,74872.55,Married,Salaried Employee,6/2/2021,Retail,3,SMS
573041,2,Wilkins,44,Female,Spain,44419.80,Married,Business Owner,4/13/2025,Family,2,Mobile App Push
573209,1,Walter,55,Male,France,24770.61,Divorced,Freelancer,8/5/2025,Retail,0,Mail
573417,5,Harrington,66,Male,France,38535.49,Married,Retired,2/4/2023,Senior,1,Email
573489,1,Rivera,61,Male,Germany,39839.39,Single,Self-Employed,2/22/2019,Retail,0,Mail
573546,2,Mosley,44,Male,United Kingdom,32140.61,Divorced,Self-Employed,4/15/2022,Family,2,SMS
573639,3,Navarro,22,Male,United States,15943.17,Single,Student,10/9/2016,Student,0,Email
573858,3,Johnston,21,Male,Spain,13526.43,Widowed,Unemployed,12/29/2025,Student,0,Mobile App Push
573866,2,Thompson,55,Female,United Kingdom,49621.68,Married,Salaried Employee,2/1/2023,Family,4,Mobile App Push
573869,1,Thompson,37,Male,France,50018.46,Married,Salaried Employee,12/8/2019,Retail,1,SMS
573933,2,Davenport,41,Male,Spain,34757.55,Divorced,Unemployed,4/8/2017,Family,2,Mail
573947,2,Garcia,35,Male,Spain,44288.25,Single,Self-Employed,9/5/2025,Family,1,Mail
573962,2,Porter,34,Female,Germany,56464.51,Married,Salaried Employee,12/9/2017,Family,3,Mail
574001,1,Perry,49,Male,United States,22013.04,Married,Salaried Employee,1/7/2023,Retail,1,Phone Call
574012,1,Walsh,34,Male,France,39558.86,Married,Salaried Employee,6/8/2020,Retail,0,SMS
574167,1,Donaldson,30,Female,France,58670.07,Married,Salaried Employee,2/22/2021,Retail,1,Email
574379,3,Gibson,22,Female,United Kingdom,9989.06,Single,Student,3/14/2023,Student,0,Mobile App Push
574386,2,Nicholson,34,Male,United Kingdom,43941.61,Divorced,Self-Employed,1/6/2021,Family,2,Phone Call
574419,2,Vaughn,40,Female,United Kingdom,30125.65,Married,Business Owner,8/30/2017,Family,2,SMS
574425,5,Huynh,73,Male,Germany,22799.37,Married,Retired,11/15/2020,Senior,1,Email
574514,2,Oneal,43,Male,Germany,67597.49,Married,Salaried Employee,11/13/2022,Family,1,Email
574579,1,Elliott,38,Female,United States,24383.94,Divorced,Salaried Employee,11/17/2022,Retail,1,SMS
574751,5,Carter,78,Male,France,39322.74,Married,Business Owner,10/26/2020,Senior,0,Email
574760,1,Dougherty,58,Male,Spain,46407.66,Married,Freelancer,11/6/2016,Retail,0,SMS
574843,2,Gonzalez,40,Male,United States,47852.52,Married,Salaried Employee,1/27/2021,Family,0,Email
574978,2,Carroll,46,Male,United States,38477.51,Divorced,Salaried Employee,7/26/2025,Family,2,Phone Call
575159,2,Allen,41,Male,France,45727.85,Married,Self-Employed,11/1/2019,Family,1,Mobile App Push
575301,1,Walsh,48,Male,France,45399.43,Married,Salaried Employee,6/13/2024,Retail,0,Mail
575394,4,Wall,63,Female,United States,201276.02,Divorced,Salaried Employee,5/2/2021,Premium,1,Mobile App Push
575435,3,Mueller,21,Female,United States,20127.45,Single,Student,4/27/2021,Student,0,SMS
575458,1,Mccarthy,62,Male,France,31688.58,Married,Freelancer,3/13/2019,Retail,0,Phone Call
575470,5,Allen,81,Female,United Kingdom,28757.92,Widowed,Retired,6/24/2023,Senior,1,Email
575497,2,Hodges,30,Female,United Kingdom,41527.04,Divorced,Business Owner,3/21/2021,Family,1,Email
575528,1,Armstrong,28,Male,United Kingdom,19411.32,Divorced,Freelancer,7/1/2021,Retail,0,Mobile App Push
575575,5,Copeland,61,Female,Spain,18027.74,Divorced,Retired,12/19/2017,Senior,1,Phone Call
575679,1,Valenzuela,49,Male,United Kingdom,38153.89,Single,Salaried Employee,1/9/2020,Retail,0,Mobile App Push
575682,1,Freeman,40,Male,Germany,33071.82,Single,Salaried Employee,10/13/2018,Retail,0,Email
575718,2,Olson,50,Female,United States,16563.38,Married,Self-Employed,4/29/2020,Family,1,Email
575755,2,House,38,Male,United States,67483.72,Married,Salaried Employee,3/29/2023,Family,2,Email
575763,1,Evans,36,Male,Germany,28375.09,Single,Salaried Employee,10/17/2023,Retail,0,Email
575779,1,Miller,40,Female,United States,40470.55,Married,Salaried Employee,8/7/2016,Retail,0,Mobile App Push
575786,4,Wagner,68,Female,United Kingdom,188192.25,Married,Self-Employed,9/7/2016,Premium,3,Email
576086,5,Moore,76,Male,France,50170.96,Married,Salaried Employee,4/5/2018,Senior,0,Mail
576089,2,Berg,45,Male,Germany,46974.40,Married,Salaried Employee,5/31/2019,Family,2,SMS
576136,1,Brown,37,Female,France,67091.33,Divorced,Salaried Employee,4/28/2021,Retail,0,Mail
576419,2,Ray,48,Female,Germany,47750.29,Married,Freelancer,3/22/2025,Family,3,Phone Call
576467,3,Koch,21,Male,United Kingdom,11567.65,Single,Student,3/15/2019,Student,0,Email
576535,1,Kelley,27,Male,Spain,37168.47,Single,Freelancer,12/31/2016,Retail,2,Phone Call
576728,4,Oneal,52,Female,United States,194323.35,Married,Salaried Employee,7/1/2024,Premium,0,Email
576769,1,Villegas,41,Female,United States,58450.86,Single,Business Owner,5/4/2022,Retail,0,Email
576782,1,Pena,57,Female,France,48631.76,Single,Salaried Employee,9/19/2025,Retail,0,Mobile App Push
576786,1,Jackson,39,Male,Germany,19949.92,Married,Self-Employed,6/6/2022,Retail,1,Mobile App Push
576805,1,Jackson,45,Female,United States,70793.55,Single,Business Owner,3/25/2023,Retail,1,SMS
576849,1,Peterson,33,Female,France,32668.33,Married,Self-Employed,2/9/2020,Retail,1,Mobile App Push
576877,4,Bruce,57,Male,United States,148959.41,Married,Business Owner,9/1/2021,Premium,2,SMS
576919,1,Frazier,35,Female,France,48274.01,Single,Salaried Employee,9/11/2018,Retail,0,Mail
576935,2,Henry,28,Male,France,61528.30,Married,Salaried Employee,9/2/2019,Family,2,Mobile App Push
577079,2,Vaughan,35,Male,France,22843.93,Divorced,Salaried Employee,11/3/2018,Family,3,Email
577092,4,Walker,68,Female,United States,160614.28,Divorced,Business Owner,2/9/2024,Premium,3,Phone Call
577110,2,Johnston,39,Male,Spain,50850.07,Single,Self-Employed,12/14/2024,Family,4,SMS
577309,2,Beltran,38,Female,Germany,47793.97,Married,Self-Employed,1/5/2019,Family,1,Mobile App Push
577450,3,Lyons,23,Male,France,16253.89,Single,Student,5/22/2019,Student,0,Email
577456,5,Hudson,73,Female,France,76234.98,Married,Retired,3/21/2023,Senior,1,Mail
577461,1,Salazar,24,Male,United Kingdom,39722.31,Married,Salaried Employee,7/12/2018,Retail,0,Mobile App Push
577463,2,Graham,50,Female,France,45485.62,Married,Business Owner,4/10/2022,Family,3,Email
577538,4,Butler,55,Male,United States,88971.11,Single,Business Owner,12/31/2018,Premium,1,SMS
577714,1,Walton,42,Female,United Kingdom,49700.31,Single,Freelancer,4/23/2022,Retail,1,Mobile App Push
578073,4,Freeman,54,Male,United Kingdom,114308.96,Single,Self-Employed,1/19/2026,Premium,0,Mobile App Push
578160,2,Carey,40,Female,Spain,30137.22,Married,Business Owner,9/21/2024,Family,1,SMS
578180,1,Whitehead,50,Male,France,29470.24,Single,Salaried Employee,5/8/2018,Retail,1,Phone Call
578344,1,Norman,38,Male,United States,26557.13,Single,Freelancer,4/22/2020,Retail,0,SMS
578368,5,Baldwin,70,Male,United Kingdom,14879.99,Married,Self-Employed,3/25/2019,Senior,0,Phone Call
578621,9,Cruz,54,Male,Germany,16185.11,Married,Salaried Employee,12/10/2024,Unknown,2,Phone Call
578634,2,Miller,40,Male,Germany,30564.42,Married,Self-Employed,11/13/2023,Family,4,Mail
578693,2,Perkins,51,Female,Spain,71359.47,Married,Unemployed,4/13/2019,Family,3,Mobile App Push
578715,2,Stephenson,42,Female,Germany,56191.45,Married,Self-Employed,5/14/2022,Family,4,Email
578720,2,Davis,46,Male,France,30240.11,Married,Salaried Employee,6/10/2025,Family,1,Email
578933,2,Dixon,42,Female,Spain,39640.79,Single,Unemployed,12/6/2016,Family,1,Mobile App Push
578938,1,Hill,44,Female,Spain,38344.17,Married,Freelancer,2/9/2026,Retail,0,Mobile App Push
578975,5,Berry,74,Male,France,26124.51,Widowed,Retired,8/15/2017,Senior,0,Mail
578987,4,Vasquez,39,Female,France,76592.00,Married,Business Owner,6/12/2021,Premium,1,Mobile App Push
579027,2,Sanders,43,Female,Germany,35669.13,Married,Self-Employed,9/5/2019,Family,0,Mobile App Push
579094,1,Wheeler,39,Female,Germany,104125.63,Married,Unemployed,10/29/2016,Retail,1,Mobile App Push
579123,5,Foster,77,Male,France,34332.67,Widowed,Retired,10/23/2024,Senior,0,Mail
579187,4,Arellano,43,Female,United States,168859.48,Single,Self-Employed,8/6/2021,Premium,2,Email
579247,2,Wilson,41,Male,United States,42544.47,Single,Freelancer,3/6/2020,Family,1,Email
579318,1,Hall,47,Male,France,46392.67,Divorced,Unemployed,11/26/2018,Retail,2,Mobile App Push
579404,2,Norris,54,Female,France,44632.39,Married,Self-Employed,3/21/2022,Family,1,Mobile App Push
579434,5,Bright,76,Female,France,50184.09,Widowed,Retired,10/21/2025,Senior,0,Mail
579441,2,Burns,43,Female,United Kingdom,40453.70,Single,Unemployed,1/3/2025,Family,3,SMS
579536,2,Price,34,Male,Germany,50579.26,Married,Salaried Employee,1/22/2026,Family,0,Mobile App Push
579605,5,Walton,84,Male,United States,15057.04,Married,Business Owner,12/28/2019,Senior,0,Phone Call
579770,4,Davis,57,Female,United States,82536.39,Married,Self-Employed,10/24/2020,Premium,2,Mobile App Push
579776,1,Mooney,60,Female,Germany,26704.83,Married,Business Owner,5/17/2023,Retail,1,Phone Call
579798,5,May,78,Male,Germany,41232.36,Widowed,Retired,7/25/2017,Senior,0,SMS
579911,1,Warren,51,Female,France,53966.56,Single,Salaried Employee,11/12/2021,Retail,0,Mobile App Push
579975,1,Thomas,51,Female,France,35209.29,Married,Salaried Employee,5/16/2018,Retail,1,SMS
580101,2,Davis,40,Female,France,46679.62,Married,Salaried Employee,8/11/2025,Family,4,Phone Call
580102,3,Howard,21,Female,United Kingdom,18134.56,Single,Student,2/16/2018,Student,0,Email
580115,2,Sellers,40,Male,France,27262.27,Married,Freelancer,3/24/2019,Family,4,Email
580233,4,Henderson,50,Female,United Kingdom,91777.50,Married,Business Owner,9/14/2019,Premium,0,Email
580292,3,Hill,25,Female,Germany,19362.70,Single,Student,3/20/2024,Student,0,Phone Call
580412,1,Watson,38,Female,France,15580.50,Single,Salaried Employee,9/29/2022,Retail,1,Mobile App Push
580547,2,Flynn,55,Male,United Kingdom,80598.32,Divorced,Salaried Employee,1/20/2017,Family,1,SMS
580636,2,Todd,34,Male,United States,39988.70,Married,Salaried Employee,6/25/2024,Family,1,Mail
580718,5,West,64,Female,United States,32399.43,Divorced,Retired,7/18/2025,Senior,2,Phone Call
580728,4,Miller,38,Female,Germany,193370.95,Single,Salaried Employee,7/23/2019,Premium,2,Email
580854,1,Hale,46,Female,United Kingdom,48108.77,Married,Self-Employed,2/8/2020,Retail,0,Mobile App Push
580921,5,Wade,61,Female,France,25545.60,Married,Retired,11/25/2023,Senior,1,Email
581003,2,Lopez,37,Male,Germany,90436.59,Married,Salaried Employee,9/26/2021,Family,3,SMS
581137,1,Murphy,50,Male,France,51296.81,Single,Salaried Employee,5/29/2026,Retail,1,Mail
581141,3,Wilson,22,Male,United Kingdom,18132.92,Single,Freelancer,8/12/2017,Student,0,SMS
581206,1,Wilcox,38,Female,United Kingdom,16981.50,Single,Self-Employed,1/19/2019,Retail,0,Email
581294,1,Bauer,31,Male,Germany,39447.52,Married,Salaried Employee,12/6/2019,Retail,0,SMS
581395,2,Caldwell,31,Male,France,44034.50,Divorced,Salaried Employee,5/15/2024,Family,1,SMS
581532,3,Ray,20,Female,France,8830.76,Single,Student,2/22/2022,Student,0,Email
581592,1,Johnson,32,Female,Spain,38865.54,Single,Salaried Employee,8/26/2017,Retail,0,SMS
581682,1,Lopez,47,Female,United States,38717.57,Divorced,Salaried Employee,11/1/2019,Retail,1,Email
581741,1,Ryan,43,Female,France,32361.92,Single,Salaried Employee,3/21/2024,Retail,3,Mobile App Push
581894,1,Bennett,36,Female,Germany,50955.52,Single,Unemployed,4/18/2018,Retail,0,Mail
581906,2,Osborne,28,Male,United States,41219.53,Married,Salaried Employee,5/20/2026,Family,2,Email
581966,2,Clark,42,Female,Spain,42045.78,Single,Self-Employed,4/12/2022,Family,2,Email
581992,1,Avila,44,Female,France,22844.89,Divorced,Salaried Employee,2/8/2022,Retail,0,Mail
582071,3,Cooper,20,Female,Germany,8474.92,Single,Student,1/17/2017,Student,0,SMS
582087,2,Morgan,45,Male,Germany,47022.14,Married,Salaried Employee,8/7/2020,Family,2,Phone Call
582418,3,Jones,24,Male,Germany,20350.95,Single,Student,7/22/2026,Student,0,Email
582446,2,Smith,38,Female,United States,29549.68,Married,Salaried Employee,12/27/2018,Family,2,Mobile App Push
582662,1,Smith,24,Male,United States,81693.27,Married,Unemployed,12/29/2019,Retail,2,Mail
582732,4,Higgins,35,Female,Germany,172458.04,Married,Self-Employed,3/17/2017,Premium,0,Mobile App Push
582992,1,Cohen,38,Male,France,52412.46,Divorced,Salaried Employee,5/23/2026,Retail,0,Mail
583000,1,Dickson,54,Male,United States,28307.14,Married,Freelancer,12/10/2022,Retail,2,Email
583100,5,Morrison,75,Female,United States,37562.41,Married,Retired,11/28/2025,Senior,2,Phone Call
583214,1,Harris,27,Female,France,46656.89,Single,Salaried Employee,12/14/2022,Retail,3,Email
583220,2,Christensen,49,Male,Germany,43223.07,Married,Salaried Employee,11/19/2018,Family,3,Mobile App Push
583367,1,Clark,52,Female,Spain,46728.30,Single,Business Owner,9/23/2020,Retail,0,Email
583388,3,Long,22,Female,Germany,8000.00,Single,Student,2/24/2024,Student,0,Mail
583507,1,Kennedy,31,Male,United Kingdom,97497.38,Widowed,Salaried Employee,10/11/2017,Retail,1,Email
583550,1,Singleton,28,Female,Germany,80740.86,Single,Self-Employed,1/5/2017,Retail,0,Email
583646,2,Smith,38,Female,Spain,28923.40,Single,Salaried Employee,9/15/2023,Family,0,Email
583671,2,Frederick,55,Female,Germany,32869.14,Married,Salaried Employee,5/25/2025,Family,0,SMS
583757,1,Matthews,36,Female,United States,45073.71,Single,Salaried Employee,12/9/2019,Retail,0,Mobile App Push
583863,5,Lynch,82,Male,Germany,28549.39,Married,Retired,2/16/2021,Senior,0,Phone Call
584045,1,Johnson,48,Female,United States,36223.95,Single,Salaried Employee,6/24/2019,Retail,1,Email
584106,3,Larson,23,Male,France,15109.02,Single,Student,2/9/2025,Student,0,Email
584125,2,Nunez,37,Male,Germany,30129.40,Single,Salaried Employee,4/11/2020,Family,1,SMS
584172,2,Johnston,41,Male,United Kingdom,53612.03,Married,Salaried Employee,8/1/2018,Family,2,Email
584417,1,Jenkins,57,Female,Germany,35340.71,Married,Salaried Employee,2/8/2018,Retail,0,SMS
584487,5,Roberts,68,Male,Germany,36400.22,Married,Business Owner,8/19/2019,Senior,0,Phone Call
584498,1,Love,45,Female,Germany,30534.95,Single,Salaried Employee,5/13/2020,Retail,0,Email
584714,4,Cowan,38,Male,United States,107932.81,Divorced,Self-Employed,3/3/2026,Premium,1,Email
584838,1,Hicks,40,Female,France,53030.34,Married,Salaried Employee,4/11/2018,Retail,2,Email
584935,1,Holland,41,Female,France,29359.90,Single,Unemployed,5/9/2016,Retail,2,Email
585100,1,Torres,54,Male,France,32173.51,Divorced,Freelancer,3/23/2022,Retail,0,Email
585188,1,Matthews,42,Female,United Kingdom,26903.89,Married,Salaried Employee,3/23/2020,Retail,1,SMS
585242,2,Page,39,Female,Spain,31704.81,Married,Salaried Employee,8/9/2017,Family,2,Mail
585331,1,Lopez,36,Female,Germany,40966.86,Married,Salaried Employee,7/19/2025,Retail,0,Phone Call
585394,3,Martinez,23,Male,France,15562.41,Single,Student,3/9/2025,Student,0,Email
585494,3,Baker,19,Female,France,18590.46,Single,Freelancer,10/31/2022,Student,0,Mobile App Push
585517,2,Becker,42,Male,France,32439.96,Married,Salaried Employee,8/12/2020,Family,2,SMS
585556,1,Carter,54,Female,United States,25466.90,Single,Salaried Employee,4/3/2018,Retail,1,SMS
585854,1,Castaneda,46,Female,United Kingdom,48442.16,Married,Self-Employed,5/22/2023,Retail,0,Mail
586097,2,Thomas,41,Male,United States,53417.61,Married,Freelancer,1/16/2025,Family,2,Phone Call
586208,1,Gregory,34,Male,Spain,44069.23,Single,Salaried Employee,9/2/2025,Retail,1,SMS
586279,2,Jimenez,43,Female,France,52609.77,Married,Self-Employed,1/29/2026,Family,3,Mobile App Push
586288,1,Sanchez,48,Female,France,33220.22,Married,Self-Employed,3/16/2021,Retail,3,Mobile App Push
586462,1,Roach,48,Male,France,73575.28,Married,Salaried Employee,7/19/2024,Retail,1,Mobile App Push
586490,3,Norris,22,Male,United States,25272.47,Single,Student,3/12/2021,Student,0,Phone Call
586554,4,Lang,48,Female,France,89271.79,Single,Salaried Employee,9/7/2021,Premium,1,Mail
586765,2,Yates,39,Female,Germany,44295.63,Married,Salaried Employee,10/14/2017,Family,2,Mobile App Push
586768,1,Johnson,32,Female,France,30692.19,Married,Salaried Employee,4/9/2021,Retail,1,Mail
586819,1,Duran,32,Male,Germany,50598.95,Married,Salaried Employee,4/12/2018,Retail,0,Mail
586830,2,Anderson,44,Female,France,28180.47,Married,Salaried Employee,3/29/2022,Family,3,SMS
586849,1,Smith,47,Male,United Kingdom,39554.75,Single,Salaried Employee,7/8/2021,Retail,0,Phone Call
587002,1,Strickland,35,Female,United Kingdom,31512.13,Divorced,Freelancer,9/20/2022,Retail,1,SMS
587115,3,Richardson,22,Male,Spain,20907.74,Single,Student,2/11/2017,Student,0,Email
587192,5,Carr,76,Male,Spain,20997.57,Married,Salaried Employee,4/26/2023,Senior,0,Phone Call
587213,1,Guerrero,42,Male,France,57268.86,Divorced,Salaried Employee,5/24/2017,Retail,0,Email
587274,1,Haynes,44,Male,Germany,39632.43,Married,Salaried Employee,1/15/2021,Retail,1,SMS
587282,1,Gordon,41,Male,Germany,56890.37,Divorced,Freelancer,2/27/2017,Retail,0,Mobile App Push
587455,1,Smith,25,Female,Germany,29474.87,Single,Freelancer,10/27/2018,Retail,1,Mail
587467,5,Arnold,72,Female,France,27871.71,Married,Retired,2/18/2017,Senior,0,Phone Call
587521,3,Rodriguez,19,Male,Germany,10547.81,Single,Student,8/22/2018,Student,0,Email
587546,2,Davis,44,Male,Germany,34056.85,Married,Salaried Employee,7/9/2025,Family,3,Email
587575,1,Collins,50,Male,Germany,65812.06,Married,Salaried Employee,7/12/2021,Retail,1,SMS
587623,2,Smith,47,Male,United Kingdom,65477.99,Married,Salaried Employee,4/20/2024,Family,2,Email
587648,4,Green,45,Female,United States,51835.75,Married,Salaried Employee,4/24/2024,Premium,0,Mobile App Push
587686,2,Bauer,52,Male,Germany,27630.46,Married,Business Owner,9/17/2019,Family,3,Email
587853,4,Martin,68,Female,France,87778.02,Married,Self-Employed,1/7/2026,Premium,0,Email
587957,2,Diaz,44,Male,United States,56338.59,Married,Business Owner,5/10/2021,Family,1,Email
588002,1,Holloway,43,Female,France,33670.48,Married,Salaried Employee,10/18/2024,Retail,0,Email
588003,2,Webb,44,Female,Germany,41014.65,Married,Salaried Employee,7/1/2021,Family,1,Mobile App Push
588148,1,Hughes,44,Male,Spain,24079.30,Single,Self-Employed,8/19/2023,Retail,0,SMS
588316,1,Payne,46,Male,France,70078.63,Single,Business Owner,10/21/2019,Retail,0,Mail
588461,4,Pena,62,Male,Germany,130668.32,Single,Self-Employed,7/30/2017,Premium,2,Phone Call
588557,2,Martinez,44,Female,United States,24249.16,Married,Salaried Employee,2/7/2022,Family,4,Mail
588640,1,Marsh,39,Male,United States,54935.75,Divorced,Salaried Employee,11/6/2019,Retail,0,Mobile App Push
588694,1,Gross,60,Male,France,36401.75,Single,Salaried Employee,7/23/2022,Retail,0,Mail
588899,5,Martinez,68,Female,France,26547.83,Married,Retired,6/25/2021,Senior,1,Phone Call
588983,4,Taylor,53,Male,Germany,44683.54,Married,Salaried Employee,4/13/2017,Premium,1,Email
589131,1,Hogan,24,Male,Germany,39567.28,Married,Salaried Employee,7/13/2018,Retail,1,Email
589368,4,Walters,52,Female,United States,123830.86,Married,Self-Employed,3/7/2019,Premium,0,SMS
589491,5,Brown,62,Female,Germany,32990.73,Divorced,Business Owner,7/8/2023,Senior,1,Email
589554,1,Wilson,49,Female,United Kingdom,41214.71,Married,Salaried Employee,1/18/2026,Retail,0,Mail
589638,1,Freeman,58,Male,Spain,33189.99,Married,Freelancer,12/5/2019,Retail,3,Phone Call
589710,4,Rivera,40,Male,Germany,58914.09,Married,Salaried Employee,1/20/2024,Premium,1,Mobile App Push
589887,1,Burgess,32,Female,Germany,29409.08,Single,Freelancer,8/31/2020,Retail,0,Email
590094,5,Long,67,Male,United Kingdom,29332.65,Divorced,Retired,5/6/2026,Senior,0,Phone Call
590110,4,Haynes,44,Female,Germany,69131.70,Single,Self-Employed,3/17/2019,Premium,0,Mobile App Push
590755,1,Jennings,47,Female,Germany,36386.48,Married,Unemployed,2/5/2018,Retail,1,Email
590785,1,Lee,48,Female,Germany,23251.17,Married,Unemployed,10/30/2016,Retail,2,SMS
590795,1,Martinez,60,Male,France,49910.34,Married,Salaried Employee,12/27/2020,Retail,1,Mail
591022,1,Davis,40,Female,Germany,43579.08,Married,Salaried Employee,11/19/2023,Retail,0,Mobile App Push
591081,1,Bates,60,Female,Germany,42915.09,Divorced,Salaried Employee,9/16/2021,Retail,3,SMS
591147,1,Murphy,52,Female,Germany,48863.59,Married,Business Owner,2/17/2021,Retail,1,Email
591465,1,Perry,51,Male,United States,12004.90,Single,Salaried Employee,6/11/2023,Retail,1,Phone Call
591534,4,Martinez,51,Male,Germany,104263.48,Married,Business Owner,4/9/2018,Premium,0,Mail
591644,5,Little,70,Female,United States,35676.67,Divorced,Retired,3/12/2026,Senior,0,Email
591699,4,Atkinson,47,Male,United Kingdom,44891.53,Married,Freelancer,7/20/2026,Premium,3,SMS
591798,1,Perkins,59,Male,France,41625.65,Single,Salaried Employee,4/6/2020,Retail,1,Mobile App Push
591897,1,Ramirez,38,Male,Germany,80916.97,Single,Salaried Employee,2/22/2022,Retail,2,Email
591989,3,Kane,20,Female,United States,10833.22,Single,Student,9/3/2024,Student,0,Mobile App Push
592025,1,Graham,31,Male,Germany,37129.91,Married,Salaried Employee,10/12/2017,Retail,0,Mobile App Push
592085,2,Huff,28,Male,United States,64725.48,Married,Freelancer,10/15/2020,Family,1,Email
592198,3,Walters,21,Female,Germany,22988.22,Single,Student,9/17/2023,Student,0,SMS
592296,2,Taylor,31,Female,United Kingdom,47004.73,Married,Salaried Employee,5/24/2019,Family,2,Mail
592489,2,Mendez,40,Male,United States,17543.16,Married,Salaried Employee,11/13/2017,Family,2,Mobile App Push
592738,2,Clark,35,Female,Germany,56282.78,Married,Unemployed,2/23/2021,Family,0,Mobile App Push
592841,2,Lewis,53,Female,France,19817.82,Married,Salaried Employee,11/21/2020,Family,3,Mail
592972,1,Marquez,52,Female,France,36948.55,Married,Self-Employed,1/7/2022,Retail,3,Mobile App Push
592984,3,Hayes,21,Female,United Kingdom,8306.42,Single,Student,2/14/2017,Student,0,Email
593002,1,Zavala,24,Female,Germany,53382.23,Single,Salaried Employee,11/16/2021,Retail,2,SMS
593152,3,Edwards,24,Female,France,16986.53,Single,Student,11/6/2021,Student,0,Mobile App Push
593355,2,Ray,47,Female,Germany,46260.68,Married,Salaried Employee,6/27/2021,Family,1,Email
593393,1,Rodriguez,32,Female,United Kingdom,63952.64,Single,Salaried Employee,8/6/2021,Retail,1,Email
593403,1,Guzman,43,Male,France,61827.47,Single,Freelancer,5/23/2017,Retail,1,Phone Call
593446,2,Hansen,47,Female,Spain,49469.69,Single,Business Owner,12/31/2018,Family,2,Phone Call
593515,5,Collins,70,Male,Spain,22679.11,Widowed,Retired,8/10/2020,Senior,0,Phone Call
593554,1,Johnson,31,Female,France,25409.81,Married,Salaried Employee,1/8/2023,Retail,1,Phone Call
593602,5,Sullivan,70,Male,France,65733.82,Married,Retired,3/6/2026,Senior,0,Email
593649,5,Nichols,82,Female,United States,68535.64,Divorced,Retired,10/9/2019,Senior,2,Phone Call
593687,1,Rhodes,37,Female,United Kingdom,27839.81,Single,Freelancer,10/23/2020,Retail,0,SMS
593699,2,Valentine,45,Female,United Kingdom,37647.40,Married,Freelancer,4/10/2020,Family,3,Mail
593821,2,Evans,42,Female,Germany,26972.38,Married,Salaried Employee,5/24/2018,Family,2,Mobile App Push
593869,2,Reese,50,Male,France,36584.76,Divorced,Salaried Employee,10/30/2023,Family,1,Mobile App Push
593894,4,Scott,35,Female,United States,94291.20,Single,Salaried Employee,4/24/2024,Premium,0,SMS
594078,1,Briggs,24,Male,Germany,23813.45,Married,Unemployed,8/4/2022,Retail,1,Mobile App Push
594109,2,Lee,31,Female,France,62649.58,Married,Salaried Employee,2/9/2026,Family,2,Email
594241,2,Smith,32,Female,Germany,17277.59,Married,Salaried Employee,5/8/2022,Family,2,Email
594312,1,Singleton,34,Female,United States,53421.10,Single,Salaried Employee,9/11/2024,Retail,1,Email
594379,4,Dillon,32,Female,Germany,61628.36,Married,Salaried Employee,8/7/2021,Premium,1,Email
594514,4,Roberts,44,Male,Spain,213765.60,Married,Business Owner,2/26/2020,Premium,0,Mobile App Push
594580,1,Fletcher,42,Male,France,49544.15,Single,Salaried Employee,7/27/2020,Retail,3,Email
594596,3,Mclean,22,Female,United States,16775.89,Single,Student,1/1/2025,Student,0,Email
594681,4,Donovan,63,Male,United States,87150.80,Married,Business Owner,5/6/2019,Premium,0,Mail
595002,4,Ross,51,Female,Spain,168875.37,Married,Business Owner,5/29/2020,Premium,0,Email
595036,5,Wolfe,64,Male,United States,36592.34,Married,Retired,6/14/2022,Senior,2,Mail
595158,5,Bradley,69,Female,France,24829.33,Widowed,Retired,8/4/2021,Senior,0,Mail
595351,2,Hawkins,35,Female,Spain,32817.91,Married,Salaried Employee,12/3/2016,Family,2,SMS
595401,2,Casey,47,Male,France,44802.20,Married,Self-Employed,11/18/2024,Family,2,Mail
595404,2,Bell,43,Male,United Kingdom,32941.68,Married,Salaried Employee,1/23/2020,Family,1,Email
595631,1,Johnson,58,Female,Spain,28707.25,Divorced,Salaried Employee,5/20/2020,Retail,2,Mail
595793,1,Sullivan,43,Female,Germany,35506.48,Divorced,Self-Employed,12/14/2018,Retail,0,Mobile App Push
595948,1,Beard,34,Male,Germany,63981.55,Single,Salaried Employee,12/31/2019,Retail,1,Email
595951,3,Williams,20,Male,France,14187.28,Married,Student,7/25/2023,Student,0,SMS
595962,2,Brown,42,Male,United Kingdom,35680.14,Divorced,Salaried Employee,11/11/2017,Family,2,Mobile App Push
596025,2,Pratt,55,Female,Spain,46221.77,Married,Self-Employed,7/4/2017,Family,2,Phone Call
596116,2,Smith,46,Female,France,45630.90,Married,Salaried Employee,12/1/2019,Family,3,Email
596144,3,Jackson,23,Male,United States,23196.00,Single,Student,6/23/2023,Student,0,Mail
596171,1,Montoya,47,Female,France,22216.79,Single,Salaried Employee,4/4/2026,Retail,3,Email
596249,1,Henry,38,Male,Germany,40980.85,Single,Salaried Employee,1/5/2023,Retail,0,SMS
596395,1,Garrett,52,Female,Germany,46673.47,Married,Salaried Employee,10/31/2016,Retail,0,Mobile App Push
596489,3,Campbell,22,Male,Spain,12768.75,Single,Student,11/5/2019,Student,0,Phone Call
596520,3,Drake,20,Male,France,23106.40,Single,Student,9/10/2016,Student,0,Mobile App Push
596564,1,Matthews,33,Female,France,48835.80,Single,Salaried Employee,10/2/2022,Retail,0,Mobile App Push
596574,1,Jones,49,Male,United Kingdom,21897.79,Single,Salaried Employee,8/16/2016,Retail,0,Email
596756,1,Clarke,39,Male,Germany,33852.93,Divorced,Self-Employed,11/30/2017,Retail,0,Mobile App Push
596864,1,Castillo,56,Male,United Kingdom,50803.81,Single,Salaried Employee,8/12/2024,Retail,1,Mobile App Push
597012,1,Carson,51,Female,United States,41438.14,Divorced,Unemployed,2/22/2018,Retail,2,Mobile App Push
597126,2,Willis,45,Female,Spain,48681.32,Married,Salaried Employee,12/31/2023,Family,4,Email
597305,4,Oliver,50,Male,France,134722.91,Married,Salaried Employee,9/24/2022,Premium,3,Mobile App Push
597440,1,Castaneda,51,Male,Germany,56521.38,Divorced,Business Owner,9/25/2019,Retail,0,Mobile App Push
597457,1,Kelley,45,Female,Spain,55711.81,Divorced,Salaried Employee,4/5/2025,Retail,0,Email
597549,2,Macdonald,34,Female,France,48578.00,Married,Salaried Employee,2/16/2024,Family,2,Mobile App Push
597635,1,Bryant,48,Female,Spain,34375.86,Single,Self-Employed,9/8/2024,Retail,2,Phone Call
597643,1,Wood,36,Male,Germany,51622.12,Married,Self-Employed,2/17/2025,Retail,0,Mobile App Push
597732,4,Banks,41,Male,France,74286.77,Divorced,Business Owner,7/29/2020,Premium,2,Email
597889,1,Miller,43,Female,France,18026.04,Married,Salaried Employee,4/18/2019,Retail,0,Email
597923,2,Williams,45,Female,Germany,45383.76,Widowed,Business Owner,12/4/2018,Family,3,SMS
597938,1,Knapp,48,Female,France,28296.20,Single,Self-Employed,12/18/2021,Retail,0,Phone Call
597960,1,Meadows,48,Female,Germany,31019.27,Single,Salaried Employee,3/31/2022,Retail,1,SMS
598216,1,Rodriguez,42,Female,France,42198.67,Married,Salaried Employee,3/1/2021,Retail,0,SMS
598302,4,Owens,52,Female,Germany,90333.36,Married,Business Owner,4/1/2020,Premium,2,SMS
598357,4,Stuart,59,Female,Germany,154546.40,Married,Self-Employed,5/25/2024,Premium,1,Phone Call
598369,5,Smith,75,Female,Germany,36745.44,Married,Retired,5/25/2020,Senior,1,Phone Call
598424,1,Tucker,62,Female,Germany,43532.24,Single,Salaried Employee,5/4/2024,Retail,0,Mobile App Push
598598,5,Jensen,81,Female,United States,49502.53,Married,Retired,3/24/2026,Senior,0,Email
598733,2,Sims,43,Female,United Kingdom,36551.70,Married,Salaried Employee,9/6/2019,Family,1,Email
598807,1,Gomez,35,Male,France,42641.65,Married,Self-Employed,10/6/2022,Retail,1,Mail
598820,2,Thompson,36,Female,France,60244.43,Married,Salaried Employee,4/6/2017,Family,1,SMS
598844,2,Morse,39,Male,France,41128.94,Married,Freelancer,12/10/2018,Family,2,Email
598969,2,Santiago,41,Male,France,34315.35,Married,Self-Employed,4/7/2026,Family,3,Mobile App Push
598985,5,Higgins,74,Male,Spain,49221.47,Married,Retired,8/25/2022,Senior,0,Mobile App Push
599127,1,Larson,33,Male,France,23440.62,Married,Salaried Employee,8/15/2017,Retail,2,Mobile App Push
599135,1,Mendoza,47,Male,Germany,44436.91,Divorced,Salaried Employee,9/23/2020,Retail,0,Email
599219,4,Herman,44,Male,France,139403.81,Single,Business Owner,8/22/2018,Premium,2,Mobile App Push
599284,2,Stone,36,Female,France,49234.60,Married,Salaried Employee,7/14/2019,Family,2,Email
599292,3,Ward,21,Male,United Kingdom,21469.57,Single,Student,10/4/2016,Student,0,Mobile App Push
599365,1,Murray,32,Male,United Kingdom,52269.63,Married,Salaried Employee,9/20/2017,Retail,2,Phone Call
599380,3,Long,21,Male,France,16507.82,Single,Student,11/24/2025,Student,0,Mobile App Push
599397,5,Perry,78,Male,France,21357.40,Divorced,Retired,3/20/2024,Senior,0,Email
599401,1,Cooper,41,Male,United States,53994.92,Married,Salaried Employee,1/12/2026,Retail,2,Mail
599687,1,Garcia,43,Male,Spain,12440.88,Single,Self-Employed,2/15/2026,Retail,2,SMS
599704,1,Sullivan,39,Female,United Kingdom,34912.57,Single,Salaried Employee,1/14/2020,Retail,0,SMS
599753,4,Montoya,35,Male,Spain,112658.65,Single,Business Owner,6/7/2020,Premium,0,Email
599948,4,Allen,47,Female,United Kingdom,166094.09,Married,Self-Employed,9/7/2022,Premium,0,Mobile App Push
599968,2,Hernandez,46,Female,France,93809.09,Married,Unemployed,11/12/2020,Family,1,Email
600149,1,Brown,49,Male,United Kingdom,41028.99,Single,Salaried Employee,4/28/2017,Retail,0,Mail
600241,2,Bowers,37,Male,United Kingdom,37162.01,Married,Salaried Employee,1/17/2018,Family,2,Mobile App Push
600318,1,Reyes,40,Male,Spain,33130.19,Married,Unemployed,7/11/2017,Retail,1,Email
600590,4,Beck,50,Male,France,84904.22,Married,Salaried Employee,8/14/2018,Premium,0,Mail
600641,1,Flores,36,Male,France,47613.58,Married,Salaried Employee,5/16/2026,Retail,2,Mail
600646,1,Richmond,62,Male,France,31539.89,Single,Self-Employed,6/4/2023,Retail,1,Mobile App Push
600905,1,Jones,59,Female,France,31866.23,Married,Salaried Employee,9/16/2023,Retail,2,Email
600935,2,Gomez,41,Male,France,58207.35,Married,Salaried Employee,11/8/2016,Family,2,Phone Call
601207,5,Richardson,74,Female,Germany,16427.37,Married,Retired,3/6/2026,Senior,2,Phone Call
601365,2,Douglas,37,Male,France,36833.93,Married,Salaried Employee,7/17/2024,Family,2,SMS
601410,1,Walter,50,Female,United Kingdom,46980.77,Single,Salaried Employee,5/31/2018,Retail,1,SMS
601476,2,White,46,Male,United Kingdom,29005.30,Married,Salaried Employee,7/28/2018,Family,1,Mobile App Push
601554,5,Ballard,75,Male,Germany,42178.58,Widowed,Business Owner,2/8/2019,Senior,0,Mail
601608,1,Garcia,37,Male,United Kingdom,26240.19,Divorced,Salaried Employee,9/14/2025,Retail,0,Phone Call
601736,3,Garcia,24,Male,United Kingdom,22823.77,Widowed,Freelancer,7/28/2021,Student,0,Mobile App Push
601776,1,Thompson,43,Female,France,49275.55,Single,Salaried Employee,6/20/2024,Retail,2,SMS
601903,4,Castillo,32,Female,Germany,175251.36,Married,Self-Employed,10/23/2025,Premium,0,Email
601916,1,Ross,47,Female,Germany,48014.86,Single,Salaried Employee,9/4/2018,Retail,2,Mobile App Push
601968,1,Stewart,37,Male,United States,42288.15,Single,Salaried Employee,12/28/2023,Retail,1,Mobile App Push
602073,2,Shaffer,36,Female,Germany,41922.30,Married,Salaried Employee,10/17/2018,Family,4,Mobile App Push
602184,5,Wilson,70,Female,Germany,32363.87,Married,Retired,3/24/2025,Senior,0,Mail
602248,1,Evans,30,Male,Germany,38244.14,Married,Salaried Employee,1/30/2024,Retail,1,Phone Call
602278,2,Jones,46,Male,Spain,28979.87,Married,Business Owner,3/7/2021,Family,2,SMS
602290,1,Harris,46,Male,France,50245.35,Married,Salaried Employee,11/5/2024,Retail,0,Mobile App Push
602300,1,Payne,58,Female,France,23974.77,Married,Freelancer,1/5/2024,Retail,0,Email
602351,5,Morgan,66,Male,Germany,23394.19,Married,Retired,5/7/2026,Senior,1,Email
602381,5,Stevens,73,Female,Germany,45492.53,Married,Retired,9/1/2025,Senior,1,Mail
602514,4,Obrien,52,Male,France,102775.82,Single,Business Owner,5/6/2020,Premium,0,Mobile App Push
602550,1,Clayton,39,Female,Germany,57506.56,Single,Salaried Employee,1/22/2021,Retail,0,Mobile App Push
602681,5,Beasley,66,Male,United States,26030.00,Widowed,Retired,3/20/2017,Senior,0,Mobile App Push
602780,1,Martinez,57,Male,Spain,34097.36,Married,Salaried Employee,11/11/2024,Retail,2,SMS
602985,4,Turner,43,Female,Germany,106616.18,Married,Salaried Employee,3/21/2024,Premium,0,Phone Call
603088,5,Hood,68,Male,United Kingdom,41850.53,Married,Retired,10/5/2023,Senior,0,Email
603110,1,Campbell,58,Male,Germany,25635.74,Single,Salaried Employee,7/5/2018,Retail,0,Email
603268,1,Flowers,55,Female,France,24462.42,Divorced,Freelancer,2/17/2021,Retail,0,Mail
603660,1,Johnson,41,Male,France,19134.68,Married,Salaried Employee,5/15/2025,Retail,0,Mail
603704,2,Dominguez,39,Female,Germany,28390.20,Married,Salaried Employee,7/19/2020,Family,4,SMS
603787,4,Hatfield,51,Female,United States,60428.28,Married,Salaried Employee,4/9/2025,Premium,2,SMS
603935,1,Miller,31,Female,France,58850.74,Widowed,Business Owner,11/30/2017,Retail,1,Mobile App Push
604012,4,Gonzales,46,Female,Spain,92998.51,Divorced,Salaried Employee,8/1/2025,Premium,0,SMS
604283,4,Cohen,47,Male,United States,94221.90,Single,Salaried Employee,12/12/2018,Premium,1,Phone Call
604605,5,Murphy,83,Female,France,40947.61,Married,Retired,4/20/2022,Senior,1,SMS
604740,2,Kerr,30,Male,Germany,19918.24,Married,Salaried Employee,1/26/2023,Family,1,SMS
604884,2,Hines,52,Male,United Kingdom,37557.13,Married,Salaried Employee,6/19/2019,Family,1,Email
604906,1,Hernandez,39,Female,Germany,53973.14,Married,Salaried Employee,1/1/2025,Retail,0,Mail
604923,1,Haynes,56,Female,Spain,33303.96,Single,Self-Employed,2/3/2024,Retail,2,Mobile App Push
605048,5,Roberts,82,Male,United States,36257.38,Married,Self-Employed,11/28/2024,Senior,0,Email
605065,4,Diaz,50,Male,Germany,47876.63,Married,Salaried Employee,5/21/2026,Premium,0,Mobile App Push
605139,4,Acosta,45,Female,France,65379.94,Married,Business Owner,7/16/2017,Premium,1,Email
605254,1,Trujillo,35,Male,United States,41367.15,Widowed,Salaried Employee,2/12/2019,Retail,0,Phone Call
605339,4,Jones,54,Female,Spain,138502.30,Married,Self-Employed,2/19/2021,Premium,0,Mobile App Push
605382,5,Beasley,76,Female,France,15484.78,Married,Business Owner,12/7/2019,Senior,2,Phone Call
605483,5,Allen,80,Male,France,57566.56,Widowed,Self-Employed,10/24/2017,Senior,0,Email
605529,2,White,38,Female,Spain,35047.55,Married,Salaried Employee,11/24/2024,Family,4,Mobile App Push
605543,1,Dawson,47,Male,Germany,22173.92,Married,Salaried Employee,1/20/2018,Retail,0,Mobile App Push
605612,2,Sloan,43,Female,United States,19052.87,Married,Salaried Employee,5/15/2023,Family,1,SMS
605666,5,Little,72,Male,Spain,31232.24,Widowed,Retired,12/13/2020,Senior,0,Mail
605719,4,Anderson,52,Male,United States,57079.66,Divorced,Salaried Employee,12/22/2020,Premium,0,Mobile App Push
605806,1,Mclean,42,Male,Germany,48253.02,Married,Salaried Employee,8/9/2025,Retail,0,Mobile App Push
605904,5,Vasquez,79,Male,Germany,35259.42,Married,Retired,12/30/2021,Senior,0,SMS
605937,1,Ward,48,Male,United Kingdom,56011.07,Single,Salaried Employee,2/22/2021,Retail,0,SMS
605972,5,Peters,70,Male,France,44885.91,Married,Retired,9/12/2017,Senior,2,Email
606109,1,Ferguson,41,Female,France,54713.09,Single,Salaried Employee,10/10/2016,Retail,0,Email
606121,5,May,77,Male,United States,30912.64,Widowed,Retired,3/31/2020,Senior,1,Mail
606186,2,Banks,49,Male,United Kingdom,46718.91,Single,Salaried Employee,4/17/2020,Family,3,Email
606222,3,Juarez,25,Female,Germany,37618.64,Married,Student,6/19/2026,Student,0,Mobile App Push
606384,3,Andersen,26,Male,United States,11185.36,Single,Student,6/22/2018,Student,0,Mail
606390,5,Vance,69,Male,France,26067.83,Married,Retired,5/2/2022,Senior,0,Email
606404,5,Meyers,85,Female,Spain,53396.13,Widowed,Retired,4/7/2022,Senior,0,Email
606489,2,Lee,34,Male,Germany,56528.26,Divorced,Salaried Employee,11/28/2016,Family,0,SMS
606545,1,Schmidt,42,Male,France,23388.20,Single,Salaried Employee,1/24/2026,Retail,2,Mail
606676,5,Davis,75,Female,Germany,29718.29,Married,Retired,3/4/2020,Senior,0,Email
606680,1,Adams,58,Male,Spain,48553.15,Married,Unemployed,11/9/2018,Retail,1,Email
606743,2,Hernandez,54,Female,Spain,30435.52,Married,Self-Employed,11/13/2025,Family,1,Mobile App Push
606957,1,Davis,62,Male,Spain,56774.44,Married,Unemployed,1/31/2022,Retail,2,Phone Call
606983,2,Luna,44,Female,Spain,31123.31,Married,Business Owner,11/18/2021,Family,2,Mobile App Push
606990,1,Valencia,38,Female,Spain,25543.08,Single,Salaried Employee,10/20/2025,Retail,1,Phone Call
607122,1,Green,26,Female,Germany,63599.82,Married,Salaried Employee,12/18/2017,Retail,3,SMS
607157,3,Wood,21,Female,France,29201.76,Single,Student,1/3/2018,Student,0,SMS
607259,1,Richardson,47,Male,France,36089.10,Married,Salaried Employee,6/7/2026,Retail,2,Email
607699,4,Todd,35,Female,Germany,148191.00,Single,Salaried Employee,5/4/2024,Premium,0,Mail
607719,5,Davis,71,Female,France,33738.71,Widowed,Retired,3/10/2024,Senior,0,Phone Call
607753,1,Sanders,47,Female,Spain,64894.85,Married,Salaried Employee,2/25/2025,Retail,0,Mail
607774,5,Boone,69,Male,United Kingdom,28841.72,Widowed,Retired,8/5/2017,Senior,0,SMS
607868,5,Dawson,67,Female,United States,19320.70,Single,Retired,7/25/2026,Senior,0,Email
607938,1,Moss,25,Female,Germany,24671.20,Single,Freelancer,12/11/2017,Retail,0,SMS
607993,1,Miller,55,Female,United States,22610.61,Single,Salaried Employee,11/19/2023,Retail,0,Mobile App Push
608136,1,Flores,31,Female,France,31036.20,Divorced,Self-Employed,1/18/2025,Retail,0,Mail
608149,1,Wall,51,Male,Spain,28437.21,Married,Salaried Employee,8/4/2019,Retail,1,Mobile App Push
608205,1,Bennett,44,Female,United Kingdom,57269.90,Single,Freelancer,7/12/2019,Retail,1,Mobile App Push
608223,2,Hopkins,43,Female,Spain,69744.90,Divorced,Business Owner,4/24/2021,Family,4,SMS
608257,2,Vega,38,Female,United States,31813.89,Married,Salaried Employee,3/31/2020,Family,1,Email
608307,3,Saunders,22,Female,United States,16297.48,Single,Student,5/18/2024,Student,0,Phone Call
608473,1,Nolan,57,Female,United Kingdom,59570.33,Married,Salaried Employee,8/27/2016,Retail,1,Mobile App Push
608623,3,Davis,22,Female,France,22583.61,Single,Student,12/26/2021,Student,0,Email
608876,4,Huber,56,Male,United States,114977.44,Single,Business Owner,10/13/2021,Premium,0,SMS
608913,4,Colon,37,Male,Spain,65483.78,Single,Self-Employed,1/31/2019,Premium,1,Mail
608947,5,Clark,74,Female,United Kingdom,18070.69,Widowed,Retired,4/13/2020,Senior,0,Email
608993,2,Morton,39,Female,France,38270.63,Married,Salaried Employee,4/18/2019,Family,4,Email
609172,5,Barnett,75,Female,Germany,18881.64,Married,Retired,4/22/2025,Senior,0,Mail
609231,2,Stephens,38,Female,Germany,23245.18,Married,Self-Employed,11/5/2020,Family,2,Mobile App Push
609232,1,Khan,52,Male,Spain,33085.02,Married,Unemployed,7/17/2021,Retail,1,Phone Call
609253,1,Mendoza,41,Male,France,25781.16,Married,Freelancer,5/29/2021,Retail,0,Email
609462,5,Winters,79,Male,Spain,18001.59,Married,Self-Employed,4/29/2020,Senior,0,Phone Call
609597,2,Flores,39,Female,United Kingdom,33621.94,Widowed,Salaried Employee,4/24/2019,Family,2,Email
609845,2,Gordon,42,Male,France,19075.67,Married,Unemployed,12/31/2024,Family,2,Email
609892,3,Le,26,Female,France,12373.96,Single,Unemployed,12/25/2018,Student,0,SMS
610135,5,Gray,86,Male,France,24752.38,Married,Retired,4/2/2024,Senior,0,Mail
610258,5,Taylor,88,Male,United States,19227.75,Married,Retired,12/21/2024,Senior,2,Phone Call
610268,2,Stone,46,Male,France,58429.60,Divorced,Business Owner,8/2/2025,Family,2,Mail
610271,4,Baker,56,Male,Germany,103423.73,Married,Business Owner,3/11/2023,Premium,0,Mobile App Push
610310,5,Merritt,72,Male,France,14861.59,Single,Retired,4/2/2026,Senior,0,Phone Call
610311,1,Hodge,34,Female,France,26156.91,Divorced,Salaried Employee,4/18/2023,Retail,3,Mobile App Push
610343,4,Wyatt,68,Male,Germany,166121.96,Single,Business Owner,5/2/2017,Premium,3,Phone Call
610451,1,Matthews,45,Male,France,43743.37,Divorced,Salaried Employee,1/7/2018,Retail,1,Mobile App Push
610511,1,Little,45,Male,Germany,46377.30,Single,Salaried Employee,5/10/2025,Retail,2,Phone Call
610622,1,Leblanc,36,Female,United Kingdom,50825.20,Married,Business Owner,7/15/2017,Retail,3,Mobile App Push
610626,4,Bryan,52,Male,United Kingdom,60115.65,Single,Business Owner,8/27/2020,Premium,2,Phone Call
610856,1,Mckinney,40,Male,France,59083.28,Single,Business Owner,5/11/2025,Retail,2,Phone Call
610866,1,Bailey,41,Male,Spain,45050.33,Widowed,Salaried Employee,1/4/2022,Retail,0,Mobile App Push
611174,1,Lopez,52,Male,Germany,29719.20,Married,Salaried Employee,11/3/2025,Retail,0,Phone Call
611187,2,Martinez,52,Male,United Kingdom,30569.83,Married,Unemployed,5/30/2018,Family,2,Email
611233,3,Powers,22,Male,France,11965.98,Single,Student,1/4/2026,Student,0,Phone Call
611265,4,Roberts,56,Female,France,160163.46,Married,Business Owner,1/27/2018,Premium,2,Mail
611329,1,Thomas,34,Female,Spain,38250.68,Single,Self-Employed,8/19/2024,Retail,1,SMS
611540,2,Lynn,46,Female,United States,52612.38,Single,Salaried Employee,1/22/2019,Family,1,Mail
611552,1,Young,49,Male,France,65975.85,Married,Freelancer,10/10/2023,Retail,1,SMS
611559,5,West,77,Male,United States,19314.60,Married,Salaried Employee,5/24/2024,Senior,0,Mail
611650,2,Bruce,52,Male,France,37500.21,Single,Salaried Employee,12/26/2024,Family,1,Email
611751,3,Bush,20,Female,United States,31303.48,Single,Student,7/1/2018,Student,0,SMS
611833,1,Garcia,43,Female,Germany,44527.71,Single,Salaried Employee,5/3/2020,Retail,0,Mail
611945,3,Johnson,22,Male,France,21835.16,Single,Student,9/6/2019,Student,0,Email
611994,2,Williams,41,Male,Germany,62369.25,Married,Salaried Employee,9/26/2021,Family,2,Mail
612036,1,Franco,44,Male,United States,40261.25,Single,Salaried Employee,7/29/2022,Retail,2,SMS
612262,2,Henson,48,Female,France,20744.15,Single,Unemployed,11/4/2016,Family,3,Mobile App Push
612311,5,Krueger,77,Female,United States,36204.73,Widowed,Salaried Employee,12/4/2019,Senior,0,Phone Call
612340,3,Williams,24,Female,France,10510.48,Single,Student,10/10/2021,Student,0,Email
612356,2,Adams,31,Male,France,36738.11,Married,Salaried Employee,6/16/2025,Family,3,Phone Call
612438,1,Johnson,35,Female,United Kingdom,38658.81,Married,Unemployed,12/6/2020,Retail,1,Mail
612530,5,Wong,81,Female,Spain,18793.34,Married,Salaried Employee,12/10/2019,Senior,0,Mail
612573,1,Stewart,47,Female,France,48726.87,Single,Salaried Employee,7/9/2025,Retail,1,Email
612643,2,Davis,47,Male,Germany,24496.98,Single,Salaried Employee,11/20/2024,Family,2,Mobile App Push
612756,2,Lane,36,Male,Spain,105201.24,Married,Unemployed,8/2/2017,Family,0,Email
612855,3,Carter,21,Male,France,16333.93,Single,Student,11/30/2018,Student,0,Mobile App Push
612977,1,Kelly,43,Male,Germany,20038.71,Single,Salaried Employee,2/27/2020,Retail,1,SMS
612997,2,Payne,45,Female,Germany,30658.06,Married,Self-Employed,4/15/2023,Family,2,Email
613117,1,Mccoy,49,Female,France,41346.64,Single,Self-Employed,7/19/2023,Retail,0,Email
613234,1,Mendoza,41,Female,Germany,36555.11,Divorced,Salaried Employee,12/16/2019,Retail,1,Email
613261,2,Long,55,Female,United States,75967.77,Divorced,Unemployed,2/26/2025,Family,3,Mobile App Push
613358,5,Washington,65,Female,Spain,17434.39,Married,Self-Employed,1/4/2025,Senior,0,Phone Call
613425,1,Sweeney,42,Male,United Kingdom,18520.75,Single,Self-Employed,3/3/2023,Retail,1,Email
613426,3,Stephens,23,Female,United States,9706.39,Single,Student,3/25/2020,Student,0,SMS
613641,2,Thornton,47,Male,United States,31335.75,Married,Salaried Employee,11/28/2019,Family,2,Email
613707,5,Davis,83,Male,Germany,17678.76,Married,Self-Employed,9/3/2016,Senior,0,Mobile App Push
613731,1,Logan,48,Male,United States,40221.67,Divorced,Salaried Employee,5/9/2025,Retail,1,Email
613742,2,Smith,34,Female,Spain,34862.03,Married,Unemployed,5/4/2017,Family,2,Phone Call
613898,2,Ray,37,Male,France,43958.45,Single,Self-Employed,9/19/2021,Family,2,Email
613989,5,Evans,80,Female,United States,24411.72,Married,Retired,8/15/2017,Senior,1,Phone Call
614013,1,Chavez,52,Male,Spain,35556.25,Single,Salaried Employee,6/9/2024,Retail,1,Mobile App Push
614084,1,Santos,62,Male,Germany,36851.13,Married,Salaried Employee,5/29/2026,Retail,0,Email
614259,1,Smith,32,Male,Germany,40437.44,Married,Self-Employed,4/23/2026,Retail,0,Mobile App Push
614379,1,Cole,38,Male,United Kingdom,39790.79,Single,Salaried Employee,8/30/2019,Retail,1,Email
614426,4,Miller,59,Male,Germany,95163.58,Married,Business Owner,8/29/2020,Premium,2,Mobile App Push
614435,1,Hunt,51,Female,Germany,35144.91,Single,Unemployed,8/1/2025,Retail,0,Email
614514,2,Johnson,34,Male,United States,48641.61,Married,Self-Employed,6/21/2025,Family,1,SMS
614646,2,Collins,50,Female,United Kingdom,35080.19,Married,Salaried Employee,10/4/2021,Family,2,Email
614663,1,Green,54,Male,Germany,18598.11,Married,Self-Employed,3/9/2020,Retail,1,Mail
614723,5,Reynolds,73,Male,France,34704.30,Married,Retired,1/2/2026,Senior,0,Phone Call
614796,2,Lin,28,Male,United Kingdom,32069.06,Married,Salaried Employee,3/23/2019,Family,4,Mail
614858,4,Jarvis,68,Female,United States,82973.85,Married,Business Owner,8/5/2022,Premium,0,SMS
615060,3,Moore,23,Male,Germany,22096.95,Single,Student,12/29/2024,Student,0,Email
615276,5,Spencer,80,Female,Germany,20429.71,Divorced,Retired,8/4/2025,Senior,0,Phone Call
615318,1,Grant,33,Male,France,36837.02,Single,Salaried Employee,4/23/2023,Retail,0,Phone Call
615500,5,Mendoza,61,Female,France,17859.95,Widowed,Retired,5/6/2019,Senior,0,Phone Call
615530,2,Castro,40,Male,United States,35838.03,Married,Business Owner,6/9/2023,Family,1,SMS
615607,1,Bonilla,51,Male,Spain,53965.96,Married,Salaried Employee,11/22/2020,Retail,3,Email
615611,4,Brown,51,Female,France,196059.23,Married,Salaried Employee,3/5/2020,Premium,0,Mail
615633,5,Spence,80,Male,United States,34277.33,Married,Retired,8/24/2025,Senior,0,Email
615827,1,Dickerson,41,Male,France,44918.82,Married,Salaried Employee,3/16/2024,Retail,2,Mail
615895,5,Brown,74,Female,United States,18802.41,Married,Retired,12/21/2023,Senior,2,Email
615929,1,Valentine,54,Male,Spain,43246.27,Married,Business Owner,9/13/2017,Retail,1,Mobile App Push
615959,1,Young,46,Male,United Kingdom,19230.67,Single,Freelancer,11/27/2021,Retail,0,Phone Call
616137,4,Williams,43,Female,France,133958.72,Married,Business Owner,4/20/2019,Premium,2,Mail
616256,1,Adams,35,Female,United States,15872.96,Married,Self-Employed,1/15/2018,Retail,3,SMS
616342,2,Hansen,36,Female,Spain,52227.80,Married,Salaried Employee,3/12/2022,Family,2,Phone Call
616428,1,Young,41,Male,France,40597.73,Single,Freelancer,12/28/2019,Retail,0,Mail
616554,1,Cooper,54,Female,United Kingdom,53878.19,Married,Salaried Employee,7/13/2023,Retail,3,Mail
616596,2,Campbell,42,Male,United States,33859.89,Single,Freelancer,6/20/2019,Family,0,Mobile App Push
617033,5,Wilson,80,Male,Germany,32586.77,Divorced,Retired,1/29/2024,Senior,0,Phone Call
617077,2,Tran,38,Male,United States,28078.69,Married,Salaried Employee,7/9/2026,Family,1,Mobile App Push
617326,1,Ramirez,51,Male,Germany,22183.87,Married,Salaried Employee,8/15/2017,Retail,0,Mobile App Push
617437,5,Park,72,Female,Spain,32255.19,Single,Retired,2/18/2017,Senior,2,Mobile App Push
617488,1,Clark,35,Male,United Kingdom,29816.96,Married,Business Owner,8/1/2025,Retail,0,Mail
617555,3,Baker,21,Male,France,19946.19,Single,Student,5/5/2023,Student,0,Email
617781,1,Hampton,40,Male,France,44395.08,Married,Salaried Employee,9/26/2017,Retail,3,Email
617904,1,Hammond,41,Female,Spain,41992.60,Married,Unemployed,9/27/2022,Retail,0,SMS
618019,1,Ramirez,46,Male,France,46284.85,Married,Freelancer,2/9/2025,Retail,1,Email
618105,1,Stewart,27,Female,France,36218.82,Married,Salaried Employee,3/2/2024,Retail,0,SMS
618119,1,Wolfe,48,Female,Spain,18927.34,Single,Salaried Employee,5/12/2026,Retail,1,SMS
618306,1,Hughes,42,Male,United States,53856.42,Divorced,Freelancer,11/13/2019,Retail,1,Mobile App Push
618317,5,Fry,80,Male,United Kingdom,91008.58,Married,Retired,3/15/2017,Senior,1,Email
618382,1,Campos,43,Male,Germany,23248.08,Single,Salaried Employee,12/25/2021,Retail,0,Mobile App Push
618392,5,Cooper,71,Male,France,25355.82,Single,Retired,6/24/2024,Senior,0,Phone Call
618746,1,Robinson,51,Female,Spain,44297.37,Married,Salaried Employee,3/12/2018,Retail,3,Email
618927,1,Mcclure,57,Female,Germany,67606.10,Married,Self-Employed,3/23/2021,Retail,0,Mobile App Push
618934,1,Williams,40,Female,United States,48112.47,Married,Salaried Employee,5/25/2026,Retail,0,Email
619013,5,Herrera,70,Male,France,31237.58,Single,Retired,7/17/2023,Senior,0,Email
619344,5,Lawrence,70,Male,Germany,41232.39,Married,Retired,1/26/2024,Senior,2,Mail
619373,2,Palmer,52,Male,Spain,28322.19,Married,Self-Employed,9/8/2016,Family,4,Mail
619389,1,Haas,43,Male,Spain,50372.31,Divorced,Business Owner,11/24/2024,Retail,1,Email
619447,5,Newton,73,Male,France,25856.44,Divorced,Retired,11/8/2018,Senior,0,Phone Call
619536,1,Hill,29,Female,United Kingdom,20571.10,Married,Salaried Employee,12/3/2025,Retail,0,Mobile App Push
619696,5,Moore,78,Male,France,39774.11,Married,Retired,9/14/2025,Senior,0,SMS
619886,1,Garcia,49,Male,Germany,22801.56,Married,Salaried Employee,10/9/2016,Retail,2,SMS
619920,3,Shaffer,23,Male,Germany,10529.04,Single,Student,8/9/2017,Student,0,SMS
620039,1,Hernandez,46,Male,France,33032.27,Married,Salaried Employee,10/24/2024,Retail,0,Mobile App Push
620226,1,Yang,48,Female,Germany,74397.71,Married,Salaried Employee,3/15/2017,Retail,0,Mail
620248,2,Haney,35,Male,France,40961.40,Single,Business Owner,3/9/2026,Family,2,SMS
620287,1,Klein,49,Male,France,21938.47,Single,Salaried Employee,3/15/2017,Retail,0,Phone Call
620306,1,Gomez,50,Female,France,44035.91,Divorced,Salaried Employee,6/22/2025,Retail,1,Email
620438,1,Cole,33,Male,United States,46332.65,Married,Salaried Employee,10/24/2019,Retail,0,Mobile App Push
620465,2,Nelson,36,Male,Germany,52597.19,Single,Salaried Employee,11/1/2020,Family,0,SMS
620509,2,Brady,35,Female,Spain,32836.18,Married,Salaried Employee,9/22/2019,Family,2,Email
620526,1,Thompson,33,Male,Germany,31925.87,Single,Salaried Employee,11/16/2020,Retail,1,Mobile App Push
620856,5,Hill,81,Male,United Kingdom,42899.18,Married,Retired,11/9/2019,Senior,0,Phone Call
621199,1,Miller,61,Male,France,34182.39,Single,Unemployed,8/29/2019,Retail,2,Email
621292,1,Thompson,37,Female,United States,43337.75,Married,Salaried Employee,8/22/2018,Retail,2,Mobile App Push
621433,1,Cline,46,Male,United States,41940.07,Married,Business Owner,1/31/2021,Retail,1,Mobile App Push
621530,1,Tanner,54,Male,France,66897.93,Married,Salaried Employee,1/12/2020,Retail,1,Email
621533,2,Brown,28,Female,France,46390.53,Single,Salaried Employee,11/3/2019,Family,2,Phone Call
621546,1,Hall,55,Female,Spain,54294.60,Married,Salaried Employee,5/13/2021,Retail,0,Mobile App Push
621682,1,Scott,39,Male,France,45975.10,Divorced,Unemployed,5/24/2021,Retail,0,Mobile App Push
621691,3,Terrell,24,Male,Germany,10998.04,Single,Student,11/26/2016,Student,0,Email
621718,1,Solis,49,Male,United Kingdom,12541.70,Divorced,Salaried Employee,1/8/2017,Retail,0,SMS
621800,3,Preston,23,Female,United Kingdom,15005.27,Single,Student,8/6/2022,Student,0,SMS
621841,1,Payne,40,Male,Germany,31577.41,Single,Freelancer,5/19/2020,Retail,0,Mobile App Push
621877,1,Hayes,32,Male,Spain,32983.69,Single,Salaried Employee,9/1/2025,Retail,0,Email
621917,1,Smith,46,Male,Spain,37269.46,Single,Salaried Employee,5/5/2022,Retail,0,Phone Call
621919,2,Riddle,34,Male,Germany,55159.73,Married,Self-Employed,2/4/2017,Family,1,SMS
622230,2,Ruiz,43,Female,Germany,41734.90,Married,Salaried Employee,2/18/2023,Family,1,Mobile App Push
622355,4,Lopez,54,Male,United Kingdom,73155.42,Married,Salaried Employee,5/6/2025,Premium,0,Email
622469,1,Cantrell,47,Male,France,49422.98,Single,Salaried Employee,11/30/2022,Retail,0,Mail
622584,1,Logan,31,Male,Germany,69007.73,Single,Salaried Employee,10/28/2021,Retail,1,Mobile App Push
622605,1,Marshall,28,Female,France,37681.33,Single,Salaried Employee,11/12/2025,Retail,1,Mobile App Push
622669,2,Wright,47,Female,Germany,40352.07,Married,Salaried Employee,5/1/2026,Family,3,Email
622707,3,Maxwell,26,Male,Spain,14053.09,Single,Student,9/2/2022,Student,0,Mail
622864,2,Maxwell,31,Female,United States,26110.67,Married,Salaried Employee,8/5/2017,Family,2,SMS
622987,5,York,75,Male,United Kingdom,31333.86,Married,Salaried Employee,12/16/2017,Senior,0,Phone Call
622998,5,Lee,66,Female,France,26628.80,Married,Retired,4/8/2023,Senior,1,Email
623059,3,Smith,25,Male,France,18473.97,Single,Unemployed,11/19/2021,Student,0,Email
623125,1,Fields,57,Male,France,25694.23,Married,Salaried Employee,12/1/2020,Retail,3,Email
623238,5,Williams,77,Female,United Kingdom,18205.14,Widowed,Business Owner,1/12/2017,Senior,0,Phone Call
623285,5,Cooper,63,Male,Germany,37625.92,Widowed,Retired,3/6/2026,Senior,0,Phone Call
623481,5,Smith,70,Female,United States,64425.44,Divorced,Retired,2/18/2023,Senior,0,Mail
623555,5,Carey,79,Female,France,16953.67,Married,Salaried Employee,5/7/2020,Senior,0,Mail
623557,1,Sanchez,41,Male,United States,21429.55,Divorced,Salaried Employee,10/24/2023,Retail,1,SMS
623850,3,Stuart,20,Female,Germany,14431.04,Single,Student,3/16/2018,Student,0,Mobile App Push
623866,2,White,44,Female,United States,29172.57,Married,Self-Employed,2/13/2017,Family,4,Mobile App Push
623879,5,Madden,63,Male,France,34231.95,Married,Self-Employed,12/16/2022,Senior,0,Email
623956,3,Riley,19,Female,France,11579.23,Single,Student,11/18/2021,Student,0,Mobile App Push
624108,5,Brooks,66,Female,United States,17002.35,Married,Retired,9/19/2023,Senior,1,Phone Call
624139,4,Graham,57,Male,Spain,145178.57,Single,Salaried Employee,9/17/2019,Premium,0,Mobile App Push
624170,2,Nguyen,35,Male,France,22198.82,Married,Salaried Employee,7/27/2018,Family,4,Email
624203,1,Gibbs,41,Female,Germany,44126.27,Divorced,Freelancer,2/3/2024,Retail,1,Mail
624344,2,Martinez,49,Female,France,48307.86,Married,Business Owner,6/16/2023,Family,3,Mail
624369,3,Carter,25,Female,Spain,14731.43,Single,Student,1/16/2023,Student,0,Mobile App Push
624563,5,Wyatt,78,Female,Germany,48414.21,Married,Self-Employed,2/17/2019,Senior,0,Phone Call
624776,3,Smith,25,Male,Germany,11303.47,Single,Student,2/11/2024,Student,0,Phone Call
624783,2,Cannon,38,Male,Spain,68636.11,Married,Salaried Employee,8/1/2024,Family,4,Email
624788,1,Baldwin,47,Male,United States,42044.94,Single,Salaried Employee,3/12/2019,Retail,1,Mobile App Push
624902,1,Gilbert,36,Female,Spain,48844.97,Married,Freelancer,8/15/2025,Retail,1,SMS
624970,4,Gibbs,59,Female,Spain,98244.42,Married,Salaried Employee,9/26/2016,Premium,0,Email
624977,2,Sampson,32,Male,France,56040.27,Divorced,Salaried Employee,9/10/2020,Family,4,Mobile App Push
625119,3,Potter,24,Female,France,19781.06,Single,Student,9/5/2021,Student,0,Mobile App Push
625387,2,Price,48,Female,United Kingdom,45280.00,Married,Freelancer,4/28/2017,Family,1,SMS
625465,2,Garcia,50,Female,France,69942.81,Married,Salaried Employee,9/17/2025,Family,2,Phone Call
625600,1,Gallagher,53,Male,Germany,13549.84,Married,Salaried Employee,8/9/2020,Retail,0,Mail
625721,2,Roberson,36,Male,France,37841.88,Married,Business Owner,11/27/2017,Family,2,Email
625808,2,Stevens,44,Male,United Kingdom,44959.26,Married,Salaried Employee,11/2/2019,Family,4,Mobile App Push
626100,2,Stewart,43,Female,Spain,36818.24,Married,Freelancer,7/28/2022,Family,2,Email
626169,1,Byrd,31,Male,Germany,94965.86,Widowed,Unemployed,1/25/2023,Retail,1,SMS
626195,1,Taylor,33,Female,United States,33981.14,Single,Salaried Employee,5/18/2025,Retail,0,Mobile App Push
626199,1,Jackson,41,Male,United Kingdom,23711.21,Married,Salaried Employee,12/31/2021,Retail,1,Email
626214,5,Carroll,78,Male,France,32662.01,Widowed,Retired,4/21/2019,Senior,0,Mail
626392,2,Blair,48,Male,Germany,27302.87,Married,Unemployed,4/6/2021,Family,4,SMS
626428,3,Case,24,Male,Spain,18023.36,Single,Student,11/15/2023,Student,0,Mobile App Push
626491,3,Harris,20,Male,Germany,16384.21,Single,Student,5/3/2019,Student,0,SMS
626560,4,Benson,32,Male,France,90540.07,Single,Self-Employed,11/5/2021,Premium,2,Mobile App Push
626611,1,Braun,39,Male,Germany,39220.21,Single,Self-Employed,5/17/2023,Retail,0,Mobile App Push
626690,1,Aguilar,62,Female,Germany,38095.03,Single,Salaried Employee,1/16/2023,Retail,0,SMS
626725,2,Holmes,36,Female,United Kingdom,16674.74,Married,Salaried Employee,6/6/2026,Family,1,Mobile App Push
626797,4,Nguyen,43,Male,France,147185.18,Married,Self-Employed,11/20/2017,Premium,1,Mobile App Push
626806,1,Espinoza,59,Female,Spain,49884.59,Married,Salaried Employee,4/10/2017,Retail,0,Mobile App Push
626883,1,Kelly,54,Male,Spain,60396.33,Single,Salaried Employee,3/31/2022,Retail,2,Phone Call
626930,1,May,38,Female,United Kingdom,15045.40,Married,Salaried Employee,11/2/2017,Retail,1,Mobile App Push
626986,1,Graham,45,Female,France,43764.68,Married,Salaried Employee,7/2/2021,Retail,1,Email
627262,4,Le,41,Male,Spain,119058.92,Divorced,Business Owner,9/30/2019,Premium,2,Mail
627276,1,Pierce,39,Female,Germany,23156.34,Single,Salaried Employee,6/3/2018,Retail,2,Email
627290,1,Wilson,31,Male,France,40670.56,Single,Salaried Employee,9/4/2023,Retail,0,Mail
627335,2,Parrish,55,Female,Germany,42220.79,Married,Business Owner,10/4/2020,Family,3,Mail
627611,2,Chavez,37,Male,France,27011.70,Married,Freelancer,1/5/2017,Family,2,Email
627778,5,Munoz,88,Male,France,28515.16,Widowed,Self-Employed,7/31/2019,Senior,1,Mail
627786,2,Bryant,55,Male,United States,34922.81,Married,Salaried Employee,9/27/2022,Family,2,Mobile App Push
628027,1,Marshall,55,Male,Spain,26453.37,Married,Unemployed,11/11/2024,Retail,1,Mobile App Push
628313,2,Williams,35,Female,France,42082.03,Single,Salaried Employee,11/24/2021,Family,4,SMS
628370,1,Barnett,52,Male,United States,25324.94,Single,Salaried Employee,1/21/2019,Retail,1,Mobile App Push
628373,1,Carter,31,Male,Germany,23425.85,Married,Unemployed,11/27/2017,Retail,0,Email
628597,4,Roth,55,Female,Germany,93506.33,Married,Self-Employed,12/27/2018,Premium,1,Mobile App Push
628689,2,Brooks,41,Female,Spain,45360.88,Married,Self-Employed,3/9/2017,Family,2,Mail
628705,2,Hernandez,40,Male,France,75976.22,Married,Salaried Employee,3/27/2020,Family,2,Mail
628709,4,Garcia,39,Female,Spain,94120.43,Married,Salaried Employee,7/24/2021,Premium,0,Mobile App Push
628750,4,Allen,39,Male,United Kingdom,67536.91,Single,Self-Employed,5/29/2026,Premium,1,Email
628859,5,Bowman,61,Female,France,19961.50,Married,Salaried Employee,1/28/2019,Senior,0,Mail
629057,1,Reed,42,Male,France,39184.73,Married,Business Owner,9/10/2019,Retail,1,Email
629146,1,Schmitt,40,Female,United Kingdom,30920.09,Married,Salaried Employee,8/20/2020,Retail,0,Email
629208,5,Clark,70,Male,United Kingdom,28472.38,Married,Self-Employed,3/23/2018,Senior,0,Phone Call
629247,3,Garza,22,Male,United Kingdom,12270.63,Single,Student,7/31/2018,Student,0,Mail
629298,2,Johnson,35,Female,Germany,31691.86,Married,Salaried Employee,5/29/2024,Family,3,Mobile App Push
629663,1,Barrett,39,Male,Germany,38228.46,Married,Salaried Employee,9/30/2017,Retail,0,Mobile App Push
629678,2,Gentry,43,Male,France,37621.34,Single,Salaried Employee,4/6/2019,Family,2,Mobile App Push
629903,1,Roberts,43,Male,France,41343.52,Married,Salaried Employee,11/15/2018,Retail,1,SMS
629959,2,Hall,49,Female,Germany,48364.05,Married,Unemployed,9/4/2017,Family,3,Email
629979,4,Robinson,32,Female,Germany,132247.20,Married,Salaried Employee,9/21/2016,Premium,0,Mobile App Push
629990,1,Miller,31,Male,Germany,33728.06,Single,Self-Employed,8/5/2020,Retail,1,Phone Call
629996,1,Miller,35,Female,United States,45134.84,Married,Unemployed,2/22/2025,Retail,1,Mobile App Push
630041,4,King,34,Female,France,146149.27,Married,Freelancer,1/18/2017,Premium,1,Email
630108,2,Frye,41,Female,United States,26253.14,Married,Salaried Employee,6/20/2020,Family,2,Email
630126,1,Hill,58,Male,Spain,58573.28,Single,Business Owner,11/1/2023,Retail,0,Phone Call
630155,2,Avila,42,Female,United Kingdom,41144.60,Married,Salaried Employee,10/27/2024,Family,2,Email
630299,1,Gomez,47,Female,Spain,73491.77,Widowed,Self-Employed,4/26/2023,Retail,2,SMS
630458,1,Murray,29,Male,Spain,64997.04,Married,Self-Employed,9/1/2018,Retail,0,Email
630535,2,Gates,35,Female,Spain,29324.52,Married,Salaried Employee,11/11/2021,Family,1,SMS
630538,5,Elliott,68,Female,Germany,53359.90,Married,Retired,5/17/2017,Senior,0,Phone Call
630573,2,Robinson,40,Female,United Kingdom,33943.54,Divorced,Freelancer,4/5/2022,Family,1,Mobile App Push
630829,1,Sandoval,61,Female,Germany,40221.61,Single,Salaried Employee,11/11/2018,Retail,0,Mobile App Push
631219,2,Sanchez,34,Male,France,43242.61,Divorced,Freelancer,1/3/2024,Family,1,Mobile App Push
631221,5,Swanson,76,Female,United Kingdom,21264.06,Widowed,Retired,8/8/2021,Senior,0,Phone Call
631302,2,Leach,50,Male,Germany,34868.10,Married,Self-Employed,2/25/2020,Family,2,Mail
631413,5,Robinson,61,Female,France,17576.88,Married,Retired,6/25/2024,Senior,0,Mail
631553,4,Johnston,50,Female,France,66719.91,Married,Salaried Employee,2/19/2026,Premium,1,SMS
631699,4,Nelson,44,Female,United Kingdom,102336.29,Married,Salaried Employee,1/15/2023,Premium,0,Email
631756,1,Ortiz,29,Female,United States,44340.08,Single,Salaried Employee,6/4/2019,Retail,3,SMS
631815,3,Wells,22,Female,Spain,9338.02,Single,Student,8/27/2025,Student,0,Email
631958,2,Porter,52,Female,United Kingdom,61714.81,Married,Salaried Employee,8/21/2020,Family,2,Mobile App Push
631971,4,Gallegos,35,Female,France,130598.77,Married,Business Owner,1/6/2018,Premium,1,Mobile App Push
631981,2,Scott,40,Male,United States,20865.64,Married,Unemployed,11/30/2025,Family,1,Email
632060,4,Ferguson,63,Female,United Kingdom,184569.02,Married,Self-Employed,5/2/2021,Premium,2,Mail
632195,4,Osborne,55,Male,France,175171.66,Married,Self-Employed,4/24/2022,Premium,0,Mobile App Push
632280,2,Osborne,43,Female,Spain,47924.44,Married,Salaried Employee,9/22/2017,Family,2,Email
632323,2,Rogers,48,Male,Germany,40464.68,Widowed,Salaried Employee,12/4/2022,Family,2,Email
632342,5,Carpenter,72,Male,Spain,16478.35,Single,Retired,11/22/2020,Senior,0,Email
632351,5,Huff,73,Male,France,14093.80,Widowed,Retired,4/21/2022,Senior,0,Phone Call
632401,5,Smith,70,Female,United Kingdom,11567.36,Married,Retired,2/15/2022,Senior,2,Phone Call
632496,1,Hicks,39,Female,France,65630.30,Single,Salaried Employee,10/5/2023,Retail,2,Mail
632623,1,Hodge,37,Female,Germany,25319.15,Single,Salaried Employee,12/6/2016,Retail,0,Email
632929,5,Tran,65,Female,United States,21227.12,Divorced,Retired,3/3/2025,Senior,2,Phone Call
633025,4,Hobbs,49,Female,Germany,89574.57,Married,Salaried Employee,8/29/2023,Premium,0,Mail
633030,2,Sherman,38,Female,Spain,55565.49,Married,Freelancer,3/14/2022,Family,3,Email
633036,2,Young,33,Female,United States,58156.25,Married,Business Owner,8/30/2024,Family,2,Mobile App Push
633188,5,Oconnor,61,Female,Germany,65614.51,Married,Retired,1/27/2020,Senior,0,Mail
633243,5,Wheeler,73,Female,United States,17846.92,Married,Salaried Employee,1/31/2017,Senior,0,Phone Call
633447,2,Hines,51,Female,United States,50224.65,Married,Salaried Employee,8/4/2021,Family,3,SMS
633469,2,Johnson,39,Female,France,36655.57,Married,Salaried Employee,6/27/2019,Family,4,Mobile App Push
633541,1,Welch,44,Female,France,66467.97,Single,Salaried Employee,2/17/2021,Retail,3,Mobile App Push
633590,5,Tanner,74,Male,Spain,48308.74,Married,Retired,4/13/2019,Senior,0,Email
633853,1,Anderson,32,Female,Spain,24306.15,Single,Unemployed,1/3/2022,Retail,1,Mobile App Push
634150,2,Turner,44,Female,United Kingdom,69679.43,Married,Salaried Employee,9/2/2016,Family,2,Email
634160,2,Rubio,42,Male,France,26223.22,Married,Salaried Employee,6/2/2020,Family,2,Email
634273,2,Campbell,41,Female,France,19409.96,Married,Salaried Employee,2/28/2020,Family,1,Mobile App Push
634277,5,Valencia,78,Female,France,28295.01,Married,Retired,7/22/2024,Senior,1,Email
634473,1,Smith,44,Female,United Kingdom,33830.77,Single,Self-Employed,10/18/2019,Retail,3,Mail
634723,2,Davis,30,Female,Germany,61777.80,Married,Salaried Employee,1/28/2019,Family,0,Email
635167,5,Farrell,77,Male,Spain,40147.78,Married,Self-Employed,2/8/2018,Senior,2,Email
635205,2,Yang,31,Male,France,50974.05,Single,Salaried Employee,12/26/2017,Family,2,Phone Call
635218,1,Mcdonald,38,Male,Germany,34309.36,Single,Freelancer,2/17/2019,Retail,1,Email
635239,1,Mays,29,Female,Spain,39354.70,Married,Unemployed,12/16/2022,Retail,1,Mobile App Push
635280,5,Rhodes,74,Female,United Kingdom,19566.39,Married,Retired,7/15/2026,Senior,0,Email
635348,1,Sanders,38,Male,United Kingdom,56364.12,Married,Business Owner,2/1/2021,Retail,0,Mail
635482,4,Warren,57,Male,France,101685.13,Married,Business Owner,7/23/2023,Premium,0,Email
635593,1,Newman,33,Female,Spain,19236.07,Married,Salaried Employee,7/9/2018,Retail,0,SMS
635617,1,Young,41,Male,Germany,22569.77,Married,Salaried Employee,7/18/2025,Retail,1,Mobile App Push
635618,1,Moss,37,Male,Germany,36210.52,Married,Self-Employed,5/19/2020,Retail,0,Email
635638,1,Garcia,24,Male,Germany,30177.21,Married,Salaried Employee,4/23/2022,Retail,0,SMS
635740,1,Macias,55,Male,France,31128.66,Divorced,Freelancer,8/2/2026,Retail,3,Email
635962,1,King,32,Male,United Kingdom,38854.43,Single,Salaried Employee,8/1/2025,Retail,0,Mobile App Push
636004,5,Rose,72,Male,Germany,33089.76,Married,Retired,5/30/2020,Senior,2,Phone Call
636107,3,David,18,Female,United Kingdom,12123.59,Single,Student,11/11/2016,Student,0,Email
636141,3,Brown,19,Female,Germany,9351.78,Single,Student,4/30/2021,Student,0,Email
636265,1,Bailey,46,Female,Germany,45651.08,Single,Salaried Employee,8/27/2025,Retail,1,Mail
636361,2,Luna,35,Male,United Kingdom,34768.71,Married,Salaried Employee,9/21/2024,Family,1,Mobile App Push
636435,5,Wang,73,Male,United Kingdom,60254.68,Married,Self-Employed,2/11/2024,Senior,0,Mail
636521,2,Robertson,38,Female,United States,47713.59,Married,Unemployed,7/10/2024,Family,3,SMS
636561,2,Smith,41,Female,United States,51391.34,Married,Salaried Employee,1/3/2021,Family,2,Email
637179,1,Arroyo,48,Female,United States,78139.47,Married,Self-Employed,1/4/2017,Retail,3,SMS
637234,4,Mullen,55,Male,Germany,101446.65,Divorced,Self-Employed,5/24/2018,Premium,2,Mobile App Push
637333,2,Jones,45,Male,Germany,40197.23,Married,Salaried Employee,3/11/2023,Family,2,Email
637450,2,Mccall,44,Female,United Kingdom,34048.01,Married,Salaried Employee,2/18/2024,Family,2,SMS
637544,2,Macias,52,Male,Germany,22523.82,Married,Salaried Employee,4/24/2019,Family,1,Mobile App Push
637566,4,Hampton,49,Female,France,62185.11,Married,Business Owner,1/31/2024,Premium,1,Mail
637727,1,Cole,42,Male,United States,54232.30,Married,Self-Employed,3/15/2021,Retail,2,Mobile App Push
638009,5,Ferguson,79,Female,Spain,21171.86,Married,Retired,4/21/2023,Senior,1,Mail
638169,1,Chapman,46,Male,United Kingdom,41152.37,Single,Unemployed,12/20/2024,Retail,0,Mobile App Push
638179,1,Williams,24,Male,France,62403.34,Single,Salaried Employee,11/13/2025,Retail,2,Email
638214,2,Anderson,48,Female,Germany,57920.65,Married,Self-Employed,7/21/2017,Family,3,Email
638220,1,Miller,57,Male,Germany,74866.75,Married,Self-Employed,3/19/2025,Retail,2,Email
638289,3,Branch,18,Male,United States,8807.25,Single,Student,10/4/2022,Student,0,Mobile App Push
638401,2,Sheppard,48,Male,France,62874.48,Married,Salaried Employee,12/25/2022,Family,0,Email
638807,5,Montgomery,79,Female,France,19138.88,Widowed,Retired,12/1/2021,Senior,0,Email
638857,1,Christensen,37,Female,United States,47824.16,Married,Salaried Employee,1/6/2018,Retail,1,Mobile App Push
639031,1,James,50,Female,United States,42218.34,Married,Business Owner,2/16/2025,Retail,2,Mobile App Push
639111,5,Barajas,73,Female,France,12502.47,Married,Retired,1/20/2021,Senior,0,Mail
639131,1,Yu,53,Female,Germany,41706.86,Married,Freelancer,8/25/2017,Retail,1,SMS
639292,1,Castillo,30,Male,France,17862.55,Married,Self-Employed,1/7/2024,Retail,0,Mobile App Push
639403,5,Price,85,Female,France,46333.09,Widowed,Retired,1/9/2025,Senior,0,Phone Call
639535,2,Gibson,39,Male,Spain,53564.49,Married,Salaried Employee,11/15/2025,Family,2,Mobile App Push
639593,1,Anderson,42,Female,Germany,21682.27,Single,Salaried Employee,2/16/2024,Retail,1,Email
639728,4,Martinez,37,Male,France,86380.03,Married,Salaried Employee,8/13/2018,Premium,0,Mobile App Push
639740,1,Gordon,53,Female,France,53216.13,Divorced,Freelancer,2/23/2025,Retail,0,SMS
639915,2,Knapp,38,Female,Germany,35009.33,Married,Freelancer,8/31/2021,Family,2,Mobile App Push
639995,1,Moreno,30,Male,Germany,56001.66,Married,Salaried Employee,10/8/2017,Retail,1,Phone Call
640299,1,Carroll,52,Male,France,22221.25,Married,Salaried Employee,1/4/2020,Retail,2,SMS
640310,1,Price,39,Male,France,28794.35,Single,Salaried Employee,6/9/2022,Retail,0,Email
640410,1,Newton,51,Female,France,52368.94,Married,Salaried Employee,9/21/2020,Retail,0,SMS
640418,4,Welch,50,Female,Spain,71828.02,Married,Salaried Employee,10/16/2021,Premium,1,Mobile App Push
640490,5,Potts,64,Female,United Kingdom,32356.62,Single,Retired,12/20/2020,Senior,1,Email
640546,5,Glass,74,Male,France,14720.47,Widowed,Retired,4/4/2018,Senior,1,SMS
640659,1,Watson,29,Male,France,27141.18,Married,Salaried Employee,11/18/2021,Retail,2,Mobile App Push
640828,4,Thompson,46,Male,France,130203.97,Married,Business Owner,11/7/2018,Premium,1,Mobile App Push
640869,2,Benjamin,37,Male,Spain,43537.58,Married,Salaried Employee,11/22/2020,Family,2,SMS
640970,2,Gonzalez,42,Male,Germany,30795.59,Single,Unemployed,2/12/2023,Family,1,Email
641058,2,Alvarez,28,Female,Spain,49137.09,Single,Salaried Employee,3/4/2019,Family,2,Mobile App Push
641198,1,Rogers,42,Female,Spain,71034.01,Married,Salaried Employee,3/15/2021,Retail,0,Mail
641218,1,Cabrera,32,Female,France,45460.04,Single,Salaried Employee,1/28/2023,Retail,0,SMS
641455,2,Phillips,45,Male,United Kingdom,46541.25,Married,Salaried Employee,4/17/2024,Family,3,SMS
641590,1,Wagner,41,Male,France,63244.51,Married,Salaried Employee,7/31/2018,Retail,1,Mobile App Push
641593,1,Harrison,50,Female,Germany,15658.67,Married,Self-Employed,5/13/2021,Retail,0,Phone Call
641704,2,Thomas,38,Male,United Kingdom,28229.17,Married,Business Owner,1/15/2022,Family,3,Mobile App Push
641722,5,Lee,68,Male,Spain,19651.94,Married,Retired,11/3/2023,Senior,0,Phone Call
641737,1,Edwards,41,Female,United Kingdom,50592.07,Single,Self-Employed,8/31/2018,Retail,1,Phone Call
641760,1,Jenkins,55,Female,Germany,24464.48,Single,Unemployed,10/9/2021,Retail,1,Mobile App Push
641922,1,Carter,52,Male,Germany,25195.95,Married,Salaried Employee,4/23/2021,Retail,1,Email
641975,2,Ward,50,Male,France,26187.15,Married,Self-Employed,10/4/2025,Family,1,Email
642060,1,Wolf,31,Male,France,27875.03,Widowed,Self-Employed,2/21/2023,Retail,0,Mobile App Push
642081,2,Flores,42,Female,Germany,44371.07,Single,Salaried Employee,12/11/2024,Family,2,Email
642121,2,Ryan,47,Female,Germany,64779.25,Single,Freelancer,2/5/2017,Family,1,Mail
642347,5,Kim,65,Male,France,12079.00,Married,Retired,6/25/2023,Senior,2,Email
642421,3,Andrade,26,Female,Germany,13073.52,Single,Student,2/15/2023,Student,0,Mobile App Push
642491,1,Navarro,62,Female,Germany,36306.02,Single,Salaried Employee,2/1/2024,Retail,1,Mobile App Push
642717,2,Bell,28,Male,Germany,30666.67,Married,Freelancer,8/5/2026,Family,3,SMS
642752,5,Mitchell,78,Male,Germany,21878.44,Widowed,Retired,2/4/2018,Senior,1,Mail
642892,2,Mcgrath,43,Female,Spain,37612.12,Married,Salaried Employee,4/12/2017,Family,1,Mail
642895,2,Smith,35,Female,United Kingdom,43681.90,Married,Salaried Employee,6/27/2017,Family,2,Mobile App Push
642899,1,Edwards,54,Female,United Kingdom,25786.25,Divorced,Freelancer,1/18/2017,Retail,1,Email
643042,2,Johnson,32,Male,Germany,36645.91,Married,Salaried Employee,5/26/2024,Family,1,Email
643118,4,Rivera,67,Female,France,63301.61,Single,Business Owner,4/2/2025,Premium,0,Email
643269,2,Dominguez,49,Male,France,19829.22,Married,Business Owner,7/22/2025,Family,1,Mail
643323,2,Cole,46,Male,Germany,25766.76,Married,Salaried Employee,7/3/2022,Family,1,Phone Call
643377,2,Gutierrez,45,Male,United States,46276.16,Married,Salaried Employee,8/23/2018,Family,2,SMS
643623,1,Richmond,25,Female,France,24028.28,Divorced,Salaried Employee,6/7/2020,Retail,1,Phone Call
643878,3,Barker,22,Female,Germany,19432.67,Single,Freelancer,6/13/2023,Student,0,Mobile App Push
643899,1,Welch,36,Male,Spain,73196.97,Divorced,Self-Employed,2/1/2025,Retail,0,Mobile App Push
643998,2,Brooks,34,Female,United States,27372.55,Married,Business Owner,4/20/2018,Family,3,Email
644103,1,Baker,34,Male,France,18715.91,Single,Salaried Employee,2/24/2026,Retail,0,Email
644173,1,Perry,45,Female,United States,36014.64,Single,Salaried Employee,4/13/2019,Retail,2,Mobile App Push
644315,4,Hill,64,Female,France,120351.88,Married,Self-Employed,3/25/2026,Premium,0,SMS
644500,1,Hancock,45,Female,France,30500.06,Single,Salaried Employee,7/19/2022,Retail,2,Mail
644559,3,Green,20,Male,United States,12156.39,Single,Student,4/24/2018,Student,0,Email
644676,5,Garcia,71,Female,Germany,78008.10,Married,Retired,11/9/2017,Senior,2,Phone Call
644719,1,King,45,Male,France,38775.28,Married,Self-Employed,3/16/2019,Retail,2,Mail
644932,1,Mills,54,Female,Germany,40966.06,Single,Freelancer,5/12/2023,Retail,0,Mail
644951,2,Ruiz,40,Female,United Kingdom,45557.59,Married,Salaried Employee,7/1/2023,Family,2,Mobile App Push
645007,2,Lane,36,Female,Spain,43412.27,Divorced,Salaried Employee,11/14/2021,Family,2,Email
645009,1,Rose,41,Female,United Kingdom,44505.98,Single,Self-Employed,3/31/2023,Retail,0,SMS
645175,1,Lin,38,Male,France,81096.02,Divorced,Self-Employed,11/3/2022,Retail,1,SMS
645209,3,Hickman,22,Female,United Kingdom,20657.39,Single,Student,3/7/2022,Student,0,SMS
645561,2,Martin,44,Male,France,41474.81,Divorced,Freelancer,4/19/2021,Family,1,SMS
645583,1,Tyler,28,Female,France,28482.25,Married,Salaried Employee,7/30/2024,Retail,1,SMS
645617,5,Wilson,76,Female,United Kingdom,12889.99,Married,Salaried Employee,1/4/2018,Senior,1,Phone Call
645865,1,Sellers,42,Female,United Kingdom,36426.67,Single,Unemployed,10/29/2017,Retail,1,Email
645895,3,Peterson,21,Male,Germany,8000.00,Married,Student,8/31/2020,Student,0,Email
645928,2,Rogers,32,Female,United States,36420.72,Married,Salaried Employee,4/30/2021,Family,2,Email
645940,1,Patterson,39,Female,United Kingdom,48571.72,Divorced,Freelancer,8/15/2024,Retail,0,Email
646012,4,Jones,45,Male,Germany,159986.11,Married,Self-Employed,9/18/2024,Premium,1,Mail
646230,2,Hernandez,34,Female,Germany,43510.12,Married,Unemployed,8/23/2020,Family,1,Mobile App Push
646240,1,Owens,38,Male,Germany,39381.76,Single,Self-Employed,4/27/2026,Retail,1,SMS
646313,1,Mason,28,Female,Spain,25687.89,Widowed,Unemployed,11/2/2024,Retail,0,Email
646384,2,Cooper,38,Female,United Kingdom,33175.14,Married,Business Owner,11/18/2024,Family,1,Phone Call
646417,5,Quinn,80,Male,Germany,15272.36,Married,Retired,5/8/2025,Senior,0,SMS
646428,1,Gutierrez,31,Male,France,43011.89,Married,Unemployed,5/6/2021,Retail,1,SMS
646453,1,Vang,40,Male,United Kingdom,26395.72,Single,Salaried Employee,5/27/2023,Retail,2,SMS
646571,2,Scott,44,Male,Germany,55000.12,Married,Self-Employed,11/1/2018,Family,3,Mobile App Push
646622,4,Fleming,55,Male,France,73548.53,Married,Freelancer,6/21/2017,Premium,2,SMS
646699,3,Wood,20,Female,United States,22117.61,Single,Student,1/4/2023,Student,0,Mobile App Push
646781,3,Cruz,22,Male,United Kingdom,19042.04,Single,Student,8/20/2021,Student,0,Email
647091,3,Fisher,19,Male,United States,10895.46,Single,Student,1/20/2023,Student,0,Mobile App Push
647114,4,Rodgers,35,Male,United States,118530.77,Married,Salaried Employee,2/14/2019,Premium,1,Email
647341,1,Newman,43,Male,Germany,37255.14,Single,Salaried Employee,9/10/2023,Retail,1,Mobile App Push
647403,1,Brown,50,Female,United Kingdom,19561.27,Married,Self-Employed,7/20/2019,Retail,1,Mobile App Push
647718,1,Hines,27,Male,Germany,29375.38,Married,Freelancer,1/22/2017,Retail,0,SMS
647923,1,Small,44,Male,Germany,60028.65,Married,Self-Employed,3/7/2022,Retail,0,Email
647945,1,Cortez,46,Female,United Kingdom,42220.56,Single,Salaried Employee,11/12/2025,Retail,1,Email
647957,2,Gardner,45,Male,France,22734.27,Married,Salaried Employee,7/8/2022,Family,4,Mobile App Push
647967,1,Wright,45,Male,France,30946.26,Married,Business Owner,4/26/2024,Retail,0,Email
648102,1,Rodriguez,56,Female,France,46108.73,Married,Salaried Employee,6/5/2018,Retail,2,Mobile App Push
648122,1,Whitaker,24,Male,Germany,29517.36,Married,Self-Employed,11/18/2018,Retail,0,Mobile App Push
648141,1,Carter,43,Female,France,38749.94,Married,Salaried Employee,11/24/2020,Retail,0,Mail
648177,2,Shaw,41,Female,France,46090.29,Divorced,Salaried Employee,12/18/2016,Family,3,Email
648410,4,Bruce,56,Male,France,265869.60,Married,Business Owner,5/29/2020,Premium,0,Email
648496,4,Gonzales,56,Male,Germany,102361.80,Married,Business Owner,2/1/2024,Premium,2,SMS
648513,1,Martinez,59,Female,Germany,35965.35,Single,Freelancer,9/7/2025,Retail,2,Phone Call
648530,1,Galloway,45,Female,United Kingdom,54465.86,Divorced,Salaried Employee,3/12/2026,Retail,0,Email
648558,3,Beard,20,Male,Germany,8737.05,Single,Student,2/21/2020,Student,0,Phone Call
648615,1,Reyes,49,Female,United States,38828.67,Single,Self-Employed,11/4/2021,Retail,1,Mobile App Push
648684,1,Knox,41,Male,United States,28219.76,Married,Salaried Employee,4/1/2018,Retail,1,Mobile App Push
648736,1,Roberts,34,Female,Germany,53561.96,Single,Unemployed,3/29/2017,Retail,1,Mobile App Push
648779,2,Rosales,43,Male,France,88039.63,Married,Salaried Employee,12/9/2021,Family,1,Email
648887,1,Roth,59,Female,Germany,47250.33,Single,Salaried Employee,2/25/2020,Retail,2,Mobile App Push
648913,1,Carter,47,Female,United Kingdom,59053.29,Divorced,Salaried Employee,2/1/2017,Retail,0,Email
649063,2,Cox,38,Female,United States,53472.62,Married,Unemployed,2/27/2018,Family,1,Email
649249,3,Newton,23,Male,United States,19474.44,Single,Student,1/4/2023,Student,0,Mobile App Push
649262,5,Grimes,61,Male,Spain,47209.41,Married,Retired,4/29/2022,Senior,0,Email
649300,4,Roberson,48,Female,United States,83827.71,Divorced,Salaried Employee,3/29/2019,Premium,2,Phone Call
649395,1,Foster,40,Female,France,30301.01,Single,Self-Employed,8/8/2019,Retail,2,SMS
649414,4,Jones,50,Male,United States,110492.12,Single,Salaried Employee,8/28/2017,Premium,3,SMS
649435,1,Hoover,35,Female,Germany,33059.75,Married,Salaried Employee,6/11/2018,Retail,0,Mobile App Push
649525,2,Smith,46,Female,Germany,44436.64,Married,Freelancer,5/13/2021,Family,3,Phone Call
649526,1,Taylor,40,Male,United States,30965.06,Divorced,Freelancer,12/1/2019,Retail,0,SMS
649577,3,Schaefer,24,Female,United Kingdom,16861.09,Single,Student,8/22/2019,Student,0,Email
649697,1,Davis,49,Female,Spain,54055.37,Married,Business Owner,2/27/2024,Retail,0,Email
649713,1,Torres,54,Female,United States,17320.84,Single,Self-Employed,7/15/2025,Retail,1,Email
649753,1,Anderson,37,Female,France,31907.58,Divorced,Salaried Employee,2/26/2024,Retail,0,Mobile App Push
649787,5,Patel,78,Male,France,51387.13,Divorced,Retired,12/19/2025,Senior,0,Mail
649855,2,Pope,54,Female,Spain,42413.06,Married,Salaried Employee,2/23/2024,Family,1,Email
649857,2,Stephenson,43,Male,Spain,35523.67,Divorced,Salaried Employee,3/8/2024,Family,1,SMS
649939,4,Lamb,63,Male,Spain,99452.24,Married,Self-Employed,1/18/2019,Premium,2,Mobile App Push
650121,5,Hodge,65,Male,United States,17927.84,Widowed,Retired,4/3/2022,Senior,2,SMS
650131,2,Gregory,55,Male,United States,43203.11,Married,Salaried Employee,5/30/2019,Family,3,Mobile App Push
650311,1,Leblanc,60,Male,United States,31823.03,Single,Self-Employed,9/17/2019,Retail,1,SMS
650607,1,Taylor,38,Female,United Kingdom,42485.29,Single,Freelancer,5/27/2026,Retail,0,Email
650744,4,Meyer,59,Male,France,126814.67,Married,Business Owner,3/5/2022,Premium,1,Mobile App Push
650779,1,Harper,62,Male,France,36364.52,Single,Salaried Employee,11/7/2019,Retail,0,SMS
650912,2,Boyd,41,Male,Spain,66640.24,Married,Self-Employed,6/14/2024,Family,1,SMS
650916,2,Terry,43,Female,Germany,32222.08,Married,Salaried Employee,4/25/2023,Family,0,Mail
651002,2,Walker,34,Male,Spain,50697.31,Married,Salaried Employee,2/20/2018,Family,2,Mail
651033,1,Sutton,52,Female,Germany,38499.42,Married,Self-Employed,4/16/2020,Retail,3,Mail
651231,2,Reese,37,Female,France,36630.95,Divorced,Salaried Employee,8/10/2019,Family,1,Mail
651273,1,Smith,48,Male,France,68051.52,Single,Salaried Employee,4/10/2022,Retail,2,Mobile App Push
651356,1,Williams,54,Male,Germany,19359.38,Divorced,Salaried Employee,10/17/2022,Retail,1,SMS
651363,1,Baker,44,Male,United Kingdom,47211.02,Married,Business Owner,1/16/2019,Retail,0,Mobile App Push
651499,1,Berry,28,Male,France,66308.83,Single,Self-Employed,4/10/2018,Retail,1,SMS
651613,2,Austin,49,Female,Germany,41017.85,Married,Salaried Employee,10/26/2020,Family,2,Email
651640,5,Martin,82,Male,France,54873.86,Married,Retired,1/19/2017,Senior,0,Mail
651752,1,Jimenez,49,Male,France,49457.29,Single,Freelancer,11/12/2021,Retail,0,Mail
651860,2,Mccullough,48,Female,Spain,34858.22,Divorced,Freelancer,2/18/2017,Family,4,Mobile App Push
651963,1,Howard,53,Female,United Kingdom,18277.04,Married,Salaried Employee,6/27/2023,Retail,0,Phone Call
651978,2,Bennett,55,Male,Germany,84141.21,Married,Freelancer,1/8/2017,Family,1,Email
652021,2,Prince,41,Female,Spain,54924.16,Married,Business Owner,12/21/2020,Family,2,SMS
652029,1,Mclaughlin,44,Female,United Kingdom,30974.01,Single,Salaried Employee,11/5/2016,Retail,1,Mobile App Push
652108,3,Henry,20,Female,United States,12525.41,Single,Student,9/6/2018,Student,0,Phone Call
652266,3,Williams,22,Female,France,10335.32,Single,Student,5/28/2018,Student,0,SMS
652329,1,Avila,31,Male,Germany,120889.49,Married,Salaried Employee,6/17/2022,Retail,1,Mobile App Push
652388,4,Davis,51,Male,France,170531.59,Married,Business Owner,8/2/2022,Premium,1,Mobile App Push
652530,1,Cooper,41,Female,France,34955.70,Single,Salaried Employee,11/2/2023,Retail,2,Email
652654,2,Robinson,50,Male,Germany,33065.31,Married,Freelancer,9/7/2020,Family,1,Mobile App Push
653007,1,Howell,33,Female,Germany,34853.97,Single,Salaried Employee,4/18/2024,Retail,2,Phone Call
653081,1,Perez,50,Female,France,28540.99,Single,Salaried Employee,4/17/2025,Retail,3,Phone Call
653306,1,Morrison,43,Female,Germany,27737.41,Divorced,Self-Employed,1/21/2022,Retail,0,SMS
653349,2,Goodwin,35,Female,Germany,53862.98,Married,Salaried Employee,11/26/2017,Family,3,SMS
653408,1,Daugherty,49,Female,Germany,61789.98,Single,Business Owner,7/21/2026,Retail,0,Phone Call
653815,1,Gonzalez,38,Male,France,24783.05,Married,Freelancer,10/24/2020,Retail,0,Mobile App Push
653829,1,Morris,37,Male,Spain,29766.72,Single,Salaried Employee,12/4/2017,Retail,2,Mobile App Push
653948,1,Ward,41,Male,United Kingdom,64786.59,Divorced,Self-Employed,12/26/2019,Retail,2,Mail
654531,2,Guerrero,47,Male,Germany,55172.47,Married,Salaried Employee,7/16/2017,Family,1,SMS
654634,1,Lindsey,40,Male,United Kingdom,29971.82,Married,Salaried Employee,6/16/2019,Retail,2,SMS
654640,5,Khan,78,Male,France,20590.33,Married,Salaried Employee,4/22/2023,Senior,0,Phone Call
654718,1,Lane,55,Female,France,18843.32,Single,Self-Employed,1/15/2019,Retail,1,Mobile App Push
654816,2,Lin,32,Female,Germany,34455.86,Married,Business Owner,11/17/2019,Family,2,Mobile App Push
655132,3,Johnson,22,Female,United Kingdom,14880.07,Single,Student,8/24/2024,Student,0,Mobile App Push
655134,1,Fleming,39,Female,Spain,38824.91,Married,Unemployed,4/2/2022,Retail,2,SMS
655149,2,Hale,43,Male,United States,42009.62,Married,Salaried Employee,10/22/2019,Family,1,Mobile App Push
655178,4,Snyder,45,Female,United States,118273.48,Married,Business Owner,5/20/2020,Premium,0,Email
655550,1,Mayo,34,Male,United Kingdom,33114.86,Single,Self-Employed,8/16/2025,Retail,0,Mobile App Push
655552,4,Melton,46,Female,United Kingdom,172332.99,Married,Business Owner,12/7/2025,Premium,0,Mail
655575,3,Carter,19,Male,Germany,15081.01,Single,Student,11/9/2023,Student,0,Email
655736,2,Stephens,40,Male,France,23191.33,Married,Salaried Employee,8/24/2018,Family,4,Email
655953,4,Brown,32,Female,United States,71449.64,Married,Self-Employed,10/9/2018,Premium,0,Email
656011,1,Fernandez,28,Female,France,31434.32,Married,Salaried Employee,4/6/2023,Retail,1,Email
656116,1,Smith,41,Male,Germany,56006.34,Married,Self-Employed,2/26/2023,Retail,0,Email
656127,5,Elliott,74,Female,Germany,55921.08,Widowed,Retired,8/24/2025,Senior,0,Mail
656208,1,Sanders,44,Female,Germany,32087.14,Single,Freelancer,3/7/2021,Retail,1,Phone Call
656251,1,White,42,Male,France,26393.45,Single,Salaried Employee,1/21/2021,Retail,1,Mobile App Push
656268,2,Moody,52,Female,France,37271.67,Divorced,Salaried Employee,8/19/2016,Family,2,Email
656278,5,Rosario,61,Female,France,59956.94,Married,Retired,3/6/2022,Senior,0,Phone Call
656329,2,Mueller,52,Male,France,26925.90,Married,Self-Employed,12/20/2018,Family,1,Email
656379,1,Collier,45,Male,Germany,29663.18,Widowed,Freelancer,9/9/2016,Retail,0,SMS
656639,5,Vincent,73,Male,France,33546.07,Widowed,Retired,3/30/2026,Senior,0,Phone Call
656710,3,Estrada,23,Female,Germany,19681.43,Single,Student,3/11/2019,Student,0,SMS
656711,5,Cortez,67,Male,Germany,81091.85,Widowed,Retired,4/15/2018,Senior,0,Email
656829,5,Lee,77,Male,France,33112.05,Married,Retired,7/4/2017,Senior,0,SMS
656837,1,Saunders,34,Female,United Kingdom,36863.09,Married,Salaried Employee,2/10/2024,Retail,1,SMS
656921,1,Brown,43,Male,Spain,60113.06,Married,Salaried Employee,8/15/2018,Retail,1,SMS
656926,4,Durham,47,Male,Germany,96743.85,Widowed,Business Owner,7/8/2026,Premium,2,Email
656932,2,Norris,45,Female,Germany,90482.63,Married,Business Owner,11/8/2020,Family,2,SMS
656937,3,Moyer,25,Female,Germany,18066.90,Divorced,Student,1/19/2017,Student,0,Mail
656968,1,Mccall,45,Male,Germany,30205.21,Single,Self-Employed,8/14/2022,Retail,0,SMS
657062,3,Mullins,24,Female,Spain,37322.84,Single,Student,5/26/2019,Student,0,Mobile App Push
657101,2,Joyce,38,Female,Germany,36009.51,Married,Salaried Employee,1/26/2020,Family,1,Email
657244,1,Richardson,35,Male,United States,45908.68,Single,Freelancer,8/5/2022,Retail,0,Phone Call
657381,1,Yang,37,Female,Germany,51950.08,Single,Salaried Employee,6/13/2024,Retail,2,Email
657487,1,Lopez,38,Female,France,29687.79,Single,Self-Employed,12/24/2020,Retail,0,Phone Call
657742,5,Evans,77,Male,France,15030.24,Widowed,Retired,10/3/2021,Senior,0,Phone Call
657772,1,Smith,31,Male,Germany,27379.10,Widowed,Salaried Employee,12/9/2021,Retail,3,Mobile App Push
657783,2,Ross,28,Female,France,30101.51,Married,Self-Employed,5/14/2024,Family,2,Email
658065,4,Clark,58,Female,France,146650.78,Single,Freelancer,8/31/2023,Premium,0,SMS
658131,1,Lyons,47,Female,Spain,19877.80,Married,Salaried Employee,8/1/2021,Retail,1,Mail
658136,1,Hamilton,38,Female,United States,31462.51,Single,Freelancer,2/18/2020,Retail,2,Email
658198,1,Cantrell,41,Male,Germany,28466.14,Married,Salaried Employee,12/24/2023,Retail,1,Mobile App Push
658388,2,Frank,50,Male,France,34937.12,Married,Salaried Employee,5/27/2020,Family,1,Email
658453,5,Watts,76,Male,Spain,23354.64,Widowed,Retired,2/21/2023,Senior,1,Phone Call
658582,3,Daniels,20,Female,Spain,18477.53,Single,Student,9/1/2020,Student,0,Mobile App Push
658623,5,Medina,77,Female,United Kingdom,37836.06,Married,Retired,4/20/2021,Senior,0,Mail
658624,2,Martin,40,Male,France,52927.93,Married,Business Owner,3/18/2018,Family,1,Email
658739,2,Bennett,47,Female,France,37016.33,Married,Salaried Employee,2/14/2023,Family,2,Email
658850,5,Perez,80,Male,Spain,30119.63,Divorced,Retired,7/10/2024,Senior,0,Phone Call
659024,4,Stevens,59,Female,United States,37470.69,Married,Business Owner,9/25/2017,Premium,0,Mail
659106,5,Watkins,71,Male,France,26693.29,Divorced,Retired,4/28/2018,Senior,0,Mobile App Push
659381,3,Pruitt,24,Male,Germany,27337.89,Single,Student,9/30/2017,Student,0,Mobile App Push
659392,4,Andrews,51,Male,United Kingdom,147462.98,Divorced,Business Owner,8/22/2025,Premium,0,Email
659399,5,Patterson,68,Female,Germany,66925.26,Widowed,Salaried Employee,1/7/2020,Senior,0,SMS
659543,1,Garcia,37,Female,Spain,14326.01,Divorced,Freelancer,5/2/2026,Retail,2,SMS
659572,2,Harrell,43,Male,United Kingdom,59237.76,Married,Salaried Employee,1/30/2020,Family,1,Mobile App Push
659614,5,Jones,76,Female,France,25960.17,Married,Self-Employed,1/22/2022,Senior,0,Phone Call
659711,5,Salas,75,Male,France,13711.99,Married,Retired,1/3/2024,Senior,2,Mail
659713,1,Coleman,41,Male,United States,36537.81,Single,Salaried Employee,1/25/2025,Retail,2,Email
659835,1,Blair,40,Female,Germany,26253.63,Single,Salaried Employee,5/21/2024,Retail,2,Email
659837,3,Rodriguez,23,Male,France,13497.87,Single,Student,4/18/2022,Student,0,Mail
659876,1,Bauer,38,Male,United Kingdom,42433.17,Married,Salaried Employee,7/7/2022,Retail,0,Email
659921,1,Warren,47,Male,United States,46596.07,Married,Salaried Employee,6/6/2017,Retail,1,Email
659951,2,Norris,32,Female,United States,42766.79,Married,Business Owner,10/24/2024,Family,2,Mail
660069,1,Hicks,35,Male,United Kingdom,32652.24,Divorced,Freelancer,8/2/2018,Retail,1,Phone Call
660081,2,Mosley,34,Male,Germany,29339.03,Divorced,Salaried Employee,6/26/2020,Family,1,Email
660086,2,Brown,47,Male,United Kingdom,44708.88,Married,Salaried Employee,8/9/2020,Family,3,Mobile App Push
660226,1,Higgins,28,Female,Spain,33541.67,Single,Self-Employed,1/5/2020,Retail,2,Mail
660324,1,Smith,36,Female,United States,47936.80,Single,Salaried Employee,6/28/2018,Retail,0,Email
660384,2,Sanders,42,Male,Spain,43447.32,Married,Salaried Employee,1/1/2024,Family,1,Mobile App Push
660596,1,Buchanan,31,Male,United Kingdom,48182.22,Married,Unemployed,7/26/2023,Retail,1,Mobile App Push
660605,1,Forbes,28,Male,Spain,41170.08,Married,Salaried Employee,11/28/2020,Retail,1,Mobile App Push
660708,1,Harrison,40,Female,Spain,38655.60,Married,Salaried Employee,10/22/2023,Retail,2,Mobile App Push
660814,1,Cardenas,26,Male,France,35859.91,Married,Salaried Employee,10/28/2020,Retail,1,Email
660957,3,Smith,19,Female,Germany,20405.03,Single,Student,5/24/2019,Student,0,Email
661023,2,Little,32,Male,United States,46196.08,Divorced,Salaried Employee,7/28/2021,Family,1,SMS
661091,1,Greer,35,Male,France,38202.78,Married,Salaried Employee,3/1/2023,Retail,3,Mobile App Push
661147,5,Dominguez,70,Female,United States,39462.69,Divorced,Retired,4/5/2019,Senior,0,Email
661307,1,Rollins,49,Male,Germany,34582.48,Divorced,Salaried Employee,2/14/2025,Retail,0,Mobile App Push
661527,2,Rios,45,Female,France,86965.34,Married,Salaried Employee,6/8/2024,Family,1,Mail
661652,5,Ramirez,71,Male,Spain,24185.12,Widowed,Self-Employed,11/26/2023,Senior,0,Phone Call
661654,2,Barber,45,Female,United States,34651.66,Single,Self-Employed,2/5/2024,Family,2,SMS
661671,1,Weaver,45,Female,Germany,45180.60,Single,Salaried Employee,3/16/2020,Retail,2,Mobile App Push
661762,5,Hudson,73,Male,Germany,18789.78,Widowed,Retired,3/11/2019,Senior,0,Email
661894,1,Fox,24,Male,United Kingdom,64972.80,Married,Salaried Employee,7/7/2018,Retail,0,Mobile App Push
661916,2,Singh,42,Male,Spain,30359.20,Divorced,Self-Employed,10/9/2022,Family,2,Phone Call
661957,4,Edwards,53,Female,France,73564.37,Single,Salaried Employee,12/24/2018,Premium,1,Email
662093,1,Lee,59,Male,Spain,53272.25,Married,Unemployed,12/20/2017,Retail,1,Mail
662146,5,Jones,68,Female,France,18358.77,Widowed,Retired,11/17/2025,Senior,0,Email
662203,2,Fernandez,38,Female,United States,26998.27,Married,Unemployed,11/15/2021,Family,1,Mail
662262,1,James,29,Female,France,40538.24,Single,Salaried Employee,5/8/2018,Retail,1,Mail
662275,1,Moreno,35,Female,Spain,31636.73,Single,Salaried Employee,5/19/2024,Retail,1,Email
662336,5,Alexander,82,Male,Spain,17604.35,Widowed,Retired,4/15/2021,Senior,0,Email
662407,5,Mills,67,Female,United Kingdom,34197.83,Married,Retired,6/2/2018,Senior,0,Phone Call
662445,1,Sullivan,24,Female,France,40901.21,Single,Freelancer,4/15/2017,Retail,3,Mobile App Push
662625,1,Cannon,41,Male,United States,45457.15,Married,Self-Employed,5/8/2024,Retail,0,Email
662628,4,Tucker,48,Male,Spain,148421.99,Married,Salaried Employee,7/23/2026,Premium,0,Mobile App Push
662636,1,Glover,50,Female,Spain,18494.88,Married,Unemployed,12/10/2021,Retail,2,Email
662728,2,Hansen,37,Male,United States,34263.03,Married,Salaried Employee,4/11/2026,Family,3,Mobile App Push
662761,2,Anderson,50,Female,United Kingdom,17314.83,Single,Salaried Employee,2/4/2026,Family,1,Email
662968,2,White,45,Female,France,42838.32,Married,Freelancer,4/1/2025,Family,2,SMS
662986,1,Bowen,44,Male,Germany,48110.83,Single,Salaried Employee,9/22/2025,Retail,2,Mobile App Push
663051,4,Lopez,59,Male,France,104934.47,Single,Self-Employed,8/22/2022,Premium,0,Email
663054,1,Edwards,35,Male,France,48372.28,Single,Salaried Employee,11/18/2023,Retail,0,Mobile App Push
663123,2,Drake,38,Female,France,38982.67,Married,Salaried Employee,9/13/2024,Family,2,Mobile App Push
663244,3,Newton,21,Female,Germany,13952.03,Single,Student,8/22/2024,Student,0,Mail
663356,2,Williams,44,Female,Germany,34521.70,Married,Salaried Employee,5/11/2017,Family,3,Mobile App Push
663463,4,Reynolds,56,Female,Germany,190513.57,Married,Self-Employed,3/24/2025,Premium,1,SMS
663483,1,Peters,39,Female,United States,66204.97,Married,Salaried Employee,5/24/2018,Retail,1,Email
663628,1,Mora,41,Male,Germany,131449.61,Married,Freelancer,12/11/2020,Retail,0,SMS
663658,5,Luna,71,Male,United Kingdom,13048.81,Widowed,Self-Employed,7/3/2019,Senior,0,Email
663723,4,Rice,52,Female,Spain,165569.47,Single,Business Owner,6/28/2021,Premium,0,Email
663750,4,Harvey,50,Male,United States,89326.33,Married,Self-Employed,4/21/2025,Premium,2,Mobile App Push
663772,5,Alvarez,75,Female,United Kingdom,28220.75,Married,Retired,8/14/2023,Senior,0,Phone Call
663876,5,Smith,79,Female,France,28795.75,Single,Retired,3/10/2020,Senior,0,Mobile App Push
663996,2,Guerra,40,Female,United States,81435.72,Single,Salaried Employee,5/14/2022,Family,2,Mobile App Push
664032,5,Wilson,70,Female,Spain,48065.00,Married,Retired,3/17/2022,Senior,0,Mail
664058,2,Thomas,54,Female,Spain,34530.16,Divorced,Salaried Employee,11/21/2016,Family,3,SMS
664107,1,Stanley,29,Male,Spain,31271.09,Single,Business Owner,7/4/2024,Retail,0,Mail
664139,1,Williams,24,Female,United States,46922.74,Single,Salaried Employee,5/28/2026,Retail,1,Email
664315,1,Bailey,35,Male,France,87953.31,Married,Salaried Employee,2/17/2023,Retail,1,Email
664365,1,Roberts,27,Male,Spain,48997.69,Single,Business Owner,7/24/2017,Retail,0,Phone Call
664593,1,Bennett,49,Female,Germany,24204.00,Single,Self-Employed,6/12/2024,Retail,3,Mobile App Push
664607,4,Ramos,47,Male,United Kingdom,79112.51,Divorced,Business Owner,4/11/2017,Premium,2,SMS
664739,3,Perkins,21,Male,France,21186.27,Single,Student,9/24/2023,Student,0,Mobile App Push
664742,1,Brown,24,Male,United States,40602.76,Married,Salaried Employee,7/7/2021,Retail,0,Email
664781,2,Mendez,28,Female,France,36616.30,Divorced,Self-Employed,5/18/2021,Family,4,Email
664939,1,Foster,27,Female,France,48973.96,Single,Salaried Employee,12/30/2016,Retail,0,SMS
665136,1,Thompson,51,Female,United Kingdom,23194.77,Married,Salaried Employee,9/24/2022,Retail,0,Mobile App Push
665158,1,Hill,24,Female,United Kingdom,46534.97,Single,Salaried Employee,10/30/2020,Retail,0,Email
665389,2,Hawkins,38,Female,Spain,59568.47,Married,Salaried Employee,11/11/2019,Family,2,Email
665427,2,Simon,42,Male,United States,18419.15,Married,Salaried Employee,12/13/2020,Family,2,Phone Call
665482,1,Smith,35,Male,United States,60923.29,Married,Salaried Employee,1/15/2019,Retail,0,Email
665484,1,Smith,45,Female,Germany,43229.37,Single,Self-Employed,5/25/2024,Retail,3,Mobile App Push
665492,5,Martin,69,Female,Germany,25872.94,Married,Retired,8/20/2020,Senior,0,Mail
665497,3,Roberts,24,Male,Spain,14535.54,Single,Student,11/3/2021,Student,0,Mail
665579,3,Horton,22,Female,United Kingdom,8578.05,Married,Student,7/16/2018,Student,0,Email
665610,1,Hughes,24,Male,United States,38869.99,Single,Salaried Employee,6/12/2019,Retail,0,SMS
665621,1,Le,48,Female,France,78787.60,Single,Salaried Employee,4/25/2024,Retail,0,Mobile App Push
665847,5,Vasquez,62,Male,United States,33595.09,Single,Salaried Employee,1/31/2021,Senior,0,Phone Call
665883,2,Wilson,51,Male,United Kingdom,45484.09,Divorced,Salaried Employee,3/24/2026,Family,3,Email
665892,5,Williams,66,Female,Germany,20708.93,Widowed,Salaried Employee,2/17/2023,Senior,0,Mobile App Push
665940,1,Black,39,Male,France,26967.87,Married,Unemployed,8/22/2016,Retail,2,Mobile App Push
665979,3,Lee,21,Female,United States,14516.29,Single,Student,6/23/2019,Student,0,Phone Call
665990,2,Scott,35,Female,United States,39043.43,Married,Freelancer,8/10/2023,Family,4,Mobile App Push
666157,1,Martinez,39,Female,Germany,41183.64,Single,Salaried Employee,4/5/2023,Retail,0,Phone Call
666211,5,Wilson,83,Male,France,28689.34,Divorced,Retired,2/3/2022,Senior,1,Phone Call
666362,1,Clark,43,Male,France,46629.34,Divorced,Business Owner,1/2/2018,Retail,2,Mobile App Push
666366,1,Calderon,35,Male,United Kingdom,27242.45,Married,Unemployed,6/27/2017,Retail,2,Mobile App Push
666390,1,Higgins,47,Male,Germany,24955.57,Single,Freelancer,8/4/2026,Retail,0,Mobile App Push
666432,1,Lawrence,41,Female,United States,57992.96,Married,Freelancer,12/8/2023,Retail,0,SMS
666456,2,Williams,32,Female,France,28241.86,Married,Salaried Employee,4/18/2026,Family,1,Phone Call
666479,2,Miller,32,Female,United Kingdom,52761.08,Single,Freelancer,10/9/2024,Family,2,Email
666809,1,Hicks,49,Male,France,43714.22,Married,Salaried Employee,12/6/2025,Retail,0,Mobile App Push
666820,3,Rowland,24,Male,Germany,12954.49,Married,Student,8/4/2022,Student,0,Email
666836,1,Reed,51,Female,France,29794.45,Married,Salaried Employee,7/26/2026,Retail,1,Mobile App Push
666843,1,Mccoy,47,Male,United Kingdom,29992.14,Single,Salaried Employee,11/21/2024,Retail,1,Phone Call
666847,2,Moore,43,Female,Germany,31979.51,Married,Salaried Employee,3/14/2023,Family,1,Email
666893,1,Ortiz,53,Female,Germany,15226.86,Widowed,Self-Employed,12/30/2021,Retail,1,Email
667036,1,Fuller,42,Female,Germany,33304.28,Married,Salaried Employee,6/16/2022,Retail,0,SMS
667296,5,Watkins,66,Male,United Kingdom,41501.91,Widowed,Retired,5/10/2018,Senior,0,Phone Call
667451,4,Schneider,48,Male,United Kingdom,102801.15,Married,Business Owner,1/29/2017,Premium,1,SMS
667460,2,Hall,40,Female,Spain,28279.76,Married,Self-Employed,8/19/2017,Family,2,Mobile App Push
667650,4,Marquez,51,Female,United Kingdom,191360.84,Divorced,Business Owner,2/19/2018,Premium,1,Mobile App Push
667750,2,Moore,36,Female,Germany,53472.36,Married,Self-Employed,7/30/2018,Family,3,Mobile App Push
667776,1,Shields,24,Male,United Kingdom,25958.63,Divorced,Salaried Employee,8/8/2018,Retail,0,Mobile App Push
667851,1,Huang,29,Male,Germany,22555.09,Married,Freelancer,8/15/2020,Retail,0,Email
667915,2,Gould,40,Female,United Kingdom,29482.50,Married,Self-Employed,10/2/2022,Family,1,Mail
668373,1,Hodge,33,Female,France,55947.91,Married,Salaried Employee,8/24/2019,Retail,0,Phone Call
668458,4,Romero,51,Female,Spain,88845.04,Married,Business Owner,12/13/2016,Premium,0,SMS
668471,2,Richards,44,Male,Spain,48950.11,Single,Salaried Employee,12/1/2022,Family,2,Mobile App Push
668507,1,Terrell,55,Female,United Kingdom,20155.01,Single,Salaried Employee,6/7/2026,Retail,0,Email
668532,4,Gutierrez,54,Male,Spain,187433.02,Married,Business Owner,1/8/2022,Premium,1,Mobile App Push
668573,1,Lowe,42,Female,France,37456.86,Single,Freelancer,1/24/2017,Retail,2,SMS
668784,1,Roberson,43,Male,Spain,68219.77,Married,Salaried Employee,12/14/2023,Retail,2,Phone Call
668843,1,Henderson,53,Female,Spain,56273.01,Single,Salaried Employee,5/31/2025,Retail,2,Email
668882,1,Farley,34,Female,France,101196.33,Single,Freelancer,1/16/2023,Retail,3,Mobile App Push
668950,1,Fuller,41,Female,Spain,60506.47,Single,Salaried Employee,10/27/2023,Retail,1,Phone Call
668969,5,Reid,70,Male,France,21392.74,Widowed,Retired,2/6/2019,Senior,0,Email
669097,2,Fuller,39,Male,United Kingdom,66387.40,Single,Salaried Employee,7/15/2018,Family,1,Email
669408,1,Smith,48,Male,France,36412.06,Single,Salaried Employee,5/22/2026,Retail,3,Email
669460,2,Wilson,28,Male,Germany,27259.06,Divorced,Unemployed,9/6/2021,Family,1,Email
669488,2,Hill,47,Male,France,34439.77,Married,Salaried Employee,8/13/2021,Family,1,Email
669576,1,Rodriguez,43,Female,Germany,57340.28,Married,Salaried Employee,10/30/2017,Retail,1,Mobile App Push
669578,1,Mitchell,47,Female,Germany,31743.27,Single,Freelancer,11/27/2020,Retail,0,Mobile App Push
669605,4,Phillips,60,Male,Spain,244121.59,Married,Self-Employed,7/10/2026,Premium,2,Email
669691,2,Mcdonald,37,Male,France,32618.65,Married,Self-Employed,1/7/2024,Family,1,Mobile App Push
669827,1,Anderson,36,Female,Spain,44968.65,Divorced,Salaried Employee,7/20/2017,Retail,0,Mobile App Push
669868,1,Buckley,45,Female,Germany,61209.85,Single,Business Owner,6/23/2020,Retail,1,SMS
669902,2,Davis,44,Male,France,28929.29,Married,Salaried Employee,1/3/2026,Family,0,Mobile App Push
670027,1,Perkins,43,Female,United States,27182.70,Married,Salaried Employee,8/23/2023,Retail,0,Mobile App Push
670053,1,Burns,31,Female,Spain,18043.03,Married,Salaried Employee,4/29/2020,Retail,2,Mobile App Push
670065,1,Foley,40,Female,United Kingdom,37524.85,Single,Unemployed,3/3/2020,Retail,0,SMS
670143,1,Moon,51,Male,Germany,23464.59,Married,Self-Employed,2/23/2019,Retail,2,SMS
670511,2,Black,47,Female,United Kingdom,38163.98,Divorced,Salaried Employee,2/20/2017,Family,2,Mobile App Push
670557,1,Mitchell,53,Female,France,59814.22,Single,Business Owner,2/22/2024,Retail,0,SMS
670792,4,Jacobs,66,Female,France,111901.99,Single,Self-Employed,10/30/2025,Premium,0,Mobile App Push
670892,2,Munoz,51,Female,France,37599.24,Divorced,Unemployed,1/24/2024,Family,1,SMS
670913,2,Hunt,43,Female,United Kingdom,34997.96,Married,Salaried Employee,6/30/2017,Family,3,Email
670968,4,Hendricks,53,Female,United States,97928.73,Divorced,Freelancer,7/14/2020,Premium,1,SMS
670977,1,Jacobs,43,Male,France,25343.19,Widowed,Salaried Employee,10/17/2020,Retail,0,SMS
671015,5,Carr,66,Female,France,25690.23,Married,Retired,7/25/2022,Senior,1,Phone Call
671412,1,Gray,55,Male,United Kingdom,24246.28,Married,Salaried Employee,3/24/2018,Retail,0,Phone Call
671598,1,Buchanan,38,Female,Germany,49173.03,Single,Salaried Employee,8/26/2017,Retail,3,Email
671858,4,Rogers,55,Male,France,186908.41,Married,Business Owner,3/2/2026,Premium,0,Email
671971,1,Oconnor,38,Male,United States,18281.12,Single,Salaried Employee,10/31/2025,Retail,2,Phone Call
672079,1,Anderson,41,Female,United Kingdom,17061.69,Single,Salaried Employee,8/10/2023,Retail,1,Email
672092,1,Murphy,28,Male,Germany,42737.68,Divorced,Salaried Employee,4/16/2025,Retail,0,Email
672130,1,Griffith,39,Female,France,16635.88,Single,Salaried Employee,10/20/2017,Retail,0,Mobile App Push
672133,5,Harris,71,Female,France,60244.02,Married,Salaried Employee,2/10/2018,Senior,0,Phone Call
672233,1,Santiago,43,Male,United States,35956.75,Married,Self-Employed,2/26/2024,Retail,0,Mobile App Push
672401,4,Marshall,46,Female,France,173633.09,Divorced,Salaried Employee,10/9/2016,Premium,0,Phone Call
672536,3,Harvey,24,Female,France,21751.87,Single,Student,1/25/2022,Student,0,Mobile App Push
672547,1,Wagner,37,Female,France,40237.77,Married,Salaried Employee,2/11/2020,Retail,2,Mobile App Push
672661,2,Murphy,35,Female,Spain,36469.45,Married,Business Owner,3/11/2018,Family,2,Mobile App Push
672696,2,Moore,55,Female,Spain,54614.93,Married,Unemployed,7/17/2024,Family,3,Email
672808,2,Mendoza,39,Female,United States,33223.90,Married,Salaried Employee,10/30/2025,Family,3,Mobile App Push
672892,2,Hayden,45,Male,United States,40529.62,Married,Self-Employed,4/5/2025,Family,2,Phone Call
672896,5,Edwards,70,Male,United States,44605.82,Married,Retired,7/14/2017,Senior,2,Email
672949,2,Smith,42,Male,France,48937.82,Divorced,Self-Employed,6/20/2024,Family,2,SMS
672967,1,Johnson,40,Male,France,30677.85,Married,Salaried Employee,11/23/2024,Retail,1,Email
673095,5,Olson,75,Male,France,26830.42,Divorced,Self-Employed,12/6/2025,Senior,0,Mail
673108,1,Gonzalez,25,Female,Germany,25465.07,Divorced,Salaried Employee,10/18/2019,Retail,1,Email
673149,1,Terry,27,Female,Germany,60234.81,Married,Salaried Employee,6/30/2018,Retail,2,Email
673167,1,Fitzpatrick,39,Female,France,41966.42,Married,Unemployed,10/4/2019,Retail,0,SMS
673619,1,Woods,51,Female,France,40975.31,Single,Salaried Employee,6/27/2019,Retail,1,Phone Call
673867,1,Jones,42,Female,France,48807.90,Married,Freelancer,4/25/2024,Retail,0,Mobile App Push
673896,1,Williams,41,Male,United Kingdom,27036.76,Single,Self-Employed,4/22/2018,Retail,1,Email
673929,5,White,72,Male,Spain,14739.24,Married,Retired,10/16/2023,Senior,0,Mail
674122,5,Gonzalez,69,Female,Spain,33193.24,Married,Retired,5/3/2025,Senior,0,Mail
674213,5,Stewart,77,Male,United Kingdom,50405.59,Widowed,Retired,5/15/2021,Senior,0,Mobile App Push
674251,2,Goodman,44,Female,France,26760.96,Married,Unemployed,7/30/2022,Family,2,Email
674295,5,Cortez,78,Female,Germany,17979.89,Widowed,Retired,8/20/2022,Senior,0,Email
674416,1,Williams,35,Female,Spain,48890.88,Divorced,Salaried Employee,12/8/2021,Retail,1,Mobile App Push
674485,4,Jacobs,44,Female,Germany,224271.21,Single,Salaried Employee,4/8/2022,Premium,1,Mobile App Push
674553,2,Richard,50,Male,Spain,23012.44,Married,Salaried Employee,5/13/2017,Family,1,Mobile App Push
674566,2,Evans,40,Male,France,25199.28,Married,Salaried Employee,9/12/2020,Family,2,Email
674765,5,Turner,73,Female,Germany,28099.53,Widowed,Retired,9/6/2018,Senior,0,SMS
674779,4,Bartlett,47,Female,United States,109619.56,Divorced,Business Owner,9/17/2023,Premium,1,SMS
674842,2,Yu,52,Male,United Kingdom,38234.93,Married,Salaried Employee,3/26/2022,Family,2,Mail
674993,4,Molina,40,Male,France,116793.91,Married,Self-Employed,7/19/2019,Premium,0,Mobile App Push
675074,1,Murphy,48,Female,United States,35572.89,Divorced,Self-Employed,3/6/2024,Retail,0,Phone Call
675191,5,Foster,71,Male,Spain,11348.44,Widowed,Retired,7/8/2021,Senior,0,Mobile App Push
675210,1,Burns,39,Male,France,22434.70,Married,Salaried Employee,11/9/2025,Retail,0,Mobile App Push
675458,1,Stewart,34,Male,France,74005.69,Single,Salaried Employee,7/26/2017,Retail,0,Email
675462,5,Huffman,75,Male,France,49485.93,Widowed,Retired,8/5/2024,Senior,0,Email
675512,1,Mcguire,40,Female,France,19141.61,Married,Salaried Employee,2/13/2026,Retail,1,Mail
675547,3,Ramirez,21,Male,Spain,21029.56,Single,Freelancer,2/27/2017,Student,0,Mobile App Push
675771,1,Fowler,41,Female,Germany,21429.80,Married,Salaried Employee,10/25/2023,Retail,3,Mobile App Push
675898,5,Porter,66,Female,United Kingdom,30677.70,Married,Retired,9/20/2017,Senior,0,Phone Call
675914,5,Davis,77,Male,United States,29860.16,Married,Retired,3/13/2019,Senior,0,Mail
676051,3,Byrd,25,Female,United Kingdom,11112.30,Single,Freelancer,3/22/2026,Student,0,Email
676276,2,Mcdaniel,33,Female,France,22150.05,Married,Salaried Employee,12/19/2025,Family,0,Email
676289,5,Miranda,68,Female,United States,18245.53,Married,Retired,10/22/2017,Senior,0,Phone Call
676363,1,Kirk,45,Female,Germany,29952.93,Married,Salaried Employee,8/29/2023,Retail,0,Mobile App Push
676365,2,Gibson,33,Male,France,59743.28,Widowed,Self-Employed,11/4/2023,Family,1,SMS
676429,4,Martinez,55,Male,France,178199.96,Single,Business Owner,2/24/2018,Premium,0,SMS
676510,5,Molina,72,Male,United States,78177.22,Married,Business Owner,2/10/2020,Senior,1,Mail
676566,3,Clark,20,Male,Germany,24751.47,Single,Student,3/9/2026,Student,0,Email
676680,2,Rodriguez,45,Male,Spain,45886.85,Married,Salaried Employee,5/2/2022,Family,1,Email
676710,4,Medina,35,Female,Germany,94072.59,Married,Self-Employed,7/21/2017,Premium,2,Mail
676713,4,Simon,38,Female,United Kingdom,146374.62,Married,Salaried Employee,1/6/2018,Premium,1,Mobile App Push
676802,2,Gonzalez,52,Female,Germany,29960.15,Single,Salaried Employee,9/18/2022,Family,1,Phone Call
676818,3,Smith,21,Male,United Kingdom,11490.34,Single,Student,8/19/2023,Student,0,Mobile App Push
676820,3,Schneider,22,Female,Spain,11374.50,Married,Student,5/17/2019,Student,0,SMS
676843,1,Owens,33,Female,United States,17290.28,Married,Salaried Employee,6/14/2023,Retail,1,Mail
676884,5,Miller,68,Female,United States,30597.10,Married,Retired,5/3/2021,Senior,0,Mail
676967,4,Dean,66,Male,United Kingdom,198211.33,Married,Salaried Employee,7/29/2018,Premium,2,SMS
677057,5,Torres,76,Male,Germany,31926.89,Married,Retired,6/30/2026,Senior,0,Phone Call
677079,2,Jones,43,Female,France,59727.99,Divorced,Salaried Employee,11/6/2023,Family,1,Mobile App Push
677086,2,Armstrong,44,Male,Spain,58924.49,Married,Salaried Employee,6/13/2023,Family,1,SMS
677124,5,Landry,75,Male,Germany,72140.16,Single,Retired,1/22/2025,Senior,0,Phone Call
677210,1,Jones,48,Male,France,26631.31,Single,Salaried Employee,2/26/2025,Retail,1,Mobile App Push
677236,1,Chambers,44,Male,United States,28933.11,Married,Freelancer,3/14/2020,Retail,2,Mobile App Push
677321,1,Rodriguez,40,Female,France,34008.89,Divorced,Salaried Employee,10/9/2017,Retail,0,Mail
677390,1,Harris,43,Female,Germany,26190.76,Married,Freelancer,10/20/2017,Retail,2,Email
677438,1,Jackson,53,Male,United Kingdom,41171.94,Married,Business Owner,3/3/2023,Retail,0,Mobile App Push
677596,1,Dixon,36,Male,France,45658.58,Married,Salaried Employee,11/9/2019,Retail,1,Email
677599,1,Jones,25,Male,Germany,23190.27,Single,Salaried Employee,8/17/2017,Retail,1,Phone Call
678043,2,Perez,41,Male,United States,54371.10,Married,Salaried Employee,10/28/2023,Family,2,Email
678083,1,Davis,47,Male,France,32485.01,Married,Salaried Employee,9/17/2016,Retail,0,Mobile App Push
678115,1,Flowers,49,Male,France,67367.56,Married,Salaried Employee,8/2/2020,Retail,1,SMS
678116,1,Thompson,52,Male,United States,48455.24,Married,Salaried Employee,6/19/2018,Retail,1,Email
678255,5,Hall,81,Male,France,82438.08,Married,Retired,1/25/2023,Senior,0,Phone Call
678388,5,Shaw,75,Male,France,29534.28,Widowed,Salaried Employee,1/14/2021,Senior,1,Phone Call
678440,2,Nicholson,30,Female,Germany,40562.29,Married,Salaried Employee,7/22/2018,Family,3,Mobile App Push
678443,1,Cooper,39,Male,United States,35243.10,Married,Self-Employed,3/19/2025,Retail,0,Mobile App Push
678469,1,Davis,47,Female,France,9988.32,Single,Business Owner,1/5/2022,Retail,0,Email
678478,1,Sanders,45,Male,France,28761.68,Married,Business Owner,3/7/2020,Retail,0,Mobile App Push
678719,1,Nichols,35,Female,France,29734.87,Single,Salaried Employee,12/13/2017,Retail,0,Mail
678727,1,Watson,56,Female,France,37565.57,Married,Salaried Employee,8/9/2023,Retail,0,Mobile App Push
678805,2,Johnston,50,Male,France,39673.00,Married,Freelancer,5/26/2022,Family,2,Mobile App Push
678856,2,Brown,53,Male,France,46154.25,Married,Self-Employed,2/9/2019,Family,3,Email
678866,1,Ryan,36,Female,France,22870.80,Single,Salaried Employee,8/10/2016,Retail,2,Phone Call
678870,1,Curry,48,Male,France,32848.88,Married,Unemployed,6/19/2021,Retail,0,Mobile App Push
678897,1,Tucker,46,Female,France,24433.76,Single,Salaried Employee,8/17/2019,Retail,2,Phone Call
678923,4,Bennett,55,Male,Spain,130998.01,Married,Business Owner,11/13/2019,Premium,0,Email
678944,5,Kelley,77,Male,Germany,21152.28,Married,Retired,8/6/2025,Senior,0,Mail
679077,2,Myers,52,Female,France,30815.42,Divorced,Salaried Employee,12/16/2021,Family,2,Email
679364,1,Johnson,59,Female,Germany,44262.00,Single,Salaried Employee,3/16/2023,Retail,1,Phone Call
679549,4,Lee,50,Male,France,153243.36,Married,Self-Employed,11/16/2019,Premium,1,SMS
679606,4,Cain,49,Female,Germany,148072.46,Married,Salaried Employee,3/27/2025,Premium,1,Email
679720,2,Myers,49,Male,United States,72369.06,Married,Salaried Employee,12/23/2024,Family,3,Email
679902,5,Johnson,80,Male,Germany,20485.77,Divorced,Salaried Employee,4/22/2017,Senior,0,Phone Call
679958,5,Jackson,74,Male,France,32663.50,Widowed,Retired,3/27/2017,Senior,0,Mail
680096,1,Harvey,40,Male,Germany,84037.43,Single,Salaried Employee,4/1/2020,Retail,1,SMS
680097,5,Scott,73,Female,France,28861.08,Divorced,Self-Employed,11/24/2024,Senior,2,Mobile App Push
680099,2,Ross,52,Male,Spain,43591.40,Married,Salaried Employee,1/4/2023,Family,1,Mobile App Push
680189,2,Lawson,47,Male,Germany,21648.61,Married,Business Owner,8/30/2024,Family,3,Mobile App Push
680238,1,Roberson,42,Female,Germany,44794.20,Married,Salaried Employee,12/18/2020,Retail,2,Email
680278,1,Mcdonald,24,Female,Spain,26472.65,Single,Self-Employed,10/4/2024,Retail,1,Email
680290,1,Sanchez,46,Female,France,41579.33,Single,Freelancer,3/1/2019,Retail,0,SMS
680358,1,Norton,25,Female,United States,34063.60,Married,Salaried Employee,4/11/2018,Retail,2,Mobile App Push
680412,5,Hawkins,73,Female,France,76143.25,Married,Salaried Employee,5/30/2019,Senior,0,SMS
680472,1,Warren,40,Female,Germany,26105.15,Single,Salaried Employee,12/24/2023,Retail,0,Mobile App Push
680493,2,Johnson,30,Male,United States,30096.30,Single,Salaried Employee,12/29/2025,Family,1,Mobile App Push
680557,2,Lewis,46,Female,Germany,33074.92,Married,Salaried Employee,1/11/2025,Family,1,Email
680828,1,Wilson,32,Female,Germany,22763.12,Single,Salaried Employee,1/28/2024,Retail,0,Mobile App Push
680933,1,Thompson,51,Male,France,25346.37,Single,Salaried Employee,9/16/2017,Retail,1,Mobile App Push
681028,1,Hardin,32,Male,United States,77728.09,Single,Salaried Employee,6/24/2019,Retail,0,Email
681070,1,Horton,30,Male,United States,34047.98,Single,Unemployed,12/21/2025,Retail,0,Email
681128,5,Edwards,78,Male,France,36861.41,Married,Retired,3/18/2019,Senior,1,Email
681141,1,Glenn,38,Female,France,41544.84,Single,Salaried Employee,2/22/2026,Retail,0,Mobile App Push
681242,4,Johnson,61,Male,United States,85885.88,Married,Self-Employed,7/6/2018,Premium,0,Email
681343,5,Bailey,72,Male,Germany,21776.15,Widowed,Retired,3/1/2018,Senior,0,SMS
681409,1,Curtis,49,Male,France,63271.94,Divorced,Salaried Employee,1/21/2019,Retail,1,SMS
681456,2,Singleton,39,Male,France,64270.24,Married,Freelancer,5/9/2021,Family,2,Mobile App Push
681478,2,Miller,28,Male,Germany,28727.48,Married,Business Owner,2/8/2020,Family,1,Email
681489,1,Estrada,31,Female,France,36566.76,Divorced,Salaried Employee,9/14/2018,Retail,2,Mobile App Push
681542,1,Massey,56,Female,United States,58481.70,Married,Self-Employed,3/9/2023,Retail,0,Mobile App Push
681687,1,Hall,48,Female,Spain,56590.64,Married,Salaried Employee,6/7/2019,Retail,0,Phone Call
681866,2,Anderson,48,Female,United Kingdom,55552.11,Married,Self-Employed,5/15/2018,Family,3,Email
681868,1,Johnson,48,Female,France,19972.85,Divorced,Self-Employed,2/9/2025,Retail,1,Mail
681896,1,Wells,34,Male,United States,36310.26,Single,Salaried Employee,9/28/2016,Retail,0,SMS
682032,3,Moore,22,Female,France,11749.27,Single,Student,9/14/2021,Student,0,Mobile App Push
682051,3,Reynolds,20,Female,United States,8000.00,Single,Student,5/18/2019,Student,0,Mobile App Push
682144,2,Giles,48,Male,United Kingdom,38909.75,Divorced,Salaried Employee,9/30/2016,Family,1,Email
682145,1,Clements,34,Male,United States,15361.43,Divorced,Salaried Employee,6/17/2026,Retail,2,SMS
682316,1,Lewis,44,Male,United States,49866.57,Married,Freelancer,3/14/2023,Retail,1,SMS
682401,5,Brown,71,Female,France,15063.61,Widowed,Retired,4/26/2025,Senior,0,Phone Call
682765,5,Walters,75,Female,Spain,20248.29,Married,Retired,6/13/2022,Senior,0,SMS
682789,1,Nielsen,52,Female,United Kingdom,18287.31,Single,Freelancer,1/23/2023,Retail,1,Email
682851,5,Pitts,68,Female,Spain,29434.62,Divorced,Retired,11/23/2022,Senior,1,Email
682959,1,Roberts,44,Male,France,44730.53,Single,Freelancer,7/8/2024,Retail,0,SMS
683165,1,Taylor,46,Female,France,45549.34,Married,Self-Employed,2/4/2023,Retail,0,Phone Call
683286,4,Torres,35,Male,Spain,132341.30,Married,Salaried Employee,1/24/2026,Premium,0,Mobile App Push
683347,1,Osborne,41,Male,France,36109.13,Single,Self-Employed,6/23/2025,Retail,0,Mail
683390,1,Coleman,41,Male,Germany,25267.39,Single,Salaried Employee,12/25/2016,Retail,1,Email
683397,1,Hancock,34,Male,United Kingdom,81429.26,Married,Salaried Employee,4/30/2024,Retail,1,Email
683635,4,Taylor,51,Female,Spain,126955.48,Married,Business Owner,2/25/2024,Premium,0,Mobile App Push
683761,5,Mccarthy,70,Male,United States,66529.84,Married,Retired,4/16/2023,Senior,1,Phone Call
683783,1,Silva,55,Female,France,90130.24,Single,Self-Employed,8/26/2019,Retail,1,Email
684004,5,Silva,88,Female,France,30817.63,Married,Self-Employed,3/1/2017,Senior,0,SMS
684041,2,Mccarty,53,Female,United Kingdom,35743.79,Married,Business Owner,4/15/2017,Family,2,Email
684194,1,Garcia,39,Male,France,71736.70,Single,Business Owner,11/18/2024,Retail,2,Mobile App Push
684357,4,Griffin,47,Male,Spain,96490.66,Married,Self-Employed,8/7/2023,Premium,2,Mobile App Push
684384,1,Becker,36,Male,Spain,49378.86,Married,Salaried Employee,3/14/2023,Retail,1,Mobile App Push
684413,5,Lynch,80,Female,France,15009.00,Divorced,Retired,4/12/2016,Senior,0,Email
684482,1,Hughes,31,Female,France,43437.50,Married,Salaried Employee,7/17/2025,Retail,0,Mail
684572,1,Tate,54,Female,United Kingdom,64413.48,Single,Freelancer,10/25/2021,Retail,0,Phone Call
684632,2,Johnson,30,Male,Spain,38895.04,Married,Salaried Employee,9/10/2022,Family,2,Mobile App Push
684646,1,Smith,39,Female,Germany,31366.00,Married,Freelancer,7/22/2024,Retail,2,SMS
684791,4,Richardson,44,Male,Germany,77884.72,Married,Self-Employed,7/26/2025,Premium,0,SMS
684801,1,Vasquez,24,Male,United Kingdom,41546.50,Married,Unemployed,1/11/2024,Retail,2,SMS
684929,2,Roberts,41,Female,France,78883.74,Married,Salaried Employee,7/29/2025,Family,1,Email
685066,5,Snyder,72,Male,Germany,29336.57,Widowed,Salaried Employee,2/6/2018,Senior,0,Mail
685098,2,Gonzalez,38,Male,Germany,56239.97,Married,Salaried Employee,8/20/2023,Family,2,Phone Call
685126,1,Frye,48,Male,United States,108507.86,Single,Unemployed,6/4/2026,Retail,0,Mobile App Push
685181,3,Taylor,22,Male,United Kingdom,9961.26,Single,Student,5/3/2026,Student,0,Mobile App Push
685193,1,Morrison,43,Male,United States,35565.13,Married,Salaried Employee,7/3/2021,Retail,0,Phone Call
685196,2,Jones,44,Male,United States,27884.78,Married,Freelancer,2/15/2019,Family,4,Phone Call
685253,4,Roy,54,Male,United States,94424.91,Single,Business Owner,7/2/2024,Premium,0,SMS
685365,2,Greene,48,Female,France,35287.94,Single,Self-Employed,10/10/2020,Family,3,Email
685466,2,Morrison,43,Female,Spain,25547.27,Married,Salaried Employee,7/28/2026,Family,1,Email
685472,1,Walker,24,Female,France,40824.71,Married,Freelancer,11/24/2024,Retail,0,Mobile App Push
685549,4,Garcia,47,Female,Germany,136074.44,Married,Self-Employed,2/14/2024,Premium,0,Email
685616,5,Mccoy,68,Male,United Kingdom,12784.05,Widowed,Retired,8/23/2017,Senior,0,Email
685766,2,Hughes,35,Female,France,46813.41,Married,Unemployed,4/20/2024,Family,1,Email
685864,2,Diaz,28,Male,France,53740.35,Single,Business Owner,10/30/2020,Family,2,Mail
685934,4,Wilkins,45,Female,Germany,153887.36,Married,Business Owner,11/8/2019,Premium,2,Mail
685941,2,White,36,Female,Spain,139352.27,Married,Business Owner,4/11/2025,Family,2,Email
685997,5,Dawson,68,Female,Spain,60718.32,Married,Self-Employed,7/28/2017,Senior,0,Phone Call
686072,1,Logan,40,Male,Germany,33378.46,Married,Self-Employed,5/1/2017,Retail,1,Mobile App Push
686075,1,Williams,51,Male,France,41119.88,Married,Unemployed,2/10/2020,Retail,1,Email
686179,1,Frazier,46,Female,United States,48392.98,Divorced,Business Owner,6/21/2021,Retail,0,SMS
686187,1,Marshall,28,Male,Germany,26030.90,Single,Unemployed,8/12/2019,Retail,0,Phone Call
686252,2,Smith,28,Female,France,59684.64,Married,Salaried Employee,7/7/2026,Family,0,Email
686273,1,Gomez,32,Male,United States,20385.20,Married,Salaried Employee,6/26/2024,Retail,0,SMS
686464,1,Duncan,36,Male,United States,16619.38,Married,Salaried Employee,2/8/2024,Retail,1,Email
686716,1,Evans,43,Male,France,33686.85,Single,Salaried Employee,9/17/2023,Retail,0,Email
686810,1,Moore,37,Female,United Kingdom,70622.71,Married,Self-Employed,8/26/2021,Retail,1,Phone Call
687044,5,Miranda,71,Female,Spain,32062.51,Married,Retired,11/29/2025,Senior,1,Phone Call
687080,2,Kelley,45,Female,Spain,35733.62,Married,Salaried Employee,12/4/2022,Family,3,Mail
687234,3,Cabrera,22,Male,Spain,21823.15,Single,Student,4/16/2024,Student,0,Email
687360,4,Whitaker,32,Female,United Kingdom,135137.55,Married,Salaried Employee,7/16/2021,Premium,0,Mobile App Push
687569,1,Mitchell,62,Male,Spain,43625.60,Married,Salaried Employee,12/29/2021,Retail,2,Email
687638,2,Williams,39,Female,Spain,34040.75,Married,Salaried Employee,9/3/2018,Family,2,Email
687713,1,Garcia,55,Female,France,77707.44,Single,Salaried Employee,5/1/2026,Retail,1,SMS
687783,5,Butler,64,Male,Spain,30768.91,Married,Retired,3/2/2021,Senior,0,Phone Call
687923,2,Avila,44,Male,Germany,24556.72,Married,Salaried Employee,3/27/2020,Family,2,Mobile App Push
687997,1,Henry,31,Female,Spain,58339.26,Married,Salaried Employee,7/13/2026,Retail,0,Phone Call
688132,2,Smith,35,Female,France,17184.21,Married,Business Owner,10/29/2024,Family,3,SMS
688153,1,May,55,Male,Germany,52244.69,Married,Salaried Employee,3/23/2023,Retail,0,Email
688215,5,Jones,66,Male,France,39934.88,Divorced,Salaried Employee,7/2/2019,Senior,0,Email
688426,1,Romero,45,Male,Spain,29781.35,Single,Salaried Employee,11/15/2025,Retail,1,Mobile App Push
688508,2,Diaz,36,Female,United States,51914.02,Married,Freelancer,12/14/2022,Family,1,Email
688534,3,Ward,21,Female,Germany,17147.53,Married,Student,12/16/2021,Student,0,Email
688602,5,Flores,82,Female,France,27886.98,Widowed,Retired,5/22/2017,Senior,0,Email
688637,1,Davis,33,Male,Germany,52984.47,Married,Self-Employed,1/20/2025,Retail,0,Mobile App Push
688678,1,Gonzalez,42,Female,United Kingdom,29218.79,Single,Freelancer,12/19/2017,Retail,2,Phone Call
688730,1,Rogers,53,Male,Spain,39359.39,Single,Salaried Employee,2/12/2019,Retail,1,Email
688861,1,Mckee,34,Male,United States,47934.62,Married,Salaried Employee,5/30/2020,Retail,1,Email
688866,3,Rowe,19,Female,France,25204.90,Single,Student,5/11/2026,Student,0,Mobile App Push
688933,2,Cox,34,Female,Germany,26338.62,Single,Salaried Employee,7/20/2017,Family,2,Email
688956,1,Phillips,34,Male,United States,21233.86,Married,Freelancer,11/13/2017,Retail,0,Mail
688967,2,Case,49,Female,Spain,46687.98,Married,Salaried Employee,1/22/2023,Family,0,Email
689107,5,Brown,74,Male,Germany,19940.13,Married,Retired,12/14/2023,Senior,2,Email
689179,5,Vega,71,Female,United Kingdom,31861.60,Married,Business Owner,1/28/2024,Senior,0,Mobile App Push
689275,3,Calderon,23,Female,United States,11398.60,Single,Unemployed,1/2/2020,Student,0,Email
689318,1,Ross,57,Female,United States,18751.67,Single,Freelancer,1/12/2023,Retail,0,Email
689444,1,Henderson,30,Female,United Kingdom,47775.65,Married,Salaried Employee,1/6/2021,Retail,2,Mobile App Push
689485,1,Frazier,54,Male,Germany,35093.73,Divorced,Salaried Employee,4/7/2019,Retail,1,SMS
689593,3,Sims,23,Female,Germany,18314.26,Single,Student,8/6/2022,Student,0,Email
689648,1,Sanders,38,Male,France,47847.45,Married,Salaried Employee,12/23/2021,Retail,0,SMS
689704,4,Blankenship,46,Male,Spain,70406.71,Single,Business Owner,1/9/2024,Premium,1,SMS
689849,2,Alvarez,39,Female,Germany,26249.37,Married,Self-Employed,6/27/2018,Family,3,Mail
689964,3,Chapman,20,Female,France,13339.35,Single,Student,5/29/2017,Student,0,Email
690016,1,Silva,50,Male,France,34995.90,Married,Salaried Employee,4/11/2025,Retail,0,SMS
690180,1,Torres,43,Female,Germany,59819.38,Single,Business Owner,8/30/2017,Retail,0,SMS
690268,3,Hooper,24,Male,Germany,12535.99,Single,Student,1/13/2026,Student,0,SMS
690341,1,Schmidt,49,Female,Spain,31602.45,Married,Salaried Employee,1/18/2018,Retail,1,SMS
690462,5,Zavala,74,Female,United Kingdom,16042.67,Married,Retired,12/12/2016,Senior,2,Phone Call
690500,1,White,24,Female,Germany,27167.37,Divorced,Salaried Employee,11/21/2017,Retail,2,Email
690525,5,Maynard,63,Female,Germany,49484.06,Widowed,Retired,8/6/2019,Senior,1,Email
690579,1,Santana,37,Female,Germany,53822.09,Married,Salaried Employee,6/16/2022,Retail,0,Email
690653,4,Brown,67,Male,France,102429.07,Single,Business Owner,10/21/2025,Premium,2,Email
690882,3,Navarro,20,Male,United Kingdom,16354.06,Single,Student,12/26/2018,Student,0,Mobile App Push
690982,1,Harrison,34,Female,Germany,40376.50,Single,Freelancer,8/7/2022,Retail,1,Mobile App Push
690984,1,Strong,47,Male,United States,27419.92,Single,Unemployed,1/28/2026,Retail,0,Mobile App Push
690996,1,Lee,44,Female,Germany,51588.42,Single,Salaried Employee,6/8/2020,Retail,2,Email
691088,2,Hale,39,Male,Spain,44107.00,Married,Salaried Employee,3/15/2018,Family,1,SMS
691119,1,Nguyen,51,Male,United Kingdom,39832.68,Single,Salaried Employee,5/28/2022,Retail,0,SMS
691194,1,Gibbs,35,Male,United Kingdom,31781.21,Married,Salaried Employee,10/27/2019,Retail,1,Mail
691240,1,Todd,46,Male,Spain,37100.02,Divorced,Self-Employed,12/22/2023,Retail,1,Mobile App Push
691303,2,Camacho,37,Female,Germany,56526.28,Married,Salaried Employee,1/19/2025,Family,1,SMS
691353,2,Guerrero,42,Female,France,47550.32,Divorced,Unemployed,9/9/2024,Family,3,SMS
691364,1,Gutierrez,38,Female,United States,16306.48,Married,Self-Employed,2/12/2017,Retail,0,Mail
691380,1,Thompson,39,Male,Spain,23068.97,Married,Salaried Employee,8/5/2017,Retail,0,Mobile App Push
691573,3,Brown,23,Female,Spain,14905.03,Married,Student,7/19/2017,Student,0,Phone Call
691655,5,Parker,76,Female,Germany,18645.19,Married,Self-Employed,10/12/2024,Senior,2,Email
691807,1,Robertson,43,Male,France,27571.07,Married,Salaried Employee,8/28/2022,Retail,2,Mobile App Push
691912,1,Haynes,51,Female,France,56167.73,Single,Salaried Employee,9/13/2018,Retail,2,Mobile App Push
692002,1,Johnson,54,Male,United States,30254.55,Married,Unemployed,3/6/2020,Retail,1,Email
692099,1,Briggs,37,Male,United Kingdom,55948.48,Married,Freelancer,12/13/2020,Retail,0,Mobile App Push
692282,1,Bradford,32,Male,France,21460.23,Married,Salaried Employee,3/15/2017,Retail,2,Email
692354,1,Smith,43,Female,United States,54613.53,Married,Salaried Employee,12/2/2019,Retail,0,Mobile App Push
692385,1,Hernandez,48,Female,United States,32519.13,Single,Salaried Employee,4/5/2019,Retail,1,Mobile App Push
692447,2,Parsons,44,Female,France,53520.33,Married,Business Owner,1/11/2026,Family,1,Email
692458,2,Sanchez,39,Male,United States,24705.16,Married,Self-Employed,2/7/2026,Family,2,Phone Call
692683,5,Simpson,65,Male,France,28277.17,Married,Retired,5/27/2026,Senior,0,SMS
692862,3,Jones,25,Female,United States,12619.94,Single,Student,1/29/2022,Student,0,Email
692960,1,Chandler,38,Female,France,34584.92,Married,Salaried Employee,6/6/2024,Retail,1,Phone Call
693022,1,Riley,44,Male,France,47824.65,Single,Salaried Employee,3/14/2025,Retail,0,Mobile App Push
693024,3,Taylor,22,Male,France,12120.40,Single,Student,2/15/2019,Student,0,Mobile App Push
693127,1,Figueroa,53,Female,France,34568.68,Married,Salaried Employee,1/17/2020,Retail,1,SMS
693128,1,Fox,32,Female,Germany,32069.62,Single,Salaried Employee,5/7/2024,Retail,0,Email
693297,1,Smith,46,Female,France,25429.65,Married,Self-Employed,8/11/2023,Retail,1,Email
693343,5,Gregory,63,Female,United States,51636.85,Widowed,Retired,6/17/2022,Senior,1,Phone Call
693418,1,Zuniga,44,Female,France,17381.95,Married,Salaried Employee,4/1/2022,Retail,0,SMS
693419,4,Martinez,45,Female,United Kingdom,153417.14,Single,Self-Employed,9/5/2024,Premium,2,Mail
693423,1,Robinson,48,Male,France,70074.10,Divorced,Salaried Employee,9/28/2022,Retail,3,SMS
693566,2,Gonzales,37,Female,United States,24674.88,Married,Unemployed,1/2/2018,Family,3,Mobile App Push
693643,4,Nelson,35,Male,United States,113461.16,Divorced,Business Owner,11/13/2025,Premium,0,Email
693830,4,Stephens,38,Female,France,130492.21,Single,Freelancer,2/9/2022,Premium,1,Mail
693868,2,Anderson,28,Male,Germany,24579.96,Single,Salaried Employee,1/25/2018,Family,1,SMS
694116,4,Rivera,46,Female,France,61817.30,Single,Business Owner,12/21/2021,Premium,3,Phone Call
694223,5,Keith,80,Male,France,10416.56,Widowed,Retired,7/28/2026,Senior,1,Email
694229,1,Washington,49,Male,France,31716.86,Married,Salaried Employee,5/28/2021,Retail,0,SMS
694316,5,Lane,69,Male,Spain,33498.41,Married,Retired,11/27/2019,Senior,0,Phone Call
694397,1,Brewer,32,Male,France,32340.13,Single,Salaried Employee,11/3/2025,Retail,3,Mobile App Push
694423,1,Strong,42,Female,United States,31109.35,Divorced,Freelancer,5/1/2018,Retail,1,Mail
694587,1,Cole,37,Male,Germany,35848.28,Single,Salaried Employee,5/3/2019,Retail,0,SMS
694731,2,Mahoney,40,Female,Germany,39568.37,Single,Salaried Employee,3/31/2019,Family,2,Phone Call
694764,5,Sandoval,88,Female,United Kingdom,18317.94,Married,Retired,10/5/2023,Senior,0,SMS
694798,2,Patel,44,Male,United States,57469.29,Divorced,Salaried Employee,3/7/2026,Family,3,Mobile App Push
694799,2,Dickson,36,Male,Germany,46232.18,Married,Salaried Employee,1/27/2022,Family,1,Phone Call
694849,1,Johnson,25,Female,United States,49792.67,Married,Unemployed,7/27/2019,Retail,1,Phone Call
694916,1,Walsh,52,Female,Germany,29479.95,Single,Salaried Employee,1/25/2019,Retail,0,Email
695048,2,Mcmillan,36,Male,France,34438.56,Married,Freelancer,3/7/2017,Family,1,Mobile App Push
695164,4,Baker,50,Male,France,71683.81,Married,Business Owner,12/10/2024,Premium,0,Mobile App Push
695225,2,Jones,41,Male,France,30679.77,Widowed,Freelancer,12/13/2018,Family,4,Mail
695361,3,Lester,20,Female,France,11926.69,Single,Student,4/7/2025,Student,0,SMS
695370,2,Lopez,45,Male,France,43457.86,Married,Business Owner,3/3/2020,Family,2,SMS
695403,1,Robinson,43,Female,United Kingdom,31248.07,Married,Salaried Employee,9/26/2025,Retail,0,Mail
695417,1,Miller,31,Female,Spain,45926.96,Single,Salaried Employee,12/7/2022,Retail,0,Email
695551,4,Fernandez,40,Male,United States,148800.09,Married,Self-Employed,12/3/2020,Premium,0,Email
695748,5,Armstrong,73,Female,France,17553.23,Widowed,Retired,2/19/2023,Senior,0,Mail
695990,5,Harrell,76,Female,United Kingdom,42009.15,Married,Retired,1/8/2018,Senior,1,Email
696251,4,Espinoza,57,Female,United Kingdom,102869.58,Married,Salaried Employee,8/3/2023,Premium,1,Mail
696289,5,Jackson,75,Male,Germany,20888.51,Widowed,Retired,10/9/2020,Senior,0,Phone Call
696296,3,Mccarthy,22,Female,United Kingdom,21696.15,Single,Student,2/15/2017,Student,0,Email
696557,1,Wilkinson,32,Male,United Kingdom,45408.17,Single,Salaried Employee,3/26/2019,Retail,0,Mobile App Push
696580,2,Ellis,37,Male,France,49387.94,Single,Unemployed,11/12/2018,Family,0,Mobile App Push
696707,1,Brown,35,Male,Germany,38128.28,Married,Salaried Employee,9/5/2019,Retail,1,SMS
696750,1,Lewis,55,Male,United Kingdom,38333.16,Divorced,Unemployed,5/25/2018,Retail,3,Mobile App Push
696856,1,Howard,47,Female,Germany,44269.67,Single,Salaried Employee,2/16/2017,Retail,1,Mobile App Push
697062,5,Clark,81,Male,United States,16037.86,Married,Retired,7/20/2024,Senior,0,Email
697347,2,Hernandez,33,Male,Germany,60715.22,Married,Salaried Employee,6/28/2021,Family,2,Email
697467,2,Brown,47,Male,Germany,37312.82,Married,Business Owner,12/11/2016,Family,0,SMS
697530,5,Cabrera,76,Male,France,32528.22,Widowed,Retired,6/27/2019,Senior,1,Mobile App Push
697717,2,Grant,42,Male,France,29108.83,Divorced,Self-Employed,5/23/2022,Family,2,Email
697766,2,Gonzales,41,Female,France,28134.82,Divorced,Salaried Employee,9/6/2017,Family,2,Email
697856,1,Berry,39,Female,Germany,68503.02,Single,Unemployed,3/16/2023,Retail,0,SMS
697978,1,Myers,41,Male,France,21923.66,Married,Salaried Employee,5/26/2019,Retail,3,SMS
697983,1,Gilmore,43,Female,United States,46280.87,Single,Salaried Employee,5/27/2017,Retail,2,SMS
698087,1,Daugherty,34,Male,United States,34829.74,Married,Salaried Employee,10/1/2022,Retail,2,Mail
698128,5,Petersen,66,Female,United Kingdom,34117.49,Widowed,Retired,4/28/2018,Senior,0,Email
698199,2,Bowman,44,Male,United States,30351.35,Married,Self-Employed,9/26/2025,Family,2,Email
698357,5,Walsh,74,Male,United Kingdom,39250.59,Single,Retired,10/28/2018,Senior,0,Mail
698384,4,Meyer,46,Male,France,193737.20,Married,Business Owner,6/18/2024,Premium,0,Mobile App Push
698388,1,Branch,62,Male,France,25795.43,Single,Salaried Employee,6/11/2016,Retail,1,Mobile App Push
698717,2,Adams,50,Male,United Kingdom,54119.60,Divorced,Business Owner,3/26/2022,Family,3,Mobile App Push
698749,5,Lee,74,Female,United States,28605.87,Married,Retired,12/19/2023,Senior,0,Mail
698782,4,Sanchez,49,Female,United Kingdom,156731.13,Single,Salaried Employee,5/30/2025,Premium,1,Mail
698967,5,Douglas,70,Male,United Kingdom,45976.27,Divorced,Retired,3/28/2019,Senior,0,Mail
699083,5,Medina,79,Female,United States,26850.67,Divorced,Retired,11/27/2023,Senior,0,SMS
699098,4,Alexander,51,Female,United States,141371.62,Single,Salaried Employee,1/11/2018,Premium,1,Mail
699121,1,Henderson,37,Male,Germany,20896.31,Single,Salaried Employee,7/13/2022,Retail,2,Email
699166,1,Cameron,45,Male,France,28705.55,Married,Salaried Employee,5/6/2018,Retail,1,Mail
699198,5,Aguilar,79,Female,Germany,43401.97,Married,Retired,7/18/2022,Senior,0,Phone Call
699245,3,Webb,19,Female,Germany,13117.52,Single,Student,3/16/2022,Student,0,Mobile App Push
699298,5,Camacho,79,Female,United States,54540.57,Married,Retired,12/2/2018,Senior,0,SMS
699378,5,Henderson,63,Female,Spain,40264.49,Widowed,Retired,11/23/2025,Senior,2,Phone Call
699405,1,Barnes,40,Male,Germany,22278.33,Single,Salaried Employee,8/1/2019,Retail,1,SMS
699425,1,Sanders,44,Male,United Kingdom,18136.95,Divorced,Salaried Employee,11/9/2016,Retail,1,Mail
699544,1,Rodriguez,39,Female,Germany,43858.54,Single,Salaried Employee,7/18/2019,Retail,2,Email
699573,1,Jones,48,Male,Germany,18610.24,Married,Unemployed,4/25/2019,Retail,0,Mobile App Push
699704,1,Lawrence,28,Male,Spain,41769.18,Married,Salaried Employee,4/20/2026,Retail,1,SMS
699716,1,Moore,33,Female,Germany,27752.31,Single,Freelancer,10/24/2022,Retail,0,Mobile App Push
699743,1,Wright,53,Male,United States,61221.78,Married,Freelancer,5/6/2018,Retail,1,SMS
699809,5,Jackson,74,Male,Germany,20225.85,Married,Retired,4/30/2021,Senior,0,Mail
699829,2,Phelps,49,Male,France,64592.84,Married,Freelancer,11/30/2016,Family,2,SMS
699929,2,Contreras,34,Female,United States,75261.93,Married,Unemployed,8/31/2024,Family,1,Email
700056,4,Martin,41,Male,United Kingdom,256965.87,Single,Business Owner,3/7/2021,Premium,1,Mobile App Push
700067,1,Morris,50,Male,Germany,33638.89,Divorced,Salaried Employee,10/31/2021,Retail,1,Email
700076,2,Hernandez,35,Female,France,33842.50,Married,Self-Employed,7/6/2022,Family,3,Email
700081,4,Dominguez,35,Male,Spain,124226.17,Single,Business Owner,1/13/2017,Premium,0,Email
700383,5,Kennedy,65,Female,United States,20295.42,Divorced,Salaried Employee,12/8/2024,Senior,0,Phone Call
700495,1,Wolf,41,Male,United States,26048.97,Married,Self-Employed,2/4/2024,Retail,2,Email
700521,4,Wood,53,Male,France,117138.68,Married,Business Owner,7/16/2020,Premium,0,Mobile App Push
700534,5,Zimmerman,81,Female,Spain,33001.45,Widowed,Retired,4/5/2026,Senior,0,Phone Call
700538,2,Curtis,29,Female,United Kingdom,25000.92,Married,Self-Employed,8/18/2022,Family,1,Mobile App Push
700556,4,Nguyen,39,Female,Germany,111458.29,Married,Salaried Employee,9/27/2023,Premium,0,SMS
700660,1,Ford,39,Male,United Kingdom,34874.90,Single,Freelancer,5/20/2018,Retail,0,Mobile App Push
700687,1,Lee,28,Male,France,36617.16,Married,Salaried Employee,12/26/2021,Retail,1,Email
700705,1,Davis,60,Male,France,62790.17,Married,Salaried Employee,2/24/2019,Retail,1,SMS
700727,3,Reid,18,Female,United States,10233.21,Single,Student,1/5/2026,Student,0,Mail
700870,1,Knapp,49,Male,Germany,19933.59,Married,Salaried Employee,7/31/2017,Retail,0,SMS
701253,1,Graham,44,Female,France,51577.67,Married,Salaried Employee,11/8/2025,Retail,2,Mobile App Push
701334,2,Perez,33,Male,United States,31648.74,Single,Business Owner,9/26/2018,Family,2,Phone Call
701344,3,Garcia,23,Female,Germany,12423.45,Single,Student,9/23/2018,Student,0,SMS
701568,5,Martin,72,Male,United Kingdom,23095.02,Widowed,Retired,5/30/2018,Senior,0,Mail
701581,1,Wong,57,Female,Spain,28827.22,Divorced,Salaried Employee,10/18/2020,Retail,2,Email
701761,1,Brown,38,Male,Spain,37371.08,Divorced,Salaried Employee,3/13/2021,Retail,0,Email
701790,1,Davis,45,Male,Germany,37174.96,Single,Salaried Employee,8/19/2018,Retail,0,SMS
701800,3,Rodriguez,20,Male,Spain,12635.29,Single,Student,4/16/2017,Student,0,Mobile App Push
701846,5,Phillips,77,Female,Spain,24502.92,Married,Retired,11/20/2017,Senior,0,Phone Call
701949,1,Marquez,46,Male,Germany,26393.89,Married,Salaried Employee,7/29/2024,Retail,3,Email
701969,1,Molina,55,Female,France,35842.86,Married,Self-Employed,11/2/2019,Retail,1,Email
701987,1,Lee,47,Male,United Kingdom,36293.51,Married,Salaried Employee,12/10/2024,Retail,3,Email
702022,3,Boyer,24,Female,Germany,11452.44,Single,Student,3/15/2021,Student,0,Email
702042,1,Martinez,33,Male,Spain,25583.11,Single,Salaried Employee,2/28/2024,Retail,2,Phone Call
702080,5,Mendoza,75,Male,Spain,26059.81,Divorced,Retired,9/29/2017,Senior,1,Phone Call
702427,2,Scott,47,Female,France,45411.82,Married,Business Owner,4/20/2020,Family,3,Mail
702553,5,Sanchez,70,Male,Germany,20589.62,Widowed,Retired,5/31/2017,Senior,1,Phone Call
702593,4,Cruz,63,Female,France,94703.82,Single,Salaried Employee,10/3/2024,Premium,0,SMS
702727,1,Freeman,45,Female,France,39410.13,Married,Freelancer,9/18/2024,Retail,1,Mail
702733,1,Barnes,41,Male,United States,48431.74,Married,Business Owner,10/11/2024,Retail,2,Email
702819,1,Weber,29,Male,France,90436.18,Single,Salaried Employee,1/1/2020,Retail,2,Phone Call
702826,4,Cole,52,Male,Germany,227242.39,Divorced,Freelancer,11/13/2025,Premium,2,Mobile App Push
702833,1,Hunt,54,Female,United Kingdom,57555.91,Single,Business Owner,8/18/2017,Retail,1,Mobile App Push
702891,3,Cole,21,Female,France,34663.40,Single,Student,4/3/2019,Student,0,SMS
702980,1,Todd,33,Male,Germany,34751.80,Divorced,Salaried Employee,6/24/2026,Retail,1,Email
703080,3,Sharp,22,Female,Spain,13158.50,Single,Student,9/10/2025,Student,0,SMS
703139,1,Bell,38,Female,Spain,21029.50,Married,Self-Employed,3/9/2017,Retail,1,Email
703171,4,Colon,57,Male,United Kingdom,130298.78,Single,Business Owner,7/17/2025,Premium,0,Phone Call
703178,2,Brown,47,Female,Germany,64011.12,Married,Salaried Employee,6/14/2018,Family,1,Email
703198,1,Wong,24,Male,France,41457.29,Married,Salaried Employee,12/25/2022,Retail,3,Email
703634,4,Romero,56,Male,Germany,94041.20,Married,Business Owner,11/8/2021,Premium,2,Email
703655,5,Ballard,61,Male,United Kingdom,19123.17,Married,Retired,6/4/2021,Senior,0,Phone Call
703656,1,Patterson,45,Male,Spain,24444.68,Single,Salaried Employee,4/7/2017,Retail,3,SMS
703727,1,Smith,56,Female,United States,27112.66,Single,Self-Employed,3/29/2026,Retail,2,Mobile App Push
703766,5,Rosales,63,Male,United Kingdom,21950.48,Divorced,Self-Employed,12/24/2025,Senior,0,Email
703853,2,Gregory,49,Male,United Kingdom,24652.18,Married,Unemployed,7/23/2023,Family,0,Email
703867,1,Jones,34,Female,France,36016.90,Single,Salaried Employee,3/3/2018,Retail,2,Email
703869,1,Perez,43,Female,Germany,52152.58,Married,Self-Employed,4/16/2019,Retail,2,Email
703945,1,Silva,29,Female,United Kingdom,29686.35,Married,Freelancer,7/3/2026,Retail,0,SMS
703998,4,Kennedy,42,Male,Germany,120422.94,Married,Self-Employed,5/3/2021,Premium,0,Email
704095,4,Campbell,44,Female,France,110823.62,Widowed,Self-Employed,10/24/2022,Premium,0,Phone Call
704106,1,Donaldson,45,Male,Spain,25714.17,Married,Salaried Employee,4/7/2017,Retail,2,SMS
704201,1,Bishop,32,Female,Germany,39597.96,Single,Salaried Employee,3/29/2021,Retail,1,SMS
704223,3,Davis,23,Male,United Kingdom,20750.77,Single,Student,3/24/2024,Student,0,SMS
704238,1,Riddle,24,Female,United Kingdom,30042.81,Single,Freelancer,10/13/2025,Retail,0,Email
704272,1,Cooper,40,Female,Spain,55586.38,Married,Salaried Employee,4/19/2018,Retail,1,SMS
704277,1,Murray,46,Female,Germany,24995.32,Married,Salaried Employee,1/22/2019,Retail,1,SMS
704349,2,Hernandez,55,Male,France,36961.95,Married,Salaried Employee,3/7/2020,Family,1,Mail
704570,4,Bailey,40,Male,United Kingdom,128879.97,Married,Business Owner,4/14/2022,Premium,0,SMS
704596,3,Gonzalez,20,Male,United Kingdom,21088.60,Single,Student,1/21/2018,Student,0,SMS
704660,2,Carson,44,Female,United Kingdom,66909.80,Married,Salaried Employee,1/12/2018,Family,1,Phone Call
704663,3,Brooks,24,Female,France,27173.66,Single,Student,2/16/2018,Student,0,Email
704677,5,Smith,78,Female,Spain,17023.89,Married,Retired,5/15/2026,Senior,0,Phone Call
704788,2,Ferguson,44,Female,Germany,26705.14,Married,Salaried Employee,3/9/2019,Family,1,Mobile App Push
704875,1,Hernandez,51,Female,Germany,54157.05,Single,Salaried Employee,12/14/2018,Retail,0,Mail
705050,5,Taylor,76,Male,Spain,31573.54,Married,Retired,5/26/2020,Senior,0,Email
705393,1,Clark,44,Female,Germany,39817.92,Single,Salaried Employee,11/15/2024,Retail,3,SMS
705397,1,Brennan,32,Male,United Kingdom,25429.83,Single,Salaried Employee,3/31/2019,Retail,3,SMS
705445,1,Miller,51,Female,United Kingdom,59134.90,Single,Unemployed,10/19/2024,Retail,0,Mail
705474,1,Adams,39,Female,Germany,40010.74,Single,Salaried Employee,8/21/2019,Retail,0,Email
705526,1,Gonzalez,44,Female,France,74116.99,Divorced,Salaried Employee,11/19/2017,Retail,0,Mobile App Push
705615,2,Rowe,31,Female,France,40432.16,Single,Salaried Employee,2/19/2018,Family,2,Email
705693,2,Shaffer,45,Male,France,48914.06,Married,Self-Employed,6/25/2019,Family,2,Mail
705711,2,Orozco,35,Male,France,34429.75,Divorced,Salaried Employee,12/30/2016,Family,3,Mobile App Push
705748,1,Bennett,24,Male,Spain,54093.79,Married,Business Owner,4/17/2025,Retail,1,SMS
705822,1,Hensley,24,Male,Germany,50788.95,Single,Self-Employed,12/16/2017,Retail,0,Email
705991,1,Guerrero,35,Male,United States,78986.39,Single,Salaried Employee,7/18/2020,Retail,1,Email
706005,1,Brown,36,Male,Spain,49767.71,Single,Self-Employed,6/27/2025,Retail,1,Phone Call
706007,4,Williams,54,Female,Germany,56180.90,Divorced,Self-Employed,12/23/2018,Premium,0,SMS
706012,1,Salazar,44,Female,Spain,32226.81,Married,Freelancer,2/2/2020,Retail,1,Mail
706063,1,Scott,45,Male,France,38353.10,Married,Business Owner,2/25/2026,Retail,2,SMS
706135,4,Richards,47,Female,United Kingdom,104560.41,Single,Salaried Employee,9/2/2020,Premium,1,SMS
706174,1,Patterson,53,Female,France,46235.40,Single,Business Owner,5/18/2025,Retail,1,Email
706204,2,Young,46,Female,United States,38765.66,Single,Unemployed,1/18/2018,Family,3,Mobile App Push
706224,3,Smith,21,Male,Germany,11390.17,Single,Student,8/12/2016,Student,0,Mobile App Push
706403,3,Gibson,23,Female,France,21591.86,Single,Student,3/11/2023,Student,0,Mobile App Push
706574,3,Lara,24,Male,United Kingdom,13373.39,Single,Student,7/9/2026,Student,0,Email
706658,1,Shepard,50,Female,Germany,29413.45,Married,Salaried Employee,5/3/2026,Retail,1,Email
706739,1,Dominguez,32,Male,Germany,47150.00,Divorced,Self-Employed,6/24/2023,Retail,2,SMS
706794,1,Bird,60,Male,United Kingdom,45781.28,Married,Salaried Employee,8/31/2017,Retail,1,Phone Call
707021,2,Johnson,50,Female,United Kingdom,48059.48,Married,Self-Employed,6/8/2026,Family,3,Mobile App Push
707040,1,Daniels,54,Male,France,32577.48,Married,Freelancer,2/11/2022,Retail,1,Phone Call
707090,5,Brooks,78,Male,Spain,45500.28,Married,Retired,3/24/2026,Senior,2,Mail
707275,2,Johnson,55,Male,Germany,30823.50,Married,Business Owner,3/19/2025,Family,1,SMS
707314,4,Robertson,53,Female,United States,80803.95,Single,Business Owner,8/20/2020,Premium,0,Mobile App Push
707488,2,Brown,35,Female,France,32377.49,Married,Freelancer,10/27/2021,Family,2,Email
707615,2,Kaiser,41,Female,United Kingdom,55282.95,Married,Salaried Employee,12/18/2021,Family,4,Email
707616,5,Young,76,Male,Germany,55136.46,Married,Retired,1/29/2022,Senior,0,Mail
707727,5,Suarez,75,Male,Germany,50773.90,Married,Retired,2/8/2025,Senior,0,Mail
707784,2,Anderson,32,Male,France,51080.64,Married,Unemployed,8/26/2019,Family,1,Mobile App Push
707924,2,Taylor,49,Female,United States,53406.95,Married,Self-Employed,11/4/2019,Family,1,Email
708093,2,Wiley,51,Female,United States,32210.41,Married,Salaried Employee,12/27/2024,Family,4,Mobile App Push
708158,1,Jenkins,42,Male,United Kingdom,53955.76,Married,Salaried Employee,12/20/2020,Retail,1,Mobile App Push
708299,1,Fowler,47,Male,United Kingdom,46834.81,Married,Salaried Employee,2/18/2025,Retail,0,SMS
708455,5,Stewart,73,Female,Germany,77628.55,Widowed,Retired,2/9/2018,Senior,0,Email
708502,1,Johnson,55,Male,United States,35985.61,Single,Salaried Employee,8/30/2016,Retail,2,SMS
708519,2,Gutierrez,39,Female,Germany,39415.16,Married,Freelancer,4/2/2026,Family,4,Mobile App Push
708717,1,Fry,42,Male,France,23106.13,Divorced,Salaried Employee,5/31/2018,Retail,3,Mobile App Push
708792,5,Berry,75,Female,Germany,18748.37,Married,Retired,5/9/2022,Senior,2,Email
708798,1,Chung,41,Female,France,30623.75,Married,Salaried Employee,2/28/2023,Retail,0,Mobile App Push
708851,3,Olson,21,Female,France,13044.44,Single,Unemployed,10/10/2024,Student,0,SMS
708979,1,Russell,40,Male,France,56788.33,Married,Self-Employed,6/4/2018,Retail,0,Email
708982,2,Miller,39,Male,France,34893.78,Married,Unemployed,8/27/2018,Family,2,SMS
709231,5,Mclean,80,Male,United States,21583.08,Divorced,Business Owner,7/12/2017,Senior,0,Email
709254,2,Blackburn,31,Female,France,31383.84,Married,Self-Employed,9/15/2017,Family,2,Mail
709303,1,Hammond,47,Male,Germany,46382.05,Married,Salaried Employee,7/21/2018,Retail,1,Email
709805,5,Scott,84,Male,United States,11763.84,Married,Retired,6/11/2023,Senior,1,SMS
710156,5,Allen,74,Female,Spain,39571.04,Married,Retired,2/1/2024,Senior,0,Email
710169,1,King,24,Male,Spain,84527.80,Widowed,Salaried Employee,10/27/2022,Retail,0,Mobile App Push
710224,1,Cooper,35,Female,Spain,25876.54,Married,Salaried Employee,1/22/2022,Retail,0,Email
710256,1,White,62,Male,Germany,43595.55,Single,Self-Employed,8/14/2025,Retail,2,SMS
710434,1,Shields,43,Male,United Kingdom,65055.38,Married,Salaried Employee,3/16/2019,Retail,0,Email
710527,5,Taylor,75,Male,United States,29490.54,Widowed,Self-Employed,4/24/2017,Senior,0,Phone Call
710610,4,Lane,54,Male,United States,132106.52,Single,Freelancer,10/27/2019,Premium,1,SMS
710754,1,Browning,34,Male,France,45245.93,Single,Salaried Employee,6/24/2020,Retail,3,SMS
710805,1,Thompson,47,Male,United Kingdom,50956.93,Divorced,Salaried Employee,2/6/2019,Retail,0,Phone Call
710948,2,Meyer,55,Male,France,44868.53,Married,Salaried Employee,9/17/2019,Family,1,Mobile App Push
710981,1,Bell,40,Female,Spain,68217.09,Divorced,Salaried Employee,2/27/2018,Retail,0,Phone Call
711033,1,Frey,49,Female,United Kingdom,23204.36,Married,Unemployed,8/9/2020,Retail,0,Mail
711046,1,Johnson,57,Female,United Kingdom,36898.26,Married,Salaried Employee,12/21/2023,Retail,1,SMS
711116,4,Alvarado,50,Male,Spain,111827.49,Single,Salaried Employee,1/31/2021,Premium,1,Email
711248,2,Lopez,45,Male,Germany,20712.37,Married,Salaried Employee,6/21/2020,Family,2,Email
711324,5,Blair,76,Male,Spain,28023.35,Divorced,Retired,2/27/2026,Senior,0,Phone Call
711344,4,Wolfe,50,Female,United States,99398.34,Married,Business Owner,9/13/2018,Premium,0,Mail
711474,5,Edwards,76,Female,France,34436.43,Married,Retired,3/26/2019,Senior,0,Email
711484,5,Mendoza,71,Female,United Kingdom,19416.10,Single,Retired,8/10/2017,Senior,1,SMS
711680,5,Fitzgerald,72,Male,France,38182.64,Married,Self-Employed,11/23/2023,Senior,0,Email
711868,1,Wells,57,Female,United Kingdom,49301.86,Married,Salaried Employee,9/3/2018,Retail,0,Email
711878,1,Ware,36,Female,France,38389.62,Single,Salaried Employee,5/6/2017,Retail,2,Email
711922,1,Rivers,56,Male,Germany,56496.12,Single,Business Owner,3/20/2021,Retail,0,SMS
712011,1,Koch,43,Male,France,37597.36,Married,Salaried Employee,5/13/2023,Retail,1,SMS
712024,5,Hoover,76,Female,Germany,21900.17,Widowed,Retired,3/26/2023,Senior,0,Email
712056,2,Walls,38,Male,France,59133.07,Married,Freelancer,10/25/2018,Family,3,Email
712353,1,Richards,38,Male,France,38424.63,Single,Salaried Employee,11/26/2025,Retail,3,SMS
712356,3,Kim,20,Male,France,8625.23,Single,Student,2/13/2019,Student,0,Mobile App Push
712401,1,Williams,44,Female,United States,39574.72,Married,Freelancer,8/11/2020,Retail,1,Mail
712451,3,Ray,22,Male,Spain,10260.66,Single,Student,4/1/2023,Student,0,Email
712546,5,Russell,75,Female,United States,40276.55,Widowed,Retired,5/9/2023,Senior,1,Email
712553,3,Castillo,22,Female,France,8000.00,Single,Student,8/15/2021,Student,0,Email
712554,3,Dudley,20,Male,France,12194.71,Single,Student,10/22/2017,Student,0,Email
712879,1,Hernandez,28,Female,France,59624.10,Single,Salaried Employee,5/5/2023,Retail,0,SMS
712955,5,Davis,61,Male,United Kingdom,14527.89,Divorced,Retired,12/14/2019,Senior,0,Mail
712982,2,Arnold,54,Female,Germany,45800.13,Married,Salaried Employee,1/3/2024,Family,3,Mail
713099,3,Campbell,20,Male,United States,8429.08,Single,Student,1/25/2023,Student,0,SMS
713110,1,Oliver,42,Male,France,19734.79,Single,Salaried Employee,10/11/2018,Retail,0,Mail
713513,5,Terrell,75,Female,Germany,40354.54,Widowed,Retired,5/9/2018,Senior,0,Phone Call
713543,1,Greene,51,Female,Germany,41072.75,Single,Salaried Employee,9/20/2025,Retail,0,SMS
713762,2,Murphy,43,Male,Spain,36333.63,Married,Salaried Employee,2/5/2026,Family,3,Email
713799,1,Vaughn,24,Male,France,41822.14,Divorced,Salaried Employee,12/27/2024,Retail,0,Mobile App Push
713805,1,Cox,37,Male,France,29329.21,Married,Self-Employed,6/1/2022,Retail,0,Mobile App Push
713886,2,Castro,46,Male,United Kingdom,52251.25,Married,Salaried Employee,3/23/2018,Family,2,Email
714015,4,Carter,41,Female,Germany,58894.29,Married,Salaried Employee,10/27/2019,Premium,0,SMS
714054,1,Hill,47,Male,United Kingdom,28366.44,Divorced,Salaried Employee,9/2/2017,Retail,0,Email
714334,4,Murillo,61,Male,United States,142009.35,Single,Business Owner,7/29/2026,Premium,0,SMS
714483,1,Hale,40,Male,Spain,43530.54,Married,Salaried Employee,5/17/2026,Retail,0,Mobile App Push
714549,5,Collins,66,Male,France,33248.22,Divorced,Retired,11/29/2025,Senior,0,Mail
714590,1,Gonzalez,44,Male,Germany,26901.30,Single,Salaried Employee,6/6/2023,Retail,2,Email
714867,1,Ray,41,Female,Germany,35370.12,Married,Freelancer,4/8/2024,Retail,1,Email
714923,1,Green,49,Female,Spain,30230.96,Single,Self-Employed,4/17/2023,Retail,0,Email
714953,4,Park,47,Female,United States,68885.77,Married,Self-Employed,12/21/2021,Premium,1,Phone Call
715104,1,Herman,47,Male,United States,55097.04,Married,Self-Employed,2/29/2020,Retail,0,Mobile App Push
715332,1,Cox,46,Female,France,54093.35,Single,Salaried Employee,2/9/2025,Retail,3,Mobile App Push
715336,1,Jones,33,Male,France,66145.02,Single,Salaried Employee,2/14/2017,Retail,0,Email
715388,1,Graham,56,Female,United Kingdom,70678.61,Single,Salaried Employee,5/10/2022,Retail,0,Mobile App Push
715429,2,Rivera,40,Male,United States,36790.62,Married,Salaried Employee,6/2/2026,Family,4,Email
715448,5,Reed,71,Female,United Kingdom,42902.84,Widowed,Retired,12/4/2018,Senior,0,Email
715519,2,Smith,36,Female,Spain,59070.80,Single,Business Owner,12/13/2023,Family,4,SMS
715551,1,Johnson,62,Female,France,35833.49,Married,Salaried Employee,12/1/2017,Retail,0,Email
715643,5,Ryan,84,Female,France,25621.09,Widowed,Retired,5/28/2019,Senior,1,Mail
715870,2,Johnson,31,Male,United Kingdom,48690.71,Married,Salaried Employee,2/6/2023,Family,2,Mobile App Push
715895,2,Williams,45,Female,United States,40107.92,Married,Freelancer,4/13/2022,Family,2,Email
716113,1,Ward,52,Female,United States,30176.94,Married,Salaried Employee,2/17/2018,Retail,1,Mobile App Push
716118,1,Mayer,24,Male,Spain,22872.79,Married,Unemployed,3/22/2021,Retail,1,Mobile App Push
716126,3,Wright,24,Male,United States,17619.25,Single,Student,10/16/2021,Student,0,Mobile App Push
716225,1,Edwards,47,Female,Germany,35217.67,Married,Salaried Employee,9/23/2021,Retail,1,SMS
716338,1,Campbell,24,Female,United States,30366.95,Single,Freelancer,10/15/2018,Retail,0,Mobile App Push
716482,1,Torres,35,Male,Spain,28306.25,Single,Salaried Employee,10/8/2018,Retail,0,Email
716493,5,Harrison,86,Female,United Kingdom,30617.46,Married,Retired,3/16/2017,Senior,0,Mail
716886,1,Lawson,43,Male,United States,33618.05,Married,Salaried Employee,9/4/2018,Retail,1,Phone Call
716966,4,Velazquez,49,Male,France,74717.94,Married,Self-Employed,11/24/2017,Premium,0,SMS
717024,4,Johnson,54,Female,Germany,85269.45,Divorced,Self-Employed,9/3/2017,Premium,0,Email
717113,5,Flynn,70,Male,France,25286.20,Married,Retired,10/13/2024,Senior,0,Email
717181,1,Chambers,39,Female,France,49979.83,Divorced,Salaried Employee,5/16/2021,Retail,0,Mobile App Push
717265,4,Webster,58,Male,United States,135984.62,Married,Business Owner,8/6/2016,Premium,1,Email
717322,4,Larson,54,Female,Spain,138497.64,Married,Business Owner,11/28/2017,Premium,1,Phone Call
717413,2,Koch,34,Male,Spain,43334.73,Married,Salaried Employee,9/1/2023,Family,2,Mobile App Push
717457,2,Brown,55,Male,Spain,55777.70,Single,Salaried Employee,3/24/2020,Family,2,Email
717466,4,Roth,53,Male,United States,150501.11,Married,Salaried Employee,12/7/2018,Premium,1,Phone Call
717476,1,Andrews,57,Female,France,51919.99,Married,Salaried Employee,11/22/2025,Retail,0,Email
717558,3,Carroll,25,Female,United States,12574.18,Single,Student,4/27/2022,Student,0,Mobile App Push
717661,1,Mitchell,24,Female,France,51801.43,Single,Unemployed,10/24/2022,Retail,1,SMS
717889,5,Johnson,69,Female,France,32849.95,Widowed,Retired,11/19/2018,Senior,1,Phone Call
717942,5,Hendrix,75,Male,United Kingdom,43936.26,Widowed,Retired,8/28/2022,Senior,2,Email
718213,1,Johnson,57,Female,United States,42075.87,Single,Salaried Employee,5/28/2025,Retail,2,Mobile App Push
718226,3,Porter,20,Male,United Kingdom,19001.92,Single,Student,4/23/2018,Student,0,SMS
718241,1,Roman,34,Male,Germany,75468.06,Married,Business Owner,5/8/2024,Retail,0,Mail
718337,5,Gill,69,Male,Germany,16106.69,Married,Retired,10/6/2020,Senior,0,Phone Call
718372,2,Rivera,42,Male,United Kingdom,23848.77,Single,Salaried Employee,9/13/2025,Family,1,Mobile App Push
718439,2,Stokes,34,Male,Germany,59247.53,Divorced,Salaried Employee,2/13/2024,Family,2,Mobile App Push
718697,4,Smith,61,Male,France,125141.21,Single,Business Owner,9/12/2020,Premium,2,Phone Call
718831,2,Robles,35,Female,Germany,42394.15,Widowed,Salaried Employee,3/24/2018,Family,1,Mobile App Push
718836,5,Pope,69,Female,France,16280.87,Widowed,Retired,7/7/2023,Senior,0,Email
718849,1,Hess,48,Female,Spain,43775.80,Married,Freelancer,3/8/2019,Retail,0,Mobile App Push
718975,1,Ruiz,57,Female,Spain,39047.32,Single,Business Owner,3/30/2018,Retail,0,Mobile App Push
718990,5,Bell,69,Male,United Kingdom,23960.67,Single,Self-Employed,3/8/2017,Senior,0,Mail
719176,1,Munoz,24,Male,United States,95560.14,Widowed,Salaried Employee,1/25/2025,Retail,0,Email
719221,5,Mendez,74,Female,France,14969.54,Married,Retired,2/16/2025,Senior,1,Phone Call
719284,5,Sanchez,77,Male,Germany,37349.40,Married,Retired,12/1/2025,Senior,0,Phone Call
719446,1,Brown,45,Male,United States,25760.65,Married,Salaried Employee,10/14/2021,Retail,2,Email
719489,1,Yang,52,Male,Germany,12690.28,Divorced,Self-Employed,7/4/2017,Retail,1,Email
719531,1,Meyer,27,Female,France,27130.41,Married,Salaried Employee,7/1/2026,Retail,0,Phone Call
719677,5,Hill,74,Male,France,46064.16,Married,Retired,3/4/2025,Senior,0,Email
719752,3,Thomas,24,Male,United Kingdom,10315.61,Single,Freelancer,12/9/2022,Student,0,Mobile App Push
720148,2,Soto,41,Female,United Kingdom,42441.72,Married,Freelancer,11/5/2021,Family,2,SMS
720298,1,Green,47,Male,France,38308.89,Single,Salaried Employee,12/22/2019,Retail,1,SMS
720317,5,Keller,79,Male,Germany,42211.44,Married,Retired,4/18/2026,Senior,0,Email
720407,4,Kim,50,Male,France,116739.39,Divorced,Salaried Employee,11/10/2025,Premium,0,SMS
720432,2,Rose,28,Male,Germany,25978.95,Married,Freelancer,8/12/2022,Family,3,Mobile App Push
720515,2,Lynch,28,Male,United States,42552.30,Married,Business Owner,11/7/2018,Family,1,Email
720517,3,Bradford,24,Male,Germany,10156.12,Single,Freelancer,10/10/2016,Student,0,Mobile App Push
720556,1,Finley,31,Male,Germany,21283.46,Single,Unemployed,8/17/2016,Retail,0,Mobile App Push
720644,2,Bryant,28,Male,France,40080.62,Married,Salaried Employee,5/1/2021,Family,2,Email
720647,3,Wagner,24,Female,Germany,9166.31,Married,Student,2/18/2018,Student,0,Email
720859,1,Prince,51,Male,France,36452.24,Married,Freelancer,2/26/2025,Retail,1,SMS
720928,1,Wood,36,Male,United Kingdom,32777.27,Married,Salaried Employee,6/9/2024,Retail,2,Email
720970,2,Medina,45,Male,Germany,41287.42,Married,Salaried Employee,7/19/2020,Family,2,Phone Call
720995,5,Phillips,68,Female,United Kingdom,30287.60,Single,Retired,5/4/2020,Senior,2,Email
721121,5,Marquez,71,Female,France,23843.17,Widowed,Retired,5/31/2017,Senior,0,Phone Call
721254,3,Reed,21,Male,Germany,8000.00,Single,Student,1/26/2019,Student,0,Phone Call
721301,3,Castaneda,20,Female,United States,23718.27,Single,Student,7/5/2022,Student,0,Mail
721497,1,Baker,52,Female,Spain,31661.71,Divorced,Salaried Employee,4/17/2017,Retail,3,Mobile App Push
721549,5,Dodson,75,Male,Spain,12144.29,Married,Retired,2/28/2025,Senior,0,Email
721748,2,Hester,30,Male,Spain,61038.84,Married,Salaried Employee,4/2/2019,Family,3,Email
721894,3,Rodriguez,21,Male,France,8000.00,Single,Student,3/13/2018,Student,0,SMS
721946,3,White,23,Male,France,20506.56,Single,Student,10/19/2024,Student,0,Mobile App Push
722503,5,Hayes,75,Male,United States,11902.93,Married,Retired,4/25/2024,Senior,0,Mail
722518,5,Carson,76,Female,France,19038.31,Divorced,Retired,6/9/2025,Senior,0,Phone Call
722565,1,Martin,42,Male,Germany,43951.84,Married,Freelancer,12/29/2021,Retail,0,Phone Call
722571,3,Andrews,21,Male,Germany,17849.19,Single,Student,8/26/2017,Student,0,Mobile App Push
722615,5,White,73,Female,France,22701.34,Married,Retired,8/1/2022,Senior,0,SMS
722650,2,Glover,38,Male,Spain,38212.43,Married,Salaried Employee,8/31/2022,Family,2,Mobile App Push
722651,1,Nichols,53,Male,United States,21025.71,Divorced,Salaried Employee,7/15/2019,Retail,0,Mobile App Push
722656,2,Collins,37,Male,United Kingdom,33121.88,Married,Salaried Employee,1/4/2018,Family,2,Mobile App Push
722665,4,Burns,43,Male,United Kingdom,109585.85,Married,Business Owner,9/9/2021,Premium,0,Email
722725,1,Santiago,41,Female,Germany,43195.28,Married,Freelancer,1/10/2026,Retail,0,Phone Call
722774,2,Tucker,36,Male,United States,53858.73,Widowed,Salaried Employee,9/7/2025,Family,3,SMS
722780,2,Conrad,42,Male,United States,62043.57,Married,Business Owner,2/9/2023,Family,2,Email
722795,5,Allison,78,Male,Spain,10171.76,Married,Self-Employed,5/23/2026,Senior,0,Phone Call
722886,4,Miller,54,Male,United Kingdom,51867.89,Married,Business Owner,12/17/2025,Premium,3,Mobile App Push
722899,5,Gentry,61,Male,Germany,17286.33,Married,Retired,8/6/2017,Senior,0,Phone Call
722937,2,Adams,43,Female,France,20075.08,Married,Self-Employed,7/5/2019,Family,4,Email
722999,5,Barton,64,Female,United Kingdom,60541.40,Married,Retired,3/1/2018,Senior,1,Mail
723155,5,Thompson,74,Female,Germany,29448.42,Married,Retired,2/27/2025,Senior,0,SMS
723266,5,Lopez,73,Male,United States,20702.95,Married,Retired,3/20/2022,Senior,1,Mobile App Push
723398,5,Morris,76,Female,Spain,16576.70,Married,Retired,2/23/2021,Senior,0,Mail
723870,2,Woods,39,Male,United Kingdom,23470.05,Married,Salaried Employee,10/7/2023,Family,3,Mobile App Push
723879,1,Crawford,57,Female,Spain,43207.53,Single,Self-Employed,5/17/2017,Retail,0,Email
723939,5,Shields,64,Female,France,27336.06,Widowed,Retired,5/22/2025,Senior,0,Mail
723945,1,Chen,34,Male,France,21337.85,Single,Salaried Employee,9/21/2017,Retail,0,SMS
723948,5,Peters,83,Female,France,29116.97,Widowed,Retired,8/5/2026,Senior,0,Email
723952,5,Morris,68,Female,Germany,21408.96,Married,Retired,2/11/2023,Senior,0,Email
724041,4,Fritz,46,Male,France,100035.95,Married,Business Owner,8/28/2022,Premium,0,Mobile App Push
724103,3,Valenzuela,20,Male,Spain,17651.20,Single,Student,4/25/2024,Student,0,Mail
724145,1,Santiago,57,Female,United States,33210.89,Married,Salaried Employee,9/19/2024,Retail,1,SMS
724377,5,Gomez,69,Male,United States,42537.39,Widowed,Retired,4/18/2025,Senior,0,Mail
724473,1,Day,35,Female,Germany,45920.92,Married,Salaried Employee,2/15/2025,Retail,3,Mobile App Push
724540,4,Miller,60,Male,United States,60832.88,Married,Salaried Employee,12/8/2017,Premium,0,SMS
724702,4,Smith,59,Male,Spain,82977.87,Married,Business Owner,12/19/2019,Premium,1,Email
724756,1,Thomas,28,Female,Spain,16604.63,Married,Self-Employed,9/5/2020,Retail,0,Mail
724834,3,Perez,19,Female,Germany,14165.72,Single,Student,7/19/2024,Student,0,Mobile App Push
724932,2,Brown,28,Female,France,38213.26,Married,Business Owner,6/22/2026,Family,2,SMS
725030,2,Richards,42,Male,Germany,23944.87,Married,Business Owner,4/27/2021,Family,1,Mobile App Push
725078,3,Stewart,19,Male,France,38331.02,Single,Student,6/13/2021,Student,0,Email
725084,2,Neal,38,Male,Germany,31010.61,Married,Salaried Employee,7/5/2019,Family,1,Mobile App Push
725113,1,Faulkner,56,Male,Spain,25472.24,Married,Salaried Employee,3/21/2022,Retail,0,Mobile App Push
725173,3,Simpson,18,Male,France,16892.01,Single,Unemployed,4/30/2026,Student,0,Mobile App Push
725185,1,Thompson,38,Male,United Kingdom,37496.33,Married,Unemployed,1/14/2022,Retail,0,Mobile App Push
725236,1,Dunlap,42,Male,France,49469.55,Married,Salaried Employee,4/12/2024,Retail,0,Mobile App Push
725329,2,George,46,Male,Germany,57920.35,Married,Business Owner,11/19/2023,Family,3,Email
725339,2,Reynolds,37,Male,United States,40285.56,Married,Salaried Employee,1/4/2017,Family,2,Email
725376,1,Jordan,32,Female,France,30831.37,Single,Freelancer,2/23/2022,Retail,0,Phone Call
725380,1,Rodriguez,43,Female,Germany,37748.26,Single,Salaried Employee,6/20/2024,Retail,0,Mail
725397,3,Smith,23,Female,United States,29880.70,Single,Student,9/21/2024,Student,0,Mobile App Push
725510,5,Hernandez,61,Male,France,51460.21,Single,Retired,10/29/2023,Senior,1,Mail
725550,1,Collier,32,Male,United States,32617.98,Single,Unemployed,10/11/2022,Retail,3,Mobile App Push
725637,1,Sullivan,49,Male,United Kingdom,49149.22,Divorced,Unemployed,9/17/2021,Retail,0,Phone Call
725726,1,Henry,55,Female,Spain,52862.23,Single,Salaried Employee,11/2/2025,Retail,1,SMS
725780,4,Rice,56,Female,Germany,155383.22,Married,Self-Employed,7/19/2017,Premium,0,SMS
725850,5,Lopez,79,Female,France,52494.71,Married,Salaried Employee,7/30/2018,Senior,2,Email
725874,5,Morrison,83,Male,Spain,20076.17,Married,Retired,6/4/2017,Senior,1,Phone Call
725905,1,Hernandez,46,Female,United Kingdom,58959.86,Single,Salaried Employee,3/15/2020,Retail,3,Email
725920,1,Mckinney,36,Male,Germany,36572.68,Married,Salaried Employee,11/30/2020,Retail,1,Email
725969,3,Martin,22,Female,Germany,10574.38,Single,Student,3/3/2021,Student,0,SMS
726003,4,Rodriguez,54,Male,United States,135741.29,Married,Business Owner,7/2/2025,Premium,3,SMS
726111,1,Grimes,30,Male,United Kingdom,63756.29,Single,Business Owner,5/6/2020,Retail,0,SMS
726121,1,Stokes,46,Male,Germany,38151.86,Divorced,Salaried Employee,5/29/2026,Retail,1,Email
726152,1,Jefferson,32,Male,Spain,19070.17,Married,Salaried Employee,6/14/2020,Retail,3,Mobile App Push
726258,5,Torres,76,Male,Germany,12201.40,Married,Retired,4/19/2017,Senior,1,Phone Call
726410,1,Hoffman,39,Male,United States,54046.56,Divorced,Self-Employed,1/8/2024,Retail,0,Phone Call
726495,1,Schmidt,44,Male,Germany,28367.87,Single,Freelancer,8/23/2021,Retail,0,Email
726543,1,Mack,58,Female,France,45121.31,Single,Salaried Employee,4/20/2021,Retail,0,Email
726612,1,Myers,48,Female,United States,51671.70,Married,Salaried Employee,8/17/2018,Retail,0,Mobile App Push
726667,1,Huffman,35,Female,Spain,44519.64,Married,Business Owner,6/29/2017,Retail,0,Mobile App Push
726822,5,Tucker,71,Male,United Kingdom,66519.30,Widowed,Retired,6/20/2021,Senior,0,Phone Call
726928,5,Castaneda,61,Male,France,20623.47,Widowed,Retired,9/21/2020,Senior,0,SMS
726962,2,Garcia,49,Female,France,70461.87,Married,Self-Employed,8/26/2022,Family,2,Mail
726979,1,Chavez,41,Female,France,39658.40,Single,Salaried Employee,3/25/2021,Retail,2,SMS
727086,1,Payne,40,Female,Spain,46546.19,Married,Freelancer,10/14/2023,Retail,1,Email
727094,1,Munoz,39,Male,Germany,40876.03,Married,Freelancer,5/5/2021,Retail,0,Mail
727320,2,Rice,46,Male,Spain,27291.53,Married,Salaried Employee,3/28/2025,Family,3,SMS
727354,2,Payne,44,Female,United Kingdom,23029.91,Married,Freelancer,2/9/2018,Family,2,Mobile App Push
727761,5,Roth,68,Female,Germany,45048.80,Divorced,Retired,6/15/2025,Senior,0,Phone Call
728038,1,Coleman,61,Male,United Kingdom,49161.73,Single,Freelancer,8/29/2017,Retail,0,SMS
728437,1,Alvarez,46,Male,France,34640.27,Married,Self-Employed,7/22/2017,Retail,0,Mobile App Push
728471,2,Hall,37,Female,United Kingdom,36459.19,Married,Self-Employed,7/2/2019,Family,2,Email
728492,5,Velazquez,82,Male,Spain,14614.50,Married,Business Owner,2/4/2018,Senior,0,Phone Call
728500,1,Jackson,61,Female,United States,24055.30,Divorced,Unemployed,2/19/2022,Retail,0,Mobile App Push
728636,3,Crane,21,Female,Spain,19503.27,Single,Student,12/31/2016,Student,0,Email
728950,1,Russell,40,Male,Germany,38780.40,Single,Salaried Employee,10/30/2021,Retail,2,SMS
729057,4,Bailey,65,Male,Germany,55710.28,Divorced,Self-Employed,6/18/2022,Premium,0,Mobile App Push
729094,5,Smith,71,Female,Spain,57304.47,Widowed,Retired,10/2/2018,Senior,0,Phone Call
729153,2,Martin,42,Male,Germany,48047.69,Married,Salaried Employee,11/12/2024,Family,2,Mobile App Push
729180,1,Osborne,42,Female,United States,27756.60,Divorced,Freelancer,1/24/2024,Retail,3,Mobile App Push
729252,5,Burnett,66,Female,United Kingdom,20610.52,Married,Retired,10/8/2020,Senior,0,SMS
729371,4,Guerrero,45,Female,Germany,92364.31,Divorced,Business Owner,3/1/2025,Premium,1,SMS
729402,5,Anderson,77,Female,Spain,20748.40,Married,Salaried Employee,10/31/2019,Senior,0,SMS
729575,1,Reilly,61,Male,France,37019.24,Single,Self-Employed,4/27/2017,Retail,1,Mail
729577,1,Shaw,59,Female,France,34536.42,Married,Unemployed,8/24/2020,Retail,0,Mobile App Push
729718,1,West,43,Male,Spain,40996.90,Married,Salaried Employee,6/25/2020,Retail,0,Phone Call
730025,5,Carter,81,Male,United States,57650.44,Divorced,Retired,2/15/2021,Senior,0,Email
730193,1,May,34,Male,Spain,46912.78,Single,Self-Employed,9/23/2019,Retail,0,Email
730343,1,Walton,50,Female,Germany,28710.54,Single,Salaried Employee,9/13/2022,Retail,0,SMS
730421,2,Moore,39,Male,France,17922.85,Married,Salaried Employee,3/10/2017,Family,2,Mobile App Push
730889,1,Cannon,39,Male,Germany,19751.98,Married,Freelancer,2/11/2017,Retail,2,Phone Call
731262,1,Hall,42,Male,Germany,86133.05,Divorced,Unemployed,5/23/2017,Retail,0,Email
731264,1,Brown,44,Male,United States,35373.84,Married,Unemployed,10/8/2024,Retail,1,Email
731559,3,Long,23,Male,United Kingdom,12980.52,Married,Student,12/20/2020,Student,0,Mobile App Push
731650,1,Miranda,29,Male,United States,20359.11,Married,Salaried Employee,5/23/2018,Retail,2,Mail
731661,2,Galloway,39,Male,United States,34898.58,Married,Salaried Employee,7/8/2021,Family,2,Mobile App Push
731718,4,Wallace,48,Male,Spain,104972.69,Married,Business Owner,9/23/2025,Premium,1,Mobile App Push
731728,1,Montes,48,Female,Germany,38197.46,Married,Salaried Employee,7/11/2019,Retail,0,Mobile App Push
731792,1,Gay,35,Female,United States,74162.35,Married,Freelancer,8/27/2019,Retail,1,Email
731894,1,Meyer,36,Female,France,38051.73,Single,Business Owner,1/20/2017,Retail,0,Mobile App Push
731977,1,Roth,62,Male,Germany,45592.93,Married,Salaried Employee,1/4/2025,Retail,0,SMS
732063,2,Morales,38,Female,France,38784.34,Married,Self-Employed,8/5/2018,Family,0,Email
732209,5,Cunningham,74,Male,France,38258.53,Married,Retired,6/26/2026,Senior,0,SMS
732512,2,Kelly,28,Female,United Kingdom,30002.55,Married,Salaried Employee,9/24/2018,Family,3,Email
732556,1,Jimenez,52,Female,United States,21624.46,Married,Salaried Employee,3/23/2024,Retail,2,Mobile App Push
732590,5,Brown,76,Male,United States,32664.49,Married,Retired,3/13/2024,Senior,0,Email
732608,1,Gomez,26,Female,Germany,26970.93,Single,Salaried Employee,9/23/2016,Retail,0,Mobile App Push
732697,2,Lowe,28,Male,France,30646.33,Married,Salaried Employee,5/9/2025,Family,2,Mobile App Push
732789,1,Turner,46,Female,Germany,38405.79,Single,Business Owner,2/1/2023,Retail,0,Email
732958,2,Kennedy,42,Female,France,42164.74,Single,Salaried Employee,10/30/2022,Family,2,Mobile App Push
733039,1,Gonzales,37,Male,France,79590.64,Married,Salaried Employee,10/5/2024,Retail,1,SMS
733052,5,Baker,72,Male,Spain,35128.54,Married,Retired,5/9/2025,Senior,2,Email
733152,1,Beck,54,Female,United States,32265.46,Single,Salaried Employee,6/29/2018,Retail,0,Phone Call
733553,2,Fischer,45,Female,United States,27178.10,Single,Unemployed,7/21/2025,Family,1,Email
733561,5,Crawford,68,Male,Germany,24133.77,Single,Retired,1/26/2023,Senior,0,Mail
733760,1,Crane,48,Female,Spain,41722.58,Single,Self-Employed,4/15/2020,Retail,3,SMS
733790,2,Smith,41,Female,France,32908.43,Married,Salaried Employee,5/31/2018,Family,2,Mail
733801,3,Davis,21,Female,United States,23644.30,Single,Student,6/11/2025,Student,0,Email
733941,1,Austin,34,Female,France,55493.87,Single,Salaried Employee,3/13/2025,Retail,0,Mobile App Push
734035,5,Williams,77,Female,United States,20408.68,Widowed,Salaried Employee,10/20/2018,Senior,1,SMS
734059,2,Williams,49,Female,Germany,75585.01,Married,Unemployed,12/15/2019,Family,2,SMS
734086,4,Glass,45,Male,Spain,58189.66,Married,Salaried Employee,5/17/2022,Premium,1,Mail
734155,1,Larson,42,Male,Spain,21139.48,Single,Self-Employed,11/3/2016,Retail,0,SMS
734210,5,Taylor,78,Female,United Kingdom,34750.08,Divorced,Retired,3/23/2026,Senior,0,Mail
734356,5,Trujillo,73,Female,France,30889.11,Married,Retired,4/6/2026,Senior,0,Mobile App Push
734366,5,Mendez,86,Male,France,18411.71,Married,Retired,7/15/2018,Senior,0,Phone Call
734394,3,Wright,25,Male,United States,15054.15,Single,Student,9/9/2019,Student,0,Mobile App Push
734487,1,Garza,38,Male,Spain,20317.76,Married,Freelancer,9/25/2024,Retail,0,Mobile App Push
734534,5,Stevens,79,Male,France,19562.31,Widowed,Retired,5/25/2017,Senior,0,Phone Call
734565,1,Oneal,35,Female,France,43011.61,Widowed,Self-Employed,8/27/2019,Retail,0,Mobile App Push
734775,5,Gordon,81,Male,United States,43420.96,Married,Retired,2/9/2024,Senior,1,Phone Call
734792,1,Miller,47,Male,France,36175.41,Married,Self-Employed,10/28/2016,Retail,2,Mobile App Push
734836,1,Edwards,49,Female,Germany,95889.27,Married,Salaried Employee,5/9/2026,Retail,1,Mail
734924,1,Powell,44,Male,Spain,25305.59,Divorced,Salaried Employee,3/1/2022,Retail,0,Email
734992,2,Moreno,44,Male,Germany,53818.81,Married,Freelancer,10/2/2021,Family,1,Mobile App Push
735022,5,Mendoza,77,Female,United Kingdom,36081.61,Single,Retired,12/3/2017,Senior,0,Phone Call
735053,1,Mccann,58,Male,Germany,26027.40,Married,Salaried Employee,4/1/2022,Retail,0,Mobile App Push
735111,3,Chavez,18,Female,United Kingdom,22285.84,Single,Student,11/26/2019,Student,0,SMS
735163,3,Meadows,21,Female,France,12523.70,Single,Student,11/11/2022,Student,0,Mail
735324,1,Davis,45,Male,United Kingdom,22092.64,Married,Business Owner,3/9/2025,Retail,1,Email
735388,5,Burton,61,Male,Germany,49300.64,Married,Retired,3/23/2020,Senior,0,Mobile App Push
735605,5,Spencer,82,Female,Germany,35300.37,Widowed,Business Owner,10/4/2017,Senior,0,Phone Call
735656,2,Hicks,33,Male,Spain,46845.78,Married,Salaried Employee,9/25/2017,Family,1,Mobile App Push
735710,1,Bryant,53,Female,Spain,70865.69,Single,Freelancer,2/15/2020,Retail,2,Email
735770,2,Novak,38,Male,France,67942.95,Married,Salaried Employee,3/29/2026,Family,3,Mobile App Push
735818,2,Lee,50,Female,France,83920.69,Married,Salaried Employee,6/28/2023,Family,3,Phone Call
735863,2,Jones,33,Male,United Kingdom,27226.13,Married,Business Owner,9/26/2025,Family,3,SMS
735988,1,George,40,Female,Spain,38638.67,Divorced,Freelancer,1/17/2023,Retail,0,Mobile App Push
736030,1,Brown,38,Female,United States,78032.46,Married,Salaried Employee,6/5/2025,Retail,2,Mobile App Push
736059,5,Robinson,82,Male,Spain,37698.15,Single,Retired,10/19/2018,Senior,0,Phone Call
736095,1,King,39,Female,France,27090.69,Single,Business Owner,4/22/2017,Retail,0,Email
736129,5,Pearson,69,Female,United Kingdom,35345.63,Divorced,Retired,6/26/2017,Senior,0,Mail
736130,1,Young,40,Female,Germany,26402.27,Widowed,Unemployed,5/11/2023,Retail,3,Mobile App Push
736408,3,Smith,19,Female,Germany,9840.40,Single,Student,1/11/2026,Student,0,SMS
736553,5,Buckley,85,Male,Germany,40056.16,Widowed,Salaried Employee,12/28/2025,Senior,0,Email
736565,5,Martin,74,Female,Germany,13928.93,Widowed,Self-Employed,9/13/2018,Senior,1,Phone Call
736745,2,Nichols,45,Female,Spain,27562.55,Married,Salaried Employee,5/3/2022,Family,1,Email
736818,1,Anthony,43,Male,France,21049.88,Married,Unemployed,5/24/2022,Retail,2,Mobile App Push
737086,2,Durham,33,Female,United Kingdom,35894.78,Married,Business Owner,10/6/2022,Family,0,SMS
737107,1,Rodriguez,38,Female,France,21584.84,Divorced,Salaried Employee,7/17/2018,Retail,2,Mail
737460,2,Weaver,45,Female,United Kingdom,34516.88,Married,Salaried Employee,9/2/2024,Family,2,Email
737517,1,Fleming,52,Female,France,42478.45,Single,Salaried Employee,7/1/2026,Retail,2,SMS
737846,1,Skinner,34,Female,United States,50222.30,Single,Salaried Employee,1/27/2024,Retail,1,SMS
737894,1,Mitchell,46,Male,France,21592.65,Single,Salaried Employee,11/7/2020,Retail,1,Mobile App Push
737967,4,Davis,51,Male,United Kingdom,119110.92,Single,Salaried Employee,1/21/2024,Premium,2,SMS
738221,1,Bennett,62,Male,France,35774.42,Single,Freelancer,3/13/2022,Retail,0,Mail
738407,5,Davis,88,Male,Spain,23491.66,Married,Retired,4/16/2026,Senior,0,Mail
738419,2,Bernard,40,Male,Germany,39118.14,Married,Unemployed,11/28/2020,Family,1,Mail
738448,1,Brown,47,Female,United Kingdom,52249.20,Single,Self-Employed,12/28/2016,Retail,1,SMS
738457,1,Taylor,47,Male,France,53913.37,Single,Salaried Employee,10/31/2021,Retail,0,Mobile App Push
738543,2,Hays,36,Male,Germany,58878.98,Married,Salaried Employee,6/5/2024,Family,4,Mobile App Push
738551,1,Potter,27,Male,France,21249.72,Divorced,Salaried Employee,10/11/2024,Retail,1,Email
738576,1,Cochran,36,Female,France,147612.90,Single,Freelancer,10/21/2025,Retail,0,SMS
738577,1,Patterson,37,Male,Germany,44516.63,Single,Salaried Employee,4/10/2019,Retail,2,Mobile App Push
738584,2,Simmons,50,Female,Germany,45324.08,Single,Salaried Employee,11/5/2018,Family,2,Mail
738613,4,Allen,41,Female,Spain,150510.52,Married,Self-Employed,6/9/2025,Premium,0,Email
738635,2,Smith,38,Male,France,35595.07,Single,Salaried Employee,2/29/2020,Family,1,Mail
738720,1,House,59,Female,Germany,48487.92,Married,Self-Employed,4/14/2026,Retail,0,Phone Call
739008,1,Bennett,44,Male,United Kingdom,27249.18,Divorced,Self-Employed,1/25/2022,Retail,1,Mobile App Push
739037,2,Jordan,28,Female,United States,31646.23,Married,Business Owner,7/28/2021,Family,3,SMS
739098,1,Jones,24,Male,France,51704.68,Single,Freelancer,2/2/2019,Retail,0,Mobile App Push
739244,2,Hunter,51,Male,France,22351.72,Married,Salaried Employee,8/8/2020,Family,2,SMS
739427,1,Smith,56,Male,United States,33424.93,Married,Salaried Employee,11/27/2018,Retail,0,Mobile App Push
739705,1,Moore,41,Male,France,62850.46,Divorced,Freelancer,8/22/2023,Retail,0,SMS
739711,1,Jones,42,Female,France,44043.07,Married,Salaried Employee,6/8/2024,Retail,0,Mobile App Push
739717,1,Ellis,47,Male,Spain,53372.30,Single,Business Owner,8/29/2025,Retail,0,Email
739905,5,Kelly,77,Female,Germany,19995.96,Married,Retired,6/23/2021,Senior,0,SMS
739947,1,Tyler,62,Female,France,35477.40,Married,Salaried Employee,5/6/2022,Retail,1,SMS
739966,1,Fuentes,41,Female,United Kingdom,42193.49,Married,Salaried Employee,4/6/2025,Retail,0,Mail
739979,1,Flores,46,Female,France,32694.75,Single,Freelancer,11/29/2023,Retail,0,Email
740140,4,Wolf,52,Female,Germany,161435.14,Married,Salaried Employee,10/18/2023,Premium,2,Mobile App Push
740195,1,Williams,50,Male,Germany,47579.39,Married,Unemployed,12/19/2020,Retail,0,Email
740255,1,Nixon,51,Male,Spain,26422.28,Single,Unemployed,2/19/2019,Retail,1,Mobile App Push
740524,4,Ryan,48,Male,France,71267.30,Married,Salaried Employee,2/11/2021,Premium,0,Email
740632,2,Fitzpatrick,31,Female,Germany,94738.76,Married,Salaried Employee,12/10/2023,Family,2,Mobile App Push
740725,2,Rose,37,Male,United States,34857.90,Married,Self-Employed,6/16/2021,Family,4,Mobile App Push
740774,3,Schneider,22,Male,Spain,15497.62,Single,Student,5/16/2022,Student,0,SMS
740916,1,Day,39,Male,Germany,18188.89,Single,Salaried Employee,12/30/2024,Retail,0,Phone Call
740967,1,Carlson,61,Female,United Kingdom,31254.30,Single,Salaried Employee,8/24/2025,Retail,2,Email
741003,1,Thomas,38,Male,France,21736.88,Single,Salaried Employee,7/4/2019,Retail,0,Phone Call
741018,3,Miller,20,Female,Germany,26750.36,Single,Student,6/9/2026,Student,0,Mobile App Push
741055,1,Walker,49,Female,France,36795.78,Married,Freelancer,12/29/2024,Retail,1,Mobile App Push
741079,1,Williamson,43,Male,Spain,71932.01,Single,Unemployed,1/23/2018,Retail,0,Email
741181,3,Barr,22,Female,Germany,13951.77,Single,Student,10/15/2020,Student,0,Mobile App Push
741194,2,Robinson,53,Male,United Kingdom,61034.08,Married,Salaried Employee,11/22/2018,Family,1,Mobile App Push
741209,4,Taylor,48,Male,United States,48390.81,Married,Self-Employed,7/15/2019,Premium,1,Phone Call
741233,1,Mason,51,Female,Spain,12587.80,Married,Salaried Employee,9/11/2021,Retail,0,SMS
741390,5,Garner,83,Female,Spain,26072.97,Widowed,Retired,6/15/2023,Senior,0,Email
741599,1,Bates,33,Female,Germany,26417.84,Divorced,Business Owner,1/17/2022,Retail,1,Mobile App Push
741603,2,Pace,46,Male,United States,53136.75,Married,Salaried Employee,11/24/2016,Family,2,Mail
741674,1,Moore,51,Male,France,39246.14,Single,Salaried Employee,12/7/2025,Retail,1,Email
741709,1,Vaughn,24,Male,Spain,34347.81,Married,Salaried Employee,6/18/2025,Retail,0,SMS
741780,3,Fernandez,21,Female,France,10112.07,Single,Student,11/24/2018,Student,0,Email
741784,2,Hayes,36,Male,United States,29518.05,Married,Business Owner,6/1/2026,Family,3,SMS
741804,1,Wells,51,Female,France,36463.53,Single,Freelancer,1/2/2018,Retail,3,Mobile App Push
742039,3,Cole,20,Male,United Kingdom,15836.19,Single,Student,11/7/2017,Student,0,Email
742053,2,Moore,42,Male,France,47635.84,Single,Salaried Employee,9/2/2020,Family,1,Mobile App Push
742108,2,Bennett,35,Female,United States,52888.21,Married,Self-Employed,12/20/2017,Family,1,SMS
742191,1,Morrow,36,Male,France,54283.86,Single,Self-Employed,8/24/2019,Retail,1,SMS
742198,2,Rice,41,Male,United Kingdom,48067.53,Married,Salaried Employee,2/16/2017,Family,0,Mobile App Push
742254,5,Morris,73,Female,Germany,30072.90,Married,Retired,1/5/2018,Senior,0,Mail
742412,2,Owen,29,Male,United States,57897.77,Single,Salaried Employee,3/24/2020,Family,0,Email
742439,1,Newman,31,Female,United Kingdom,38161.38,Married,Salaried Employee,4/21/2024,Retail,0,Mobile App Push
742544,2,Alvarez,49,Male,Germany,50815.47,Widowed,Business Owner,1/3/2019,Family,3,Phone Call
742686,2,Cox,40,Male,Germany,42482.83,Single,Salaried Employee,2/8/2022,Family,2,Phone Call
742818,2,Ware,34,Female,Spain,49903.66,Single,Salaried Employee,5/15/2025,Family,3,Mobile App Push
742848,4,Estrada,42,Male,Germany,71856.88,Divorced,Self-Employed,7/11/2023,Premium,1,SMS
742865,5,Michael,71,Male,Germany,31197.96,Widowed,Retired,7/23/2023,Senior,0,Phone Call
742917,2,Anderson,44,Male,Germany,37445.98,Married,Salaried Employee,5/4/2019,Family,2,SMS
743003,1,Mccoy,44,Female,Germany,62743.28,Divorced,Salaried Employee,1/16/2020,Retail,1,Email
743052,1,Walters,39,Female,France,24959.65,Married,Salaried Employee,9/5/2021,Retail,1,Mail
743378,5,Harvey,64,Female,United States,49936.77,Married,Retired,8/5/2017,Senior,0,Phone Call
743453,2,Watkins,38,Female,Germany,62187.05,Divorced,Self-Employed,7/20/2025,Family,2,SMS
743473,3,Green,24,Female,United States,13694.17,Single,Student,11/7/2022,Student,0,SMS
743512,4,Morris,60,Male,Germany,48405.52,Single,Self-Employed,6/19/2018,Premium,1,Mail
743520,2,Moss,53,Female,Spain,32563.82,Married,Self-Employed,11/20/2023,Family,0,Email
743644,5,Hammond,74,Female,United States,13596.66,Widowed,Salaried Employee,5/13/2018,Senior,2,Mail
743684,2,Pierce,41,Female,United States,27711.78,Married,Salaried Employee,5/2/2020,Family,2,Email
743789,1,Watson,47,Female,Germany,67999.71,Single,Salaried Employee,8/6/2024,Retail,0,SMS
743790,1,Evans,52,Male,Germany,16147.25,Married,Salaried Employee,11/5/2024,Retail,2,Mail
743852,1,Hernandez,38,Female,France,29962.37,Married,Salaried Employee,1/30/2021,Retail,0,Mobile App Push
743863,4,Calhoun,51,Male,United Kingdom,175644.19,Single,Freelancer,8/10/2020,Premium,1,Mobile App Push
743937,2,Shelton,50,Female,United Kingdom,51696.02,Married,Salaried Employee,3/30/2020,Family,1,Phone Call
743966,5,Perez,75,Female,Spain,23950.30,Single,Retired,6/25/2022,Senior,0,SMS
744129,5,Pierce,74,Male,Germany,46781.29,Married,Retired,4/22/2020,Senior,1,Email
744274,2,Graves,35,Male,United Kingdom,56239.84,Divorced,Freelancer,4/5/2019,Family,1,Mobile App Push
744328,1,Mccormick,47,Female,France,36725.77,Single,Salaried Employee,5/17/2024,Retail,0,Mail
744333,3,Bennett,19,Male,Spain,14002.69,Single,Student,2/14/2023,Student,0,Email
744481,1,Moss,52,Female,Germany,26064.68,Married,Freelancer,5/18/2021,Retail,2,Mobile App Push
744610,4,Walton,67,Male,Spain,160937.29,Married,Self-Employed,2/2/2024,Premium,0,Email
744674,1,Carr,27,Female,United Kingdom,61478.31,Divorced,Salaried Employee,9/22/2019,Retail,0,SMS
744718,1,Campbell,50,Female,Germany,36062.22,Single,Salaried Employee,8/22/2023,Retail,1,Email
744793,1,Hernandez,31,Male,Germany,47860.12,Married,Salaried Employee,3/4/2018,Retail,0,Phone Call
744883,1,Stewart,44,Female,France,22413.88,Married,Salaried Employee,11/16/2018,Retail,0,Email
744986,2,Romero,30,Female,United Kingdom,53856.37,Married,Salaried Employee,6/4/2021,Family,1,Phone Call
745073,4,Shaw,46,Female,United Kingdom,50323.47,Married,Self-Employed,10/5/2020,Premium,1,SMS
745197,1,Rodriguez,50,Male,United Kingdom,26937.75,Single,Salaried Employee,11/4/2021,Retail,1,SMS
745239,1,Miller,27,Male,United Kingdom,26767.69,Single,Salaried Employee,3/1/2023,Retail,0,Mail
745270,2,Jacobson,40,Male,United Kingdom,40552.26,Divorced,Salaried Employee,10/2/2017,Family,2,SMS
745414,2,Cox,30,Male,Germany,54191.64,Married,Freelancer,3/18/2020,Family,2,SMS
745474,1,Freeman,44,Female,Spain,49920.81,Married,Salaried Employee,3/22/2023,Retail,0,SMS
745512,1,Ramirez,42,Female,United States,86143.15,Married,Salaried Employee,7/7/2018,Retail,2,Email
745533,4,Baker,53,Female,France,147426.38,Divorced,Business Owner,6/28/2019,Premium,0,Email
745558,2,Stanley,40,Female,United States,33517.12,Married,Unemployed,8/9/2019,Family,1,Email
745584,1,Fuller,24,Male,France,37764.72,Married,Salaried Employee,7/26/2021,Retail,2,SMS
745710,2,Burgess,42,Female,Germany,59296.69,Married,Salaried Employee,9/1/2020,Family,0,SMS
745830,1,Vega,46,Male,United Kingdom,42497.55,Married,Salaried Employee,5/8/2020,Retail,1,SMS
745915,1,Nicholson,58,Female,Spain,35999.72,Married,Salaried Employee,1/6/2024,Retail,1,SMS
745919,3,York,21,Female,Germany,11856.77,Single,Student,9/30/2024,Student,0,Email
745972,1,Johnson,51,Male,Spain,41125.85,Married,Freelancer,5/18/2019,Retail,0,SMS
746002,5,Diaz,85,Male,United Kingdom,25376.52,Married,Retired,11/23/2016,Senior,0,Phone Call
746036,2,Pineda,28,Female,Germany,50053.11,Single,Salaried Employee,9/14/2025,Family,1,Email
746081,5,Garcia,72,Male,Spain,55962.82,Married,Retired,2/21/2020,Senior,0,Email
746154,3,May,21,Male,Spain,13835.72,Single,Student,8/4/2025,Student,0,Email
746253,1,Perez,39,Female,France,20751.77,Single,Salaried Employee,3/27/2023,Retail,0,Mobile App Push
746281,5,Carpenter,71,Female,United States,39721.10,Married,Self-Employed,8/30/2020,Senior,0,Mail
746447,3,Green,21,Male,France,23832.11,Single,Student,11/10/2017,Student,0,Phone Call
746467,1,Morse,31,Male,France,58558.76,Single,Self-Employed,5/28/2019,Retail,0,Email
746624,1,Jones,49,Male,Germany,32720.03,Single,Salaried Employee,2/7/2020,Retail,2,Mail
746781,1,Lopez,35,Female,United States,29217.02,Single,Self-Employed,4/28/2026,Retail,1,Mail
746850,1,Williams,32,Female,Spain,39467.89,Divorced,Salaried Employee,11/26/2016,Retail,0,Mobile App Push
746901,2,Jackson,47,Male,Spain,43899.51,Married,Business Owner,12/16/2018,Family,2,SMS
746910,3,Maynard,20,Male,United States,11744.37,Single,Student,7/20/2023,Student,0,Phone Call
746915,1,Kaiser,43,Female,Germany,67241.93,Single,Salaried Employee,3/15/2017,Retail,0,Mobile App Push
746947,5,Wilkins,75,Female,Spain,12407.97,Divorced,Retired,6/3/2026,Senior,0,Mail
747033,5,Kim,80,Female,France,27867.41,Married,Retired,6/24/2022,Senior,2,Phone Call
747351,1,White,47,Female,France,56436.88,Married,Unemployed,5/3/2026,Retail,1,Email
747453,1,Johnson,33,Female,France,41427.49,Single,Salaried Employee,9/25/2025,Retail,3,Email
747703,1,Gilmore,35,Male,United Kingdom,39932.24,Single,Salaried Employee,2/8/2021,Retail,3,Mobile App Push
747736,1,Morrow,58,Female,France,32233.25,Married,Business Owner,10/30/2024,Retail,2,SMS
747847,1,Ford,40,Male,Germany,77513.00,Divorced,Salaried Employee,9/4/2016,Retail,1,SMS
747850,1,Olson,32,Male,Spain,19912.32,Single,Salaried Employee,6/18/2021,Retail,2,SMS
747983,1,Montgomery,46,Male,Spain,59336.03,Single,Salaried Employee,7/20/2020,Retail,0,SMS
748052,2,Colon,47,Female,United Kingdom,32398.95,Married,Freelancer,9/5/2023,Family,2,Mobile App Push
748127,2,Bennett,40,Male,Germany,47643.96,Married,Unemployed,1/14/2019,Family,2,Email
748133,2,Hernandez,32,Female,United States,45705.90,Single,Salaried Employee,5/3/2025,Family,1,Email
748151,1,Johnson,42,Male,United Kingdom,64182.31,Married,Salaried Employee,4/16/2018,Retail,1,Mail
748270,4,Hodges,44,Female,United States,53944.57,Single,Business Owner,4/26/2023,Premium,3,Mobile App Push
748276,2,Wilson,28,Male,United States,58084.69,Married,Freelancer,8/6/2021,Family,2,Mobile App Push
748314,5,Bean,75,Male,France,32071.29,Married,Retired,7/5/2017,Senior,1,Email
748386,3,Marshall,23,Female,France,15274.30,Single,Student,5/19/2017,Student,0,Mail
748410,3,Marks,23,Female,France,14173.70,Single,Student,8/11/2024,Student,0,Mobile App Push
748458,4,Bennett,48,Female,France,79963.25,Married,Business Owner,1/7/2019,Premium,1,Mobile App Push
748564,5,Anderson,81,Female,Spain,23829.54,Married,Retired,4/2/2024,Senior,0,Phone Call
748645,5,Clark,69,Male,France,33941.28,Married,Retired,11/12/2022,Senior,0,Phone Call
748665,1,Carpenter,43,Female,France,43712.27,Single,Salaried Employee,8/26/2020,Retail,0,Email
748696,3,Sparks,21,Female,Germany,12756.88,Single,Student,6/2/2023,Student,0,Mobile App Push
748985,2,Carter,46,Female,Germany,31410.12,Married,Salaried Employee,1/30/2019,Family,3,Email
749137,1,Morris,42,Female,France,84879.97,Single,Salaried Employee,3/10/2026,Retail,0,Mobile App Push
749208,2,Pierce,48,Female,France,42489.92,Divorced,Salaried Employee,1/9/2024,Family,1,Mail
749253,2,Sullivan,38,Male,Germany,36598.96,Married,Salaried Employee,10/23/2017,Family,3,SMS
749342,1,Shaw,44,Male,Germany,29248.33,Married,Freelancer,2/15/2017,Retail,0,Phone Call
749468,1,Hall,26,Male,Spain,27067.87,Married,Self-Employed,4/24/2022,Retail,2,SMS
749485,4,Kennedy,36,Female,Spain,92779.48,Widowed,Business Owner,10/7/2023,Premium,0,Mobile App Push
749498,2,Bell,39,Female,United Kingdom,33492.98,Married,Self-Employed,6/15/2026,Family,0,Email
749609,2,Mitchell,36,Male,United Kingdom,39978.60,Married,Freelancer,8/1/2024,Family,2,SMS
749641,3,Dickerson,23,Male,United States,22651.67,Single,Student,2/18/2017,Student,0,SMS
749813,3,Cruz,20,Male,United States,16836.70,Single,Student,8/9/2016,Student,0,Phone Call
749838,2,Mejia,40,Male,United States,53967.59,Married,Business Owner,11/3/2019,Family,3,Email
749840,4,Peters,57,Male,France,98973.52,Married,Self-Employed,9/27/2020,Premium,0,SMS
749863,2,Wong,30,Female,France,68803.35,Single,Freelancer,11/7/2018,Family,2,SMS
749871,1,Parks,28,Male,Germany,65595.82,Single,Salaried Employee,2/21/2023,Retail,0,Mobile App Push
749887,4,Armstrong,48,Male,Germany,143272.33,Divorced,Salaried Employee,5/30/2017,Premium,2,Mobile App Push
750318,1,Wang,45,Male,France,56469.21,Married,Business Owner,4/26/2024,Retail,1,Email
750324,2,Morgan,36,Male,United Kingdom,25592.53,Married,Self-Employed,7/9/2021,Family,1,Email
750403,1,Smith,32,Female,Germany,27182.03,Divorced,Self-Employed,1/15/2019,Retail,2,Mobile App Push
750594,1,Allison,59,Male,United Kingdom,43633.59,Single,Self-Employed,2/27/2018,Retail,0,Email
750706,1,Williams,35,Female,United Kingdom,31809.02,Single,Salaried Employee,10/30/2022,Retail,0,Mobile App Push
750803,2,Camacho,35,Male,Germany,53677.21,Married,Freelancer,5/13/2023,Family,3,SMS
750810,5,Chavez,61,Male,Germany,36943.32,Divorced,Retired,11/25/2021,Senior,1,Phone Call
750817,5,Downs,75,Female,United States,36626.27,Married,Self-Employed,6/9/2020,Senior,0,SMS
751034,1,Long,41,Male,United Kingdom,50653.50,Married,Self-Employed,12/13/2019,Retail,0,Phone Call
751051,2,Thomas,44,Female,France,78651.23,Married,Salaried Employee,5/8/2019,Family,1,Email
751114,4,Morgan,58,Female,France,249923.69,Married,Business Owner,8/29/2018,Premium,1,SMS
751168,2,Nichols,46,Male,Spain,39964.13,Married,Self-Employed,10/24/2018,Family,2,Mobile App Push
751194,3,Jones,24,Male,United States,12018.39,Single,Student,6/26/2024,Student,0,SMS
751303,3,Martin,22,Male,Germany,12323.47,Single,Student,7/7/2026,Student,0,SMS
751332,1,Brooks,28,Female,United Kingdom,27753.85,Single,Salaried Employee,7/12/2019,Retail,3,Mobile App Push
751517,3,Scott,22,Female,Germany,9321.05,Single,Student,1/6/2021,Student,0,Email
751924,3,Rios,19,Female,Germany,28567.53,Single,Student,11/16/2017,Student,0,Email
752011,4,Moran,36,Female,United Kingdom,64546.21,Single,Freelancer,9/24/2022,Premium,3,Email
752483,1,Fischer,49,Male,Germany,57319.02,Single,Salaried Employee,12/25/2025,Retail,1,Phone Call
752801,1,Wheeler,46,Male,United States,34084.80,Widowed,Salaried Employee,11/3/2024,Retail,2,Mobile App Push
752878,1,Miller,35,Male,Germany,31172.50,Single,Business Owner,5/13/2019,Retail,2,Email
752966,2,Smith,31,Female,France,47016.78,Single,Business Owner,10/12/2019,Family,3,Mobile App Push
753004,2,Jones,51,Male,United Kingdom,63725.96,Married,Freelancer,11/22/2022,Family,3,Phone Call
753050,1,Navarro,58,Female,United States,48648.40,Single,Salaried Employee,12/9/2022,Retail,2,Phone Call
753064,3,Bradley,22,Male,United States,25674.52,Single,Student,4/6/2019,Student,0,Email
753205,1,Martinez,34,Male,France,48951.39,Single,Freelancer,6/22/2024,Retail,1,Email
753306,1,Johnson,39,Female,United States,19043.14,Married,Business Owner,6/27/2019,Retail,3,Mail
753323,1,King,47,Female,Germany,37434.96,Single,Salaried Employee,10/15/2021,Retail,0,Mobile App Push
753404,1,Williams,35,Female,United States,24805.30,Married,Salaried Employee,4/22/2026,Retail,1,SMS
753425,3,Brown,18,Male,France,19525.48,Single,Student,2/7/2018,Student,0,Phone Call
753453,2,Rodriguez,42,Female,United Kingdom,32347.92,Married,Unemployed,5/14/2020,Family,2,Email
753484,4,Thompson,54,Female,United States,114521.64,Married,Salaried Employee,4/1/2026,Premium,3,SMS
753516,1,Ramirez,33,Female,Germany,28490.74,Married,Freelancer,5/25/2023,Retail,1,Email
753518,4,Cunningham,32,Female,Germany,95527.59,Married,Self-Employed,6/17/2023,Premium,1,SMS
753523,1,Thompson,40,Male,United States,52818.68,Single,Salaried Employee,9/21/2017,Retail,1,Phone Call
753534,1,Casey,37,Female,France,28376.25,Married,Salaried Employee,6/28/2026,Retail,0,Mobile App Push
753898,1,Pollard,54,Female,United States,39585.29,Married,Salaried Employee,6/13/2024,Retail,2,Mail
754280,2,Robbins,35,Female,United States,58342.05,Married,Business Owner,3/13/2018,Family,1,SMS
754487,2,Harris,50,Male,Germany,52165.71,Divorced,Self-Employed,4/28/2017,Family,1,SMS
754643,4,Tran,51,Male,France,119527.30,Married,Business Owner,12/12/2025,Premium,2,Email
754644,1,Martin,48,Male,United States,15839.91,Single,Unemployed,5/2/2024,Retail,0,Email
754813,1,Davis,57,Female,Germany,32891.09,Married,Salaried Employee,3/8/2026,Retail,0,Mobile App Push
754858,5,Johnston,76,Male,United States,25387.91,Divorced,Retired,11/27/2017,Senior,1,Phone Call
755087,2,Ellis,32,Female,Spain,38195.90,Married,Salaried Employee,4/3/2020,Family,0,Mobile App Push
755383,1,Bowman,37,Male,Germany,22923.83,Single,Self-Employed,1/30/2018,Retail,2,Email
755395,1,Jackson,55,Male,France,38270.89,Divorced,Self-Employed,1/4/2025,Retail,1,Mobile App Push
755420,1,Harris,28,Female,Germany,16635.42,Single,Self-Employed,8/23/2023,Retail,1,Mobile App Push
755455,1,Stewart,58,Male,Spain,27656.42,Married,Salaried Employee,7/15/2024,Retail,1,SMS
755498,4,Campos,61,Male,France,65063.08,Married,Freelancer,4/10/2025,Premium,3,Mobile App Push
755584,1,Olsen,45,Male,Germany,37606.42,Single,Salaried Employee,3/6/2017,Retail,2,Email
755602,1,Yates,41,Female,Germany,10476.31,Single,Freelancer,3/24/2026,Retail,1,Phone Call
755674,2,Lewis,36,Female,United Kingdom,45086.15,Married,Salaried Employee,6/1/2021,Family,2,Email
755698,1,Bowers,44,Female,United States,24322.20,Married,Self-Employed,8/22/2024,Retail,3,Email
755700,1,Sanchez,62,Male,United Kingdom,22054.21,Married,Salaried Employee,9/29/2025,Retail,1,Mobile App Push
755744,2,York,37,Female,United States,30624.07,Married,Salaried Employee,4/14/2018,Family,2,Phone Call
755788,5,Abbott,72,Female,United Kingdom,31288.33,Single,Retired,2/7/2023,Senior,1,Email
755843,5,Herrera,70,Male,France,43450.65,Married,Self-Employed,9/29/2022,Senior,1,Phone Call
755900,1,Mack,55,Male,United States,21913.58,Married,Business Owner,6/11/2017,Retail,0,Mobile App Push
755910,1,Wolf,49,Female,United Kingdom,40508.14,Single,Salaried Employee,11/18/2018,Retail,0,Email
755993,1,Burch,41,Female,France,16155.01,Married,Unemployed,9/23/2016,Retail,3,Email
756190,3,Compton,23,Female,France,13607.54,Married,Student,4/26/2020,Student,0,Mobile App Push
756401,1,Casey,41,Female,Spain,35355.75,Single,Salaried Employee,9/13/2022,Retail,2,Email
756596,2,Robinson,46,Male,United States,42425.10,Married,Salaried Employee,10/31/2024,Family,0,Email
756883,5,Griffin,74,Female,United States,24393.27,Married,Business Owner,12/8/2019,Senior,0,Mail
756895,4,Cruz,45,Male,France,59238.60,Married,Business Owner,2/5/2025,Premium,0,Email
756912,1,Ryan,57,Female,France,57178.29,Single,Salaried Employee,6/18/2019,Retail,0,SMS
756944,4,Sullivan,65,Female,Spain,97089.84,Married,Business Owner,11/19/2021,Premium,0,Mail
757057,4,Reyes,50,Male,Germany,251261.98,Single,Business Owner,3/16/2025,Premium,1,Mobile App Push
757128,5,Herrera,80,Male,France,29186.18,Married,Retired,3/27/2021,Senior,0,Phone Call
757193,4,Brown,33,Female,Spain,93465.37,Divorced,Self-Employed,1/26/2020,Premium,0,Mail
757246,5,Davies,73,Male,United Kingdom,17888.64,Divorced,Retired,2/25/2017,Senior,0,Phone Call
757258,4,Camacho,50,Female,Germany,139889.50,Married,Business Owner,11/2/2020,Premium,2,SMS
757386,5,Hernandez,80,Female,Spain,20302.91,Divorced,Retired,7/4/2020,Senior,1,Phone Call
757629,1,Williams,45,Male,United States,58365.85,Married,Unemployed,10/10/2025,Retail,0,Mobile App Push
757658,1,Nelson,46,Male,United Kingdom,18828.49,Single,Salaried Employee,9/10/2021,Retail,1,Mail
757667,1,Reynolds,57,Female,Germany,39761.21,Single,Unemployed,1/1/2021,Retail,0,SMS
757685,1,Young,28,Female,France,27028.04,Single,Business Owner,4/18/2019,Retail,0,Phone Call
757694,5,Vaughn,85,Male,Spain,51736.07,Married,Retired,8/25/2016,Senior,2,Phone Call
757711,5,Taylor,61,Male,Germany,24978.78,Married,Retired,6/11/2018,Senior,0,Phone Call
757776,4,Martin,48,Female,Germany,90096.58,Single,Self-Employed,3/27/2026,Premium,0,Email
757924,2,Keith,48,Male,Spain,45975.55,Married,Salaried Employee,9/13/2024,Family,1,Phone Call
757937,2,Brewer,49,Female,United States,34486.64,Divorced,Salaried Employee,10/5/2020,Family,2,Mobile App Push
758015,1,Wilkins,39,Female,Germany,18695.78,Single,Salaried Employee,5/10/2024,Retail,0,SMS
758309,1,Williams,55,Male,France,16605.21,Married,Self-Employed,1/25/2017,Retail,1,Phone Call
758452,2,Thompson,44,Male,Spain,33509.95,Married,Salaried Employee,6/17/2023,Family,0,Email
758589,2,Hanna,51,Female,United Kingdom,22881.83,Single,Salaried Employee,11/9/2016,Family,1,Mail
758765,1,Ramos,55,Female,France,23505.95,Single,Salaried Employee,5/3/2026,Retail,1,SMS
758775,2,Griffin,41,Male,Germany,48710.70,Married,Unemployed,12/4/2024,Family,2,SMS
759104,1,Roberts,48,Male,France,16702.65,Married,Salaried Employee,2/15/2025,Retail,0,Email
759172,1,Schultz,53,Female,United Kingdom,29189.13,Single,Salaried Employee,3/11/2019,Retail,1,Mobile App Push
759176,1,Hodges,46,Female,France,61925.77,Married,Self-Employed,4/14/2017,Retail,2,Email
759531,1,Allen,53,Male,France,22952.27,Married,Freelancer,2/16/2026,Retail,0,Mobile App Push
759580,1,Rocha,43,Female,United States,38660.53,Single,Business Owner,9/8/2020,Retail,1,Mobile App Push
759726,5,Moore,77,Male,Germany,35883.78,Single,Retired,11/15/2019,Senior,0,Phone Call
759827,1,Jacobs,45,Female,Spain,25102.86,Married,Self-Employed,10/9/2019,Retail,0,Mobile App Push
759868,3,Smith,23,Male,France,16510.47,Single,Student,10/25/2020,Student,0,SMS
760021,4,Snyder,68,Male,Germany,90822.09,Single,Self-Employed,8/10/2019,Premium,0,Phone Call
760047,2,Delgado,33,Female,Spain,29905.48,Divorced,Salaried Employee,4/25/2024,Family,2,SMS
760093,5,Tucker,88,Male,France,15525.41,Married,Business Owner,11/14/2018,Senior,0,Mail
760120,5,Weaver,70,Female,France,21304.86,Married,Retired,5/24/2020,Senior,0,Email
760351,5,Wilson,73,Male,United Kingdom,24519.16,Widowed,Retired,10/30/2018,Senior,2,Mail
760356,3,Jones,22,Female,Germany,13669.69,Single,Student,5/5/2026,Student,0,Mobile App Push
760458,1,Cobb,27,Male,Germany,20863.87,Married,Salaried Employee,4/23/2020,Retail,2,Email
760626,1,Baker,60,Male,France,38172.30,Single,Freelancer,4/8/2017,Retail,0,Email
760830,2,Flores,42,Female,United States,73696.70,Married,Salaried Employee,4/28/2019,Family,3,Phone Call
760914,1,Green,32,Female,France,46693.08,Single,Salaried Employee,7/29/2017,Retail,0,Email
760929,5,Johnson,68,Female,United Kingdom,26212.04,Divorced,Retired,1/27/2024,Senior,0,Mail
761249,3,Wyatt,19,Female,Germany,12163.40,Single,Unemployed,3/1/2021,Student,0,Mail
761282,2,Bryant,34,Male,United Kingdom,41260.53,Married,Salaried Employee,3/14/2021,Family,4,Mobile App Push
761286,1,Stephens,52,Male,France,25313.82,Married,Salaried Employee,3/6/2025,Retail,2,SMS
761297,3,Phillips,22,Male,Spain,10221.09,Single,Student,4/25/2020,Student,0,Mobile App Push
761338,5,Valenzuela,72,Male,Spain,36069.68,Single,Retired,5/11/2021,Senior,0,Mail
761393,5,Sharp,72,Female,France,54950.67,Married,Retired,10/4/2021,Senior,0,Phone Call
761532,1,Dean,32,Female,France,17091.11,Married,Salaried Employee,4/26/2019,Retail,1,SMS
761685,4,Carter,57,Female,France,82557.17,Single,Self-Employed,3/22/2020,Premium,3,Email
761701,1,Johnson,43,Female,France,42072.95,Single,Salaried Employee,4/22/2025,Retail,0,Mobile App Push
761759,4,Barton,46,Male,Spain,66467.87,Married,Self-Employed,12/8/2017,Premium,3,Mobile App Push
761820,3,Travis,20,Male,France,13657.07,Single,Student,6/23/2018,Student,0,Mobile App Push
761938,2,Cross,28,Female,Germany,33378.10,Married,Freelancer,4/16/2023,Family,2,Mail
762055,5,Evans,74,Female,France,14951.82,Married,Retired,12/6/2024,Senior,0,Mail
762308,2,Miller,42,Male,United States,45700.91,Married,Salaried Employee,1/12/2022,Family,2,SMS
762398,1,Black,29,Female,United States,67087.08,Married,Unemployed,11/26/2025,Retail,0,Email
762423,2,Riley,44,Female,Germany,25461.84,Single,Business Owner,2/23/2021,Family,2,Email
762550,2,Williams,51,Female,France,41747.65,Married,Business Owner,2/26/2022,Family,0,Email
762652,1,Nelson,44,Male,France,68740.32,Single,Salaried Employee,9/28/2016,Retail,0,Mobile App Push
762722,2,Johnson,51,Male,United Kingdom,21627.37,Married,Business Owner,5/11/2024,Family,3,Mobile App Push
762903,4,Johnson,48,Female,United States,80849.78,Married,Salaried Employee,5/6/2021,Premium,1,SMS
762904,3,Aguilar,20,Male,France,18729.93,Single,Student,11/25/2023,Student,0,Phone Call
762985,5,Murphy,71,Male,France,16741.17,Married,Retired,1/8/2017,Senior,0,Phone Call
763121,2,Bell,52,Female,United Kingdom,50655.75,Married,Business Owner,5/26/2019,Family,2,Email
763311,5,Wood,82,Female,France,37032.85,Married,Retired,5/18/2018,Senior,0,Phone Call
763393,2,Murray,38,Male,United States,22590.21,Married,Unemployed,2/26/2020,Family,2,SMS
763508,1,Murphy,39,Female,France,40814.24,Single,Salaried Employee,10/1/2022,Retail,2,Mobile App Push
763529,2,Boyd,55,Male,Spain,34364.96,Married,Salaried Employee,7/18/2019,Family,2,Mail
763646,2,Haley,47,Male,United Kingdom,42898.80,Married,Salaried Employee,4/23/2018,Family,2,Mail
763653,1,Bates,45,Male,United States,19973.93,Married,Salaried Employee,11/22/2023,Retail,0,Mobile App Push
763686,2,Johnson,36,Male,France,60073.38,Divorced,Salaried Employee,2/3/2020,Family,2,Email
763829,5,King,80,Male,Germany,43460.06,Married,Retired,6/18/2019,Senior,0,Email
763928,3,Shaw,22,Female,Spain,19348.88,Single,Student,7/24/2020,Student,0,SMS
763984,5,Stewart,85,Male,Spain,26886.61,Widowed,Retired,11/22/2018,Senior,1,Phone Call
764000,5,Horton,76,Female,Germany,17532.92,Widowed,Self-Employed,9/1/2020,Senior,0,Email
764001,1,Clark,38,Male,France,59336.72,Single,Salaried Employee,2/10/2018,Retail,0,Mobile App Push
764100,1,West,54,Male,France,29460.60,Married,Salaried Employee,6/13/2019,Retail,1,SMS
764170,3,Lindsey,20,Male,Germany,15478.48,Single,Student,7/11/2019,Student,0,Mail
764259,1,Durham,53,Male,France,32452.82,Single,Self-Employed,3/9/2021,Retail,0,SMS
764343,4,Marshall,43,Female,United States,186883.79,Married,Business Owner,7/11/2020,Premium,3,SMS
764406,1,Torres,51,Female,France,40692.73,Single,Salaried Employee,3/25/2020,Retail,1,Email
764441,1,Mueller,40,Male,United States,29641.76,Married,Freelancer,5/28/2026,Retail,0,SMS
764442,4,Cain,48,Male,France,131952.03,Married,Business Owner,3/9/2025,Premium,2,Email
764469,2,Rodriguez,50,Female,France,25609.00,Single,Salaried Employee,3/25/2024,Family,1,SMS
764532,5,Willis,86,Female,Germany,13912.36,Widowed,Retired,10/24/2016,Senior,0,Phone Call
764575,1,Estrada,47,Male,Spain,34528.32,Divorced,Salaried Employee,6/14/2020,Retail,0,SMS
764678,2,Warren,36,Female,United Kingdom,21564.51,Married,Freelancer,6/12/2022,Family,3,Mobile App Push
764693,3,Ray,23,Female,Germany,19021.59,Single,Student,5/4/2020,Student,0,Mobile App Push
764845,4,Caldwell,55,Female,Spain,161575.78,Married,Salaried Employee,8/7/2021,Premium,0,Email
764873,1,Cochran,43,Female,France,94887.20,Married,Salaried Employee,7/11/2019,Retail,1,SMS
764926,2,Stewart,45,Male,France,65510.53,Married,Freelancer,8/21/2024,Family,2,Email
765046,2,Chambers,48,Male,France,21056.66,Married,Self-Employed,2/21/2021,Family,1,Email
765095,5,Shah,74,Male,France,39897.36,Married,Retired,12/28/2017,Senior,0,Phone Call
765105,5,Davis,69,Female,Germany,36503.24,Married,Retired,11/24/2024,Senior,1,Email
765213,4,Moore,48,Female,France,96176.15,Single,Business Owner,10/18/2025,Premium,0,Mobile App Push
765320,5,Phillips,74,Male,United States,31905.78,Divorced,Retired,12/28/2020,Senior,0,Mail
765620,2,Simon,41,Female,Germany,90233.52,Married,Self-Employed,3/12/2023,Family,2,Mobile App Push
765678,1,Bartlett,54,Male,Spain,25264.27,Single,Salaried Employee,10/8/2023,Retail,2,Email
765822,2,Martin,39,Male,France,62716.55,Married,Self-Employed,1/30/2025,Family,1,SMS
765905,5,Baldwin,79,Female,France,34087.67,Single,Retired,9/20/2025,Senior,0,Email
766158,1,White,60,Male,France,29151.45,Single,Business Owner,5/23/2019,Retail,1,Mobile App Push
766269,2,Smith,40,Female,France,36576.42,Married,Self-Employed,12/9/2022,Family,3,SMS
766275,1,Watson,51,Female,France,21004.63,Single,Salaried Employee,6/18/2022,Retail,0,Mobile App Push
766371,2,George,49,Male,United Kingdom,48858.11,Married,Salaried Employee,5/26/2018,Family,1,Mobile App Push
766459,1,Velasquez,43,Male,United Kingdom,16515.28,Single,Salaried Employee,7/21/2020,Retail,2,Mail
766549,1,Holt,37,Male,United States,67118.32,Single,Salaried Employee,2/4/2019,Retail,1,Phone Call
766563,2,Lee,47,Male,Germany,28817.21,Married,Freelancer,9/1/2024,Family,4,Phone Call
766738,2,Mcgee,34,Female,France,26317.07,Married,Salaried Employee,10/19/2019,Family,3,Mobile App Push
766764,2,Kennedy,37,Male,Germany,30606.94,Married,Salaried Employee,9/10/2018,Family,2,Mobile App Push
766833,5,Jones,81,Male,United Kingdom,23645.01,Married,Retired,1/16/2023,Senior,1,Mail
767033,1,Hayes,36,Male,United Kingdom,51472.64,Single,Freelancer,11/30/2018,Retail,1,Mobile App Push
767090,4,Liu,39,Male,Spain,70075.41,Married,Self-Employed,1/5/2023,Premium,0,Mobile App Push
767542,1,Washington,28,Female,France,42347.47,Married,Salaried Employee,6/4/2020,Retail,3,Email
767678,2,Berry,41,Male,France,29201.39,Married,Salaried Employee,7/13/2018,Family,2,Mobile App Push
767782,2,Bush,51,Male,Germany,37714.58,Widowed,Salaried Employee,10/8/2018,Family,1,SMS
767814,1,Harris,44,Female,France,34508.61,Married,Salaried Employee,9/11/2022,Retail,1,Email
767830,4,Miller,45,Male,France,97591.30,Married,Business Owner,8/13/2018,Premium,0,Mail
768061,1,Johnson,36,Female,France,33972.03,Divorced,Salaried Employee,2/9/2026,Retail,1,SMS
768169,2,Clark,35,Male,United Kingdom,36117.54,Divorced,Self-Employed,8/21/2017,Family,3,Email
768387,2,Hernandez,37,Female,Germany,39659.30,Married,Unemployed,12/17/2018,Family,3,Mobile App Push
768470,5,Anderson,66,Female,United States,38066.05,Married,Retired,10/14/2018,Senior,0,Email
768480,2,Lyons,50,Female,France,30415.46,Married,Freelancer,12/15/2024,Family,2,Mobile App Push
768507,4,Perkins,52,Male,France,104190.03,Single,Salaried Employee,9/16/2017,Premium,1,Phone Call
768545,1,Lambert,45,Female,France,120699.71,Divorced,Salaried Employee,8/14/2022,Retail,0,Email
768595,1,Mcconnell,40,Female,France,48919.77,Married,Salaried Employee,11/1/2016,Retail,0,Mail
768636,2,Hendricks,53,Female,France,44699.04,Married,Salaried Employee,6/14/2019,Family,1,Email
768676,3,Harrison,24,Female,United Kingdom,17382.85,Single,Student,5/18/2024,Student,0,Email
768706,3,Wallace,24,Male,Germany,17508.00,Single,Student,12/16/2025,Student,0,Phone Call
768854,5,Riddle,73,Male,France,13803.21,Married,Retired,4/30/2019,Senior,0,Phone Call
768891,1,Flores,43,Female,Spain,39034.39,Married,Salaried Employee,7/18/2019,Retail,1,SMS
768933,5,Henry,73,Male,France,55625.46,Divorced,Retired,3/20/2023,Senior,1,Email
768990,1,Rodriguez,49,Female,France,21478.66,Single,Salaried Employee,6/5/2026,Retail,0,Mail
769018,1,Kirk,32,Male,United Kingdom,60070.45,Single,Salaried Employee,11/22/2017,Retail,1,SMS
769077,1,Chandler,42,Female,United Kingdom,23718.69,Single,Salaried Employee,10/4/2021,Retail,1,Mobile App Push
769078,1,Torres,25,Female,United Kingdom,29461.35,Married,Salaried Employee,10/6/2022,Retail,1,Email
769180,1,Horton,41,Male,United States,35186.91,Married,Salaried Employee,6/25/2023,Retail,0,Mobile App Push
769191,1,Gonzalez,34,Female,United States,51658.40,Single,Salaried Employee,6/3/2019,Retail,2,Email
769320,5,Mcpherson,71,Male,United Kingdom,37556.76,Married,Retired,10/29/2016,Senior,0,Phone Call
769536,4,Bryant,32,Female,United Kingdom,70158.32,Married,Salaried Employee,7/28/2020,Premium,2,SMS
769567,2,Green,36,Female,United States,37957.98,Widowed,Self-Employed,11/28/2019,Family,3,Mobile App Push
769646,3,Hunter,22,Male,United States,8000.00,Single,Student,10/12/2021,Student,0,Email
769737,1,Hines,42,Female,Germany,31068.56,Single,Self-Employed,11/25/2024,Retail,1,Email
769752,1,Huynh,38,Female,United States,51697.77,Married,Salaried Employee,2/3/2026,Retail,0,Mobile App Push
769809,1,Cobb,42,Female,United States,29382.12,Widowed,Salaried Employee,6/4/2017,Retail,2,Email
769883,3,Chase,22,Female,Spain,15484.85,Single,Student,11/10/2023,Student,0,Email
769952,5,Gonzalez,88,Male,Spain,43193.76,Married,Retired,6/21/2023,Senior,2,Email
769975,1,Greene,41,Female,France,39966.10,Married,Salaried Employee,3/20/2023,Retail,1,Email
769987,5,Robertson,79,Female,Spain,17943.54,Married,Retired,6/10/2017,Senior,0,Phone Call
769989,5,Lopez,71,Male,France,16806.07,Widowed,Self-Employed,8/30/2017,Senior,0,Phone Call
770030,1,Buckley,29,Female,France,29910.23,Divorced,Salaried Employee,5/22/2022,Retail,0,Email
770147,2,Beltran,32,Female,United Kingdom,39259.51,Married,Self-Employed,4/20/2021,Family,2,Mobile App Push
770153,1,Trujillo,61,Female,Germany,61563.24,Single,Freelancer,5/26/2022,Retail,0,Email
770318,2,Torres,44,Male,Germany,41824.30,Married,Salaried Employee,2/11/2017,Family,2,Mail
770487,1,Johnson,28,Female,Germany,23154.06,Married,Salaried Employee,12/27/2022,Retail,0,Mail
770532,4,Anderson,68,Male,Spain,63958.74,Married,Business Owner,1/11/2021,Premium,3,Mobile App Push
770556,1,Nelson,24,Female,Germany,43114.55,Married,Salaried Employee,3/21/2026,Retail,0,SMS
770593,2,Washington,55,Female,Germany,57518.19,Divorced,Freelancer,4/25/2022,Family,4,Mobile App Push
770718,4,Cohen,48,Male,France,87104.89,Married,Freelancer,12/23/2016,Premium,0,Email
770864,2,White,48,Female,France,33354.51,Married,Business Owner,9/7/2021,Family,2,Email
770872,1,Griffin,47,Female,France,39681.45,Single,Freelancer,8/19/2017,Retail,1,Email
770905,1,Adams,46,Female,United Kingdom,49847.25,Married,Self-Employed,8/6/2021,Retail,0,Mobile App Push
771088,1,Riley,42,Female,France,37663.62,Single,Self-Employed,4/13/2026,Retail,0,Mail
771237,5,Joyce,68,Female,France,41845.89,Married,Retired,6/8/2020,Senior,0,Mail
771394,1,Payne,24,Female,United Kingdom,28715.07,Divorced,Freelancer,10/14/2023,Retail,0,SMS
771425,5,Gates,68,Female,Germany,23402.95,Married,Retired,8/16/2021,Senior,0,Email
771440,3,Sheppard,19,Female,Germany,12935.80,Single,Unemployed,3/8/2019,Student,0,SMS
771590,5,Wilson,84,Female,Germany,26266.46,Widowed,Self-Employed,1/16/2024,Senior,1,Phone Call
771652,3,Stewart,20,Male,United Kingdom,13483.83,Single,Student,11/18/2019,Student,0,Email
771697,3,Moore,26,Male,United States,14663.28,Married,Student,4/10/2019,Student,0,Email
771712,1,Conley,27,Female,France,17904.61,Married,Self-Employed,11/6/2024,Retail,1,Mobile App Push
771736,3,Sanchez,23,Male,France,12969.52,Married,Student,5/9/2025,Student,0,SMS
771967,1,Dunlap,37,Male,United States,33675.73,Divorced,Self-Employed,5/2/2022,Retail,1,Email
772036,2,Harris,46,Male,United States,29401.99,Married,Salaried Employee,12/6/2016,Family,2,SMS
772097,1,Frost,47,Male,France,39059.54,Single,Salaried Employee,8/11/2016,Retail,2,Mobile App Push
772124,4,Norman,56,Male,United Kingdom,105037.13,Married,Business Owner,1/13/2025,Premium,1,Mobile App Push
772324,1,Foster,27,Male,United Kingdom,64197.10,Widowed,Salaried Employee,6/29/2019,Retail,0,SMS
772464,2,Hayden,45,Female,France,57457.29,Married,Business Owner,9/21/2018,Family,3,SMS
772550,1,Wilson,61,Male,France,44364.52,Married,Salaried Employee,12/12/2022,Retail,0,Email
772561,5,Rodriguez,80,Female,United Kingdom,29248.26,Married,Salaried Employee,7/4/2025,Senior,1,Phone Call
772580,1,Johnson,55,Male,Spain,20047.94,Married,Salaried Employee,1/13/2018,Retail,1,Email
772612,2,Burns,37,Female,United Kingdom,41968.79,Married,Freelancer,7/11/2022,Family,1,Mobile App Push
772642,1,Greene,42,Female,Spain,42958.74,Married,Salaried Employee,7/18/2020,Retail,0,Email
772687,1,Cohen,56,Female,United States,27794.34,Married,Salaried Employee,9/11/2019,Retail,0,Email
772741,1,Steele,52,Female,Spain,42409.64,Single,Self-Employed,5/16/2022,Retail,1,Email
772865,2,Peters,45,Female,Germany,29293.87,Married,Unemployed,1/21/2019,Family,4,Mobile App Push
772875,1,Morales,41,Male,Germany,19779.60,Married,Unemployed,6/4/2018,Retail,0,SMS
772925,1,Gonzalez,59,Male,Germany,22520.11,Married,Salaried Employee,3/22/2017,Retail,1,Mail
772985,2,Williams,46,Male,Spain,46237.19,Married,Self-Employed,9/12/2021,Family,4,Mobile App Push
773045,2,Ibarra,31,Male,United States,31760.24,Married,Business Owner,9/19/2017,Family,4,Mail
773088,5,Leon,81,Male,France,27720.02,Married,Retired,9/1/2019,Senior,1,Phone Call
773440,4,George,57,Female,France,65892.08,Married,Business Owner,2/22/2020,Premium,0,Mail
773452,5,Hernandez,61,Female,United States,26652.29,Married,Self-Employed,1/26/2021,Senior,0,Email
773459,1,Montgomery,50,Female,France,35971.93,Married,Salaried Employee,12/21/2020,Retail,1,Mobile App Push
773462,2,Jones,46,Female,United Kingdom,32362.52,Married,Salaried Employee,8/16/2023,Family,4,SMS
773540,1,Reynolds,46,Male,United Kingdom,11220.75,Single,Salaried Employee,2/26/2026,Retail,0,Email
773870,1,Turner,34,Female,France,14131.41,Widowed,Salaried Employee,9/14/2016,Retail,1,Phone Call
773918,1,Jensen,34,Female,France,26204.46,Single,Salaried Employee,6/2/2021,Retail,0,Mobile App Push
773962,5,Miller,68,Female,France,40517.73,Married,Retired,3/30/2021,Senior,0,Phone Call
773971,1,Clayton,40,Female,France,63347.96,Single,Salaried Employee,12/16/2019,Retail,2,Mail
774020,1,Johnson,47,Female,France,47178.42,Married,Unemployed,2/16/2023,Retail,0,Email
774079,2,Mcmillan,47,Male,France,27620.05,Single,Salaried Employee,3/25/2023,Family,3,Mail
774225,1,Dickerson,39,Male,France,18957.60,Married,Self-Employed,4/26/2020,Retail,1,Email
774396,2,Horton,39,Female,France,27901.04,Married,Business Owner,3/14/2018,Family,1,Phone Call
774558,2,Vincent,41,Female,United States,60093.97,Married,Self-Employed,10/26/2018,Family,3,Mobile App Push
774565,1,Holland,50,Female,France,39554.65,Single,Salaried Employee,8/2/2017,Retail,1,SMS
774567,2,Fisher,54,Female,United States,79772.37,Divorced,Salaried Employee,8/19/2025,Family,2,Mobile App Push
774588,2,Santana,45,Female,United States,52226.10,Divorced,Salaried Employee,2/8/2024,Family,4,Mail
774591,1,Waller,32,Female,France,19595.75,Single,Salaried Employee,3/26/2026,Retail,1,SMS
774652,5,Little,68,Female,Spain,34104.96,Married,Retired,10/23/2020,Senior,0,Mail
774661,2,Schultz,30,Female,France,27620.79,Married,Self-Employed,8/14/2017,Family,2,Phone Call
774734,1,Silva,60,Female,United Kingdom,44964.66,Single,Freelancer,7/3/2026,Retail,1,Email
774751,1,Davis,42,Female,United States,21314.65,Single,Business Owner,4/22/2020,Retail,1,Email
775636,4,Schneider,52,Female,Germany,150944.42,Single,Self-Employed,6/9/2017,Premium,2,SMS
775721,1,Sullivan,37,Female,Germany,30449.95,Single,Business Owner,1/25/2023,Retail,0,SMS
775885,2,Yoder,31,Female,Spain,26952.48,Married,Business Owner,4/10/2018,Family,1,Mobile App Push
775933,1,Robinson,48,Female,France,55504.75,Single,Salaried Employee,10/14/2022,Retail,1,Phone Call
775958,5,Jenkins,74,Male,United Kingdom,50695.10,Widowed,Retired,5/14/2020,Senior,0,Phone Call
775960,3,Armstrong,20,Female,Spain,12295.96,Single,Student,8/11/2025,Student,0,SMS
775981,4,Welch,46,Female,Germany,87769.42,Married,Business Owner,12/20/2019,Premium,0,SMS
775990,1,Rodriguez,30,Female,Germany,31995.76,Married,Salaried Employee,4/5/2018,Retail,0,SMS
776001,1,Collins,48,Male,Germany,58763.66,Married,Salaried Employee,8/13/2019,Retail,0,Email
776149,1,Garcia,62,Male,France,22412.35,Single,Freelancer,10/31/2023,Retail,0,SMS
776185,5,Benton,64,Male,France,36130.04,Married,Retired,12/11/2024,Senior,1,Phone Call
776234,1,Hernandez,53,Female,Germany,43506.47,Single,Salaried Employee,5/7/2024,Retail,2,Email
776320,3,Walker,24,Male,United Kingdom,15218.17,Single,Student,6/10/2017,Student,0,Mobile App Push
776364,2,Lopez,45,Male,Spain,63241.34,Married,Salaried Employee,10/12/2021,Family,2,Email
776502,2,Nguyen,49,Female,United States,41444.71,Married,Salaried Employee,7/24/2024,Family,1,Mobile App Push
776604,3,Harris,23,Female,France,27698.70,Married,Student,11/18/2017,Student,0,Phone Call
776796,2,Moss,41,Male,France,23349.59,Married,Salaried Employee,8/4/2018,Family,2,Email
776838,2,Ray,38,Female,Spain,44166.00,Married,Business Owner,5/23/2021,Family,3,SMS
776856,2,Johnson,53,Female,Spain,32791.00,Married,Self-Employed,4/26/2025,Family,1,Email
776909,3,Parsons,23,Male,France,10129.74,Single,Student,6/14/2018,Student,0,Mail
776913,5,Hood,74,Male,United Kingdom,17210.76,Married,Retired,10/4/2016,Senior,1,Mail
777015,2,Long,36,Female,France,26882.81,Married,Salaried Employee,9/18/2021,Family,2,SMS
777255,3,Hunt,24,Male,Spain,25653.05,Single,Student,11/30/2024,Student,0,SMS
777273,1,Wright,33,Male,France,31499.57,Married,Salaried Employee,3/17/2023,Retail,1,Email
777278,1,Rowe,31,Male,France,30941.85,Single,Salaried Employee,2/11/2022,Retail,2,Email
777308,1,Cortez,42,Male,United States,20353.61,Single,Salaried Employee,10/17/2023,Retail,1,Mobile App Push
777366,3,Donovan,23,Female,France,14359.28,Married,Student,9/23/2019,Student,0,Phone Call
777370,2,Meyer,46,Female,Spain,40128.95,Married,Business Owner,7/31/2025,Family,0,Mail
777406,4,Kim,57,Male,United Kingdom,135177.33,Single,Business Owner,6/12/2021,Premium,0,SMS
777486,5,Page,73,Female,France,19629.67,Married,Retired,11/24/2024,Senior,0,Mail
777513,1,Ballard,42,Male,United Kingdom,65210.40,Married,Salaried Employee,12/28/2021,Retail,2,Mobile App Push
777558,1,Garcia,46,Male,Germany,26619.06,Married,Salaried Employee,1/4/2024,Retail,1,Email
777568,5,Robinson,78,Male,Germany,25109.99,Widowed,Retired,6/12/2018,Senior,1,SMS
777737,2,Lewis,34,Female,United Kingdom,66013.28,Married,Salaried Employee,6/22/2018,Family,4,SMS
777968,1,Wood,48,Female,Spain,30568.63,Single,Freelancer,3/27/2025,Retail,2,Email
778120,1,Braun,34,Male,United Kingdom,18046.82,Married,Self-Employed,11/8/2017,Retail,0,Mobile App Push
778159,4,Turner,60,Male,United States,75981.26,Married,Freelancer,2/14/2019,Premium,1,SMS
778324,5,Walsh,75,Male,Spain,72645.88,Married,Retired,3/14/2022,Senior,0,Email
778428,5,Smith,70,Female,France,72721.36,Widowed,Retired,1/4/2025,Senior,0,Phone Call
778506,5,Evans,80,Male,Germany,27398.00,Married,Retired,5/22/2025,Senior,0,Phone Call
778553,2,Hernandez,46,Female,France,34363.57,Married,Self-Employed,10/15/2025,Family,2,Phone Call
778636,5,Taylor,80,Female,United States,24052.62,Married,Retired,12/17/2021,Senior,0,Mail
778700,2,Davis,42,Male,Spain,49598.70,Married,Salaried Employee,6/16/2021,Family,2,Email
778720,2,Maldonado,34,Male,United States,48902.32,Married,Self-Employed,10/23/2024,Family,2,SMS
778748,2,Smith,42,Female,United States,34895.26,Married,Unemployed,6/21/2018,Family,4,SMS
778787,1,Fuentes,56,Female,United States,45840.59,Divorced,Salaried Employee,7/22/2019,Retail,0,Email
778818,2,Wood,44,Male,France,41455.92,Married,Salaried Employee,4/9/2024,Family,1,SMS
778827,5,Cohen,61,Male,United Kingdom,23376.55,Divorced,Self-Employed,1/16/2019,Senior,0,Mobile App Push
778998,1,Kelley,28,Male,Germany,37604.61,Married,Salaried Employee,3/18/2017,Retail,1,Email
779091,2,Casey,31,Female,France,34276.38,Married,Self-Employed,8/12/2020,Family,2,Phone Call
779094,1,Williamson,45,Male,France,29555.56,Single,Salaried Employee,1/18/2025,Retail,0,Mobile App Push
779099,1,Moreno,48,Male,Germany,19205.16,Widowed,Salaried Employee,10/30/2018,Retail,1,Mobile App Push
779112,1,Freeman,47,Female,Germany,23155.33,Married,Salaried Employee,5/20/2024,Retail,1,Mobile App Push
779172,1,Wilson,47,Male,United Kingdom,44507.55,Single,Salaried Employee,1/1/2024,Retail,0,Mobile App Push
779259,1,Skinner,36,Female,Germany,42998.74,Single,Freelancer,5/12/2026,Retail,2,Email
779378,2,Kelly,30,Male,Germany,32482.22,Married,Self-Employed,12/24/2022,Family,2,SMS
779414,4,Martin,56,Female,Germany,81990.16,Single,Salaried Employee,7/31/2025,Premium,2,Mobile App Push
779445,1,Bates,38,Male,United States,22535.25,Divorced,Salaried Employee,1/10/2017,Retail,0,Mobile App Push
779514,1,Williams,41,Female,United States,51592.44,Married,Salaried Employee,2/5/2022,Retail,1,Mail
779658,5,Davis,73,Male,Germany,48926.69,Married,Retired,2/3/2022,Senior,0,Phone Call
779776,2,Castro,40,Male,Spain,69077.35,Divorced,Salaried Employee,3/27/2021,Family,3,SMS
779885,2,Haas,46,Female,United States,22649.86,Married,Business Owner,7/25/2023,Family,2,Mail
779956,3,Bradshaw,23,Female,Spain,12436.50,Single,Student,12/18/2019,Student,0,Mobile App Push
780027,3,Mejia,20,Female,France,10801.64,Single,Student,6/21/2019,Student,0,Mobile App Push
780081,1,Manning,41,Male,France,22144.80,Single,Salaried Employee,5/25/2025,Retail,2,Email
780233,1,Berry,62,Male,France,47583.35,Married,Salaried Employee,10/8/2020,Retail,2,Mobile App Push
780301,3,Green,24,Male,Germany,16276.77,Single,Student,12/27/2016,Student,0,Mobile App Push
780364,1,Armstrong,40,Male,Spain,57798.22,Single,Business Owner,10/27/2019,Retail,2,Email
780432,5,Hines,72,Male,United Kingdom,29939.21,Widowed,Retired,11/10/2024,Senior,0,Mail
780566,1,Hubbard,34,Male,United States,31998.07,Married,Business Owner,7/8/2022,Retail,1,Mobile App Push
780663,3,Underwood,23,Male,France,14803.79,Single,Student,4/3/2020,Student,0,SMS
780714,5,Franklin,86,Male,United Kingdom,25942.90,Married,Retired,11/7/2016,Senior,1,SMS
780768,1,Gould,42,Female,France,36872.44,Married,Self-Employed,2/8/2017,Retail,0,Email
780776,2,Powell,40,Male,United Kingdom,65720.49,Married,Salaried Employee,12/6/2022,Family,1,Email
780840,2,Lopez,42,Male,Germany,30129.29,Married,Self-Employed,8/25/2022,Family,3,SMS
780956,3,Fletcher,23,Female,Spain,15759.26,Single,Student,9/13/2020,Student,0,Mobile App Push
780999,2,Walker,45,Male,Spain,63544.07,Married,Business Owner,7/22/2023,Family,0,Mail
781113,1,Thomas,24,Female,Spain,27787.54,Single,Salaried Employee,8/5/2016,Retail,1,Mobile App Push
781121,3,Small,24,Male,United States,14237.06,Single,Student,11/23/2018,Student,0,Mobile App Push
781403,3,Price,25,Female,France,15314.88,Single,Student,8/14/2021,Student,0,Mail
781406,1,Barnes,35,Male,Germany,55354.70,Single,Salaried Employee,2/1/2020,Retail,0,SMS
781433,1,Stanley,33,Female,Spain,31970.05,Single,Self-Employed,10/23/2019,Retail,2,Email
781446,3,Decker,21,Female,France,11307.86,Married,Student,2/12/2024,Student,0,Email
781453,2,Lynch,35,Male,United States,53207.42,Married,Self-Employed,1/28/2023,Family,1,Mobile App Push
781463,1,Walton,33,Female,France,58994.72,Married,Salaried Employee,7/21/2017,Retail,0,SMS
781533,2,Bray,42,Female,United States,32232.32,Married,Unemployed,5/26/2020,Family,2,SMS
781571,1,Lopez,48,Male,France,49730.14,Single,Business Owner,3/21/2025,Retail,0,Mobile App Push
781595,1,Thomas,33,Female,Spain,75236.13,Single,Freelancer,7/17/2019,Retail,3,Email
781664,1,Monroe,45,Male,United States,29592.66,Widowed,Unemployed,4/24/2020,Retail,0,Mobile App Push
781725,1,Dudley,53,Female,France,43403.87,Married,Freelancer,11/4/2018,Retail,0,Phone Call
782054,1,Reyes,28,Female,Germany,21906.67,Single,Salaried Employee,7/10/2026,Retail,0,Email
782139,5,Williams,64,Male,Spain,45951.57,Married,Retired,11/15/2016,Senior,1,Phone Call
782141,4,Brooks,52,Female,Germany,85792.17,Single,Business Owner,7/17/2019,Premium,0,Mail
782535,4,Phillips,43,Male,Spain,84961.80,Divorced,Business Owner,3/28/2026,Premium,1,Mobile App Push
782591,1,Green,53,Female,Germany,45381.56,Divorced,Salaried Employee,12/22/2017,Retail,1,Phone Call
782661,5,Murphy,80,Male,Germany,25654.73,Widowed,Retired,2/9/2017,Senior,0,Mobile App Push
782759,1,Johnson,44,Male,Spain,67049.83,Single,Freelancer,7/21/2026,Retail,0,Email
783112,2,Miller,55,Male,Germany,23320.96,Married,Self-Employed,5/25/2026,Family,3,SMS
783157,1,Schultz,46,Female,Germany,47871.73,Divorced,Salaried Employee,2/11/2021,Retail,2,Mail
783176,5,Mathis,87,Male,France,46305.60,Widowed,Retired,10/30/2025,Senior,0,Email
783226,2,Garcia,39,Male,France,27074.41,Married,Self-Employed,2/15/2018,Family,3,Email
783238,1,Guerra,58,Male,Germany,33183.41,Married,Salaried Employee,4/12/2023,Retail,1,Mobile App Push
783414,2,Bailey,43,Male,France,40748.74,Divorced,Salaried Employee,10/7/2019,Family,2,Phone Call
783415,1,Johnson,42,Female,Spain,14469.50,Single,Unemployed,9/17/2017,Retail,0,Email
783501,1,Miller,38,Female,Germany,96337.15,Single,Salaried Employee,3/30/2024,Retail,3,Mail
783691,1,Lara,37,Male,United Kingdom,59526.25,Married,Salaried Employee,3/19/2021,Retail,1,Email
783740,5,Vargas,84,Male,Spain,27792.06,Married,Retired,8/17/2020,Senior,0,Email
783823,1,Clark,59,Female,Germany,51289.18,Single,Unemployed,3/9/2018,Retail,3,Phone Call
783932,5,Estes,70,Female,Spain,14906.15,Widowed,Retired,5/10/2026,Senior,0,SMS
783984,2,Nguyen,38,Female,Germany,25177.71,Married,Business Owner,10/16/2016,Family,2,Mail
784167,2,Thomas,39,Female,France,63468.81,Married,Salaried Employee,12/24/2019,Family,2,SMS
784488,1,Calhoun,58,Male,France,49907.79,Single,Salaried Employee,10/26/2024,Retail,2,SMS
784578,1,Carpenter,40,Male,United States,20635.53,Single,Salaried Employee,11/16/2019,Retail,1,Mail
784607,3,Arellano,23,Male,France,11666.24,Single,Unemployed,7/17/2021,Student,0,Mobile App Push
784733,2,Perez,34,Male,Germany,50517.26,Married,Salaried Employee,8/17/2020,Family,3,SMS
784793,1,Coleman,38,Male,United Kingdom,32491.91,Single,Salaried Employee,2/19/2019,Retail,1,SMS
785010,5,Jones,64,Female,France,43206.18,Widowed,Retired,2/8/2024,Senior,0,Mobile App Push
785073,5,Solomon,69,Male,United States,48509.08,Married,Retired,8/26/2025,Senior,0,Phone Call
785111,2,Morris,33,Male,United Kingdom,42077.36,Married,Salaried Employee,1/25/2022,Family,3,Mobile App Push
785197,1,Gill,53,Female,Germany,23787.57,Single,Freelancer,12/14/2021,Retail,2,Email
785280,1,Hernandez,46,Female,France,42899.76,Single,Salaried Employee,5/15/2021,Retail,0,Mail
785315,1,Mclean,51,Male,Germany,74489.81,Married,Self-Employed,4/15/2020,Retail,1,Email
785386,4,Peterson,46,Female,United Kingdom,62567.44,Single,Self-Employed,7/27/2019,Premium,0,Mobile App Push
785424,4,Reese,49,Male,Germany,103102.66,Married,Freelancer,9/14/2025,Premium,2,SMS
785428,2,Welch,35,Female,Spain,35363.69,Married,Salaried Employee,10/6/2021,Family,2,SMS
785436,1,Welch,32,Female,Germany,48167.40,Married,Unemployed,10/2/2025,Retail,1,Mobile App Push
785491,1,Hansen,52,Male,France,31200.35,Married,Self-Employed,5/16/2023,Retail,2,Email
785592,4,Jacobs,44,Male,Germany,84235.18,Married,Self-Employed,10/8/2023,Premium,2,Email
785611,1,Smith,47,Female,Germany,29892.11,Married,Freelancer,6/23/2025,Retail,1,SMS
785672,3,Barrera,24,Male,Germany,36825.16,Married,Student,7/3/2021,Student,0,Mobile App Push
785743,2,Strong,35,Male,Germany,55696.47,Married,Self-Employed,7/24/2021,Family,2,Email
786041,1,Yates,51,Male,Germany,26116.20,Single,Salaried Employee,5/21/2021,Retail,0,Mobile App Push
786128,1,Hudson,44,Male,Germany,68050.12,Single,Business Owner,11/30/2020,Retail,0,Phone Call
786224,2,Harvey,33,Male,Spain,26865.52,Married,Unemployed,12/24/2017,Family,3,Mobile App Push
786341,1,Osborne,44,Male,Germany,29005.50,Divorced,Salaried Employee,8/28/2024,Retail,1,Email
786385,1,Jones,48,Male,Germany,14170.04,Married,Salaried Employee,4/15/2017,Retail,1,SMS
786393,5,Harper,71,Female,Germany,33903.63,Widowed,Retired,7/1/2017,Senior,2,Mail
786406,2,Willis,45,Male,United States,41596.58,Single,Salaried Employee,2/12/2024,Family,1,Email
786508,1,Mitchell,26,Female,Germany,54395.00,Single,Salaried Employee,1/13/2021,Retail,1,Email
786516,3,Parsons,19,Female,United Kingdom,8000.00,Single,Student,8/18/2022,Student,0,Mobile App Push
786563,1,Green,26,Female,France,44687.03,Single,Business Owner,12/31/2019,Retail,3,Mobile App Push
786587,5,Sanchez,81,Male,Germany,43971.97,Widowed,Retired,10/14/2022,Senior,0,Mail
786594,1,Aguirre,49,Female,France,53312.14,Married,Salaried Employee,5/14/2019,Retail,0,Email
786641,1,Wilson,38,Male,Spain,32363.30,Divorced,Self-Employed,5/21/2026,Retail,2,Mail
786735,2,Butler,42,Female,France,18709.91,Married,Salaried Employee,6/29/2023,Family,4,SMS
786789,1,Santana,44,Female,Germany,35253.78,Single,Salaried Employee,7/24/2019,Retail,2,Phone Call
786837,1,Young,44,Female,France,56077.69,Married,Salaried Employee,10/2/2017,Retail,2,Phone Call
787237,2,Smith,42,Male,United States,48618.82,Single,Salaried Employee,10/22/2018,Family,1,Email
787247,2,Beck,43,Male,United Kingdom,31655.63,Married,Salaried Employee,1/27/2025,Family,2,Email
787277,1,Archer,46,Male,United States,42516.67,Divorced,Unemployed,9/17/2022,Retail,0,Email
787313,3,Williams,21,Male,Spain,9430.03,Married,Student,7/21/2026,Student,0,Phone Call
787326,4,Holt,63,Male,United Kingdom,78723.43,Married,Business Owner,2/25/2017,Premium,3,Phone Call
787351,2,Ray,50,Female,Germany,37021.39,Single,Salaried Employee,10/25/2018,Family,1,Mobile App Push
787436,5,Madden,76,Male,United States,27383.19,Married,Retired,2/9/2020,Senior,0,Phone Call
787554,4,Edwards,53,Male,Germany,49661.50,Married,Salaried Employee,5/6/2020,Premium,3,Phone Call
787584,5,Gilbert,75,Female,France,24631.66,Widowed,Retired,11/3/2023,Senior,0,Email
787603,1,Chavez,49,Female,France,58517.85,Single,Salaried Employee,4/17/2023,Retail,0,Mobile App Push
787757,3,Wang,18,Female,France,10065.48,Single,Student,2/2/2019,Student,0,SMS
787836,1,Garza,41,Male,Spain,33109.82,Single,Self-Employed,8/7/2020,Retail,2,Email
787923,1,Williams,44,Female,France,28077.95,Divorced,Salaried Employee,11/20/2022,Retail,0,Phone Call
787926,3,Li,21,Male,France,13581.83,Single,Student,1/20/2022,Student,0,Mobile App Push
787991,1,Little,36,Male,United States,33016.33,Single,Salaried Employee,5/13/2026,Retail,2,Phone Call
788049,1,Webb,62,Male,United States,30025.79,Married,Unemployed,8/14/2016,Retail,0,Email
788108,3,Pena,23,Female,France,9443.69,Widowed,Student,9/27/2023,Student,0,Mail
788201,4,Welch,59,Female,France,84992.18,Single,Salaried Employee,8/19/2016,Premium,1,Email
788279,1,Parker,58,Male,United Kingdom,24642.43,Married,Salaried Employee,1/28/2021,Retail,2,Email
788457,5,Lee,74,Male,United States,18264.68,Married,Retired,4/18/2021,Senior,0,Mail
788500,1,Gardner,45,Male,Spain,29001.06,Married,Freelancer,12/15/2021,Retail,0,SMS
788637,3,Thomas,22,Female,France,8961.90,Single,Student,3/13/2026,Student,0,SMS
788772,5,Harris,79,Male,Spain,32442.59,Widowed,Retired,4/13/2023,Senior,0,Mail
788784,5,Henry,67,Female,Germany,21933.41,Married,Retired,9/20/2017,Senior,1,SMS
788793,4,Lynch,35,Female,France,136302.94,Divorced,Business Owner,9/26/2025,Premium,0,Mail
788842,1,Wallace,38,Male,France,18651.49,Single,Salaried Employee,1/5/2026,Retail,2,Email
789023,2,Collins,48,Female,Spain,29068.16,Married,Business Owner,10/15/2020,Family,3,Email
789089,4,Arnold,57,Female,United States,117059.57,Married,Freelancer,9/27/2020,Premium,2,Mobile App Push
789233,5,Coffey,70,Male,France,13994.77,Married,Retired,1/30/2025,Senior,0,Phone Call
789237,3,Castaneda,23,Female,Germany,14914.74,Single,Student,4/9/2020,Student,0,Email
789275,2,Kennedy,48,Female,United Kingdom,66345.50,Married,Salaried Employee,8/1/2026,Family,2,Email
789305,1,Hughes,55,Female,United Kingdom,38031.93,Divorced,Salaried Employee,9/16/2024,Retail,0,Email
789461,1,Kelley,37,Female,Spain,63884.23,Married,Salaried Employee,11/18/2025,Retail,2,SMS
789472,1,Johnson,32,Female,France,26774.06,Married,Salaried Employee,4/9/2025,Retail,1,Email
789545,2,Brewer,46,Male,Germany,28080.75,Married,Salaried Employee,7/27/2023,Family,2,Phone Call
789558,1,Potter,34,Female,France,62992.66,Married,Salaried Employee,9/5/2020,Retail,0,Email
789606,4,Alexander,40,Female,United States,55743.21,Married,Salaried Employee,2/4/2023,Premium,0,Email
789786,2,Sanchez,49,Female,France,59469.13,Single,Freelancer,8/22/2016,Family,2,Email
789880,1,Bennett,29,Male,Germany,51363.00,Single,Unemployed,7/9/2017,Retail,1,SMS
789886,3,Washington,20,Female,France,9334.15,Single,Student,3/23/2025,Student,0,SMS
790017,3,Farley,21,Female,France,10918.82,Single,Student,1/28/2020,Student,0,Email
790077,3,Rivera,23,Male,France,15928.11,Single,Student,2/13/2026,Student,0,Mail
790203,2,Byrd,48,Female,Spain,46872.76,Married,Freelancer,8/7/2024,Family,3,Phone Call
790266,3,Marquez,23,Male,Spain,17523.99,Single,Unemployed,10/8/2019,Student,0,Phone Call
790388,1,Adams,46,Female,France,33756.22,Divorced,Salaried Employee,12/1/2016,Retail,2,SMS
790441,1,Smith,53,Female,United Kingdom,28937.71,Married,Freelancer,10/31/2021,Retail,1,Phone Call
790658,1,Alexander,42,Female,Germany,86539.29,Single,Salaried Employee,4/9/2018,Retail,2,Mobile App Push
790731,5,Chen,77,Female,United States,29519.98,Divorced,Retired,8/7/2020,Senior,1,Mail
790855,1,Mitchell,46,Male,Spain,29772.47,Single,Salaried Employee,2/8/2025,Retail,0,SMS
790897,3,Carney,20,Female,United States,17750.80,Married,Student,6/17/2022,Student,0,Mobile App Push
790909,1,Andrade,38,Male,United Kingdom,71968.00,Single,Freelancer,8/7/2022,Retail,2,Email
790917,1,Mccullough,60,Male,France,31489.88,Married,Freelancer,4/18/2020,Retail,2,Mobile App Push
790993,2,Mcguire,42,Female,United Kingdom,19247.76,Married,Self-Employed,7/2/2021,Family,2,Email
790995,1,Miller,50,Male,Germany,20508.76,Married,Self-Employed,11/14/2022,Retail,0,Mobile App Push
791174,1,Lopez,39,Female,France,31858.52,Married,Salaried Employee,2/2/2020,Retail,0,Mobile App Push
791201,1,Turner,48,Male,United States,37226.55,Married,Salaried Employee,10/7/2024,Retail,0,Email
791308,1,Mitchell,52,Female,Germany,38867.51,Single,Self-Employed,11/29/2024,Retail,0,Email
791309,1,Turner,43,Male,Germany,19765.65,Married,Salaried Employee,9/23/2022,Retail,0,Email
791354,2,Burton,52,Male,Germany,42011.67,Married,Salaried Employee,2/15/2024,Family,3,SMS
791423,1,Grimes,44,Female,Germany,26835.97,Married,Salaried Employee,1/24/2018,Retail,2,Phone Call
791444,5,French,88,Male,Spain,38856.57,Married,Self-Employed,3/12/2017,Senior,0,Phone Call
791454,1,Lucero,30,Male,France,30531.27,Married,Salaried Employee,4/25/2020,Retail,1,Email
791505,1,Hale,38,Male,Germany,23071.05,Single,Salaried Employee,12/1/2025,Retail,1,SMS
791567,4,Warren,40,Male,Germany,187383.47,Divorced,Self-Employed,12/21/2020,Premium,1,Phone Call
791691,1,Mcmahon,44,Female,United Kingdom,38624.24,Married,Unemployed,1/27/2022,Retail,0,Mobile App Push
791798,1,Cannon,30,Male,Germany,26985.87,Single,Salaried Employee,2/28/2025,Retail,1,Phone Call
791998,2,Smith,29,Female,Germany,47545.61,Married,Business Owner,2/7/2026,Family,3,Email
792094,5,Williams,71,Female,Germany,41483.73,Married,Retired,6/11/2017,Senior,2,Phone Call
792165,4,Miller,59,Male,France,95877.33,Married,Freelancer,4/19/2017,Premium,2,SMS
792232,1,Watson,38,Female,France,51591.38,Divorced,Salaried Employee,1/6/2022,Retail,0,Mail
792267,1,Ford,42,Male,United Kingdom,40651.61,Married,Salaried Employee,8/9/2019,Retail,3,Email
792282,2,Martinez,50,Female,France,57133.56,Married,Salaried Employee,10/8/2022,Family,3,Email
792451,5,Mcdaniel,72,Male,Spain,33447.58,Widowed,Retired,7/3/2017,Senior,1,Phone Call
792509,1,Byrd,36,Female,Spain,19005.26,Married,Salaried Employee,7/6/2026,Retail,1,Email
792561,1,Walker,57,Male,United Kingdom,30620.92,Divorced,Self-Employed,12/8/2021,Retail,1,SMS
792616,3,Browning,24,Male,United Kingdom,9727.48,Single,Student,8/22/2022,Student,0,Mobile App Push
792687,4,Orr,55,Female,Spain,89592.19,Single,Salaried Employee,11/12/2016,Premium,2,Email
792759,2,Jensen,38,Female,Spain,42231.72,Married,Salaried Employee,8/20/2018,Family,2,SMS
792764,2,Singh,38,Female,United States,33169.36,Married,Salaried Employee,2/13/2024,Family,0,Email
792818,2,Warren,50,Female,United Kingdom,45617.23,Married,Salaried Employee,1/17/2022,Family,2,Email
792829,2,Reed,46,Male,United States,76566.79,Married,Salaried Employee,6/15/2018,Family,4,Mobile App Push
792984,5,Hinton,80,Male,United States,29917.60,Divorced,Retired,7/5/2024,Senior,0,Email
793024,1,Boyd,46,Female,France,43570.06,Married,Freelancer,9/25/2023,Retail,1,Email
793029,2,Patterson,40,Male,United States,68269.64,Married,Salaried Employee,7/28/2020,Family,1,Mobile App Push
793150,1,Robles,32,Female,United States,81389.00,Single,Salaried Employee,6/11/2021,Retail,0,Mobile App Push
793169,4,Wilson,48,Male,France,61147.70,Single,Business Owner,1/24/2021,Premium,0,Mobile App Push
793223,1,Harris,35,Female,Germany,50306.82,Married,Unemployed,6/18/2023,Retail,0,SMS
793300,1,Garcia,44,Male,Spain,31009.82,Married,Salaried Employee,3/21/2017,Retail,1,Mobile App Push
793384,4,Holmes,53,Male,United States,116610.44,Married,Freelancer,12/22/2020,Premium,2,Email
793655,2,Fischer,30,Female,Germany,31028.27,Married,Salaried Employee,1/25/2019,Family,1,Email
793805,1,Hunt,42,Male,Spain,25507.48,Single,Freelancer,9/22/2025,Retail,0,Mobile App Push
793856,5,Ruiz,74,Female,France,21716.01,Married,Self-Employed,11/18/2022,Senior,1,Phone Call
793889,4,Henry,60,Female,United States,72872.56,Divorced,Business Owner,5/27/2020,Premium,3,SMS
793939,2,Soto,44,Male,France,50380.63,Married,Business Owner,7/19/2021,Family,1,SMS
794022,1,Davis,38,Male,France,26735.71,Single,Salaried Employee,7/6/2021,Retail,0,Mobile App Push
794042,2,Bullock,35,Female,France,22853.67,Married,Salaried Employee,6/28/2021,Family,2,Email
794083,2,Brown,37,Male,Germany,38631.34,Single,Salaried Employee,8/9/2024,Family,4,Email
794093,1,Hall,49,Male,Germany,40778.64,Married,Salaried Employee,11/10/2017,Retail,0,SMS
794125,1,Garcia,31,Male,France,27021.48,Married,Self-Employed,5/5/2020,Retail,0,Email
794178,1,Randolph,38,Female,United Kingdom,96139.77,Single,Salaried Employee,5/12/2020,Retail,3,Mobile App Push
794180,5,Garcia,72,Female,United Kingdom,41523.88,Married,Retired,1/3/2018,Senior,1,Phone Call
794299,1,Little,40,Male,Germany,39839.23,Widowed,Business Owner,2/16/2019,Retail,0,Mobile App Push
794303,2,Watson,55,Male,Spain,62936.68,Married,Salaried Employee,9/13/2018,Family,3,Phone Call
794395,1,Peterson,39,Female,United States,41553.51,Single,Salaried Employee,6/11/2021,Retail,0,SMS
794530,1,Williams,39,Male,United Kingdom,16252.93,Single,Salaried Employee,2/22/2021,Retail,2,SMS
794622,1,Lopez,53,Female,United Kingdom,70449.89,Single,Unemployed,5/24/2024,Retail,0,Email
794663,5,Gordon,72,Male,United Kingdom,22692.68,Widowed,Retired,11/30/2016,Senior,2,SMS
794668,5,Williams,79,Male,United States,18115.44,Widowed,Retired,7/11/2025,Senior,1,Phone Call
794769,5,Mckee,78,Male,France,26209.38,Widowed,Retired,4/24/2020,Senior,0,Mail
794799,1,Hodge,54,Male,United States,30908.92,Divorced,Salaried Employee,10/26/2021,Retail,0,SMS
794868,3,Ramirez,22,Male,United Kingdom,15728.90,Single,Student,5/1/2021,Student,0,Email
794963,5,Johns,79,Male,Germany,31266.52,Widowed,Retired,10/24/2022,Senior,0,Mail
795186,1,James,45,Female,Germany,25650.33,Married,Salaried Employee,7/26/2023,Retail,0,Email
795205,3,Austin,21,Male,United States,9034.95,Single,Student,11/16/2019,Student,0,Mail
795556,2,Williamson,50,Male,Germany,51052.50,Married,Salaried Employee,4/18/2025,Family,2,SMS
795578,1,Chase,55,Female,United Kingdom,33120.44,Married,Unemployed,6/6/2026,Retail,0,SMS
795612,2,Klein,40,Male,United States,41035.43,Married,Self-Employed,11/1/2020,Family,2,Mobile App Push
795613,3,Parker,19,Female,United States,10408.44,Single,Student,1/22/2023,Student,0,Email
795650,1,Rodriguez,62,Male,France,23587.20,Single,Salaried Employee,8/19/2018,Retail,1,Mobile App Push
795759,1,Murray,46,Female,France,40206.44,Married,Unemployed,4/4/2025,Retail,1,Mobile App Push
795781,3,Barnes,20,Male,United Kingdom,8671.15,Single,Student,12/12/2019,Student,0,Mobile App Push
795847,5,Wise,76,Female,United Kingdom,19300.50,Married,Salaried Employee,3/15/2021,Senior,2,Mobile App Push
795928,2,Johnson,37,Female,Germany,40237.27,Divorced,Unemployed,7/2/2026,Family,1,Mobile App Push
795951,1,Nelson,42,Male,Spain,63045.33,Single,Unemployed,1/4/2020,Retail,1,Mobile App Push
795978,1,Medina,53,Male,France,22216.82,Divorced,Salaried Employee,9/16/2023,Retail,1,Email
796101,2,Hayes,37,Male,United States,46244.74,Married,Freelancer,10/25/2018,Family,2,Mobile App Push
796212,2,Pena,51,Male,Germany,28279.86,Married,Salaried Employee,8/2/2021,Family,1,SMS
796353,1,Reeves,43,Female,Spain,30487.40,Single,Salaried Employee,10/11/2017,Retail,1,Mail
796405,5,Barnes,77,Male,United Kingdom,31651.44,Married,Retired,4/9/2017,Senior,0,Email
796503,1,Pearson,28,Female,United Kingdom,40445.98,Single,Freelancer,9/10/2024,Retail,0,Mobile App Push
796643,5,Foster,75,Male,Spain,17427.27,Single,Retired,10/12/2021,Senior,0,Phone Call
796772,1,Butler,28,Male,France,20673.76,Single,Freelancer,10/21/2020,Retail,0,Mobile App Push
796787,2,Smith,55,Female,United Kingdom,29592.51,Divorced,Self-Employed,5/16/2020,Family,1,Mail
796889,3,Crawford,20,Female,Germany,11821.79,Single,Student,8/27/2018,Student,0,Mobile App Push
796982,1,Gibson,62,Female,United Kingdom,18497.45,Married,Salaried Employee,3/17/2019,Retail,1,Mobile App Push
797229,2,Conner,40,Female,United States,23961.04,Married,Salaried Employee,5/12/2020,Family,4,Mobile App Push
797416,4,Goodwin,34,Male,France,135092.38,Married,Business Owner,10/11/2018,Premium,0,Mobile App Push
797492,5,Wilson,68,Female,France,53166.86,Married,Retired,9/6/2019,Senior,0,Mail
797557,1,Monroe,25,Female,France,55053.91,Married,Freelancer,3/15/2017,Retail,0,Mail
797660,5,Hughes,83,Female,Germany,31714.38,Divorced,Business Owner,7/3/2019,Senior,0,Phone Call
797860,2,Ford,37,Male,France,40519.66,Married,Salaried Employee,12/22/2025,Family,1,Phone Call
798359,5,Graves,79,Female,Spain,29283.94,Widowed,Retired,2/16/2021,Senior,0,Phone Call
798435,1,Payne,58,Female,Spain,39598.35,Married,Salaried Employee,10/17/2020,Retail,0,Mobile App Push
799080,3,Smith,21,Male,Spain,12442.04,Single,Student,1/23/2022,Student,0,Email
799143,1,Smith,44,Female,Germany,33854.14,Divorced,Salaried Employee,10/23/2018,Retail,1,Mobile App Push
799233,2,Davis,45,Male,United States,43237.10,Married,Salaried Employee,7/29/2025,Family,3,Email
799287,1,Holland,38,Female,United Kingdom,42733.53,Single,Business Owner,6/27/2024,Retail,0,Phone Call
799330,5,Henry,74,Female,United States,30017.93,Married,Retired,6/16/2023,Senior,0,Email
799396,1,Pace,43,Female,United States,45092.17,Married,Salaried Employee,1/29/2020,Retail,1,Mail
799539,2,Garza,31,Male,France,56791.89,Married,Salaried Employee,2/16/2021,Family,1,Mobile App Push
799565,3,Barrera,22,Female,France,15276.20,Single,Student,9/30/2017,Student,0,Phone Call
799731,1,Shaffer,37,Male,United Kingdom,32881.99,Single,Salaried Employee,4/10/2026,Retail,0,Email
799891,1,Smith,40,Female,United States,31546.51,Single,Salaried Employee,8/23/2022,Retail,0,Email
800005,3,Morrison,23,Male,United Kingdom,9505.32,Single,Student,8/29/2019,Student,0,Email
800007,1,Jones,51,Female,France,70771.48,Divorced,Salaried Employee,9/24/2025,Retail,0,Mobile App Push
800224,2,Randall,43,Male,Germany,57733.56,Married,Salaried Employee,9/21/2020,Family,4,SMS
800280,1,Richardson,26,Male,Spain,41130.48,Married,Salaried Employee,1/21/2022,Retail,1,SMS
800305,1,Oliver,52,Male,France,45716.97,Married,Unemployed,12/17/2022,Retail,0,Email
800499,1,Gutierrez,43,Male,Germany,41598.17,Single,Salaried Employee,2/22/2024,Retail,1,Email
800596,5,Wang,61,Female,France,32197.10,Divorced,Salaried Employee,9/19/2025,Senior,0,Mail
800646,5,Chambers,82,Female,France,33699.42,Married,Retired,7/29/2022,Senior,0,Mail
800674,1,Grant,37,Female,Germany,28127.72,Married,Freelancer,12/12/2023,Retail,1,SMS
800722,1,Green,49,Male,United Kingdom,22745.73,Married,Salaried Employee,11/11/2017,Retail,0,Email
801062,4,Brown,68,Female,United States,170056.81,Single,Business Owner,3/21/2019,Premium,0,Mobile App Push
801200,1,Stephens,51,Female,Germany,34310.36,Married,Self-Employed,4/17/2025,Retail,1,Mobile App Push
801364,5,Gallagher,78,Female,Spain,9792.47,Widowed,Retired,11/14/2023,Senior,1,Email
801432,2,Smith,28,Female,United Kingdom,45062.18,Married,Business Owner,6/11/2018,Family,2,Mobile App Push
801474,2,Sheppard,33,Female,Germany,41601.42,Single,Self-Employed,12/7/2023,Family,2,SMS
801520,5,Jacobs,78,Female,United Kingdom,23457.06,Married,Retired,6/26/2021,Senior,1,Email
801534,1,Smith,32,Female,France,32165.46,Single,Salaried Employee,10/27/2021,Retail,0,Mobile App Push
801765,1,King,47,Female,France,33299.02,Married,Salaried Employee,12/27/2020,Retail,0,Email
801978,1,Santiago,44,Female,France,35355.03,Married,Unemployed,1/7/2019,Retail,1,Mail
802131,1,Wright,31,Female,Spain,19776.06,Married,Salaried Employee,4/16/2019,Retail,0,Mobile App Push
802191,2,Perry,39,Female,France,63242.29,Married,Unemployed,4/25/2023,Family,1,Mobile App Push
802258,1,Ortiz,55,Male,Germany,35442.26,Single,Self-Employed,10/27/2023,Retail,2,Email
802371,4,Jones,35,Female,France,125191.52,Single,Self-Employed,7/22/2017,Premium,0,SMS
802382,1,Lee,39,Male,Germany,56764.88,Married,Salaried Employee,3/7/2020,Retail,0,Mail
802448,5,Ortega,73,Female,United Kingdom,29317.28,Married,Retired,2/17/2020,Senior,2,Mail
802559,2,Rivera,43,Male,United Kingdom,85685.23,Married,Salaried Employee,3/9/2021,Family,4,SMS
802571,5,Pearson,71,Female,France,35792.70,Married,Retired,3/9/2020,Senior,1,SMS
802615,1,Hammond,59,Male,Germany,38905.50,Single,Salaried Employee,8/2/2021,Retail,0,SMS
802667,5,Moody,72,Male,United Kingdom,19700.63,Married,Self-Employed,8/10/2023,Senior,1,Email
802685,2,Garcia,35,Female,France,41527.91,Married,Freelancer,1/28/2017,Family,4,Email
802695,1,Robertson,36,Male,France,27204.62,Divorced,Salaried Employee,4/27/2026,Retail,0,SMS
802729,4,West,55,Female,France,212321.46,Married,Business Owner,6/30/2018,Premium,0,Mobile App Push
802812,1,Lopez,43,Female,France,52682.27,Divorced,Salaried Employee,4/6/2024,Retail,2,Mail
802897,2,Dunn,42,Female,United States,23653.32,Married,Salaried Employee,2/23/2026,Family,2,Mobile App Push
803024,1,Terry,50,Female,Spain,44702.98,Divorced,Freelancer,7/17/2019,Retail,0,Email
803055,1,Hull,51,Male,France,48939.62,Single,Salaried Employee,1/28/2026,Retail,0,SMS
803204,2,Lin,38,Male,United Kingdom,32978.75,Married,Freelancer,5/12/2017,Family,2,Phone Call
803281,2,Lee,42,Male,United States,28833.46,Single,Unemployed,7/23/2023,Family,1,Mail
803458,2,Jones,41,Male,United States,49794.54,Married,Salaried Employee,10/19/2023,Family,2,Mobile App Push
803571,4,Watson,57,Female,Spain,86794.48,Single,Salaried Employee,1/5/2024,Premium,0,SMS
803724,4,Kline,63,Male,Spain,211860.92,Divorced,Business Owner,7/13/2023,Premium,0,Mobile App Push
803787,1,Watkins,40,Male,France,37990.81,Married,Business Owner,7/22/2022,Retail,0,Email
803904,1,Patrick,32,Female,Germany,32004.24,Married,Salaried Employee,6/29/2023,Retail,1,Phone Call
803950,3,Collier,21,Male,Spain,12160.10,Single,Student,6/25/2022,Student,0,Mobile App Push
803953,5,Taylor,82,Male,France,47883.09,Widowed,Retired,12/10/2019,Senior,2,Phone Call
804066,4,Ward,54,Male,United States,211473.27,Married,Self-Employed,10/27/2024,Premium,1,Mobile App Push
804091,1,Sullivan,48,Male,Germany,18835.34,Single,Business Owner,5/13/2025,Retail,0,SMS
804258,2,James,41,Male,France,53361.47,Married,Unemployed,8/26/2018,Family,3,SMS
804313,4,Brown,42,Male,Germany,121429.06,Married,Business Owner,3/24/2022,Premium,1,Mobile App Push
804314,5,Gray,83,Female,France,14609.57,Married,Retired,3/16/2024,Senior,0,Phone Call
804318,1,Malone,46,Female,United Kingdom,26496.54,Single,Salaried Employee,10/13/2023,Retail,0,Mobile App Push
804378,1,Larson,26,Male,France,25632.66,Single,Salaried Employee,6/11/2017,Retail,2,Mobile App Push
804505,1,Lawson,39,Female,Germany,36710.98,Single,Self-Employed,11/29/2017,Retail,1,Email
804527,1,Novak,51,Male,Germany,26301.39,Single,Salaried Employee,8/16/2019,Retail,1,Phone Call
804667,5,Carr,76,Female,Germany,29935.03,Married,Retired,7/4/2022,Senior,0,Mail
804737,2,Brown,55,Female,Germany,23281.28,Married,Salaried Employee,4/20/2017,Family,1,Mobile App Push
804758,3,Santos,18,Female,France,8026.07,Single,Student,3/30/2025,Student,0,Email
804791,1,Kelly,41,Female,Spain,75475.54,Married,Salaried Employee,7/21/2017,Retail,2,SMS
804938,4,Duke,42,Male,United States,90409.81,Married,Salaried Employee,3/5/2025,Premium,0,Email
805000,1,Hines,51,Male,Germany,65503.08,Widowed,Salaried Employee,9/4/2024,Retail,1,Mobile App Push
805034,2,Cervantes,44,Female,Spain,33844.34,Married,Unemployed,12/31/2018,Family,2,SMS
805139,1,Skinner,57,Male,United States,35371.81,Divorced,Freelancer,1/3/2025,Retail,0,Phone Call
805188,5,Chavez,80,Female,Germany,39867.84,Widowed,Retired,10/22/2024,Senior,0,SMS
805200,1,Clark,33,Female,France,36675.31,Married,Self-Employed,8/19/2019,Retail,1,Mobile App Push
805448,1,Macdonald,38,Male,France,40936.54,Divorced,Salaried Employee,4/28/2019,Retail,2,SMS
805477,1,Horton,24,Female,United States,27253.44,Single,Salaried Employee,11/22/2024,Retail,0,SMS
805483,1,White,59,Male,United Kingdom,62949.87,Single,Self-Employed,12/25/2025,Retail,0,SMS
805511,1,Davis,46,Male,United States,79801.52,Married,Salaried Employee,5/28/2018,Retail,0,Mail
805668,2,Collins,29,Male,United States,37042.40,Single,Self-Employed,11/5/2023,Family,3,Mail
805893,1,Weber,48,Female,France,22618.61,Married,Self-Employed,10/6/2016,Retail,1,Email
806004,1,Lindsey,57,Female,United States,26255.39,Married,Self-Employed,7/18/2018,Retail,0,Email
806013,1,Munoz,30,Male,Germany,44085.20,Single,Salaried Employee,12/23/2017,Retail,2,Mobile App Push
806033,2,Olson,43,Female,United States,47950.72,Married,Business Owner,4/9/2019,Family,1,Mobile App Push
806073,1,Wilson,42,Male,Spain,32566.17,Married,Salaried Employee,7/9/2018,Retail,1,SMS
806215,1,Savage,39,Female,Germany,14964.87,Married,Salaried Employee,4/6/2026,Retail,1,Mail
806309,1,Sims,45,Female,United States,35951.77,Single,Business Owner,4/17/2026,Retail,1,Email
806357,3,Williams,20,Male,France,8000.00,Single,Student,9/6/2024,Student,0,Mobile App Push
806396,2,Chavez,42,Female,France,39383.93,Married,Self-Employed,12/18/2023,Family,3,Mail
806423,5,Mayo,72,Female,Germany,18446.36,Divorced,Retired,9/9/2021,Senior,0,Mail
806537,4,Griffin,54,Female,Spain,186750.46,Single,Business Owner,1/1/2025,Premium,0,SMS
806707,1,Martin,37,Male,United States,50530.94,Married,Salaried Employee,12/25/2017,Retail,0,Email
806765,2,Torres,44,Male,United Kingdom,48217.20,Married,Salaried Employee,12/29/2022,Family,4,Email
806774,2,Pace,47,Female,Spain,46985.31,Married,Freelancer,2/18/2021,Family,1,SMS
806848,1,Ortiz,35,Female,France,39534.01,Divorced,Salaried Employee,10/11/2025,Retail,0,Mobile App Push
806866,5,Fuller,77,Male,France,29079.47,Married,Retired,12/19/2020,Senior,0,Phone Call
806995,4,Becker,49,Male,United States,139331.14,Single,Self-Employed,2/27/2019,Premium,2,Email
807053,2,Taylor,55,Female,Germany,35675.14,Married,Business Owner,4/3/2018,Family,1,SMS
807115,5,Key,75,Female,United States,41391.05,Married,Retired,4/6/2024,Senior,1,Mobile App Push
807160,1,Cox,29,Male,France,36907.56,Married,Salaried Employee,8/30/2020,Retail,2,Phone Call
807166,2,Evans,35,Male,Spain,42195.96,Widowed,Self-Employed,7/8/2025,Family,3,Mobile App Push
807256,2,Watson,52,Female,United States,45202.33,Married,Salaried Employee,8/24/2023,Family,1,Mobile App Push
807424,1,Smith,49,Female,United States,37847.02,Divorced,Self-Employed,10/19/2018,Retail,0,Email
807617,4,Blackburn,51,Male,Spain,42468.95,Married,Self-Employed,6/6/2022,Premium,0,Mobile App Push
807764,2,Stewart,46,Male,Spain,37887.62,Married,Unemployed,8/6/2025,Family,2,Mail
808011,4,Villa,39,Female,United States,160987.85,Married,Salaried Employee,9/28/2020,Premium,1,SMS
808029,5,Stewart,67,Male,Spain,13248.74,Married,Retired,2/17/2022,Senior,0,SMS
808094,1,Rodriguez,33,Male,France,47726.41,Married,Salaried Employee,12/10/2016,Retail,0,SMS
808308,1,Nicholson,41,Female,France,57709.49,Married,Salaried Employee,5/13/2020,Retail,1,SMS
808340,2,Campbell,46,Male,France,19403.03,Married,Salaried Employee,1/16/2023,Family,2,Mail
808446,2,Joyce,44,Female,Spain,39216.07,Single,Business Owner,1/24/2026,Family,1,Email
808640,3,Warren,21,Female,France,12603.79,Single,Student,1/29/2024,Student,0,Mobile App Push
808699,1,Preston,34,Male,Germany,32587.54,Single,Unemployed,10/6/2024,Retail,0,Mobile App Push
809083,5,Torres,69,Female,Germany,19011.11,Single,Self-Employed,8/31/2020,Senior,0,Phone Call
809147,4,James,45,Female,France,157802.84,Married,Business Owner,6/23/2026,Premium,0,Mobile App Push
809176,2,Hensley,44,Male,United States,39707.58,Married,Self-Employed,1/1/2023,Family,2,Mobile App Push
809217,2,Jordan,45,Male,France,59916.58,Married,Salaried Employee,3/27/2024,Family,2,Email
809489,1,Rollins,39,Male,France,50030.17,Single,Self-Employed,9/21/2017,Retail,0,Mobile App Push
809570,1,Wolfe,39,Female,France,46179.59,Single,Salaried Employee,8/26/2024,Retail,1,SMS
809589,2,Rice,48,Female,United Kingdom,31339.60,Married,Salaried Employee,11/5/2016,Family,1,Email
809621,5,Perez,76,Male,France,43120.68,Single,Retired,3/15/2017,Senior,0,Phone Call
809641,1,Jimenez,40,Female,France,45916.11,Married,Salaried Employee,3/21/2018,Retail,0,SMS
809731,1,Phillips,35,Male,Spain,60497.60,Married,Salaried Employee,10/7/2016,Retail,2,Mail
809794,2,Evans,41,Female,United States,20769.50,Married,Self-Employed,2/12/2022,Family,2,Phone Call
809922,2,Brooks,37,Male,United States,52730.86,Married,Self-Employed,5/17/2020,Family,1,Mobile App Push
810029,4,Warner,46,Female,Germany,188146.95,Married,Business Owner,1/29/2024,Premium,1,Email
810032,5,Keller,78,Female,France,30357.90,Married,Retired,2/16/2024,Senior,0,Mail
810078,1,Cole,40,Male,Germany,65694.94,Single,Self-Employed,8/2/2025,Retail,3,Mobile App Push
810091,2,Watson,40,Male,Germany,64909.93,Single,Self-Employed,2/4/2021,Family,1,Mail
810189,2,Aguilar,40,Male,France,62211.68,Married,Salaried Employee,9/6/2018,Family,2,Email
810219,2,Rodgers,40,Female,Spain,37159.74,Married,Self-Employed,11/19/2024,Family,4,Mobile App Push
810250,4,Lee,49,Female,France,105721.61,Single,Business Owner,4/10/2021,Premium,1,Mail
810380,4,Gallegos,36,Female,United States,76015.65,Married,Business Owner,10/28/2020,Premium,1,Mobile App Push
810446,1,Ferguson,55,Female,United Kingdom,23255.07,Single,Salaried Employee,9/2/2025,Retail,2,Phone Call
810526,5,Harris,73,Male,Germany,28697.38,Married,Retired,8/9/2017,Senior,0,Phone Call
810614,3,Cooper,26,Male,France,11397.28,Single,Student,5/14/2021,Student,0,Mobile App Push
810638,5,Johnson,74,Male,Spain,18057.12,Married,Retired,8/9/2019,Senior,0,Phone Call
810687,1,Preston,51,Female,France,29293.95,Married,Unemployed,12/24/2016,Retail,1,Mobile App Push
810859,4,Peters,32,Male,France,120056.30,Married,Salaried Employee,2/9/2019,Premium,1,Phone Call
810929,1,Calhoun,35,Female,France,28031.46,Widowed,Salaried Employee,11/25/2023,Retail,0,SMS
811016,1,Hoover,42,Female,France,51773.42,Single,Self-Employed,12/26/2024,Retail,0,SMS
811027,2,Lyons,42,Male,Germany,24054.52,Married,Self-Employed,7/7/2020,Family,2,Email
811141,1,Friedman,32,Male,France,40370.55,Married,Freelancer,12/16/2022,Retail,1,Mobile App Push
811163,2,Greer,28,Male,Germany,32815.03,Married,Salaried Employee,4/20/2018,Family,4,Phone Call
811256,2,Mcguire,35,Female,Germany,25800.31,Married,Unemployed,10/31/2023,Family,4,Mail
811257,5,Butler,83,Female,France,50628.08,Widowed,Retired,1/18/2017,Senior,0,SMS
811332,1,Collins,55,Male,Germany,35638.31,Single,Salaried Employee,1/6/2020,Retail,0,Phone Call
811346,1,Pierce,49,Female,Spain,27666.39,Single,Salaried Employee,9/14/2017,Retail,0,Mobile App Push
811351,1,Johnson,33,Male,Spain,23273.74,Married,Unemployed,2/9/2018,Retail,0,Email
811444,2,Norton,44,Male,United States,57384.14,Married,Salaried Employee,8/8/2022,Family,1,Email
811451,2,Wade,42,Female,France,37988.94,Married,Salaried Employee,6/29/2018,Family,2,Mail
811521,2,Perry,34,Male,United Kingdom,30816.31,Married,Freelancer,3/24/2021,Family,2,SMS
811721,1,Colon,25,Male,Spain,34344.40,Divorced,Salaried Employee,1/25/2026,Retail,1,SMS
811875,1,Lamb,42,Female,United States,33174.27,Divorced,Salaried Employee,1/9/2024,Retail,0,Mobile App Push
812048,1,Stephens,33,Female,France,46690.86,Divorced,Self-Employed,6/20/2024,Retail,1,Email
812131,1,Morales,33,Female,United States,29576.91,Married,Freelancer,4/2/2020,Retail,1,Email
812296,1,Rodriguez,38,Female,United Kingdom,18669.48,Widowed,Salaried Employee,9/9/2017,Retail,0,Email
812413,2,Gillespie,45,Female,Germany,71272.32,Married,Salaried Employee,9/21/2024,Family,2,SMS
812526,1,Murphy,45,Male,United States,68618.56,Single,Salaried Employee,2/24/2019,Retail,2,Mobile App Push
812565,1,Richards,52,Female,United Kingdom,32174.70,Single,Freelancer,6/1/2020,Retail,0,Mobile App Push
812569,1,Molina,51,Male,Spain,24048.25,Single,Salaried Employee,11/23/2023,Retail,1,Phone Call
812591,1,Bell,27,Male,France,32817.46,Single,Salaried Employee,10/14/2018,Retail,1,Mail
812597,2,Ward,49,Female,Germany,44078.71,Married,Salaried Employee,1/4/2020,Family,4,Mobile App Push
812711,5,Thornton,88,Male,Spain,37618.27,Married,Retired,5/4/2019,Senior,1,Mail
812730,5,Jenkins,75,Female,Germany,40297.55,Divorced,Retired,5/3/2026,Senior,0,Phone Call
813013,1,Howard,55,Male,Spain,26452.30,Single,Self-Employed,2/25/2026,Retail,0,Mobile App Push
813145,1,Mejia,31,Male,United States,20202.97,Single,Salaried Employee,7/3/2020,Retail,1,Email
813269,3,Trujillo,24,Female,Germany,13322.72,Single,Student,3/18/2020,Student,0,Mobile App Push
813328,3,Wilson,21,Male,France,13738.48,Single,Student,12/27/2025,Student,0,Phone Call
813341,1,Howe,47,Male,France,27616.42,Married,Freelancer,1/27/2024,Retail,0,Mobile App Push
813390,1,Campbell,32,Female,France,22269.23,Married,Salaried Employee,7/19/2026,Retail,0,Email
813449,5,Reed,77,Male,Germany,58124.11,Divorced,Retired,3/24/2017,Senior,0,Mail
813536,1,Shields,42,Female,Spain,40298.47,Divorced,Salaried Employee,8/13/2024,Retail,1,Mobile App Push
813666,4,Vasquez,64,Female,France,119376.32,Single,Salaried Employee,5/21/2025,Premium,2,Mail
813763,1,Ferguson,26,Male,Germany,49605.53,Married,Salaried Employee,1/24/2023,Retail,0,Mail
813793,3,Ford,21,Female,France,8083.06,Single,Unemployed,3/10/2022,Student,0,Email
813813,5,Olsen,80,Male,United States,24458.18,Married,Retired,11/18/2016,Senior,0,Mail
813824,5,Smith,64,Female,Germany,28098.52,Married,Retired,8/31/2020,Senior,0,Phone Call
813884,4,Wells,54,Male,France,70209.58,Single,Freelancer,6/13/2020,Premium,1,SMS
813928,3,Vasquez,19,Male,France,17475.02,Single,Student,5/26/2019,Student,0,Email
814138,5,Barker,88,Male,France,25660.36,Divorced,Retired,5/7/2021,Senior,2,Mail
814220,5,Jimenez,66,Female,United Kingdom,35303.48,Widowed,Retired,4/2/2020,Senior,2,Phone Call
814263,1,Haynes,51,Female,Germany,35472.87,Married,Unemployed,6/12/2016,Retail,0,Mobile App Push
814281,2,Henry,48,Male,United Kingdom,29591.18,Married,Salaried Employee,8/28/2023,Family,2,SMS
814544,1,Diaz,39,Female,France,32419.04,Single,Salaried Employee,7/8/2024,Retail,1,Email
814622,1,Davenport,38,Male,Spain,26997.56,Married,Business Owner,7/14/2024,Retail,1,Mobile App Push
814703,1,Kane,31,Male,United Kingdom,24933.55,Single,Salaried Employee,9/18/2023,Retail,1,Email
814825,1,Hamilton,44,Male,France,20266.30,Married,Salaried Employee,9/4/2017,Retail,1,Mobile App Push
814827,3,Bautista,21,Female,France,19037.09,Single,Student,7/29/2022,Student,0,Mobile App Push
814919,3,Mcgee,22,Male,United Kingdom,25347.43,Single,Student,12/31/2017,Student,0,Phone Call
814956,5,Williams,71,Male,Germany,14500.38,Widowed,Retired,10/30/2023,Senior,0,Phone Call
815054,2,Lane,50,Female,Spain,42552.37,Married,Salaried Employee,8/22/2022,Family,1,SMS
815198,1,Brown,37,Female,France,51466.22,Married,Business Owner,3/27/2026,Retail,0,Mobile App Push
815338,2,Long,42,Male,France,31441.04,Single,Unemployed,11/3/2020,Family,2,Mobile App Push
815706,5,Simmons,77,Female,United Kingdom,28726.03,Married,Business Owner,6/13/2019,Senior,0,SMS
815707,5,Miller,79,Female,France,81650.59,Married,Self-Employed,4/14/2020,Senior,0,Phone Call
815819,2,Clayton,44,Male,France,38254.99,Married,Salaried Employee,6/6/2022,Family,3,Email
815894,1,Moore,53,Female,Spain,85139.10,Single,Business Owner,6/16/2023,Retail,1,Mail
816047,1,Larson,57,Female,United Kingdom,48373.92,Divorced,Salaried Employee,12/18/2018,Retail,0,Mail
816116,2,Martin,35,Male,United States,48499.27,Married,Salaried Employee,12/8/2025,Family,2,Mobile App Push
816289,1,Davidson,40,Female,Germany,18496.44,Single,Salaried Employee,6/9/2018,Retail,1,Mobile App Push
816308,2,King,44,Female,Germany,36719.45,Married,Self-Employed,4/8/2024,Family,0,Mail
816318,2,Costa,49,Female,Germany,41760.05,Divorced,Salaried Employee,3/12/2023,Family,1,Email
816400,1,Yang,43,Female,Germany,43459.60,Married,Freelancer,1/13/2018,Retail,0,Mobile App Push
816412,3,Khan,24,Male,United States,15443.77,Single,Student,7/2/2025,Student,0,Mobile App Push
816586,4,Lee,34,Female,France,115059.92,Married,Business Owner,8/6/2018,Premium,3,Email
816712,3,Bowman,21,Male,France,14889.51,Single,Student,4/5/2018,Student,0,Phone Call
816751,2,Callahan,34,Female,Germany,43095.50,Married,Salaried Employee,1/9/2021,Family,3,Email
817269,2,Brown,43,Male,France,42949.46,Married,Salaried Employee,1/26/2025,Family,3,Mail
817276,2,Carrillo,42,Male,United States,47037.36,Single,Business Owner,1/25/2021,Family,3,SMS
817303,2,Smith,45,Female,France,60791.73,Married,Salaried Employee,7/29/2019,Family,2,Mobile App Push
817318,1,Gonzalez,42,Female,United States,53518.96,Married,Salaried Employee,4/22/2022,Retail,1,Mobile App Push
817395,1,Hutchinson,53,Female,United States,25834.26,Married,Salaried Employee,8/29/2025,Retail,0,Email
817497,2,Parker,34,Female,Germany,33799.27,Married,Salaried Employee,10/10/2017,Family,2,Mobile App Push
817552,1,Leonard,55,Male,Germany,25022.64,Married,Self-Employed,7/18/2023,Retail,1,Mobile App Push
817611,1,Jones,53,Male,Germany,21481.35,Single,Salaried Employee,2/21/2024,Retail,3,Mobile App Push
817644,1,Vasquez,58,Female,France,24166.80,Single,Salaried Employee,5/30/2025,Retail,1,Email
817659,2,Rodgers,36,Male,France,31882.21,Single,Salaried Employee,12/16/2016,Family,1,SMS
817675,5,Walker,81,Male,France,20804.87,Married,Retired,8/18/2016,Senior,0,Phone Call
817712,5,Burke,86,Female,Germany,29960.80,Married,Retired,2/18/2020,Senior,1,Email
817727,1,Patel,36,Male,Germany,32074.14,Single,Salaried Employee,8/18/2020,Retail,1,Mobile App Push
817817,5,Riley,73,Male,Spain,34626.36,Married,Salaried Employee,6/22/2023,Senior,0,Mail
817870,2,Yu,38,Male,France,34326.57,Divorced,Salaried Employee,3/3/2018,Family,4,Email
817897,1,Rivas,24,Female,United Kingdom,25554.22,Single,Salaried Employee,7/29/2017,Retail,2,Phone Call
817923,1,Banks,26,Female,Germany,26116.13,Married,Self-Employed,2/22/2026,Retail,0,Email
817941,1,Thompson,34,Male,Spain,22186.88,Married,Self-Employed,10/6/2020,Retail,1,Mail
817956,2,Terry,47,Female,Germany,32045.19,Married,Unemployed,7/20/2026,Family,2,Email
817999,3,Williams,25,Male,France,8000.00,Widowed,Student,3/10/2019,Student,0,Email
818113,4,Goodwin,55,Female,Spain,326846.25,Single,Self-Employed,7/10/2021,Premium,0,Email
818119,5,Morrow,80,Male,France,34369.38,Divorced,Retired,4/22/2026,Senior,1,Mail
818264,5,Hendrix,76,Female,Spain,69405.05,Widowed,Retired,9/16/2024,Senior,0,Phone Call
818430,1,Russo,32,Male,Spain,30807.32,Single,Unemployed,7/16/2018,Retail,0,Phone Call
818530,3,Zhang,21,Female,United Kingdom,14290.15,Single,Student,8/6/2019,Student,0,Mobile App Push
818605,2,Carroll,39,Male,United States,36274.05,Divorced,Freelancer,6/6/2018,Family,3,Email
818651,1,Wright,38,Male,France,41932.13,Single,Freelancer,6/6/2020,Retail,3,Mobile App Push
818699,5,Brown,69,Male,Spain,26261.98,Widowed,Retired,4/15/2026,Senior,0,Mail
818709,1,Lee,47,Female,France,23998.84,Single,Business Owner,12/24/2020,Retail,2,SMS
818791,1,Fleming,50,Male,Germany,21309.87,Single,Salaried Employee,8/8/2022,Retail,2,SMS
818798,2,Holloway,29,Female,France,79792.71,Married,Business Owner,7/23/2017,Family,2,Email
818807,3,Burton,22,Male,Spain,14129.99,Single,Student,6/2/2022,Student,0,Mobile App Push
818894,5,Roth,64,Male,Spain,26552.86,Married,Self-Employed,8/10/2017,Senior,2,Phone Call
818987,2,Conley,46,Female,United States,27193.54,Married,Salaried Employee,8/30/2025,Family,2,Mail
819050,3,Scott,21,Female,France,18694.43,Single,Student,8/20/2023,Student,0,Mobile App Push
819112,2,Mcneil,40,Male,United Kingdom,52843.90,Divorced,Salaried Employee,10/29/2020,Family,2,SMS
819150,2,Harrison,50,Male,Spain,30017.15,Married,Business Owner,7/1/2024,Family,2,Mobile App Push
819195,5,Campbell,64,Male,United States,30393.43,Married,Retired,12/9/2016,Senior,0,Phone Call
819265,2,Schneider,50,Female,United Kingdom,50334.77,Married,Salaried Employee,8/7/2016,Family,2,Mobile App Push
819335,1,Hamilton,31,Male,United Kingdom,49664.12,Single,Unemployed,9/29/2020,Retail,1,Mail
819368,4,Wiggins,54,Male,Spain,153470.97,Married,Self-Employed,12/5/2018,Premium,0,SMS
819380,4,Davis,58,Male,France,65796.70,Married,Salaried Employee,1/22/2018,Premium,1,Mobile App Push
819400,1,Johnson,46,Male,France,33785.26,Divorced,Salaried Employee,2/15/2021,Retail,0,Email
819425,3,Roberts,21,Male,United Kingdom,18731.74,Single,Student,11/2/2022,Student,0,Mail
819622,2,Rasmussen,28,Female,United States,37665.57,Married,Salaried Employee,10/26/2020,Family,2,SMS
819656,2,Bell,40,Female,France,18199.63,Married,Self-Employed,4/6/2018,Family,2,Mobile App Push
819678,2,Kelly,51,Female,Spain,58224.80,Married,Business Owner,3/4/2025,Family,2,Mobile App Push
819796,2,Hamilton,43,Female,United States,37813.51,Married,Freelancer,3/24/2017,Family,2,Mobile App Push
819871,2,Perez,45,Male,United States,48112.67,Married,Salaried Employee,5/19/2021,Family,2,Mobile App Push
819916,1,Jones,36,Female,United States,26180.45,Single,Salaried Employee,5/20/2017,Retail,0,SMS
819964,2,Norris,42,Female,United Kingdom,31411.20,Married,Salaried Employee,8/27/2018,Family,1,Mobile App Push
820141,1,Hines,51,Male,France,35430.97,Married,Salaried Employee,5/19/2024,Retail,2,SMS
820184,2,Conway,28,Male,Germany,26893.05,Married,Salaried Employee,1/19/2021,Family,2,Mobile App Push
820221,3,Hill,20,Male,France,16007.91,Single,Student,8/16/2019,Student,0,Email
820426,2,Williams,41,Female,France,42058.21,Single,Business Owner,3/6/2023,Family,4,SMS
820442,1,Yang,32,Male,Spain,34432.85,Divorced,Salaried Employee,11/27/2017,Retail,0,Mobile App Push
820539,2,Fisher,45,Male,Germany,50509.49,Married,Salaried Employee,5/29/2017,Family,1,Phone Call
820767,2,Decker,46,Female,Spain,55769.17,Married,Salaried Employee,8/22/2025,Family,2,SMS
820775,5,Sullivan,70,Male,Germany,27383.46,Married,Retired,11/29/2018,Senior,2,Mail
820892,5,Herrera,72,Female,Spain,29118.49,Widowed,Self-Employed,9/24/2016,Senior,1,Mobile App Push
821024,5,Maxwell,76,Female,Spain,33287.19,Married,Retired,5/6/2018,Senior,0,Phone Call
821068,1,Olsen,38,Male,United Kingdom,28797.91,Single,Salaried Employee,2/6/2021,Retail,0,Mobile App Push
821175,1,Nelson,56,Female,Germany,13018.37,Single,Salaried Employee,12/6/2020,Retail,0,Email
821179,2,Lowe,50,Male,Spain,45709.25,Married,Salaried Employee,1/21/2024,Family,0,Mobile App Push
821276,3,Graham,24,Female,France,9140.91,Single,Student,6/27/2023,Student,0,Mobile App Push
821466,5,Lee,79,Female,France,30287.38,Married,Retired,9/17/2021,Senior,0,Mail
821568,1,Galloway,46,Male,United Kingdom,43173.66,Married,Freelancer,5/9/2026,Retail,0,Mail
821590,1,Adkins,62,Female,United Kingdom,46116.28,Divorced,Unemployed,1/6/2022,Retail,1,Email
821634,2,Taylor,37,Male,United Kingdom,43702.86,Married,Salaried Employee,2/24/2020,Family,2,Email
821673,5,Blackburn,72,Male,France,17675.97,Married,Retired,12/28/2023,Senior,0,Phone Call
821846,3,Burton,22,Female,Germany,8826.27,Married,Student,3/24/2017,Student,0,Mobile App Push
821942,1,Daniels,45,Male,United States,72144.79,Married,Salaried Employee,2/4/2019,Retail,0,Email
821978,2,Duran,46,Female,France,34580.84,Married,Salaried Employee,4/30/2024,Family,2,Mobile App Push
822040,1,Davis,34,Female,United Kingdom,73394.83,Married,Self-Employed,8/13/2025,Retail,1,Phone Call
822063,1,Rogers,42,Male,United Kingdom,29507.20,Single,Unemployed,7/11/2022,Retail,1,Mail
822106,1,Ford,36,Female,Spain,38389.77,Divorced,Freelancer,3/19/2021,Retail,1,Mobile App Push
822131,3,Burns,24,Male,United States,40085.42,Single,Unemployed,12/29/2024,Student,0,Email
822303,2,Fisher,46,Male,Germany,55119.48,Divorced,Salaried Employee,1/15/2022,Family,2,SMS
822312,1,Hunt,32,Male,France,45647.65,Married,Salaried Employee,11/17/2016,Retail,1,Phone Call
822608,4,Day,60,Female,United Kingdom,102408.42,Divorced,Self-Employed,12/4/2025,Premium,2,Mobile App Push
822689,5,Taylor,70,Male,United Kingdom,63582.40,Married,Retired,1/3/2021,Senior,1,Phone Call
822730,5,Walker,82,Male,United States,28759.87,Married,Business Owner,1/20/2026,Senior,0,SMS
822742,2,Caldwell,50,Female,United States,39251.59,Divorced,Salaried Employee,4/13/2024,Family,2,SMS
822794,1,Clark,43,Female,United States,40161.40,Married,Salaried Employee,6/14/2025,Retail,0,Phone Call
822858,1,Shepard,49,Female,France,17155.15,Single,Unemployed,3/10/2017,Retail,0,Mobile App Push
823092,5,Spencer,82,Female,France,42872.22,Divorced,Retired,7/9/2024,Senior,0,Phone Call
823108,1,Gomez,29,Male,France,46632.09,Single,Business Owner,5/23/2024,Retail,3,Mail
823222,1,Coleman,51,Female,France,30238.03,Single,Salaried Employee,5/8/2019,Retail,0,SMS
823255,4,Hernandez,43,Male,Spain,135918.49,Married,Business Owner,2/10/2018,Premium,0,Mobile App Push
823270,1,Hill,59,Female,United Kingdom,22169.50,Single,Salaried Employee,9/7/2018,Retail,0,Phone Call
823378,1,Elliott,40,Male,Germany,45376.51,Married,Freelancer,7/14/2020,Retail,0,SMS
823415,1,Bullock,41,Male,France,81617.56,Single,Salaried Employee,12/8/2016,Retail,3,Mobile App Push
823468,1,Tucker,49,Male,France,35720.92,Married,Freelancer,7/13/2019,Retail,0,SMS
823535,1,Anderson,26,Female,Germany,36609.99,Married,Salaried Employee,5/12/2024,Retail,3,Mobile App Push
823648,1,Robinson,29,Female,Germany,31394.86,Single,Salaried Employee,3/12/2023,Retail,0,Mobile App Push
823688,1,Watson,33,Male,Germany,26994.86,Married,Self-Employed,7/24/2020,Retail,0,Email
823769,3,Chandler,20,Male,Germany,15715.20,Single,Student,8/7/2021,Student,0,SMS
823809,2,Strickland,39,Female,France,48413.92,Married,Self-Employed,1/4/2018,Family,3,Email
823811,1,Wilson,28,Male,France,28640.12,Married,Salaried Employee,10/13/2023,Retail,1,SMS
823821,2,Moore,32,Male,Spain,46249.71,Married,Self-Employed,6/1/2017,Family,1,Email
823846,1,Carter,37,Male,Germany,39643.48,Married,Freelancer,4/21/2018,Retail,1,Mail
823975,1,Brown,27,Female,Spain,62138.32,Married,Unemployed,8/8/2017,Retail,2,Mobile App Push
824016,2,Weaver,49,Female,United States,60293.22,Married,Salaried Employee,6/1/2019,Family,2,Mobile App Push
824038,2,Graham,50,Male,Germany,34991.55,Married,Business Owner,8/13/2020,Family,4,Mail
824042,5,Johnston,65,Female,United States,38964.69,Married,Retired,9/20/2021,Senior,2,Phone Call
824056,2,Henry,34,Male,Spain,94664.98,Married,Salaried Employee,3/14/2022,Family,2,SMS
824087,1,Johnson,39,Female,Germany,31996.81,Single,Salaried Employee,9/16/2016,Retail,0,Email
824141,2,Brown,38,Female,France,38292.41,Married,Salaried Employee,3/28/2026,Family,4,Email
824156,1,Munoz,40,Female,United States,26979.33,Single,Freelancer,1/8/2019,Retail,1,Mobile App Push
824161,1,Robertson,41,Male,Germany,39395.39,Single,Salaried Employee,11/11/2024,Retail,2,Mobile App Push
824304,1,Hines,44,Male,United States,40442.99,Single,Salaried Employee,8/14/2022,Retail,2,Mail
824305,4,Hill,60,Male,United States,139086.44,Married,Self-Employed,10/1/2022,Premium,0,SMS
824586,3,Hubbard,24,Male,France,14947.51,Single,Student,4/12/2017,Student,0,Mobile App Push
825104,5,Holloway,74,Female,Germany,34397.10,Married,Retired,9/25/2025,Senior,1,Mail
825272,3,Mclaughlin,23,Male,United Kingdom,14580.89,Single,Unemployed,8/18/2020,Student,0,Phone Call
825309,5,Frost,77,Female,Spain,25800.87,Widowed,Retired,7/5/2021,Senior,0,Email
825318,4,Miller,63,Female,Spain,110903.28,Married,Salaried Employee,6/15/2018,Premium,1,Mobile App Push
825391,2,Butler,36,Male,Germany,30743.20,Married,Salaried Employee,5/21/2022,Family,2,Mail
825423,1,Medina,49,Female,United States,22164.14,Single,Business Owner,12/24/2016,Retail,2,Mobile App Push
825686,5,Ramirez,79,Female,France,42527.18,Widowed,Retired,4/16/2026,Senior,0,Phone Call
825835,3,Henry,21,Female,France,8000.00,Single,Student,10/24/2020,Student,0,Email
825846,2,Thompson,38,Male,Germany,24869.14,Married,Freelancer,12/11/2021,Family,2,Email
825916,4,Greene,60,Male,United Kingdom,167433.75,Married,Self-Employed,5/31/2026,Premium,1,Email
825990,1,Koch,48,Female,Spain,18409.56,Widowed,Salaried Employee,11/15/2020,Retail,2,Mobile App Push
826155,5,Zimmerman,69,Female,United States,34731.05,Married,Retired,9/10/2025,Senior,0,Phone Call
826353,3,Stephens,22,Female,Spain,39976.90,Single,Student,3/8/2020,Student,0,Email
826420,1,Johnson,44,Female,Spain,32449.87,Married,Salaried Employee,8/28/2020,Retail,0,Mobile App Push
826490,3,Smith,26,Male,Germany,11376.38,Single,Student,1/6/2021,Student,0,Phone Call
826501,1,Perry,42,Male,France,30862.82,Single,Salaried Employee,2/1/2024,Retail,3,Email
826596,1,Mcmahon,47,Male,France,41207.83,Married,Salaried Employee,2/15/2020,Retail,2,Mail
826830,2,Jensen,31,Male,Germany,53511.64,Married,Unemployed,6/7/2023,Family,2,Phone Call
826847,1,Johnson,47,Female,France,16619.63,Divorced,Salaried Employee,11/25/2024,Retail,0,Email
826897,2,Rice,34,Female,Germany,38585.03,Married,Salaried Employee,10/9/2018,Family,1,Email
826991,2,Anderson,46,Female,United Kingdom,51149.10,Married,Salaried Employee,11/5/2017,Family,1,Email
827117,1,Martinez,49,Female,France,35408.45,Married,Freelancer,8/7/2024,Retail,0,SMS
827120,2,Washington,40,Female,United States,38728.32,Married,Salaried Employee,5/28/2018,Family,2,Mail
827143,2,Preston,44,Male,France,46238.24,Married,Freelancer,4/28/2023,Family,1,Mobile App Push
827146,3,Hill,21,Female,Spain,12111.33,Single,Student,10/30/2023,Student,0,Mail
827157,4,Larsen,64,Male,United Kingdom,133597.39,Married,Salaried Employee,12/15/2020,Premium,0,Mobile App Push
827191,2,Trujillo,36,Female,Spain,39398.68,Married,Self-Employed,7/3/2017,Family,4,Phone Call
827213,1,Daniels,30,Female,Germany,37356.09,Widowed,Salaried Employee,7/27/2018,Retail,0,Mobile App Push
827250,1,Patterson,45,Male,United Kingdom,29687.69,Single,Self-Employed,12/7/2020,Retail,1,Mobile App Push
827356,1,Boyd,59,Female,France,21334.20,Single,Salaried Employee,9/17/2019,Retail,0,Mail
827369,2,Moore,40,Female,Germany,25665.52,Married,Unemployed,2/4/2023,Family,4,Mobile App Push
827497,5,Brown,78,Female,Germany,41258.35,Married,Retired,10/29/2022,Senior,0,Mail
827632,1,Stokes,62,Male,Germany,32929.12,Single,Self-Employed,3/19/2022,Retail,3,SMS
827659,2,Bowman,40,Female,United Kingdom,42584.72,Married,Salaried Employee,5/25/2024,Family,3,SMS
827691,3,Middleton,19,Female,United States,19314.35,Single,Student,6/9/2020,Student,0,SMS
827712,3,Turner,20,Female,United States,11033.19,Single,Freelancer,8/9/2017,Student,0,Mail
827744,1,Stanley,41,Female,United States,40181.31,Married,Salaried Employee,10/4/2025,Retail,1,Email
827774,5,Thornton,69,Female,France,20442.29,Divorced,Retired,1/7/2019,Senior,0,Mail
827851,4,Mcconnell,55,Female,France,239710.63,Married,Business Owner,5/13/2021,Premium,2,Email
827912,4,Collins,47,Male,France,150235.81,Single,Business Owner,10/7/2019,Premium,1,Mobile App Push
828038,5,Shields,67,Female,Spain,18379.82,Divorced,Retired,4/20/2022,Senior,1,Phone Call
828361,4,Dixon,68,Female,France,84318.23,Married,Business Owner,9/24/2025,Premium,3,Email
828449,5,Newton,77,Female,Spain,28176.55,Single,Self-Employed,11/24/2017,Senior,0,Phone Call
828716,4,Jefferson,68,Female,Spain,120980.94,Married,Salaried Employee,2/7/2026,Premium,0,Phone Call
828813,1,Glenn,60,Female,Germany,43988.83,Married,Salaried Employee,3/19/2025,Retail,0,Email
828834,2,Buck,31,Female,Spain,40832.66,Married,Business Owner,8/6/2021,Family,2,Email
828961,1,Byrd,41,Male,France,32977.36,Single,Salaried Employee,12/4/2019,Retail,0,Mobile App Push
829066,1,Morales,55,Female,Germany,47996.88,Married,Self-Employed,5/1/2018,Retail,2,Email
829168,5,Larson,81,Male,France,35988.52,Married,Salaried Employee,6/7/2023,Senior,0,Phone Call
829169,1,Grant,38,Male,France,84046.61,Single,Salaried Employee,2/3/2019,Retail,1,Email
829308,5,Wang,86,Male,Germany,16507.35,Single,Retired,2/8/2023,Senior,1,Phone Call
829386,1,Moreno,36,Male,United States,19237.15,Married,Salaried Employee,5/17/2018,Retail,0,Mobile App Push
829417,1,Raymond,24,Female,United Kingdom,33508.58,Married,Salaried Employee,1/22/2024,Retail,0,Mobile App Push
829445,4,Evans,41,Male,France,71347.95,Divorced,Business Owner,2/27/2020,Premium,0,Email
829630,5,Webster,68,Female,Germany,42980.16,Married,Retired,2/27/2021,Senior,1,Mail
829685,5,Williams,76,Female,United States,43254.14,Divorced,Retired,5/20/2023,Senior,0,SMS
829716,1,Norman,31,Male,United Kingdom,13394.67,Divorced,Salaried Employee,3/1/2020,Retail,3,SMS
829884,4,Young,47,Female,United Kingdom,99173.06,Single,Business Owner,5/11/2022,Premium,0,Phone Call
829928,5,Griffith,75,Female,France,38077.85,Married,Retired,11/16/2019,Senior,0,Phone Call
829943,2,Perez,43,Female,France,23349.63,Married,Salaried Employee,1/4/2022,Family,3,SMS
829987,1,Wilson,60,Female,Germany,44789.76,Married,Salaried Employee,1/20/2022,Retail,1,Email
829988,2,Morrison,40,Female,United Kingdom,42605.85,Married,Business Owner,5/9/2021,Family,2,Phone Call
830000,2,Garrett,49,Female,Germany,34836.50,Married,Salaried Employee,2/15/2019,Family,1,Email
830119,1,Brandt,51,Female,Spain,23065.59,Divorced,Unemployed,9/2/2024,Retail,0,Email
830132,2,Watson,44,Male,France,41350.40,Married,Salaried Employee,6/12/2017,Family,4,Mobile App Push
830180,1,Zavala,47,Female,Germany,27966.01,Married,Freelancer,12/14/2022,Retail,3,Mobile App Push
830302,2,Rivera,47,Female,United Kingdom,37514.38,Married,Salaried Employee,9/23/2022,Family,4,SMS
830316,3,Anderson,20,Male,France,10479.80,Divorced,Student,11/13/2023,Student,0,Mobile App Push
830361,2,Hester,45,Male,United Kingdom,62309.09,Married,Business Owner,1/31/2019,Family,2,Mail
830429,5,Avila,66,Female,Germany,74648.41,Married,Retired,12/29/2016,Senior,1,Phone Call
830494,1,Mays,62,Male,United Kingdom,56544.11,Married,Self-Employed,5/10/2019,Retail,1,Mail
830550,5,Knight,62,Male,France,29807.46,Married,Business Owner,11/18/2023,Senior,0,Mail
830609,1,Miller,43,Female,France,37277.97,Married,Self-Employed,9/20/2022,Retail,2,Mobile App Push
830729,1,Diaz,31,Male,France,47628.44,Single,Salaried Employee,6/17/2021,Retail,0,SMS
830789,3,Martin,18,Female,United Kingdom,14255.84,Single,Freelancer,5/19/2017,Student,0,SMS
830897,4,Leonard,41,Male,Spain,90453.73,Widowed,Salaried Employee,10/17/2017,Premium,2,Mobile App Push
830917,2,Townsend,51,Female,France,65641.42,Single,Salaried Employee,4/30/2017,Family,0,Email
830943,5,Smith,73,Male,Germany,28988.20,Divorced,Retired,3/3/2019,Senior,0,Phone Call
831059,1,Finley,58,Female,France,27896.89,Married,Salaried Employee,2/18/2024,Retail,0,SMS
831063,3,Mcclure,19,Male,Germany,13052.87,Single,Student,12/25/2020,Student,0,SMS
831076,33,Marks,44,Male,Spain,94905.17,Married,Freelancer,8/28/2025,Unknown,3,Email
831105,4,Riley,58,Female,France,100796.29,Married,Business Owner,11/6/2022,Premium,0,Email
831160,1,Gordon,44,Male,Germany,28316.01,Divorced,Business Owner,11/28/2025,Retail,3,SMS
831295,1,Sanders,36,Male,Germany,31264.67,Single,Unemployed,2/22/2026,Retail,2,Mobile App Push
831380,1,Haynes,53,Male,United Kingdom,34910.98,Married,Salaried Employee,8/8/2024,Retail,1,Mobile App Push
831510,1,Anderson,40,Female,Germany,35641.10,Married,Self-Employed,10/4/2017,Retail,1,Email
831514,1,Lowery,33,Female,Spain,53439.76,Married,Salaried Employee,4/21/2021,Retail,1,Email
831531,1,Woods,42,Male,United States,26350.07,Married,Salaried Employee,9/20/2021,Retail,1,Email
831663,2,Hodge,40,Female,France,62028.29,Married,Salaried Employee,3/2/2024,Family,4,Mobile App Push
831758,5,Castro,74,Male,United Kingdom,34873.52,Widowed,Retired,2/14/2019,Senior,1,Email
831770,1,Pratt,58,Male,United States,29164.69,Married,Salaried Employee,11/13/2016,Retail,0,Mobile App Push
831963,2,Rich,42,Male,France,34800.84,Married,Salaried Employee,1/30/2024,Family,2,Phone Call
832052,1,Baker,50,Male,Spain,35485.13,Married,Salaried Employee,3/17/2022,Retail,0,Phone Call
832162,2,Delacruz,55,Female,Germany,38500.26,Married,Freelancer,11/27/2018,Family,2,Mail
832168,2,Carroll,36,Male,France,108213.59,Married,Unemployed,3/15/2025,Family,3,Email
832377,2,Hill,42,Female,United States,30530.40,Married,Self-Employed,8/14/2024,Family,0,Phone Call
832409,5,Meyer,78,Male,France,50305.44,Married,Retired,12/20/2025,Senior,1,Phone Call
832534,3,Davis,19,Female,United States,12484.02,Single,Unemployed,11/2/2023,Student,0,SMS
832614,4,Harper,56,Male,Spain,111455.52,Divorced,Business Owner,6/4/2024,Premium,0,Email
832697,1,Barton,41,Male,France,28989.11,Divorced,Self-Employed,1/26/2024,Retail,1,Email
833247,1,Keith,27,Female,France,25148.50,Married,Salaried Employee,5/5/2021,Retail,2,Email
833281,1,Neal,31,Male,Germany,42123.08,Married,Salaried Employee,3/31/2023,Retail,2,Phone Call
833337,5,Morales,77,Male,Spain,12079.82,Married,Retired,6/12/2020,Senior,1,SMS
833417,2,Harris,46,Male,United States,51923.22,Married,Salaried Employee,9/2/2023,Family,2,Email
833442,2,Hickman,38,Male,United Kingdom,32521.17,Divorced,Unemployed,2/5/2022,Family,2,Email
833599,4,Wolfe,50,Male,France,162209.74,Married,Salaried Employee,8/6/2025,Premium,1,Mobile App Push
833723,1,Carter,42,Female,France,39049.46,Married,Self-Employed,3/16/2024,Retail,1,SMS
833842,1,Payne,50,Male,Germany,67905.49,Married,Self-Employed,3/7/2017,Retail,3,SMS
834018,3,Townsend,21,Male,United States,10171.98,Single,Student,4/20/2024,Student,0,Mobile App Push
834061,1,Clark,54,Male,Spain,36314.01,Single,Unemployed,12/23/2022,Retail,0,Phone Call
834233,1,Cooper,62,Male,Spain,46763.61,Single,Freelancer,2/13/2017,Retail,3,Mobile App Push
834406,2,Bernard,38,Female,Spain,27309.62,Married,Salaried Employee,12/9/2023,Family,2,Mobile App Push
834435,1,Klein,38,Male,France,19346.27,Married,Self-Employed,9/25/2022,Retail,2,Email
834498,1,Miller,55,Female,Spain,14543.52,Divorced,Self-Employed,1/29/2023,Retail,2,Mobile App Push
834549,1,Stafford,55,Male,France,34119.68,Divorced,Freelancer,2/18/2023,Retail,0,Email
834591,1,Glass,39,Female,Spain,49728.75,Single,Salaried Employee,12/7/2023,Retail,1,Mail
834611,1,Ramos,41,Female,Germany,25005.22,Married,Salaried Employee,2/10/2018,Retail,2,Email
834733,2,Stephens,38,Male,Spain,66301.71,Married,Salaried Employee,6/20/2024,Family,2,Email
834750,1,Brown,45,Male,Spain,34319.08,Married,Salaried Employee,7/18/2019,Retail,3,SMS
834764,1,Reynolds,39,Male,United Kingdom,63467.48,Married,Salaried Employee,8/6/2017,Retail,0,Mobile App Push
834815,1,Soto,42,Female,France,42595.24,Single,Salaried Employee,10/26/2020,Retail,1,SMS
834861,5,Bauer,75,Female,Germany,49424.52,Widowed,Business Owner,3/17/2022,Senior,1,Phone Call
834891,5,Simon,65,Female,Germany,20812.59,Single,Retired,10/24/2019,Senior,0,Phone Call
834928,1,Martin,57,Female,Spain,45684.28,Single,Unemployed,2/16/2021,Retail,0,Email
835132,2,Gallagher,35,Female,United States,79755.73,Single,Salaried Employee,6/28/2021,Family,1,Mobile App Push
835236,5,Goodwin,75,Female,Germany,41132.28,Single,Retired,7/19/2025,Senior,0,Phone Call
835244,3,Anderson,20,Male,Germany,17359.27,Single,Student,2/3/2022,Student,0,SMS
835343,4,Farmer,46,Male,United States,70016.58,Single,Business Owner,4/8/2020,Premium,0,Mail
835363,1,Jackson,42,Female,Germany,50853.25,Married,Business Owner,3/29/2019,Retail,1,Mail
835381,2,Johnson,41,Female,Germany,40033.00,Single,Self-Employed,3/24/2021,Family,4,SMS
835392,2,Daniel,42,Female,France,44905.95,Married,Salaried Employee,4/22/2018,Family,4,Phone Call
835395,3,Adams,18,Female,United Kingdom,12437.13,Single,Student,2/13/2025,Student,0,Email
835499,1,Hoover,30,Male,United Kingdom,57123.01,Married,Salaried Employee,1/25/2019,Retail,0,Phone Call
835570,1,Stevenson,29,Male,Germany,38077.16,Married,Freelancer,1/2/2023,Retail,2,SMS
835575,3,Daniels,22,Male,United States,11279.81,Single,Student,2/12/2020,Student,0,SMS
835716,1,Lee,25,Female,United Kingdom,37349.48,Married,Freelancer,2/4/2022,Retail,0,Email
835869,5,Pruitt,72,Female,Spain,17279.18,Divorced,Retired,11/22/2024,Senior,0,Email
835901,4,Dennis,53,Female,United Kingdom,147591.26,Married,Business Owner,6/14/2017,Premium,0,Email
835911,2,Leblanc,38,Female,Germany,23577.25,Married,Salaried Employee,2/3/2019,Family,2,SMS
835962,4,Griffin,49,Female,France,111198.54,Divorced,Self-Employed,8/24/2025,Premium,1,Email
836038,1,Patterson,40,Female,United Kingdom,27135.01,Married,Salaried Employee,8/8/2020,Retail,0,Phone Call
836109,1,Baker,33,Male,France,27642.35,Married,Freelancer,10/21/2019,Retail,0,SMS
836201,2,Andrews,37,Male,France,50790.60,Married,Salaried Employee,3/31/2021,Family,2,Mobile App Push
836333,1,Martin,41,Female,United States,58167.80,Married,Unemployed,2/19/2021,Retail,1,SMS
836677,1,Foster,49,Female,Germany,36764.01,Divorced,Salaried Employee,12/20/2022,Retail,0,SMS
836833,1,Wilkinson,55,Male,Spain,46508.25,Married,Salaried Employee,8/30/2022,Retail,1,Mobile App Push
836879,2,Sutton,55,Female,United States,27593.37,Married,Salaried Employee,11/25/2022,Family,2,Mobile App Push
836971,3,Hall,23,Male,Germany,8122.54,Single,Freelancer,11/7/2017,Student,0,Email
836984,1,Burnett,47,Male,Germany,59434.24,Single,Self-Employed,3/21/2024,Retail,1,Mobile App Push
836986,1,Hardy,51,Male,France,36569.35,Single,Freelancer,10/20/2020,Retail,0,Email
836989,2,Ross,33,Female,United Kingdom,39302.73,Married,Salaried Employee,8/6/2017,Family,3,SMS
836996,1,Mann,61,Male,United States,39601.48,Married,Salaried Employee,11/28/2018,Retail,0,Mobile App Push
837135,2,Sanchez,46,Male,United Kingdom,32848.25,Married,Self-Employed,8/6/2026,Family,1,SMS
837290,1,Barnes,39,Male,France,32670.66,Married,Salaried Employee,1/25/2021,Retail,1,Mail
837449,4,Velasquez,55,Female,France,99553.25,Single,Business Owner,5/20/2023,Premium,3,SMS
837468,1,Dougherty,31,Female,Germany,109427.11,Married,Salaried Employee,4/10/2021,Retail,2,Phone Call
837520,2,Perkins,45,Male,United Kingdom,37592.13,Married,Freelancer,11/26/2018,Family,3,SMS
837606,1,Johnson,32,Male,United Kingdom,36496.15,Single,Salaried Employee,5/30/2018,Retail,1,SMS
837623,1,Payne,42,Female,Spain,65073.97,Single,Salaried Employee,12/26/2017,Retail,0,Email
837715,2,Barrett,40,Male,United States,41777.92,Divorced,Unemployed,5/17/2026,Family,3,Mobile App Push
837733,1,Gibbs,38,Female,Germany,44658.51,Single,Freelancer,11/23/2022,Retail,2,Mobile App Push
837801,1,Bauer,50,Female,France,42191.65,Single,Salaried Employee,5/19/2024,Retail,0,Email
837852,1,Cox,33,Male,France,23791.88,Divorced,Freelancer,2/10/2019,Retail,1,Phone Call
837880,1,Garcia,36,Male,France,21160.95,Married,Self-Employed,11/4/2024,Retail,1,Mail
837920,1,Thomas,38,Male,Germany,20855.27,Married,Unemployed,7/6/2025,Retail,0,Email
837945,1,Mendoza,28,Male,France,44226.87,Single,Self-Employed,8/29/2023,Retail,0,Mobile App Push
837952,2,Mcdaniel,35,Male,Germany,35177.25,Married,Salaried Employee,7/11/2023,Family,2,Mail
837954,1,Ortiz,51,Male,Germany,25675.87,Single,Business Owner,8/11/2022,Retail,0,Phone Call
838083,1,Schroeder,50,Male,Spain,50838.87,Single,Salaried Employee,10/7/2025,Retail,2,SMS
838094,1,Caldwell,47,Male,United States,59037.83,Single,Unemployed,9/2/2023,Retail,1,Email
838237,1,Park,40,Female,United Kingdom,39659.48,Married,Salaried Employee,12/12/2018,Retail,0,SMS
838253,2,Ortega,40,Male,Spain,43462.32,Married,Salaried Employee,5/21/2021,Family,2,Mobile App Push
838315,5,Fleming,72,Female,Germany,24354.30,Divorced,Retired,11/19/2021,Senior,0,Mail
838568,1,Zimmerman,37,Male,United Kingdom,15444.69,Single,Self-Employed,12/10/2020,Retail,2,Email
838726,1,Gonzales,60,Male,Germany,49223.56,Single,Salaried Employee,5/21/2020,Retail,1,SMS
838761,2,Harmon,49,Male,France,23822.30,Married,Salaried Employee,11/25/2018,Family,3,Mobile App Push
838793,3,Smith,21,Male,France,8115.91,Married,Student,12/23/2025,Student,0,Email
838797,4,Blair,55,Female,United States,102852.99,Married,Salaried Employee,12/27/2021,Premium,0,Email
838857,2,Reese,34,Male,Spain,49275.29,Divorced,Freelancer,4/30/2019,Family,1,Mail
838862,1,Hogan,51,Female,Germany,21060.07,Single,Salaried Employee,9/14/2024,Retail,0,Email
838908,1,Young,36,Male,Germany,21010.57,Single,Self-Employed,8/21/2017,Retail,0,Phone Call
838927,2,Marquez,41,Male,Germany,67404.08,Married,Business Owner,10/18/2018,Family,2,SMS
838936,1,Scott,27,Male,Germany,31274.49,Divorced,Salaried Employee,6/29/2026,Retail,0,SMS
838968,3,Thomas,20,Male,United Kingdom,16595.92,Single,Student,8/11/2022,Student,0,Mobile App Push
839113,1,Hill,35,Male,France,48706.92,Married,Unemployed,5/26/2025,Retail,1,Mobile App Push
839122,2,Jones,41,Male,Germany,37113.77,Divorced,Self-Employed,6/15/2019,Family,2,Email
839142,1,Rush,30,Male,France,31323.17,Divorced,Salaried Employee,1/5/2026,Retail,0,Email
839233,3,Hudson,24,Female,France,17319.51,Widowed,Student,1/5/2019,Student,0,Email
839389,1,Carter,51,Female,France,23938.20,Married,Salaried Employee,1/9/2019,Retail,2,SMS
839485,3,Murphy,21,Male,Germany,29246.95,Single,Student,12/14/2024,Student,0,Mobile App Push
839525,5,Wheeler,77,Male,France,31285.03,Married,Retired,11/27/2025,Senior,2,Mail
839677,3,Johnson,20,Female,Germany,16564.86,Single,Student,4/23/2024,Student,0,Mobile App Push
839764,5,Underwood,74,Female,Spain,19005.83,Married,Retired,9/27/2022,Senior,2,Mail
839808,2,Johnson,37,Female,France,33852.16,Married,Salaried Employee,9/28/2024,Family,1,SMS
839883,1,Liu,46,Male,France,24734.78,Married,Unemployed,8/28/2024,Retail,1,SMS
839945,4,Martinez,47,Male,Germany,50493.95,Single,Self-Employed,6/29/2018,Premium,0,Email
840058,5,Serrano,72,Male,France,40868.03,Widowed,Retired,4/27/2025,Senior,0,Email
840282,3,Johnson,21,Male,Germany,12710.03,Single,Student,8/19/2020,Student,0,SMS
840532,1,Glover,36,Male,France,48179.89,Married,Self-Employed,8/20/2021,Retail,0,SMS
840734,1,Bartlett,47,Female,Spain,24460.94,Single,Salaried Employee,12/2/2020,Retail,1,Phone Call
840951,2,Hansen,43,Male,United States,33570.23,Married,Salaried Employee,2/2/2026,Family,2,Mobile App Push
841071,1,Fernandez,42,Female,Germany,16178.88,Married,Salaried Employee,8/3/2020,Retail,1,Email
841122,4,Graham,53,Female,Spain,92121.32,Married,Self-Employed,10/13/2023,Premium,0,Mobile App Push
841139,4,Cooper,55,Female,United Kingdom,70822.42,Single,Business Owner,2/7/2017,Premium,2,Email
841296,5,Wong,68,Male,Spain,46943.61,Married,Retired,2/1/2025,Senior,0,Email
841521,1,Medina,27,Male,France,22659.41,Single,Salaried Employee,3/21/2024,Retail,0,SMS
841535,1,Todd,59,Male,United States,44141.11,Single,Salaried Employee,7/3/2022,Retail,1,Mail
841635,5,Anderson,83,Female,United Kingdom,20034.20,Divorced,Retired,9/18/2020,Senior,0,Phone Call
841666,1,Mcknight,52,Male,United States,30345.88,Married,Salaried Employee,3/25/2017,Retail,0,Mobile App Push
841948,2,Welch,38,Male,Germany,68950.08,Married,Salaried Employee,3/4/2017,Family,2,Email
841978,1,Hill,34,Male,France,39878.28,Single,Self-Employed,12/25/2021,Retail,2,Mobile App Push
841995,1,Cooper,44,Male,Spain,36999.98,Married,Salaried Employee,1/27/2025,Retail,1,Phone Call
842057,1,Conway,37,Male,Spain,53000.78,Single,Self-Employed,5/26/2020,Retail,0,Mobile App Push
842225,2,Burton,43,Female,Spain,27069.98,Married,Salaried Employee,7/2/2023,Family,2,Email
842287,2,Banks,42,Female,France,55164.46,Married,Salaried Employee,8/3/2023,Family,2,Phone Call
842411,2,Davenport,51,Male,France,20285.13,Married,Salaried Employee,12/31/2018,Family,3,Mail
842464,3,Scott,20,Male,United Kingdom,19879.61,Married,Student,4/29/2023,Student,0,Phone Call
842470,4,Edwards,48,Female,United Kingdom,80373.82,Married,Self-Employed,9/21/2023,Premium,2,Mobile App Push
842776,4,Rivera,45,Female,United Kingdom,214524.89,Single,Salaried Employee,1/23/2025,Premium,0,SMS
842846,1,Sandoval,45,Male,Spain,90683.05,Widowed,Business Owner,8/3/2024,Retail,0,Mobile App Push
843007,1,Nolan,47,Female,Germany,35281.94,Single,Unemployed,5/31/2022,Retail,2,Email
843167,1,Roberts,31,Male,Spain,42634.68,Single,Freelancer,5/2/2021,Retail,0,Phone Call
843215,1,Wolf,36,Female,United States,59477.70,Divorced,Salaried Employee,2/20/2024,Retail,1,SMS
843266,1,Jackson,32,Male,France,26658.59,Single,Salaried Employee,11/3/2019,Retail,1,Mobile App Push
843404,5,Rogers,70,Male,Germany,72191.47,Married,Retired,6/23/2024,Senior,2,Email
843596,2,Snyder,38,Female,United States,47930.87,Married,Salaried Employee,11/4/2025,Family,2,Email
843788,2,Jones,38,Female,United Kingdom,54308.72,Married,Salaried Employee,3/19/2018,Family,1,Phone Call
843793,1,Richards,46,Male,France,25958.74,Single,Salaried Employee,10/18/2024,Retail,0,Mobile App Push
843826,5,Flowers,67,Male,United States,53677.13,Married,Self-Employed,6/2/2023,Senior,0,Phone Call
843963,1,Johnson,44,Female,Germany,37127.81,Married,Business Owner,5/24/2017,Retail,0,Mobile App Push
844007,1,Wilson,57,Female,United States,30838.87,Single,Salaried Employee,8/23/2023,Retail,3,SMS
844012,2,Moore,37,Female,United States,62976.28,Married,Freelancer,3/24/2022,Family,0,Email
844031,5,Edwards,75,Male,France,36994.54,Married,Retired,7/29/2024,Senior,0,Email
844037,2,Wang,45,Female,France,26006.85,Married,Freelancer,4/2/2026,Family,1,Mail
844162,1,Turner,56,Female,France,28334.75,Married,Freelancer,2/9/2023,Retail,1,Mobile App Push
844163,1,Long,52,Female,United Kingdom,35164.35,Divorced,Salaried Employee,6/8/2019,Retail,0,Email
844261,1,Miles,40,Male,United States,49714.44,Divorced,Salaried Employee,9/30/2020,Retail,0,Email
844305,1,Lopez,34,Male,Spain,53032.63,Single,Freelancer,7/12/2025,Retail,0,Email
844321,3,Miller,23,Female,Germany,15929.98,Single,Student,5/26/2019,Student,0,Mobile App Push
844618,1,White,52,Male,United States,46538.47,Single,Salaried Employee,6/24/2021,Retail,0,Phone Call
844638,5,Hoover,75,Female,United States,25883.88,Married,Retired,3/3/2023,Senior,0,Phone Call
844715,1,Mills,43,Male,France,18620.32,Single,Salaried Employee,5/4/2022,Retail,0,Email
844858,4,Vaughn,43,Male,Spain,124448.17,Married,Business Owner,4/27/2019,Premium,0,Mail
844904,1,Serrano,48,Male,Germany,32472.19,Single,Salaried Employee,6/19/2026,Retail,0,Email
844943,2,Carter,44,Female,Germany,27783.07,Married,Salaried Employee,6/5/2023,Family,2,Email
845279,1,Williamson,37,Female,Germany,31895.17,Married,Salaried Employee,3/23/2021,Retail,1,Mobile App Push
845305,1,Wagner,42,Male,Germany,41648.16,Married,Salaried Employee,2/28/2025,Retail,1,Email
845635,5,Reyes,82,Male,Spain,17100.49,Single,Business Owner,6/1/2025,Senior,0,Phone Call
845652,1,Moran,43,Female,Spain,34860.38,Single,Salaried Employee,9/6/2018,Retail,0,Phone Call
845702,4,Sanchez,53,Male,Spain,112731.27,Married,Business Owner,7/28/2021,Premium,1,Mail
845951,2,Garza,47,Female,United States,42623.98,Married,Unemployed,7/9/2026,Family,1,SMS
845957,1,Taylor,43,Female,France,43131.35,Married,Self-Employed,11/24/2017,Retail,0,Email
846030,2,Montoya,49,Female,United States,54341.70,Married,Salaried Employee,11/13/2018,Family,3,Mobile App Push
846172,4,Doyle,36,Male,Spain,79152.07,Divorced,Self-Employed,3/8/2023,Premium,3,Email
846221,1,Jackson,45,Female,Germany,53064.32,Married,Business Owner,4/17/2019,Retail,2,SMS
846247,1,Clark,50,Female,United States,40181.86,Married,Salaried Employee,7/29/2023,Retail,0,SMS
846348,5,Ware,80,Female,France,30282.92,Widowed,Retired,3/8/2019,Senior,2,Phone Call
846385,2,Schultz,33,Male,United Kingdom,41280.06,Married,Unemployed,5/17/2017,Family,4,Email
846420,2,Ferguson,41,Male,Spain,29353.24,Married,Salaried Employee,5/26/2020,Family,1,SMS
846454,1,Williams,40,Male,France,57055.11,Single,Salaried Employee,3/28/2026,Retail,0,Mobile App Push
846490,2,Vazquez,42,Female,France,39740.94,Married,Salaried Employee,11/19/2017,Family,1,Mobile App Push
846606,1,Smith,54,Male,United Kingdom,63355.48,Single,Freelancer,10/3/2024,Retail,0,SMS
846635,1,Kelley,40,Male,Germany,30034.52,Married,Salaried Employee,7/13/2018,Retail,0,SMS
846722,2,Meza,45,Female,Germany,50187.21,Married,Salaried Employee,9/8/2018,Family,1,Phone Call
846746,2,Cervantes,41,Male,Spain,49215.10,Divorced,Self-Employed,1/12/2016,Family,4,Mail
846794,3,Stone,20,Female,United States,8895.83,Single,Freelancer,1/13/2022,Student,0,Email
846925,5,Smith,74,Female,Germany,44215.41,Divorced,Self-Employed,9/27/2020,Senior,0,Email
847006,1,Gordon,30,Male,France,67515.44,Single,Salaried Employee,3/6/2026,Retail,0,Mobile App Push
847078,1,Stafford,36,Male,United States,32860.37,Single,Salaried Employee,12/29/2019,Retail,0,Mobile App Push
847245,1,Ross,52,Female,Germany,21388.28,Single,Salaried Employee,3/5/2018,Retail,0,Email
847251,1,Wolfe,39,Female,France,46552.08,Single,Salaried Employee,3/21/2022,Retail,1,Mobile App Push
847332,1,Smith,30,Female,Germany,63874.07,Married,Business Owner,5/19/2018,Retail,2,SMS
847362,1,Martin,34,Female,Germany,53157.04,Divorced,Freelancer,10/23/2020,Retail,2,SMS
847528,2,Keller,55,Male,United Kingdom,43315.43,Married,Salaried Employee,12/18/2025,Family,1,SMS
847581,1,Murray,36,Female,United States,33397.95,Divorced,Self-Employed,12/13/2017,Retail,0,Mobile App Push
847748,1,Curry,43,Male,Germany,41076.22,Married,Freelancer,11/11/2018,Retail,2,Email
848021,2,Craig,41,Female,United States,38074.27,Married,Business Owner,9/30/2019,Family,2,Email
848022,2,Simmons,37,Female,France,37748.61,Married,Salaried Employee,8/21/2022,Family,3,Email
848023,5,Espinoza,71,Female,Spain,34661.77,Married,Retired,12/27/2019,Senior,0,Mail
848206,1,Harris,37,Male,France,37955.41,Divorced,Self-Employed,10/22/2017,Retail,0,Mobile App Push
848255,4,Watkins,39,Male,Spain,128610.55,Single,Business Owner,11/9/2019,Premium,1,SMS
848344,4,Brewer,39,Male,Germany,249136.36,Single,Salaried Employee,9/14/2025,Premium,2,Email
848705,2,Chung,44,Male,France,45442.35,Married,Salaried Employee,4/30/2017,Family,1,Email
848831,3,Lutz,23,Male,France,17397.32,Single,Student,5/21/2018,Student,0,Email
848969,4,Proctor,44,Male,United Kingdom,75782.20,Single,Self-Employed,12/26/2023,Premium,0,SMS
849003,5,Morris,76,Female,Spain,20639.98,Widowed,Salaried Employee,9/19/2019,Senior,0,Phone Call
849014,1,Elliott,41,Female,Germany,44013.18,Divorced,Self-Employed,12/14/2022,Retail,1,SMS
849086,1,Bowman,40,Male,France,23277.57,Widowed,Salaried Employee,8/30/2018,Retail,0,Email
849398,5,Jackson,61,Male,Germany,37317.55,Divorced,Salaried Employee,5/1/2026,Senior,0,Phone Call
849421,3,Hall,20,Female,United States,12038.08,Single,Student,2/2/2023,Student,0,Mobile App Push
849666,1,Bates,34,Male,United Kingdom,38673.88,Married,Salaried Employee,11/8/2019,Retail,0,Email
849747,1,Doyle,59,Female,France,80499.95,Single,Salaried Employee,6/16/2018,Retail,2,Email
849937,2,Cooper,54,Female,Spain,19760.41,Married,Self-Employed,7/23/2022,Family,2,Mail
849979,1,Weiss,53,Male,France,35356.95,Married,Self-Employed,3/13/2024,Retail,0,SMS
850151,2,Mcdowell,43,Female,Spain,39833.09,Married,Business Owner,3/16/2022,Family,4,Mobile App Push
850432,1,Phillips,34,Female,Germany,21331.92,Single,Salaried Employee,3/12/2019,Retail,0,Email
850689,2,Carpenter,44,Female,France,29079.63,Married,Salaried Employee,1/27/2025,Family,2,Email
850800,1,Zuniga,39,Female,France,57132.13,Divorced,Freelancer,4/7/2019,Retail,1,Email
850827,1,Taylor,40,Female,United Kingdom,32367.78,Married,Business Owner,10/7/2019,Retail,3,Email
850981,3,Moore,21,Male,Germany,14508.31,Single,Student,2/21/2023,Student,0,Email
851413,1,Jackson,37,Male,France,43908.42,Single,Salaried Employee,10/20/2023,Retail,0,Mobile App Push
851470,1,Massey,45,Female,France,40096.14,Widowed,Salaried Employee,9/19/2022,Retail,0,Mobile App Push
851606,5,Blake,69,Female,France,23922.00,Married,Retired,8/11/2022,Senior,2,Mail
851678,2,Jones,42,Male,Germany,42502.66,Married,Salaried Employee,6/1/2023,Family,4,SMS
851690,5,Lee,84,Male,France,18045.22,Widowed,Retired,11/27/2019,Senior,0,Mail
851742,4,Juarez,36,Female,France,113877.04,Divorced,Freelancer,9/22/2022,Premium,1,Mobile App Push
851759,2,May,53,Female,United Kingdom,53525.60,Married,Salaried Employee,1/17/2020,Family,4,Mobile App Push
851763,1,Martinez,55,Female,United States,46833.60,Married,Salaried Employee,5/11/2017,Retail,0,Email
852037,4,Anderson,40,Male,Spain,80948.17,Single,Self-Employed,11/25/2023,Premium,1,Mobile App Push
852146,1,Ramirez,44,Male,France,44015.95,Married,Salaried Employee,1/24/2025,Retail,0,Mobile App Push
852204,5,Stevens,77,Female,United Kingdom,25677.87,Widowed,Retired,5/10/2020,Senior,0,Phone Call
852470,5,Whitney,61,Female,United States,24192.54,Married,Retired,11/2/2023,Senior,2,Phone Call
852524,5,Edwards,69,Female,France,38743.05,Married,Retired,9/3/2023,Senior,0,Mobile App Push
852658,1,Hall,24,Male,United States,44353.40,Widowed,Unemployed,10/31/2022,Retail,3,Email
852715,1,Gray,33,Female,Spain,19487.07,Single,Salaried Employee,6/7/2021,Retail,3,Email
852787,1,Suarez,62,Female,United Kingdom,47600.71,Married,Freelancer,5/27/2025,Retail,3,Mobile App Push
853240,2,Harrison,28,Female,Germany,27894.19,Married,Unemployed,1/7/2020,Family,1,SMS
853252,2,Thompson,36,Female,United States,23966.77,Married,Unemployed,9/23/2025,Family,1,Mobile App Push
853258,5,Harris,74,Female,Germany,9728.89,Married,Retired,7/9/2023,Senior,0,Phone Call
853270,1,Jones,38,Male,France,25484.95,Single,Self-Employed,12/2/2016,Retail,0,SMS
853305,1,Cook,54,Female,United States,42581.28,Divorced,Salaried Employee,1/28/2020,Retail,2,Phone Call
853448,2,Camacho,43,Female,France,40679.11,Married,Salaried Employee,6/14/2026,Family,2,Email
853504,1,Moore,31,Male,France,70912.07,Single,Salaried Employee,12/18/2016,Retail,2,Mail
853629,3,Bradford,24,Female,United States,14698.60,Single,Student,10/15/2018,Student,0,Mobile App Push
853681,2,Hill,36,Female,Germany,58752.75,Married,Business Owner,11/26/2020,Family,1,SMS
853789,2,Wilson,40,Male,France,31133.32,Married,Salaried Employee,2/24/2024,Family,3,Email
853905,4,Paul,47,Male,Spain,332134.09,Single,Business Owner,2/3/2017,Premium,1,Mobile App Push
854024,5,Lopez,78,Female,Spain,71165.16,Married,Retired,6/19/2018,Senior,0,Mail
854213,5,Lawson,79,Female,United Kingdom,38043.39,Married,Retired,1/8/2018,Senior,0,Phone Call
854377,1,Romero,45,Male,United Kingdom,55737.49,Married,Self-Employed,2/26/2017,Retail,3,Email
854388,1,Shaw,52,Female,Spain,29439.84,Married,Salaried Employee,10/15/2023,Retail,0,Mail
854500,2,Mcbride,53,Male,Germany,29276.10,Divorced,Salaried Employee,2/12/2021,Family,2,Mobile App Push
854540,1,Franklin,30,Male,Spain,65091.82,Married,Salaried Employee,11/8/2023,Retail,1,Mobile App Push
854639,2,Fisher,47,Female,United Kingdom,29230.59,Divorced,Freelancer,11/12/2017,Family,2,Mobile App Push
854701,3,Ortiz,22,Male,United States,9134.08,Single,Student,10/14/2025,Student,0,Mobile App Push
854717,2,Mills,42,Female,United Kingdom,35141.27,Single,Salaried Employee,12/27/2020,Family,3,Mobile App Push
854787,2,Huerta,39,Female,United States,29556.11,Married,Salaried Employee,12/28/2020,Family,4,Mobile App Push
854987,1,Perry,44,Female,Spain,54366.59,Single,Salaried Employee,12/18/2020,Retail,0,SMS
855053,5,Hansen,63,Male,Spain,15159.08,Married,Retired,11/2/2023,Senior,0,Mail
855185,1,Smith,47,Male,France,25202.97,Single,Salaried Employee,10/27/2021,Retail,0,Email
855242,5,Duncan,83,Female,France,43969.08,Widowed,Retired,10/11/2022,Senior,1,SMS
855274,1,Farmer,52,Male,United Kingdom,40378.17,Married,Freelancer,10/2/2023,Retail,2,Email
855276,1,Mendez,45,Female,France,34037.44,Widowed,Salaried Employee,7/6/2021,Retail,0,SMS
855303,1,Smith,34,Male,United States,69149.80,Married,Salaried Employee,4/26/2026,Retail,2,Mobile App Push
855408,2,Quinn,33,Male,United Kingdom,31921.11,Single,Salaried Employee,10/10/2020,Family,3,SMS
855562,2,Green,55,Female,France,47196.91,Married,Business Owner,7/12/2017,Family,3,Email
855638,2,Woodward,36,Male,United Kingdom,41749.38,Married,Self-Employed,12/9/2021,Family,2,Mobile App Push
855731,1,White,30,Male,France,25051.62,Single,Salaried Employee,4/19/2026,Retail,1,Email
855777,5,Shaffer,85,Female,France,26082.60,Married,Retired,7/20/2026,Senior,0,Mail
855829,1,Vargas,36,Male,Germany,17904.47,Married,Salaried Employee,9/8/2025,Retail,0,SMS
855855,1,Bennett,47,Female,United States,35051.72,Single,Self-Employed,9/25/2021,Retail,1,SMS
855917,2,Hoover,40,Male,United Kingdom,25928.96,Married,Salaried Employee,12/30/2017,Family,2,Email
855944,1,Mckinney,59,Male,United Kingdom,64386.19,Single,Business Owner,6/1/2020,Retail,0,SMS
855948,2,Mccall,45,Male,United Kingdom,63881.55,Married,Salaried Employee,1/20/2024,Family,1,SMS
856027,3,Chapman,21,Female,France,19861.92,Single,Student,12/28/2019,Student,0,Email
856035,1,Flores,62,Male,Germany,52795.53,Married,Freelancer,4/16/2019,Retail,1,Mobile App Push
856086,1,May,33,Female,France,29157.81,Married,Salaried Employee,12/10/2021,Retail,2,Mobile App Push
856157,5,Ruiz,68,Female,Germany,17586.50,Married,Retired,10/20/2018,Senior,2,Email
856211,2,Lucas,42,Female,France,65809.61,Married,Salaried Employee,8/17/2024,Family,1,Email
856215,1,Morgan,48,Male,United States,31591.04,Single,Self-Employed,8/10/2020,Retail,0,Email
856320,1,George,38,Female,France,41108.98,Divorced,Self-Employed,7/4/2019,Retail,2,Mobile App Push
856321,4,Madden,32,Female,Germany,159339.10,Married,Salaried Employee,5/5/2019,Premium,2,SMS
856379,4,Daugherty,53,Male,United Kingdom,62119.54,Married,Self-Employed,10/4/2025,Premium,1,Mobile App Push
856442,2,Taylor,43,Female,Germany,75846.17,Married,Self-Employed,7/23/2025,Family,3,Phone Call
856445,3,Taylor,26,Male,United States,20148.58,Single,Student,7/2/2025,Student,0,SMS
856609,1,Luna,50,Female,Spain,36583.51,Married,Freelancer,1/25/2026,Retail,0,SMS
856648,2,Hooper,39,Male,United States,52509.29,Divorced,Salaried Employee,1/21/2017,Family,2,Mobile App Push
856719,1,Richardson,35,Female,United States,44420.42,Married,Salaried Employee,9/3/2023,Retail,0,SMS
857065,5,Ross,79,Male,Germany,23017.10,Widowed,Retired,8/30/2022,Senior,0,Email
857111,5,Molina,74,Male,United States,24033.60,Married,Self-Employed,6/26/2026,Senior,0,Mail
857168,5,Phillips,73,Male,Spain,13105.03,Widowed,Retired,8/13/2020,Senior,2,Email
857273,1,Jones,41,Male,United States,45279.04,Single,Self-Employed,3/31/2022,Retail,0,Mail
857505,1,Rubio,47,Male,France,31027.93,Married,Self-Employed,1/2/2022,Retail,0,Email
857524,1,Hayden,60,Male,Germany,25403.25,Divorced,Freelancer,12/21/2017,Retail,0,Mobile App Push
857537,1,Lewis,34,Female,Spain,18103.04,Single,Salaried Employee,4/28/2018,Retail,1,Mobile App Push
857750,3,Roach,22,Female,United Kingdom,12565.30,Single,Student,11/6/2025,Student,0,Mobile App Push
857888,1,Johnson,46,Male,United Kingdom,39031.09,Single,Salaried Employee,7/12/2022,Retail,0,SMS
857997,3,Spence,19,Male,Spain,16866.85,Single,Student,7/10/2020,Student,0,SMS
858243,4,Myers,48,Female,France,145272.54,Married,Self-Employed,5/15/2020,Premium,1,Email
858414,1,Butler,46,Male,Germany,65669.97,Single,Salaried Employee,4/21/2022,Retail,0,Email
858490,1,Miller,43,Male,France,38663.97,Single,Salaried Employee,11/25/2024,Retail,0,Email
858705,3,Leonard,21,Female,Germany,16457.97,Single,Student,3/25/2026,Student,0,Email
858711,5,Gomez,81,Male,Spain,74099.45,Married,Retired,3/3/2025,Senior,0,Phone Call
858724,5,Copeland,65,Female,Germany,62488.29,Single,Retired,1/19/2026,Senior,0,Phone Call
858729,3,Mendoza,18,Female,Spain,19308.06,Single,Student,1/20/2019,Student,0,Mobile App Push
858889,5,Brown,71,Male,United Kingdom,36464.78,Widowed,Retired,2/10/2026,Senior,1,Phone Call
858931,1,Roman,48,Female,France,36335.64,Married,Salaried Employee,3/29/2024,Retail,0,Mobile App Push
859143,2,Moran,48,Male,Spain,43854.24,Married,Unemployed,3/28/2024,Family,0,Mobile App Push
859246,1,Jones,58,Female,France,69103.52,Married,Freelancer,10/19/2021,Retail,0,Mobile App Push
859340,1,Ruiz,38,Female,United Kingdom,43142.68,Single,Salaried Employee,5/29/2017,Retail,0,Email
859359,1,Duran,61,Male,Spain,23819.22,Married,Salaried Employee,8/21/2021,Retail,1,Mobile App Push
859364,1,Jones,62,Female,France,32195.51,Married,Salaried Employee,9/20/2023,Retail,0,Mail
859396,3,Dawson,21,Male,Spain,14399.45,Single,Freelancer,3/16/2019,Student,0,SMS
859489,1,Aguilar,62,Male,Germany,27043.43,Married,Salaried Employee,11/15/2019,Retail,1,Mobile App Push
859584,1,Glover,48,Female,Germany,34136.48,Single,Salaried Employee,10/14/2017,Retail,3,Email
859587,3,Dalton,24,Male,France,9312.43,Single,Freelancer,8/13/2017,Student,0,Email
859620,1,Roberts,37,Female,Germany,31030.19,Single,Salaried Employee,7/26/2017,Retail,2,SMS
859687,1,Le,38,Female,United Kingdom,63241.59,Divorced,Salaried Employee,9/1/2025,Retail,0,Phone Call
859767,2,Chavez,45,Male,United States,36212.69,Married,Business Owner,1/15/2021,Family,2,Phone Call
859782,1,Smith,37,Male,France,32848.67,Widowed,Salaried Employee,2/25/2017,Retail,1,Email
860053,2,Graves,40,Female,Germany,26342.09,Married,Salaried Employee,2/26/2021,Family,2,SMS
860127,1,Phelps,30,Female,France,17292.07,Married,Freelancer,2/13/2017,Retail,0,SMS
860180,4,Horn,47,Male,United States,67680.21,Married,Business Owner,5/22/2023,Premium,0,SMS
860242,1,Waller,24,Female,Germany,30887.70,Married,Salaried Employee,10/2/2016,Retail,1,Mail
860397,1,Griffin,47,Female,Spain,57059.70,Married,Freelancer,5/26/2018,Retail,1,SMS
860413,3,Thompson,22,Male,Spain,16223.85,Single,Student,11/1/2025,Student,0,SMS
860480,3,Robinson,24,Female,France,10373.70,Married,Student,11/18/2023,Student,0,Phone Call
860557,3,Miller,22,Male,Germany,15087.56,Single,Freelancer,4/24/2023,Student,0,Email
860835,5,Merritt,79,Female,France,21093.56,Married,Retired,9/22/2016,Senior,1,Phone Call
861127,5,Keller,79,Female,France,32099.08,Single,Retired,5/4/2021,Senior,1,Mail
861200,1,King,30,Male,Spain,22280.90,Single,Salaried Employee,9/6/2025,Retail,0,Mobile App Push
861253,1,Morgan,46,Female,Germany,37322.72,Divorced,Freelancer,12/16/2023,Retail,1,Email
861265,1,Nguyen,47,Female,France,33067.12,Married,Self-Employed,3/21/2018,Retail,0,Mail
861319,5,Mccullough,76,Male,France,63282.13,Widowed,Salaried Employee,7/19/2018,Senior,0,Email
861411,3,Contreras,22,Male,Spain,10214.49,Single,Student,10/25/2017,Student,0,Email
861594,2,Mitchell,52,Male,United States,19695.35,Married,Business Owner,8/6/2017,Family,1,Phone Call
861697,2,Mack,43,Male,Germany,45191.19,Single,Business Owner,5/22/2019,Family,2,Mobile App Push
861842,5,Carter,82,Female,France,36485.12,Divorced,Retired,4/14/2020,Senior,2,Mobile App Push
861894,1,Williams,47,Female,Spain,84353.88,Single,Salaried Employee,12/10/2021,Retail,1,Email
861949,1,Evans,48,Female,Germany,51442.52,Single,Self-Employed,3/14/2023,Retail,0,Email
862120,1,Bell,54,Male,United States,62656.49,Single,Salaried Employee,8/29/2018,Retail,1,Email
862182,2,Gutierrez,41,Female,France,31770.88,Married,Salaried Employee,3/4/2024,Family,4,Phone Call
862285,2,Ramirez,32,Female,France,60168.14,Divorced,Salaried Employee,5/13/2026,Family,2,Mobile App Push
862398,2,Espinoza,40,Female,United Kingdom,34639.29,Married,Freelancer,9/28/2021,Family,1,SMS
862400,1,Hayes,49,Female,France,41442.41,Married,Salaried Employee,12/21/2018,Retail,2,Email
862422,2,Garcia,45,Male,Germany,39213.27,Married,Salaried Employee,5/29/2017,Family,2,Phone Call
862427,2,Hardy,38,Female,Germany,67848.13,Married,Salaried Employee,4/27/2025,Family,4,SMS
862491,1,Thomas,35,Female,Germany,27479.43,Single,Salaried Employee,8/19/2019,Retail,0,Mobile App Push
862538,5,Wong,62,Female,France,35017.84,Married,Retired,5/16/2026,Senior,0,Phone Call
862540,1,Morris,42,Male,Spain,11170.74,Married,Salaried Employee,8/24/2017,Retail,0,Mobile App Push
862560,1,Thornton,24,Female,Spain,26192.85,Married,Self-Employed,9/7/2019,Retail,1,Email
862569,1,Cross,54,Male,United Kingdom,56279.89,Single,Self-Employed,5/19/2022,Retail,0,Email
862606,3,Mcbride,22,Female,Spain,19719.04,Single,Student,11/4/2021,Student,0,Email
862712,2,Vega,33,Female,France,50348.88,Married,Freelancer,1/24/2026,Family,2,Email
862736,2,Davis,41,Female,Germany,95504.17,Married,Business Owner,6/5/2018,Family,2,Email
862760,2,Oliver,37,Male,United Kingdom,31312.83,Divorced,Salaried Employee,6/25/2023,Family,1,SMS
862847,5,Clarke,75,Male,United States,25138.22,Married,Retired,8/24/2020,Senior,0,SMS
862886,2,Simon,51,Female,France,51196.43,Married,Salaried Employee,7/6/2022,Family,1,Email
863119,5,Griffin,65,Male,United States,46800.54,Married,Retired,12/5/2024,Senior,0,Phone Call
863124,1,Fletcher,58,Male,United States,43976.11,Single,Salaried Employee,9/29/2019,Retail,2,Mobile App Push
863187,1,Mccann,44,Male,United States,68672.94,Married,Salaried Employee,10/15/2019,Retail,0,Mobile App Push
863214,1,Miller,29,Male,France,44865.21,Single,Salaried Employee,2/22/2019,Retail,1,SMS
863336,2,Reed,49,Female,France,80381.98,Divorced,Salaried Employee,6/25/2020,Family,3,Mobile App Push
863587,1,Perez,60,Male,United States,17863.46,Married,Salaried Employee,7/15/2018,Retail,2,Mobile App Push
863611,2,Shelton,28,Female,United Kingdom,35090.81,Married,Salaried Employee,7/8/2026,Family,1,SMS
863873,3,Hoffman,22,Female,Germany,11659.79,Single,Freelancer,9/16/2016,Student,0,Phone Call
863934,1,Warren,60,Female,Spain,58466.65,Single,Salaried Employee,6/26/2022,Retail,0,Phone Call
864201,1,Davis,43,Female,France,41604.00,Single,Salaried Employee,3/20/2017,Retail,1,Mobile App Push
864234,1,Franklin,47,Male,Germany,18679.63,Single,Salaried Employee,9/11/2024,Retail,1,Mobile App Push
864491,1,Nelson,35,Male,United States,66705.10,Married,Salaried Employee,8/16/2023,Retail,2,SMS
864544,5,Galloway,71,Male,France,49243.60,Married,Retired,5/20/2020,Senior,0,Mail
864605,1,Davis,45,Male,United Kingdom,50638.79,Single,Freelancer,8/20/2023,Retail,0,SMS
864711,3,Martin,21,Female,France,15015.94,Single,Student,10/24/2022,Student,0,Mobile App Push
864715,5,Wade,67,Male,United States,27302.27,Married,Retired,11/27/2017,Senior,0,Phone Call
864752,1,Richardson,48,Male,France,131419.49,Divorced,Salaried Employee,5/30/2022,Retail,0,Mobile App Push
865054,5,Jones,82,Female,France,42438.40,Widowed,Self-Employed,6/7/2018,Senior,0,Mail
865175,1,Williams,36,Female,Germany,21545.07,Married,Salaried Employee,4/8/2018,Retail,1,Mail
865179,1,Hernandez,48,Male,Germany,28262.27,Single,Salaried Employee,9/7/2022,Retail,0,Email
865344,1,Ortiz,58,Male,United States,66931.43,Single,Unemployed,7/15/2026,Retail,0,Phone Call
865380,2,Morales,35,Male,France,39259.27,Married,Business Owner,4/8/2022,Family,2,Mobile App Push
865388,1,Johnson,54,Male,United Kingdom,74759.81,Married,Freelancer,10/26/2022,Retail,0,Phone Call
865416,1,Morris,33,Female,Germany,26032.12,Single,Freelancer,10/5/2022,Retail,1,Email
865433,1,Estrada,26,Male,France,68859.81,Married,Salaried Employee,11/3/2025,Retail,1,SMS
865470,3,Gordon,22,Female,France,9778.46,Single,Student,2/8/2024,Student,0,Mail
865479,2,Smith,42,Female,United Kingdom,33164.07,Divorced,Salaried Employee,3/25/2021,Family,2,Email
865618,1,Rivera,40,Male,France,29752.57,Married,Salaried Employee,2/26/2020,Retail,0,Mobile App Push
865630,5,Morse,69,Female,Germany,38937.00,Divorced,Retired,11/15/2018,Senior,0,Email
865654,1,Sharp,42,Female,Spain,41334.98,Married,Salaried Employee,11/10/2024,Retail,2,Mail
865979,1,Bailey,34,Female,France,54227.19,Single,Salaried Employee,7/5/2019,Retail,3,Email
865990,1,Pearson,45,Male,France,48083.00,Divorced,Freelancer,4/19/2021,Retail,0,Email
866151,1,Wright,41,Male,Germany,41100.94,Single,Salaried Employee,4/6/2022,Retail,2,Email
866260,3,Jones,21,Female,United Kingdom,15084.29,Single,Student,5/18/2021,Student,0,Mobile App Push
866288,2,Gonzalez,49,Female,France,47732.69,Single,Salaried Employee,3/25/2021,Family,4,Mobile App Push
866418,3,Mckee,21,Male,France,24173.81,Single,Student,1/11/2022,Student,0,Email
866437,4,Hester,59,Male,United Kingdom,95589.84,Married,Salaried Employee,8/30/2025,Premium,2,Mobile App Push
866536,1,Morrow,44,Female,Germany,21689.06,Married,Salaried Employee,11/30/2021,Retail,1,Phone Call
866634,4,Lee,39,Male,Spain,102720.46,Married,Salaried Employee,9/23/2017,Premium,2,Mobile App Push
866816,3,Finley,21,Female,Spain,22709.20,Single,Student,3/27/2023,Student,0,Email
867051,1,Richard,60,Male,France,25819.70,Single,Business Owner,8/4/2024,Retail,0,Phone Call
867115,1,Shaw,39,Female,Germany,20487.31,Divorced,Self-Employed,9/13/2022,Retail,0,Email
867333,1,Williams,32,Male,France,53630.05,Married,Salaried Employee,2/9/2024,Retail,0,Email
867460,4,Mitchell,59,Male,France,91280.92,Married,Self-Employed,5/15/2017,Premium,0,Email
867541,1,Ortiz,41,Male,Spain,29991.02,Married,Business Owner,1/30/2021,Retail,0,Email
867562,1,Taylor,25,Female,Germany,45175.45,Divorced,Business Owner,5/26/2025,Retail,0,Email
867926,2,Cruz,45,Female,United Kingdom,26429.68,Married,Self-Employed,3/22/2025,Family,1,SMS
867934,3,Hood,20,Female,France,14925.19,Single,Student,3/12/2024,Student,0,SMS
867979,5,Nguyen,71,Female,France,30594.70,Married,Self-Employed,9/2/2019,Senior,0,Mail
868020,1,Campbell,37,Male,Germany,51316.23,Married,Freelancer,12/2/2025,Retail,1,Mail
868043,2,Stewart,33,Female,Germany,28588.28,Widowed,Salaried Employee,2/27/2024,Family,3,Email
868170,2,Sanchez,43,Female,United States,31332.02,Married,Unemployed,7/11/2019,Family,2,SMS
868316,3,King,22,Male,United Kingdom,30979.48,Single,Student,5/2/2022,Student,0,Email
868367,1,Casey,47,Female,Spain,43860.27,Single,Salaried Employee,6/13/2026,Retail,0,Phone Call
868538,1,James,43,Female,France,38053.95,Married,Freelancer,2/20/2021,Retail,3,Email
868544,5,Joseph,66,Female,France,30283.80,Married,Retired,5/20/2018,Senior,1,Mail
868577,4,Walton,42,Female,United States,192605.56,Divorced,Salaried Employee,9/3/2020,Premium,1,SMS
868677,3,Gonzalez,21,Male,France,15302.26,Single,Student,2/11/2025,Student,0,Email
868804,5,Thompson,73,Female,United States,17164.54,Divorced,Salaried Employee,12/1/2025,Senior,0,Phone Call
868844,1,Barton,32,Male,United Kingdom,46819.38,Married,Salaried Employee,8/25/2025,Retail,1,Mail
868881,1,Edwards,42,Male,United States,28265.43,Single,Salaried Employee,11/23/2020,Retail,2,Email
869105,1,Rice,46,Female,Spain,28111.94,Single,Salaried Employee,1/13/2024,Retail,2,SMS
869177,1,Haynes,31,Female,Germany,67697.93,Married,Self-Employed,11/26/2016,Retail,1,SMS
869238,2,Flores,44,Female,France,31752.23,Married,Salaried Employee,5/29/2024,Family,1,SMS
869295,1,Rivera,42,Female,United Kingdom,25558.57,Married,Salaried Employee,12/17/2017,Retail,1,Email
869440,5,Good,72,Female,United Kingdom,36380.42,Single,Retired,4/2/2024,Senior,1,Email
869460,4,Bishop,34,Male,Germany,58014.88,Single,Business Owner,5/25/2018,Premium,2,Mail
869649,2,Miller,37,Male,Germany,29047.98,Married,Salaried Employee,7/2/2026,Family,2,Mail
869735,4,Long,48,Female,France,87528.49,Married,Business Owner,11/5/2020,Premium,1,Mobile App Push
869864,1,Hurley,25,Male,France,22210.75,Married,Salaried Employee,9/18/2020,Retail,1,Mobile App Push
869933,1,Watson,48,Female,Germany,43724.67,Divorced,Self-Employed,7/29/2026,Retail,0,Mail
869969,3,Parker,21,Female,France,9441.86,Married,Student,2/25/2022,Student,0,Email
869983,2,Ellison,54,Male,France,72804.95,Single,Business Owner,11/26/2018,Family,2,Email
870033,1,Adams,38,Male,United States,19788.22,Single,Freelancer,10/26/2016,Retail,2,Mobile App Push
870214,5,Kidd,84,Female,United States,29032.17,Married,Retired,7/28/2019,Senior,0,SMS
870319,1,Grimes,32,Male,United Kingdom,38772.17,Married,Salaried Employee,1/28/2019,Retail,1,Phone Call
870571,1,Herrera,28,Male,Spain,36234.43,Single,Freelancer,8/11/2017,Retail,0,Mobile App Push
870763,2,Parrish,32,Female,Spain,46946.43,Married,Salaried Employee,2/5/2024,Family,4,Email
870786,1,Perry,33,Female,France,23517.13,Married,Salaried Employee,11/2/2018,Retail,0,Email
870881,4,Tran,39,Male,United Kingdom,48269.03,Single,Salaried Employee,5/16/2026,Premium,1,Email
870899,1,Foley,59,Female,France,50916.46,Divorced,Business Owner,3/7/2021,Retail,3,Email
870925,2,Skinner,43,Female,Spain,34787.91,Married,Salaried Employee,3/1/2021,Family,2,Email
871041,1,Johnson,37,Female,France,32088.74,Single,Salaried Employee,3/12/2026,Retail,0,Email
871043,2,Bush,38,Male,Spain,57251.78,Married,Salaried Employee,4/12/2017,Family,3,SMS
871051,4,Mendez,46,Female,Germany,144133.38,Single,Self-Employed,8/7/2017,Premium,1,Mobile App Push
871073,1,Brown,46,Male,Spain,46586.48,Single,Salaried Employee,9/3/2021,Retail,0,Email
871153,2,Andrews,42,Male,France,50661.34,Married,Salaried Employee,3/10/2026,Family,2,Phone Call
871185,3,Sullivan,22,Female,Germany,26316.70,Single,Student,12/7/2018,Student,0,SMS
871403,2,Reilly,40,Female,France,34593.72,Married,Salaried Employee,4/20/2026,Family,1,Phone Call
871411,1,Torres,49,Female,Germany,49508.98,Single,Freelancer,9/22/2025,Retail,0,Mail
871476,1,Sandoval,43,Male,Germany,24473.26,Single,Salaried Employee,6/23/2026,Retail,1,SMS
871501,2,Glenn,29,Female,Germany,112285.48,Married,Salaried Employee,10/17/2022,Family,2,Email
871523,1,Holder,24,Male,France,36225.94,Single,Salaried Employee,7/2/2020,Retail,1,Email
871581,2,Miranda,31,Female,Germany,34569.16,Married,Salaried Employee,9/25/2021,Family,3,Mail
871667,3,Smith,21,Female,Germany,17060.43,Single,Student,6/14/2022,Student,0,SMS
871711,5,Spencer,65,Female,United Kingdom,50034.18,Married,Retired,5/3/2025,Senior,0,Phone Call
871740,2,Wolfe,37,Male,France,58249.13,Single,Salaried Employee,6/23/2025,Family,4,Email
871939,3,Byrd,19,Female,Germany,9850.77,Single,Student,11/6/2018,Student,0,SMS
871976,1,Sosa,54,Male,United States,68632.64,Divorced,Unemployed,10/3/2025,Retail,1,Mobile App Push
872246,2,Lawrence,43,Female,Spain,52504.62,Married,Salaried Employee,10/19/2018,Family,2,Email
872303,2,Martinez,33,Female,Spain,46793.11,Married,Salaried Employee,1/23/2017,Family,2,Mobile App Push
872343,1,Davis,42,Male,France,23695.17,Single,Salaried Employee,11/29/2024,Retail,0,Mobile App Push
872399,1,Phelps,48,Male,France,30544.13,Divorced,Salaried Employee,5/9/2018,Retail,2,SMS
872519,1,Wallace,36,Male,Spain,52967.83,Single,Salaried Employee,1/22/2020,Retail,1,Mobile App Push
872610,2,Russo,48,Female,France,42002.59,Married,Salaried Employee,11/6/2024,Family,4,Email
872722,4,Allen,48,Male,Spain,91982.19,Single,Salaried Employee,8/17/2016,Premium,2,Phone Call
872840,1,Decker,41,Male,United States,37239.80,Single,Freelancer,2/28/2017,Retail,0,Phone Call
872863,1,Collier,33,Male,Germany,41542.04,Married,Salaried Employee,7/22/2021,Retail,0,Email
872918,1,Mcgee,48,Female,United Kingdom,53440.95,Married,Freelancer,7/30/2026,Retail,0,Email
872924,1,Santos,39,Male,France,19688.25,Divorced,Self-Employed,9/3/2025,Retail,0,SMS
873199,5,Mckinney,63,Male,Germany,25834.19,Married,Retired,12/11/2018,Senior,0,Mobile App Push
873207,2,Flores,43,Male,France,64420.36,Married,Salaried Employee,5/24/2026,Family,0,SMS
873291,5,King,82,Male,Germany,12124.05,Married,Salaried Employee,2/23/2018,Senior,0,Mobile App Push
873422,1,Collins,34,Male,France,25723.46,Single,Salaried Employee,4/3/2017,Retail,2,Email
873443,3,Carroll,20,Female,United Kingdom,22828.36,Married,Student,12/23/2023,Student,0,Mobile App Push
873449,1,Charles,37,Female,United States,29361.81,Married,Freelancer,5/12/2025,Retail,1,Mobile App Push
873584,4,Johnson,45,Male,United States,134229.32,Divorced,Salaried Employee,9/26/2017,Premium,1,Mobile App Push
873774,1,Villa,53,Male,United States,49949.76,Married,Salaried Employee,4/17/2018,Retail,1,Mobile App Push
873935,2,Smith,45,Female,Germany,84538.62,Married,Freelancer,1/26/2017,Family,2,Email
873959,2,Rodriguez,50,Female,France,43231.04,Married,Self-Employed,7/28/2023,Family,4,Mobile App Push
874205,3,Smith,22,Male,United States,14202.92,Single,Student,2/13/2022,Student,0,Mail
874320,4,Moss,48,Male,United Kingdom,104789.23,Married,Business Owner,9/19/2022,Premium,1,Email
874415,4,Logan,61,Female,United States,234380.96,Single,Self-Employed,10/21/2019,Premium,0,Mobile App Push
874417,2,Davis,36,Male,Germany,48323.63,Divorced,Salaried Employee,3/30/2021,Family,1,Mobile App Push
874483,1,Garrison,39,Male,Spain,61845.80,Single,Salaried Employee,2/18/2023,Retail,0,SMS
874524,2,Conrad,46,Male,United States,41174.70,Married,Self-Employed,4/20/2017,Family,1,Mobile App Push
874568,4,Odom,43,Male,Spain,77869.11,Married,Freelancer,6/22/2022,Premium,1,Email
874661,5,Trujillo,79,Female,Spain,58008.65,Divorced,Retired,2/29/2024,Senior,0,Phone Call
874683,1,Vaughan,44,Male,United Kingdom,55531.96,Divorced,Salaried Employee,9/25/2021,Retail,1,SMS
874814,1,Haynes,42,Male,France,34686.69,Married,Salaried Employee,12/31/2025,Retail,2,Mobile App Push
874863,5,Fernandez,76,Female,Spain,22843.23,Divorced,Retired,8/2/2017,Senior,0,Email
875232,1,Hart,39,Male,United States,23890.80,Married,Salaried Employee,6/9/2018,Retail,0,Mobile App Push
875282,5,Duncan,75,Male,United Kingdom,13634.35,Married,Retired,7/15/2025,Senior,1,Email
875414,5,Cole,66,Male,United States,60356.61,Widowed,Retired,10/3/2022,Senior,0,Phone Call
875501,1,Martinez,48,Female,Germany,32094.96,Married,Freelancer,5/22/2024,Retail,0,Mobile App Push
875507,2,Daniels,41,Male,Spain,32378.74,Married,Salaried Employee,8/29/2020,Family,2,Email
875520,2,Torres,35,Male,Germany,56490.81,Married,Salaried Employee,6/12/2024,Family,2,SMS
875584,2,Cochran,48,Female,United Kingdom,29504.34,Married,Salaried Employee,9/9/2016,Family,2,SMS
875679,5,Brown,70,Female,Germany,20336.23,Married,Retired,11/15/2019,Senior,0,Mail
875753,1,Scott,53,Male,France,28488.42,Married,Business Owner,5/8/2022,Retail,0,Mobile App Push
875959,2,Peterson,28,Male,Germany,31138.61,Widowed,Business Owner,7/16/2025,Family,1,Mail
876039,4,Holt,48,Male,Germany,125583.50,Divorced,Self-Employed,10/19/2025,Premium,2,Email
876383,1,Wright,51,Male,Germany,43678.77,Single,Unemployed,9/1/2022,Retail,1,Email
876459,3,Orr,23,Male,France,14666.14,Single,Student,11/19/2025,Student,0,Mail
876513,2,Brown,39,Male,Germany,32759.53,Married,Freelancer,10/2/2019,Family,3,Phone Call
876636,2,Ray,47,Female,France,34596.64,Married,Unemployed,4/24/2026,Family,0,Mobile App Push
876644,4,Mcdaniel,47,Female,United States,93154.89,Married,Business Owner,10/5/2017,Premium,0,Mobile App Push
876646,5,Moore,71,Female,France,23722.20,Married,Salaried Employee,12/30/2019,Senior,0,Phone Call
876764,3,Anderson,21,Female,United States,11566.56,Single,Student,1/7/2024,Student,0,Email
876880,2,Garcia,28,Male,Germany,48480.56,Married,Salaried Employee,12/9/2017,Family,4,Mobile App Push
876909,2,Marshall,36,Male,Germany,41669.94,Married,Salaried Employee,7/17/2021,Family,4,Mobile App Push
876936,1,Mason,37,Female,United States,46428.05,Divorced,Salaried Employee,11/4/2024,Retail,1,SMS
876962,4,Dixon,53,Male,France,201601.59,Married,Business Owner,3/29/2021,Premium,2,Email
877048,1,Gordon,47,Male,United Kingdom,60588.33,Single,Salaried Employee,9/4/2018,Retail,2,Mobile App Push
877236,3,Jennings,18,Female,Spain,24904.37,Single,Unemployed,2/8/2017,Student,0,SMS
877259,1,White,31,Female,France,50376.86,Single,Self-Employed,12/15/2025,Retail,0,SMS
877388,5,Martinez,82,Male,Germany,24796.72,Married,Self-Employed,11/19/2020,Senior,0,Mobile App Push
877407,2,Gonzales,36,Male,France,44957.39,Married,Business Owner,10/29/2017,Family,1,Mobile App Push
877444,1,Sanford,51,Male,France,41197.18,Single,Business Owner,2/12/2022,Retail,0,Email
877446,1,Knight,35,Male,Germany,46124.84,Married,Salaried Employee,11/9/2022,Retail,2,Mobile App Push
877493,1,Mcpherson,36,Male,France,28811.78,Single,Salaried Employee,6/28/2021,Retail,0,Mobile App Push
877572,2,Miller,46,Female,Germany,52791.53,Married,Self-Employed,7/8/2025,Family,3,SMS
877714,1,Stephenson,42,Female,Spain,22115.65,Single,Business Owner,3/23/2023,Retail,1,Mobile App Push
877722,3,Gray,21,Male,France,19701.64,Single,Student,3/4/2018,Student,0,Email
877747,2,Carter,29,Female,Spain,34902.90,Married,Salaried Employee,3/29/2026,Family,1,Mobile App Push
877948,2,Dixon,47,Male,Spain,50573.61,Divorced,Salaried Employee,1/29/2026,Family,4,Mobile App Push
877991,1,Hayes,33,Male,Germany,44655.38,Married,Self-Employed,9/12/2019,Retail,1,Email
878086,1,Wyatt,34,Male,Spain,36717.00,Divorced,Salaried Employee,12/14/2023,Retail,1,SMS
878325,4,Scott,38,Female,Germany,68399.88,Married,Salaried Employee,5/12/2025,Premium,0,Phone Call
878427,1,Cline,62,Male,United States,25984.70,Married,Salaried Employee,8/9/2019,Retail,1,Mail
878476,1,Gibson,50,Female,Spain,22040.67,Married,Freelancer,6/23/2026,Retail,3,Phone Call
878480,1,Mcintyre,50,Male,United States,33144.34,Married,Salaried Employee,11/26/2021,Retail,0,SMS
878533,4,Bradley,41,Male,Germany,53412.45,Married,Self-Employed,12/8/2021,Premium,1,SMS
878579,5,Hudson,79,Male,United Kingdom,40325.42,Married,Retired,10/14/2023,Senior,0,SMS
878586,1,Schmidt,39,Female,United States,19334.47,Married,Self-Employed,4/11/2026,Retail,1,SMS
878656,1,Phillips,50,Male,Germany,35055.29,Divorced,Salaried Employee,10/8/2017,Retail,2,Email
878967,1,Hernandez,45,Male,France,36958.84,Single,Salaried Employee,7/22/2017,Retail,0,Email
879015,1,Bridges,56,Female,Spain,38761.14,Single,Freelancer,10/18/2017,Retail,2,Mobile App Push
879238,1,Perez,30,Male,France,33240.46,Married,Salaried Employee,8/17/2020,Retail,1,SMS
879414,1,Newton,25,Female,France,43785.00,Single,Self-Employed,9/25/2020,Retail,0,Email
879592,1,Nguyen,44,Female,France,44839.64,Single,Salaried Employee,11/8/2025,Retail,0,Email
879746,4,Jenkins,62,Male,France,58537.02,Married,Salaried Employee,3/9/2017,Premium,0,Mobile App Push
879769,1,Stevens,48,Female,France,44155.73,Divorced,Salaried Employee,5/24/2017,Retail,1,SMS
879779,5,Moreno,88,Male,Germany,18664.03,Widowed,Retired,2/5/2022,Senior,1,SMS
879794,4,Rodriguez,62,Male,United Kingdom,174551.18,Divorced,Business Owner,3/1/2018,Premium,2,Email
879850,2,Johnson,45,Male,United Kingdom,33609.63,Single,Salaried Employee,9/1/2024,Family,1,Email
880009,2,Griffith,36,Male,Spain,33083.63,Married,Salaried Employee,9/11/2021,Family,1,Email
880360,4,Wood,46,Male,United States,54781.54,Married,Business Owner,7/3/2017,Premium,0,Email
880550,1,Haynes,40,Female,United States,28356.22,Married,Salaried Employee,12/10/2020,Retail,2,Mobile App Push
880746,2,Johnson,40,Female,United Kingdom,46793.40,Single,Unemployed,11/22/2023,Family,2,SMS
880758,1,Lee,62,Female,France,24592.26,Single,Salaried Employee,7/30/2025,Retail,1,Email
880762,1,Chambers,39,Female,United States,36919.62,Single,Salaried Employee,9/21/2019,Retail,0,Mail
880841,2,Flowers,34,Male,France,45668.69,Married,Salaried Employee,11/13/2022,Family,3,SMS
880879,1,Mckenzie,24,Male,United States,24179.12,Single,Salaried Employee,6/16/2023,Retail,2,SMS
880900,3,Zhang,23,Male,Germany,9201.42,Single,Student,11/12/2019,Student,0,Email
881177,2,Whitehead,31,Female,Germany,18528.58,Married,Salaried Employee,6/24/2021,Family,2,Email
881206,2,Graham,34,Male,France,32668.39,Married,Self-Employed,6/18/2024,Family,0,SMS
881369,4,Sanders,59,Female,Germany,115772.24,Married,Business Owner,6/22/2020,Premium,0,Mobile App Push
881439,2,Townsend,31,Female,Spain,27497.59,Married,Salaried Employee,9/8/2018,Family,2,Mobile App Push
881519,2,Forbes,50,Female,United States,56991.08,Widowed,Salaried Employee,9/18/2025,Family,2,Phone Call
881549,2,Higgins,46,Male,France,43554.53,Married,Salaried Employee,2/16/2020,Family,1,Email
881667,1,Hicks,39,Female,Germany,28171.45,Divorced,Salaried Employee,1/17/2023,Retail,0,Mobile App Push
881770,2,Kerr,37,Female,United States,71421.12,Married,Business Owner,7/13/2026,Family,2,SMS
881828,2,Ward,38,Female,United States,35500.41,Widowed,Salaried Employee,11/12/2021,Family,2,Email
881886,4,Rodriguez,61,Male,United States,141270.72,Single,Salaried Employee,10/23/2023,Premium,2,SMS
881975,1,Johnson,42,Male,Spain,60693.95,Single,Freelancer,1/28/2020,Retail,0,Mobile App Push
882032,1,Hernandez,37,Female,France,38444.15,Single,Salaried Employee,12/18/2024,Retail,1,Email
882033,1,Benson,37,Female,France,85308.79,Single,Unemployed,5/6/2022,Retail,0,Mobile App Push
882169,2,Johnson,39,Male,Germany,70285.29,Married,Business Owner,7/3/2017,Family,2,Phone Call
882186,4,Blake,47,Male,Germany,239652.79,Widowed,Self-Employed,7/14/2022,Premium,0,Email
882351,1,Baker,53,Female,Germany,20508.52,Single,Salaried Employee,6/5/2025,Retail,1,Mail
882354,2,Palmer,35,Male,Spain,23183.10,Married,Unemployed,4/2/2018,Family,2,Mobile App Push
882395,1,Perkins,40,Male,France,55678.75,Married,Salaried Employee,7/31/2020,Retail,3,Mobile App Push
882401,4,Anderson,58,Female,Spain,154902.08,Married,Self-Employed,2/14/2019,Premium,2,Email
882544,2,Yang,43,Female,France,59214.24,Married,Salaried Employee,9/25/2025,Family,2,Email
882824,2,Bailey,35,Female,Germany,31624.33,Married,Salaried Employee,5/11/2020,Family,3,SMS
883028,1,Cameron,53,Male,Spain,31619.50,Single,Salaried Employee,2/12/2017,Retail,2,Email
883041,2,Fox,45,Female,United States,25977.73,Married,Business Owner,10/13/2018,Family,2,Mobile App Push
883132,1,Quinn,46,Male,Spain,41598.19,Married,Salaried Employee,2/20/2023,Retail,0,Email
883159,4,Dawson,47,Male,Germany,75952.66,Single,Business Owner,11/12/2017,Premium,1,SMS
883171,5,Nguyen,77,Male,France,32673.95,Married,Retired,9/9/2018,Senior,0,Email
883300,2,Green,52,Female,Spain,44691.00,Married,Salaried Employee,12/19/2022,Family,3,Email
883301,5,Campbell,78,Male,France,46512.97,Married,Retired,3/9/2025,Senior,1,Mail
883377,3,Forbes,24,Male,Germany,23513.01,Single,Student,10/25/2018,Student,0,Mobile App Push
883586,1,English,37,Male,Germany,23814.88,Married,Salaried Employee,2/20/2018,Retail,0,Mail
883618,2,Mills,38,Male,Germany,59710.48,Married,Salaried Employee,3/22/2020,Family,3,Mobile App Push
883641,5,Brown,80,Male,France,58466.78,Widowed,Retired,5/17/2026,Senior,0,Phone Call
883790,5,Johnson,73,Male,Germany,28544.96,Widowed,Retired,10/31/2017,Senior,1,Phone Call
883826,1,Gilbert,47,Male,France,12222.31,Married,Salaried Employee,6/8/2020,Retail,0,Email
883997,3,Powell,24,Female,France,15964.75,Single,Student,8/6/2018,Student,0,SMS
884056,3,Holland,21,Male,Spain,8000.00,Single,Student,10/29/2025,Student,0,SMS
884140,4,Schneider,50,Female,France,65842.43,Divorced,Self-Employed,3/12/2019,Premium,0,Email
884170,3,Swanson,25,Male,United Kingdom,21801.47,Single,Student,2/11/2024,Student,0,Email
884197,1,Sanders,34,Male,Germany,37999.35,Single,Salaried Employee,11/25/2025,Retail,1,Email
884225,1,White,35,Female,France,52706.00,Divorced,Salaried Employee,8/9/2021,Retail,2,Email
884229,2,Salas,36,Female,France,52078.64,Married,Self-Employed,3/7/2022,Family,2,SMS
884256,1,Zuniga,29,Male,France,73565.42,Married,Unemployed,10/29/2023,Retail,1,Email
884309,1,Garrett,29,Male,United Kingdom,43156.31,Married,Salaried Employee,2/28/2024,Retail,0,Phone Call
884417,5,Porter,82,Male,Germany,84378.66,Widowed,Retired,4/16/2026,Senior,1,Phone Call
884475,2,Fox,49,Male,United Kingdom,50865.89,Single,Freelancer,6/13/2023,Family,3,Email
884616,2,Miles,46,Male,Spain,38186.87,Single,Salaried Employee,4/23/2020,Family,2,SMS
884645,4,Brown,53,Male,France,229622.18,Single,Self-Employed,3/15/2020,Premium,0,Email
884782,3,Rose,24,Female,United States,21498.02,Single,Freelancer,8/2/2023,Student,0,Mobile App Push
884897,1,Holmes,24,Male,United Kingdom,25158.56,Married,Freelancer,7/21/2022,Retail,1,Email
885161,2,Mills,45,Male,United States,68677.17,Married,Salaried Employee,8/24/2016,Family,4,Phone Call
885290,3,Bryant,21,Female,France,19784.02,Single,Student,2/18/2018,Student,0,SMS
885339,2,Taylor,46,Female,Germany,55459.25,Married,Salaried Employee,6/28/2021,Family,2,Mobile App Push
885342,3,Schroeder,19,Male,France,27853.46,Single,Student,10/20/2020,Student,0,Email
885386,2,Rogers,46,Female,France,46622.46,Single,Freelancer,7/17/2017,Family,4,Email
885395,1,Green,44,Female,Spain,17496.46,Single,Freelancer,11/15/2017,Retail,2,Mail
885408,1,Gomez,52,Female,Spain,39867.39,Single,Salaried Employee,7/1/2020,Retail,3,SMS
885478,3,Patterson,19,Male,United States,16321.45,Single,Student,2/5/2024,Student,0,Mobile App Push
885587,2,Sanders,37,Female,France,55280.95,Married,Salaried Employee,7/11/2024,Family,4,Mobile App Push
885734,2,Carpenter,38,Female,United Kingdom,26753.35,Married,Self-Employed,6/26/2019,Family,3,Email
885829,1,Bryan,38,Female,United States,53460.23,Married,Self-Employed,1/22/2021,Retail,0,SMS
885884,4,Garcia,52,Male,United States,117510.94,Single,Business Owner,8/25/2022,Premium,0,Email
886159,1,Gonzalez,42,Female,United States,44308.48,Single,Salaried Employee,8/29/2022,Retail,2,Mobile App Push
886197,1,Perkins,43,Female,United Kingdom,34290.11,Married,Salaried Employee,1/13/2021,Retail,0,SMS
886224,5,Clark,78,Female,France,35434.43,Single,Retired,2/5/2023,Senior,0,SMS
886325,1,Anderson,48,Female,Spain,34514.50,Single,Salaried Employee,4/2/2021,Retail,0,SMS
886530,1,Bray,51,Male,United States,42553.13,Single,Business Owner,1/6/2020,Retail,1,SMS
886553,4,Moore,53,Female,France,138535.26,Married,Business Owner,2/20/2018,Premium,0,SMS
886609,4,Burton,47,Female,Spain,86345.80,Married,Salaried Employee,10/24/2025,Premium,0,Mobile App Push
886626,1,Bell,37,Female,Spain,24079.94,Divorced,Salaried Employee,10/24/2025,Retail,1,Phone Call
886730,2,Hamilton,41,Female,Germany,72208.96,Divorced,Salaried Employee,11/24/2022,Family,4,SMS
886804,3,Turner,22,Male,Spain,8500.73,Single,Student,5/19/2019,Student,0,Email
886931,1,Shields,42,Female,United States,40712.73,Divorced,Business Owner,10/7/2018,Retail,2,Mobile App Push
887029,3,West,23,Female,France,21402.18,Single,Student,7/1/2018,Student,0,SMS
887042,1,Green,44,Female,Spain,24180.64,Married,Self-Employed,12/12/2019,Retail,0,SMS
887352,1,Dixon,46,Male,Spain,34652.71,Married,Self-Employed,8/28/2022,Retail,0,Mobile App Push
887443,1,Cain,36,Male,United States,34114.90,Married,Freelancer,11/29/2022,Retail,0,SMS
887524,2,Fields,35,Male,Germany,34400.25,Married,Business Owner,10/18/2017,Family,2,Mail
887625,2,Moody,43,Female,Germany,75769.58,Single,Business Owner,4/2/2023,Family,4,Phone Call
887842,2,Park,36,Female,Germany,37114.85,Married,Salaried Employee,9/26/2023,Family,2,SMS
887931,2,Norman,36,Female,France,27480.26,Married,Salaried Employee,8/19/2017,Family,2,Email
888047,3,Kennedy,23,Male,France,13418.87,Single,Student,4/20/2020,Student,0,Mobile App Push
888295,1,Hoffman,36,Male,France,24423.25,Single,Freelancer,6/18/2020,Retail,0,Phone Call
888387,1,Schultz,26,Male,United Kingdom,23819.93,Single,Salaried Employee,7/30/2017,Retail,0,Mail
888539,1,Vaughn,42,Female,Germany,33570.51,Single,Salaried Employee,2/9/2018,Retail,0,SMS
888669,1,Travis,33,Male,Germany,43001.65,Single,Salaried Employee,7/26/2018,Retail,1,Email
888734,3,Montgomery,18,Female,France,22955.07,Married,Student,2/1/2021,Student,0,Mobile App Push
888775,5,Gould,69,Male,Spain,22938.64,Married,Retired,11/6/2022,Senior,0,Phone Call
888795,4,Higgins,47,Female,Spain,119481.35,Married,Business Owner,6/13/2025,Premium,0,SMS
888819,1,Moore,58,Female,United States,40633.94,Married,Salaried Employee,3/20/2020,Retail,0,Email
888870,1,Shea,37,Male,United Kingdom,30119.05,Single,Business Owner,10/30/2017,Retail,0,Mobile App Push
888930,2,Bennett,38,Male,Germany,35677.12,Married,Self-Employed,9/19/2020,Family,2,Email
888939,1,Bird,35,Male,United Kingdom,57183.38,Married,Salaried Employee,11/10/2023,Retail,3,Mobile App Push
888977,1,Rodriguez,46,Male,Spain,43785.73,Married,Salaried Employee,9/5/2024,Retail,3,Mobile App Push
888996,2,Dominguez,39,Male,Germany,25929.13,Married,Business Owner,5/29/2024,Family,2,Mobile App Push
889216,5,Miller,77,Male,France,44454.77,Widowed,Retired,1/21/2024,Senior,0,Phone Call
889245,1,Parker,46,Male,Spain,13743.96,Married,Salaried Employee,6/3/2020,Retail,1,Phone Call
889327,3,Richardson,25,Female,France,20420.85,Single,Student,7/2/2020,Student,0,Mobile App Push
889359,5,Kelly,74,Female,Spain,28714.17,Married,Retired,7/2/2021,Senior,0,Mail
889410,1,Foster,43,Female,France,48927.54,Widowed,Salaried Employee,11/20/2025,Retail,0,Mobile App Push
889460,1,Atkinson,48,Female,France,47336.78,Divorced,Self-Employed,1/20/2019,Retail,0,Email
889660,2,Ho,36,Male,United Kingdom,63048.65,Married,Salaried Employee,6/22/2020,Family,2,SMS
889743,1,Cruz,62,Male,Germany,30788.68,Married,Freelancer,10/22/2024,Retail,0,SMS
889759,2,Hernandez,30,Female,Spain,51984.58,Married,Self-Employed,6/5/2020,Family,1,Phone Call
889882,4,Cook,56,Female,United States,47863.57,Married,Salaried Employee,9/25/2020,Premium,1,Email
890075,2,Valencia,45,Female,France,38653.57,Single,Salaried Employee,12/9/2023,Family,3,Mail
890170,1,Mann,49,Male,United Kingdom,36038.79,Married,Self-Employed,11/28/2018,Retail,0,Mobile App Push
890200,1,Thomas,39,Female,United States,35986.02,Divorced,Salaried Employee,4/18/2020,Retail,2,Email
890371,5,Parker,77,Male,Germany,36410.04,Widowed,Retired,2/14/2022,Senior,1,Mail
890785,5,Rodriguez,61,Male,Germany,24685.04,Married,Retired,7/31/2019,Senior,0,Mail
890870,1,Martinez,37,Female,France,37684.51,Married,Salaried Employee,4/30/2019,Retail,1,SMS
890973,5,Bush,72,Male,France,27616.70,Divorced,Retired,11/20/2017,Senior,0,Mail
891030,4,Hall,61,Female,France,239776.29,Divorced,Business Owner,1/13/2020,Premium,0,Mobile App Push
891062,1,Cox,26,Male,United Kingdom,24260.08,Single,Self-Employed,7/16/2024,Retail,0,Mail
891083,2,Parrish,48,Female,United Kingdom,49346.00,Married,Self-Employed,2/15/2020,Family,2,Mobile App Push
891093,4,Clark,66,Male,Germany,112393.64,Single,Salaried Employee,9/17/2016,Premium,1,Email
891401,5,Barnes,70,Male,Germany,43493.91,Married,Retired,5/14/2023,Senior,0,Email
891615,1,Scott,52,Female,United Kingdom,60247.07,Widowed,Freelancer,2/25/2017,Retail,0,Email
891638,5,Terry,69,Female,United Kingdom,223147.42,Married,Retired,5/10/2019,Senior,1,Email
891645,3,Atkinson,23,Male,France,10585.60,Single,Student,8/24/2020,Student,0,Email
891662,2,Smith,34,Male,United Kingdom,43642.35,Married,Salaried Employee,2/26/2023,Family,1,Email
891787,1,Parrish,28,Female,Germany,26073.82,Single,Salaried Employee,4/12/2021,Retail,1,SMS
891918,2,Hart,37,Female,United Kingdom,53370.48,Married,Self-Employed,5/25/2021,Family,1,Mobile App Push
891937,2,Gould,40,Female,France,41498.46,Married,Business Owner,5/25/2026,Family,2,Email
891952,5,Anderson,61,Male,Spain,36096.61,Married,Salaried Employee,4/8/2021,Senior,0,Mail
892170,1,Boyd,45,Female,France,30032.90,Single,Freelancer,6/28/2017,Retail,1,Mobile App Push
892182,1,Larson,35,Male,France,26572.57,Single,Salaried Employee,2/16/2022,Retail,0,Email
892280,2,Young,43,Male,United Kingdom,53101.51,Married,Business Owner,11/28/2019,Family,3,Email
892313,2,Clarke,36,Female,Germany,53063.69,Married,Freelancer,12/13/2021,Family,2,Email
892453,1,Le,50,Female,Germany,33449.28,Single,Salaried Employee,7/4/2017,Retail,0,Email
892495,4,Henson,63,Female,United States,133596.87,Single,Business Owner,5/24/2024,Premium,1,Mobile App Push
892630,1,Johnson,48,Male,United States,95662.92,Married,Salaried Employee,1/6/2024,Retail,2,SMS
892682,1,Peters,33,Female,Spain,53778.71,Single,Salaried Employee,11/8/2022,Retail,0,SMS
892911,2,Mcdowell,39,Male,France,40049.78,Married,Salaried Employee,6/5/2017,Family,4,Email
893005,2,Poole,35,Female,United Kingdom,25386.19,Divorced,Salaried Employee,9/16/2023,Family,1,Email
893188,2,Greene,38,Female,United States,50466.62,Married,Salaried Employee,2/16/2022,Family,2,Email
893202,5,Solis,74,Male,United Kingdom,29502.76,Widowed,Retired,11/20/2018,Senior,0,Mail
893435,2,Smith,45,Female,United States,61287.79,Married,Self-Employed,11/1/2022,Family,1,Mobile App Push
893454,1,Sullivan,48,Female,France,14459.61,Married,Salaried Employee,8/16/2017,Retail,0,SMS
893547,2,Davis,47,Female,Germany,43651.37,Married,Self-Employed,9/21/2019,Family,3,Email
893612,5,Williams,85,Male,France,66518.25,Married,Retired,2/26/2021,Senior,0,SMS
893853,5,Underwood,79,Female,United Kingdom,22422.10,Widowed,Retired,7/22/2020,Senior,0,Email
893928,1,Davis,61,Male,France,19566.98,Married,Salaried Employee,10/15/2017,Retail,3,SMS
893969,4,Walker,64,Female,Germany,215432.94,Married,Salaried Employee,9/4/2017,Premium,0,Mobile App Push
893988,1,Ortega,35,Female,Germany,47630.66,Married,Salaried Employee,4/19/2022,Retail,0,Email
894068,1,Davis,50,Female,United States,24323.54,Single,Freelancer,3/3/2023,Retail,1,Mobile App Push
894139,2,Higgins,52,Female,France,29932.71,Married,Salaried Employee,7/10/2017,Family,1,SMS
894268,2,Schmidt,33,Male,France,28436.32,Married,Salaried Employee,5/3/2017,Family,1,SMS
894348,3,Paul,21,Male,France,17354.97,Single,Student,4/30/2024,Student,0,Email
894541,5,Brown,88,Female,United Kingdom,13597.55,Married,Retired,9/20/2019,Senior,0,Mobile App Push
894586,2,Mejia,50,Female,France,37518.33,Married,Salaried Employee,7/31/2018,Family,3,Mobile App Push
894993,5,Wilson,72,Female,United States,34471.28,Widowed,Business Owner,3/20/2026,Senior,0,Mail
895034,3,George,23,Female,France,13019.60,Single,Student,5/13/2020,Student,0,SMS
895075,5,Edwards,75,Male,Spain,27510.65,Widowed,Salaried Employee,6/18/2019,Senior,0,SMS
895128,1,Chavez,44,Female,Germany,24984.75,Divorced,Salaried Employee,9/28/2023,Retail,0,Mobile App Push
895216,1,Perez,62,Male,United States,29680.92,Married,Salaried Employee,9/3/2022,Retail,1,SMS
895242,2,Patterson,40,Male,France,47870.54,Married,Salaried Employee,4/11/2020,Family,3,Email
895248,4,Cox,32,Female,Spain,118181.80,Married,Business Owner,9/17/2016,Premium,0,Email
895284,5,Valentine,67,Male,France,41607.85,Married,Retired,6/18/2018,Senior,0,Phone Call
895338,3,Le,20,Male,United Kingdom,12593.57,Single,Student,5/9/2018,Student,0,Mail
895667,1,Foster,48,Male,United States,21431.84,Single,Salaried Employee,2/24/2023,Retail,1,Phone Call
895702,5,Zamora,75,Male,France,19811.00,Widowed,Retired,5/19/2025,Senior,0,Mobile App Push
895794,3,Gibson,19,Male,Germany,11865.12,Single,Freelancer,7/24/2023,Student,0,Email
896028,2,Ramirez,46,Female,Germany,28874.45,Married,Self-Employed,10/3/2025,Family,2,SMS
896204,1,Baker,57,Male,Spain,38588.84,Married,Salaried Employee,8/17/2024,Retail,2,Mobile App Push
896290,2,Kelly,41,Female,United States,40775.19,Single,Salaried Employee,7/26/2024,Family,3,Email
896386,1,Hill,41,Male,Spain,24179.06,Divorced,Salaried Employee,1/10/2021,Retail,0,Email
896456,1,Alvarado,28,Female,United States,41480.13,Single,Salaried Employee,6/4/2025,Retail,0,Email
896483,1,Greene,37,Male,Germany,31036.84,Married,Salaried Employee,12/4/2018,Retail,0,Email
896788,5,Green,72,Female,Germany,30896.65,Widowed,Retired,9/21/2022,Senior,0,Mail
896907,4,Hicks,48,Female,France,181257.67,Single,Salaried Employee,10/9/2021,Premium,0,Mobile App Push
896922,2,Martin,41,Male,France,72354.74,Married,Salaried Employee,1/16/2026,Family,1,Mobile App Push
897135,1,Mueller,38,Female,Germany,44549.73,Married,Salaried Employee,12/7/2020,Retail,0,SMS
897143,4,Joyce,50,Male,Spain,48159.22,Married,Salaried Employee,7/2/2021,Premium,1,Email
897273,1,Howell,34,Male,United Kingdom,63505.56,Single,Salaried Employee,2/27/2026,Retail,0,Mobile App Push
897305,1,Morris,45,Female,France,21463.31,Single,Salaried Employee,1/14/2025,Retail,2,Mobile App Push
897392,1,Montgomery,48,Male,France,35253.97,Married,Freelancer,1/6/2019,Retail,2,Mail
897423,2,Jimenez,36,Female,United States,31192.83,Married,Salaried Employee,8/15/2024,Family,2,Mail
897441,2,Rios,39,Male,Germany,40633.38,Married,Unemployed,12/8/2018,Family,2,Mobile App Push
897549,1,Brown,49,Female,United States,71614.26,Married,Unemployed,8/29/2023,Retail,2,Mobile App Push
897615,2,Bailey,43,Male,United States,40787.45,Married,Salaried Employee,6/2/2024,Family,2,SMS
897730,1,Santana,52,Male,United States,36585.78,Married,Freelancer,5/17/2019,Retail,0,Email
897846,2,Ewing,44,Male,Germany,69309.24,Married,Self-Employed,12/23/2023,Family,1,SMS
898025,1,Perez,35,Female,France,21377.32,Married,Self-Employed,4/13/2025,Retail,2,Mobile App Push
898100,1,Rodriguez,45,Female,United States,64460.85,Divorced,Salaried Employee,12/27/2018,Retail,0,Email
898169,2,Griffith,37,Male,Germany,57836.63,Married,Salaried Employee,3/10/2019,Family,3,SMS
898207,1,Johnson,48,Male,United Kingdom,26705.53,Divorced,Salaried Employee,5/27/2023,Retail,0,Email
898329,5,Harris,68,Female,Germany,36139.57,Married,Retired,5/25/2026,Senior,0,Mail
898461,4,Weaver,51,Male,France,98875.83,Married,Business Owner,12/5/2022,Premium,2,Email
898462,1,Jensen,62,Male,France,33331.04,Single,Salaried Employee,11/9/2020,Retail,0,Phone Call
898531,2,Gallagher,33,Male,Spain,73999.56,Married,Business Owner,6/20/2021,Family,3,Email
898625,4,Fitzgerald,49,Male,Spain,195642.12,Married,Salaried Employee,6/30/2025,Premium,1,Mail
898696,1,Klein,42,Female,Germany,39187.93,Married,Salaried Employee,4/27/2023,Retail,0,SMS
898867,3,Anderson,23,Male,France,13495.93,Single,Student,7/15/2021,Student,0,Mobile App Push
898975,3,Kelley,22,Female,Germany,13902.23,Single,Student,8/9/2019,Student,0,Email
899049,1,Zuniga,51,Female,France,23598.83,Married,Self-Employed,11/26/2025,Retail,0,Email
899213,1,Adams,36,Male,Germany,44498.24,Divorced,Salaried Employee,9/29/2024,Retail,1,SMS
899281,2,Dunn,39,Female,United Kingdom,53193.61,Married,Unemployed,8/26/2023,Family,1,Email
899407,4,Garcia,37,Female,United Kingdom,54269.61,Divorced,Self-Employed,12/26/2024,Premium,0,SMS
899444,2,Taylor,55,Male,Germany,57723.77,Married,Salaried Employee,3/7/2025,Family,1,Mobile App Push
899484,1,Moore,59,Male,United Kingdom,34162.49,Married,Salaried Employee,9/27/2021,Retail,0,Mobile App Push
899550,1,Jones,42,Female,Germany,67172.59,Married,Self-Employed,3/2/2025,Retail,0,Mail
899649,1,Hunt,53,Female,United Kingdom,29798.13,Single,Self-Employed,1/20/2023,Retail,1,SMS
899776,2,White,51,Female,Germany,39236.76,Married,Salaried Employee,6/26/2017,Family,3,Email
899787,5,Woodard,76,Male,Spain,25526.30,Divorced,Retired,3/10/2020,Senior,0,Phone Call
899929,4,Miller,44,Male,France,220794.85,Married,Salaried Employee,5/5/2026,Premium,0,Mobile App Push
899977,2,Solomon,35,Male,France,45364.08,Single,Salaried Employee,4/26/2018,Family,3,Email
900152,1,Short,59,Female,Germany,146658.06,Married,Salaried Employee,2/22/2022,Retail,0,Phone Call
900177,5,Wright,68,Male,France,25579.08,Divorced,Retired,4/3/2025,Senior,0,Mail
900185,1,Henderson,41,Female,United States,25679.94,Married,Salaried Employee,4/24/2023,Retail,2,SMS
900190,4,Hughes,50,Male,United Kingdom,66361.32,Single,Salaried Employee,2/22/2021,Premium,0,Phone Call
900298,1,Peterson,26,Female,Germany,41912.89,Single,Self-Employed,8/11/2025,Retail,1,Email
900441,1,Washington,45,Male,United States,16910.53,Married,Salaried Employee,8/31/2020,Retail,1,Mobile App Push
900581,1,Henderson,24,Male,United Kingdom,28966.54,Divorced,Salaried Employee,7/7/2024,Retail,2,Mobile App Push
900660,1,Prince,53,Male,France,31930.59,Married,Salaried Employee,5/7/2018,Retail,0,Email
900961,4,Dalton,51,Female,Spain,185262.65,Married,Business Owner,12/5/2022,Premium,2,Email
900962,1,Duran,46,Female,United States,28574.48,Married,Business Owner,4/23/2021,Retail,2,Mobile App Push
901164,1,Montgomery,33,Male,Germany,19054.47,Single,Unemployed,2/12/2020,Retail,3,Phone Call
901280,4,Moreno,38,Female,France,146059.42,Single,Salaried Employee,1/10/2017,Premium,2,Mobile App Push
901305,1,Hernandez,24,Female,France,37676.13,Divorced,Salaried Employee,1/28/2017,Retail,3,SMS
901351,2,Goodwin,55,Female,France,36284.84,Married,Freelancer,6/27/2017,Family,2,Mail
901368,1,Gibson,56,Male,Spain,20284.53,Divorced,Salaried Employee,3/31/2017,Retail,3,Email
901387,2,Rodriguez,42,Male,France,24518.21,Married,Self-Employed,3/2/2026,Family,2,SMS
901467,1,Sanchez,56,Male,France,28832.68,Divorced,Salaried Employee,2/13/2021,Retail,0,Email
901535,1,Carpenter,44,Male,United Kingdom,32480.55,Single,Self-Employed,12/26/2025,Retail,0,Mobile App Push
901561,3,Lewis,19,Female,United Kingdom,15225.39,Single,Student,7/9/2022,Student,0,Email
901577,1,Valentine,26,Male,United States,57041.43,Widowed,Self-Employed,10/20/2019,Retail,2,Mobile App Push
901619,1,Farrell,55,Male,United States,48781.90,Divorced,Self-Employed,2/25/2018,Retail,1,Mobile App Push
901676,4,Davis,49,Male,United Kingdom,116763.25,Married,Business Owner,3/16/2023,Premium,2,Email
901677,1,Miller,37,Male,United Kingdom,21752.54,Divorced,Salaried Employee,1/3/2023,Retail,1,Mobile App Push
901909,4,Adams,48,Male,United States,158620.49,Single,Self-Employed,6/27/2019,Premium,0,Email
902156,1,Johnson,39,Female,France,23394.22,Married,Salaried Employee,7/27/2026,Retail,0,SMS
902325,1,Williams,44,Male,France,69280.12,Single,Freelancer,9/15/2020,Retail,1,Email
902328,1,Bernard,52,Male,Germany,25320.34,Married,Salaried Employee,9/27/2019,Retail,2,Mobile App Push
902448,2,Mills,40,Female,France,23702.84,Married,Salaried Employee,9/2/2018,Family,3,Mobile App Push
902575,1,Cook,30,Male,Spain,52385.50,Married,Self-Employed,1/1/2022,Retail,1,Mobile App Push
902616,1,Stein,38,Female,France,23235.29,Single,Salaried Employee,6/17/2019,Retail,1,SMS
902658,1,Hamilton,33,Male,Germany,42311.02,Married,Self-Employed,12/18/2024,Retail,1,SMS
902674,1,Clark,24,Male,Spain,44843.41,Single,Salaried Employee,3/8/2025,Retail,0,Email
902784,1,Frye,31,Male,United States,42720.39,Single,Freelancer,6/29/2019,Retail,0,Phone Call
902903,2,Randolph,38,Female,Germany,56312.35,Widowed,Business Owner,12/3/2024,Family,2,Mail
902930,5,Hall,73,Female,Spain,70310.64,Divorced,Retired,4/26/2020,Senior,0,Email
903013,5,Hayes,70,Female,Spain,58065.15,Married,Retired,2/14/2025,Senior,0,Mobile App Push
903028,1,Drake,39,Male,Germany,26687.55,Single,Salaried Employee,12/1/2020,Retail,2,Mobile App Push
903035,1,Clark,40,Female,Spain,11900.29,Married,Salaried Employee,10/1/2020,Retail,0,Email
903061,2,Williams,31,Male,France,27932.69,Married,Salaried Employee,7/15/2020,Family,2,SMS
903072,3,Phillips,22,Male,Germany,15475.71,Single,Student,4/1/2022,Student,0,Mobile App Push
903124,2,Anderson,33,Female,France,57318.41,Divorced,Business Owner,5/12/2021,Family,3,Email
903265,5,Maynard,81,Female,Germany,11252.31,Divorced,Retired,8/15/2023,Senior,0,Mail
903373,5,Parsons,79,Male,Spain,15194.93,Divorced,Business Owner,2/28/2025,Senior,0,Phone Call
903398,5,Rice,64,Female,Spain,39652.36,Divorced,Retired,3/23/2024,Senior,0,Mail
903506,1,Dyer,52,Male,Spain,30881.50,Divorced,Salaried Employee,12/28/2025,Retail,1,SMS
903531,1,Wood,42,Male,United Kingdom,18236.69,Married,Salaried Employee,10/2/2020,Retail,0,SMS
903726,2,Martin,41,Female,Germany,30361.46,Married,Salaried Employee,10/1/2018,Family,3,Email
903741,1,Sims,62,Female,France,43990.66,Divorced,Salaried Employee,8/21/2023,Retail,0,SMS
904092,1,Gonzalez,42,Female,United Kingdom,50846.83,Single,Freelancer,5/2/2022,Retail,2,Email
904150,4,Woods,32,Male,Germany,121467.77,Married,Salaried Employee,5/18/2025,Premium,1,Email
904214,4,Wilson,54,Female,France,73126.38,Divorced,Self-Employed,1/8/2017,Premium,1,Email
904291,1,Martin,39,Female,United Kingdom,22146.76,Single,Salaried Employee,10/27/2016,Retail,0,SMS
904373,1,Davis,54,Female,United Kingdom,19148.27,Single,Self-Employed,3/20/2021,Retail,1,Mail
904624,1,Banks,25,Male,France,32976.12,Divorced,Salaried Employee,5/5/2024,Retail,2,Email
904694,5,Sanchez,82,Male,France,31613.75,Married,Retired,6/5/2026,Senior,1,Mail
904711,1,Swanson,50,Female,United Kingdom,40170.38,Divorced,Salaried Employee,7/29/2017,Retail,1,Mail
904751,2,Smith,35,Female,United Kingdom,40380.41,Married,Unemployed,7/25/2025,Family,3,Email
904771,5,Pena,75,Male,United States,19228.06,Married,Business Owner,2/11/2017,Senior,0,Mail
904812,1,Chung,24,Male,France,35206.98,Single,Salaried Employee,9/22/2022,Retail,0,SMS
904858,1,Cross,49,Male,United States,60969.36,Married,Salaried Employee,10/16/2024,Retail,2,Mail
904905,1,Murphy,60,Female,United States,40955.23,Married,Freelancer,12/27/2023,Retail,0,Mobile App Push
905077,2,Mays,37,Female,Germany,20525.96,Married,Business Owner,7/6/2017,Family,2,Mobile App Push
905245,2,Armstrong,35,Female,Germany,39717.48,Married,Unemployed,8/8/2020,Family,3,SMS
905459,1,Stone,60,Male,United Kingdom,45727.62,Divorced,Self-Employed,7/12/2018,Retail,1,SMS
905579,3,Walker,21,Male,Spain,14015.31,Single,Student,9/14/2022,Student,0,Email
905635,1,Wilson,36,Male,United Kingdom,48860.45,Married,Salaried Employee,12/12/2018,Retail,0,Mail
905819,5,Thomas,63,Male,Spain,35583.41,Married,Retired,1/5/2019,Senior,2,Mobile App Push
905843,2,Robinson,51,Female,France,60812.05,Married,Freelancer,11/16/2019,Family,0,Phone Call
905934,5,Fletcher,80,Female,Spain,32076.95,Widowed,Retired,2/21/2019,Senior,0,Phone Call
905942,3,Bautista,25,Male,Germany,10801.10,Single,Student,8/20/2016,Student,0,Email
905967,5,Mccoy,66,Female,France,106416.00,Widowed,Business Owner,7/28/2024,Senior,0,Phone Call
906010,5,Meyer,68,Female,Spain,65553.25,Married,Self-Employed,10/12/2018,Senior,1,Mail
906048,2,Conway,40,Female,France,48531.60,Married,Self-Employed,10/25/2021,Family,4,Email
906066,2,Jones,55,Female,Spain,43460.75,Married,Business Owner,12/9/2025,Family,2,Email
906233,2,Atkins,41,Male,United States,34840.86,Married,Salaried Employee,2/10/2022,Family,2,SMS
906306,1,Li,32,Male,Germany,28866.56,Single,Self-Employed,12/9/2016,Retail,0,Mobile App Push
906315,2,Fleming,39,Male,Spain,50662.87,Married,Self-Employed,5/15/2018,Family,2,SMS
906325,2,Valdez,47,Female,United States,20448.23,Married,Salaried Employee,2/14/2024,Family,1,Email
906360,1,Walls,44,Female,Germany,51496.43,Married,Unemployed,4/23/2022,Retail,0,SMS
906519,5,Patterson,86,Male,Germany,32761.15,Married,Retired,12/25/2016,Senior,0,Email
906527,2,Thornton,33,Male,Spain,23486.37,Married,Unemployed,5/23/2020,Family,4,Phone Call
906564,2,Robinson,41,Male,Spain,33037.81,Married,Business Owner,2/21/2025,Family,3,Mobile App Push
906731,1,Simmons,38,Female,United Kingdom,32658.43,Single,Freelancer,5/26/2026,Retail,0,Mobile App Push
906814,5,Cross,71,Female,United States,27411.17,Widowed,Business Owner,8/7/2019,Senior,0,Email
906859,5,Shelton,62,Female,United States,39400.96,Widowed,Retired,2/6/2023,Senior,1,Email
907069,2,Reeves,52,Male,United States,27431.95,Married,Salaried Employee,2/21/2020,Family,2,Mobile App Push
907189,2,Williams,39,Female,Germany,45901.05,Married,Self-Employed,11/16/2016,Family,2,Mail
907236,1,Morales,50,Male,United States,52849.22,Single,Freelancer,12/15/2017,Retail,0,Mail
907278,2,Castillo,39,Male,United Kingdom,66606.47,Married,Salaried Employee,7/15/2024,Family,0,Mobile App Push
907369,1,Hernandez,44,Female,Spain,27451.81,Married,Unemployed,5/22/2020,Retail,3,Email
907451,3,Parsons,23,Male,France,18020.78,Single,Student,3/23/2017,Student,0,Mail
907455,1,Jackson,44,Female,United Kingdom,31206.27,Single,Salaried Employee,5/22/2020,Retail,1,SMS
907528,5,Smith,77,Female,Germany,9238.68,Widowed,Retired,6/5/2021,Senior,0,Mobile App Push
907557,1,Garcia,41,Male,Germany,38409.96,Single,Unemployed,2/4/2017,Retail,1,Email
907750,1,Friedman,35,Male,Germany,44029.79,Married,Salaried Employee,10/28/2016,Retail,0,Mobile App Push
907756,1,Thomas,47,Female,France,37874.93,Single,Business Owner,8/5/2025,Retail,2,Email
907788,2,Scott,34,Female,Germany,26301.74,Married,Salaried Employee,4/29/2021,Family,2,SMS
907789,3,Jackson,22,Male,Spain,17308.48,Single,Student,6/9/2020,Student,0,Email
907812,4,Gonzalez,65,Female,France,63924.46,Married,Salaried Employee,8/24/2016,Premium,0,Mail
907921,2,Baker,40,Female,Spain,21047.23,Married,Salaried Employee,4/2/2017,Family,2,Email
907924,1,Webb,46,Female,United States,34856.03,Single,Salaried Employee,1/10/2017,Retail,0,Email
908206,3,Baldwin,22,Male,France,9765.69,Single,Student,12/9/2017,Student,0,SMS
908239,1,Wagner,35,Female,Germany,27723.89,Married,Salaried Employee,9/30/2025,Retail,1,Email
908274,1,Robinson,58,Male,United Kingdom,28144.92,Single,Salaried Employee,1/14/2025,Retail,0,Email
908320,2,Fox,48,Female,United States,34606.51,Married,Business Owner,3/5/2023,Family,3,Mail
908348,5,Thompson,71,Female,Germany,39143.42,Widowed,Retired,9/8/2024,Senior,0,Email
908382,2,Shields,43,Male,United States,45237.72,Married,Salaried Employee,2/13/2022,Family,3,Mobile App Push
908442,1,Ray,42,Female,Spain,56841.29,Divorced,Salaried Employee,10/4/2025,Retail,1,SMS
908447,1,Chapman,42,Female,Spain,47412.50,Single,Self-Employed,6/13/2024,Retail,0,Mobile App Push
908475,1,Fernandez,42,Female,Germany,33988.19,Single,Freelancer,3/23/2017,Retail,1,Phone Call
908554,1,Fowler,30,Female,France,16771.21,Single,Salaried Employee,8/25/2017,Retail,1,Mobile App Push
908577,1,Garcia,53,Male,Spain,40850.20,Single,Salaried Employee,9/28/2020,Retail,0,Mobile App Push
908634,1,Bell,46,Male,Germany,29652.99,Married,Business Owner,6/11/2018,Retail,2,Email
908688,1,Hall,49,Female,Germany,25043.09,Single,Self-Employed,8/29/2022,Retail,1,SMS
908713,1,Castillo,43,Female,United States,51899.57,Married,Freelancer,11/6/2019,Retail,1,Mobile App Push
908812,4,Livingston,46,Female,United Kingdom,100672.59,Married,Business Owner,8/27/2024,Premium,1,Mobile App Push
908903,1,Ponce,31,Male,Germany,30354.10,Single,Salaried Employee,11/2/2017,Retail,3,Mobile App Push
908977,1,Harris,53,Male,France,33559.85,Single,Salaried Employee,11/28/2017,Retail,0,Mail
909000,1,Davis,45,Male,United States,56544.98,Widowed,Freelancer,10/6/2016,Retail,1,Mobile App Push
909327,2,Gonzalez,32,Male,United States,70607.42,Married,Salaried Employee,10/19/2017,Family,2,Email
909489,1,Gallagher,42,Female,United Kingdom,28248.89,Single,Salaried Employee,7/28/2022,Retail,2,Phone Call
909652,1,Perez,34,Male,France,16527.90,Married,Salaried Employee,8/10/2020,Retail,0,Mail
909676,1,Powell,37,Female,United Kingdom,31014.36,Married,Salaried Employee,6/4/2024,Retail,0,Email
909859,1,Hill,56,Female,Germany,65789.29,Married,Unemployed,5/15/2020,Retail,1,SMS
910004,1,Sharp,54,Male,Germany,32771.74,Single,Unemployed,8/13/2019,Retail,0,Email
910065,1,Chaney,43,Female,United Kingdom,49883.64,Married,Salaried Employee,10/2/2020,Retail,3,Mobile App Push
910074,1,Atkinson,47,Female,United Kingdom,28084.89,Married,Salaried Employee,7/17/2022,Retail,0,SMS
910075,1,Ibarra,48,Male,Germany,39030.75,Single,Salaried Employee,9/23/2019,Retail,2,Mail
910090,1,Herrera,36,Female,Germany,35453.68,Married,Salaried Employee,8/30/2022,Retail,3,Email
910143,2,Ware,42,Male,Spain,40714.25,Married,Salaried Employee,3/9/2022,Family,1,Mail
910208,1,Shaw,29,Male,Germany,14559.40,Single,Business Owner,4/27/2020,Retail,1,Mobile App Push
910326,1,Smith,34,Male,Spain,33155.87,Married,Salaried Employee,9/3/2022,Retail,0,Mobile App Push
910389,5,Long,71,Female,France,59875.74,Married,Retired,8/14/2021,Senior,0,Phone Call
910616,2,Collins,43,Female,Germany,36554.59,Married,Business Owner,8/7/2022,Family,2,Email
910620,1,Chapman,38,Male,France,17154.97,Married,Freelancer,12/23/2019,Retail,0,SMS
910707,1,Day,34,Male,Germany,32429.09,Married,Salaried Employee,9/26/2020,Retail,2,Email
910883,5,Smith,72,Female,France,27315.71,Single,Retired,8/3/2020,Senior,0,Mail
910891,2,Campbell,45,Female,United Kingdom,25916.94,Married,Unemployed,11/22/2020,Family,1,Email
910894,4,Green,53,Male,United Kingdom,129525.80,Married,Salaried Employee,11/13/2022,Premium,3,Mail
911032,2,Crawford,36,Male,United Kingdom,41218.23,Married,Salaried Employee,10/12/2020,Family,1,SMS
911102,1,Henderson,53,Male,Germany,62284.20,Married,Salaried Employee,6/4/2025,Retail,0,Mail
911117,1,Ferrell,37,Male,United Kingdom,43020.04,Divorced,Salaried Employee,1/19/2024,Retail,0,Mail
911131,3,Marshall,19,Male,United States,25851.89,Single,Student,6/8/2022,Student,0,Mobile App Push
911152,1,Haley,31,Male,Spain,74855.91,Married,Salaried Employee,2/11/2020,Retail,1,Mobile App Push
911159,1,Reynolds,48,Female,Germany,36816.06,Married,Self-Employed,10/31/2023,Retail,1,Email
911187,2,Salazar,38,Male,United States,30113.85,Married,Salaried Employee,9/20/2022,Family,2,SMS
911242,2,Butler,42,Male,France,19979.50,Married,Salaried Employee,7/3/2025,Family,2,SMS
911259,2,Case,49,Male,France,20063.18,Divorced,Unemployed,7/8/2022,Family,4,SMS
911414,4,Ortega,50,Male,France,111665.37,Married,Self-Employed,3/6/2018,Premium,2,Mobile App Push
911630,5,Fitzgerald,77,Female,United States,36243.77,Married,Retired,2/15/2018,Senior,0,Mail
911739,2,Le,42,Male,United States,31279.86,Married,Business Owner,8/12/2018,Family,2,SMS
911801,3,Mcneil,22,Male,Germany,24677.62,Single,Student,6/4/2022,Student,0,SMS
911982,3,Valdez,21,Female,France,12068.84,Single,Student,10/7/2019,Student,0,SMS
911984,4,Reed,53,Female,Germany,155550.96,Married,Salaried Employee,1/30/2019,Premium,3,Phone Call
912085,4,Aguirre,43,Female,Spain,170006.52,Divorced,Self-Employed,9/11/2025,Premium,1,Email
912233,1,Fischer,36,Male,Germany,31307.78,Single,Self-Employed,9/12/2023,Retail,2,Mobile App Push
912270,2,Medina,50,Male,United Kingdom,50500.69,Married,Business Owner,5/18/2018,Family,1,SMS
912378,1,Adams,39,Female,Germany,36001.29,Married,Freelancer,3/28/2017,Retail,0,Mobile App Push
912402,1,Jones,41,Female,Spain,35357.25,Married,Salaried Employee,1/14/2018,Retail,0,Email
912510,5,Khan,64,Female,France,15939.59,Married,Self-Employed,3/31/2021,Senior,1,Email
912609,3,Howard,20,Female,United Kingdom,8000.00,Single,Student,10/20/2024,Student,0,Mobile App Push
912617,5,Nelson,77,Male,Spain,48233.27,Divorced,Retired,3/24/2018,Senior,1,Phone Call
912764,2,Lindsey,55,Female,Germany,28039.84,Married,Freelancer,6/16/2026,Family,3,SMS
912853,5,Martin,70,Male,United States,28464.29,Married,Self-Employed,7/12/2019,Senior,1,Mail
912863,2,Campbell,47,Female,Spain,32598.86,Divorced,Salaried Employee,11/20/2017,Family,4,Mobile App Push
913185,1,Williams,45,Male,France,43229.28,Single,Self-Employed,6/28/2022,Retail,2,Mobile App Push
913205,1,Hamilton,53,Female,United Kingdom,58057.87,Married,Salaried Employee,7/23/2025,Retail,1,Mail
913217,2,Herrera,51,Female,France,31461.24,Married,Salaried Employee,8/28/2020,Family,3,Email
913274,1,Johnson,46,Male,Germany,45878.15,Single,Salaried Employee,8/5/2019,Retail,1,Phone Call
913308,1,Wilson,43,Female,United Kingdom,11541.08,Married,Salaried Employee,4/29/2020,Retail,1,Email
913331,1,Williams,46,Male,France,32916.41,Single,Self-Employed,5/20/2022,Retail,0,Email
913373,3,Elliott,19,Female,France,23336.82,Single,Student,9/25/2017,Student,0,Mobile App Push
913423,2,Barnes,43,Male,Germany,42479.57,Married,Salaried Employee,10/26/2021,Family,2,Email
913575,1,Jones,26,Male,Germany,49702.70,Single,Freelancer,3/12/2025,Retail,1,Mobile App Push
913594,1,Patel,50,Male,Germany,29653.78,Single,Self-Employed,3/8/2024,Retail,1,Email
913608,4,Nelson,50,Female,France,122952.52,Single,Business Owner,5/17/2021,Premium,0,Mail
913694,5,Sanchez,71,Female,United Kingdom,33121.66,Divorced,Salaried Employee,7/1/2025,Senior,0,Phone Call
913712,1,Jackson,29,Male,France,23895.63,Married,Self-Employed,7/31/2019,Retail,2,Email
913761,5,Stout,70,Female,Germany,50032.98,Married,Business Owner,10/16/2018,Senior,0,Phone Call
913848,3,Atkins,20,Male,United States,19656.75,Single,Student,9/5/2016,Student,0,SMS
913864,3,Wallace,21,Female,Spain,17407.17,Single,Student,11/15/2023,Student,0,Phone Call
913875,1,Fry,25,Male,Germany,33803.48,Married,Salaried Employee,3/2/2022,Retail,0,Mail
913894,1,Hill,46,Male,Germany,39759.68,Single,Salaried Employee,7/17/2023,Retail,0,Mobile App Push
913920,5,Kaiser,74,Female,France,18501.96,Married,Self-Employed,1/1/2025,Senior,0,Mail
913934,4,Velazquez,62,Male,United Kingdom,123655.80,Married,Salaried Employee,5/9/2017,Premium,1,Mail
914504,1,Hunter,36,Male,France,69232.96,Married,Salaried Employee,12/30/2020,Retail,0,Email
914571,2,Gallegos,42,Female,United Kingdom,24184.66,Married,Salaried Employee,10/22/2021,Family,1,Email
914854,1,Hunt,41,Female,France,38377.40,Single,Salaried Employee,8/26/2024,Retail,0,Mobile App Push
914992,4,Roberson,55,Female,France,94853.37,Married,Salaried Employee,1/19/2025,Premium,2,Mobile App Push
915182,4,Lyons,47,Male,United States,137685.52,Single,Business Owner,11/25/2024,Premium,1,SMS
915437,1,Jensen,37,Female,Spain,43501.73,Single,Unemployed,5/25/2018,Retail,0,Mail
915451,1,Wallace,33,Male,United States,17962.05,Married,Self-Employed,7/31/2025,Retail,0,Email
915572,1,Everett,42,Female,United Kingdom,17985.83,Single,Salaried Employee,7/26/2025,Retail,1,Mobile App Push
915573,2,Osborn,51,Female,United States,52667.05,Married,Business Owner,10/16/2025,Family,3,Email
915749,2,Nguyen,38,Female,France,31669.72,Married,Self-Employed,5/5/2023,Family,2,SMS
915809,1,Rodriguez,42,Female,Germany,24808.43,Single,Salaried Employee,6/10/2023,Retail,0,SMS
915922,1,Wise,49,Male,United Kingdom,41602.40,Married,Salaried Employee,2/25/2017,Retail,1,Email
916118,1,Osborn,44,Male,United Kingdom,63722.15,Single,Salaried Employee,12/12/2020,Retail,1,Email
916232,4,Gonzalez,55,Female,France,248112.36,Married,Salaried Employee,1/12/2017,Premium,2,Mail
916332,2,Roth,35,Male,France,38031.70,Married,Salaried Employee,8/16/2017,Family,2,SMS
916344,2,Decker,41,Female,United Kingdom,46768.14,Married,Salaried Employee,5/26/2021,Family,1,Phone Call
916356,3,Brown,25,Female,France,10254.97,Single,Student,10/17/2020,Student,0,Mobile App Push
916449,2,Sanchez,55,Male,Spain,25041.80,Married,Freelancer,7/15/2021,Family,3,Email
916558,5,Thompson,86,Female,France,16874.10,Married,Salaried Employee,4/17/2021,Senior,0,Phone Call
916704,4,Lucas,40,Male,United Kingdom,88375.20,Single,Business Owner,9/27/2021,Premium,1,Mobile App Push
916776,1,Avery,26,Female,France,21101.23,Single,Business Owner,6/29/2021,Retail,0,Mail
916779,2,Carroll,44,Female,Spain,24727.22,Married,Salaried Employee,8/4/2023,Family,1,Mobile App Push
916808,2,Johnson,35,Female,Germany,36863.60,Married,Self-Employed,1/22/2025,Family,2,SMS
916814,1,Rivera,31,Female,Germany,23949.19,Divorced,Salaried Employee,2/10/2022,Retail,0,Email
916953,1,Larson,39,Male,France,61844.62,Married,Salaried Employee,1/2/2019,Retail,3,Mobile App Push
916964,4,Matthews,42,Female,Germany,100308.97,Single,Business Owner,3/15/2021,Premium,1,Mobile App Push
916990,4,Williams,60,Male,Germany,87568.64,Married,Self-Employed,10/19/2025,Premium,1,Mobile App Push
917012,5,Pugh,70,Female,France,43958.33,Widowed,Retired,7/27/2020,Senior,2,Email
917018,4,Mclaughlin,41,Female,France,68363.43,Married,Business Owner,5/10/2022,Premium,3,SMS
917392,1,Rodriguez,37,Female,United Kingdom,52591.25,Married,Salaried Employee,2/23/2019,Retail,2,Email
917411,1,Weber,35,Male,United States,41290.77,Married,Salaried Employee,8/26/2019,Retail,0,Phone Call
917546,3,Smith,25,Male,Germany,24483.96,Single,Freelancer,1/22/2026,Student,0,Email
917629,4,Arroyo,66,Male,United Kingdom,217751.64,Married,Freelancer,9/25/2016,Premium,0,SMS
917707,4,Porter,64,Male,France,153494.61,Divorced,Business Owner,11/3/2023,Premium,1,SMS
917710,5,Garner,74,Male,Germany,30911.37,Single,Retired,10/16/2016,Senior,0,Phone Call
917711,1,Hernandez,56,Female,Germany,39652.18,Single,Salaried Employee,8/8/2016,Retail,2,SMS
917823,1,Adams,52,Male,United States,23426.03,Single,Salaried Employee,12/13/2016,Retail,2,Mobile App Push
918011,5,Hill,70,Female,France,45925.56,Married,Retired,4/1/2017,Senior,2,Email
918017,2,Schmidt,37,Male,United States,42046.03,Married,Salaried Employee,3/16/2020,Family,2,SMS
918164,2,Decker,45,Male,France,18555.83,Married,Salaried Employee,4/28/2023,Family,2,Email
918207,2,Villanueva,42,Female,Germany,40878.82,Married,Self-Employed,4/29/2024,Family,2,Mobile App Push
918213,1,Brown,31,Female,Germany,25733.70,Divorced,Salaried Employee,11/5/2022,Retail,2,Mobile App Push
918430,3,May,20,Male,Germany,11048.30,Single,Student,12/19/2024,Student,0,Mobile App Push
918656,2,Murphy,35,Male,United States,55778.29,Single,Salaried Employee,8/26/2019,Family,3,Email
918665,3,Jackson,24,Male,United Kingdom,12326.32,Single,Student,7/24/2025,Student,0,SMS
918771,2,Smith,40,Male,France,33807.62,Married,Salaried Employee,11/1/2019,Family,2,Email
918859,1,Arnold,47,Female,United Kingdom,28502.09,Single,Salaried Employee,10/7/2018,Retail,2,Mail
918871,1,Wood,27,Male,United Kingdom,24248.31,Married,Salaried Employee,5/14/2022,Retail,0,Mobile App Push
918895,5,Miller,80,Female,United States,19387.67,Widowed,Retired,2/22/2018,Senior,0,Phone Call
918910,2,Cross,42,Male,United Kingdom,48830.68,Married,Salaried Employee,4/25/2024,Family,1,SMS
919023,4,Hernandez,46,Male,Germany,108190.23,Single,Business Owner,5/15/2018,Premium,0,Mail
919067,1,Roberts,41,Male,Spain,46129.65,Married,Unemployed,12/2/2016,Retail,2,Email
919182,1,Bush,60,Female,France,24684.09,Married,Salaried Employee,9/1/2018,Retail,0,Mail
919264,1,Mccormick,27,Male,United States,36458.34,Single,Salaried Employee,3/31/2023,Retail,1,SMS
919378,3,Cross,26,Male,United Kingdom,23532.98,Single,Student,11/22/2021,Student,0,Mobile App Push
919394,1,Bennett,46,Male,Germany,115212.27,Single,Salaried Employee,1/17/2023,Retail,1,SMS
919488,3,Wilkerson,23,Male,France,22770.21,Single,Student,8/3/2018,Student,0,Email
919656,5,Taylor,77,Male,United Kingdom,31772.65,Married,Self-Employed,2/12/2025,Senior,0,Email
919898,1,Ball,47,Female,Germany,45963.79,Single,Salaried Employee,2/11/2020,Retail,2,Mobile App Push
919959,1,Benson,35,Male,France,26774.60,Single,Self-Employed,4/27/2026,Retail,3,Email
920347,1,Allen,42,Female,France,23593.11,Married,Self-Employed,3/13/2020,Retail,3,SMS
920391,2,Hawkins,43,Male,France,50296.69,Married,Business Owner,9/17/2024,Family,1,Email
920539,5,Curtis,83,Male,United Kingdom,68595.12,Married,Self-Employed,6/13/2020,Senior,0,Mail
920597,1,Walker,38,Female,United States,43168.80,Married,Salaried Employee,3/4/2018,Retail,0,Mail
920652,1,Hernandez,38,Male,France,24803.42,Single,Salaried Employee,12/5/2017,Retail,0,Mobile App Push
920685,1,Wilson,44,Male,France,58115.15,Single,Unemployed,9/13/2016,Retail,2,Phone Call
920934,5,Miller,69,Male,France,21809.56,Widowed,Retired,5/3/2025,Senior,1,Email
921021,1,Oliver,47,Male,France,47867.40,Single,Salaried Employee,6/5/2019,Retail,2,SMS
921149,2,Phelps,55,Female,Germany,34981.88,Married,Salaried Employee,11/30/2016,Family,3,Email
921273,2,Hughes,35,Female,France,21714.04,Married,Salaried Employee,11/16/2017,Family,1,Mail
921414,5,White,73,Male,Germany,32740.76,Divorced,Retired,10/3/2025,Senior,0,Phone Call
921533,4,Johnson,34,Female,France,105830.19,Single,Salaried Employee,3/1/2023,Premium,1,Email
921609,2,Brewer,34,Female,United States,21519.00,Married,Self-Employed,7/12/2018,Family,3,Mobile App Push
921834,2,Macias,41,Female,Germany,38991.31,Married,Business Owner,6/28/2025,Family,4,Mobile App Push
921861,1,Miller,33,Female,France,26380.27,Single,Salaried Employee,6/3/2017,Retail,1,SMS
921874,1,Turner,47,Male,France,42803.13,Married,Freelancer,7/12/2026,Retail,0,Email
921875,1,Reyes,43,Male,Germany,37578.05,Single,Salaried Employee,6/19/2022,Retail,1,Phone Call
921945,2,Clark,41,Female,France,29612.29,Married,Unemployed,8/23/2024,Family,1,Phone Call
921967,1,Thompson,38,Male,France,89624.53,Married,Salaried Employee,3/31/2026,Retail,0,Mobile App Push
921968,2,Hansen,50,Male,United States,49556.83,Married,Salaried Employee,2/3/2021,Family,1,SMS
922041,1,Schmidt,42,Male,United States,87688.04,Divorced,Salaried Employee,1/4/2019,Retail,1,Email
922072,2,Chavez,35,Female,Spain,42486.24,Widowed,Self-Employed,5/12/2020,Family,2,Mobile App Push
922116,1,Smith,42,Male,France,63916.06,Married,Freelancer,10/12/2023,Retail,2,Mobile App Push
922157,2,Wright,32,Female,France,24708.02,Married,Salaried Employee,10/26/2019,Family,3,Email
922366,4,Richardson,52,Male,Spain,123487.08,Single,Business Owner,9/29/2024,Premium,1,Email
922405,4,Smith,50,Female,Germany,103789.85,Married,Self-Employed,4/10/2020,Premium,2,Mobile App Push
922412,5,Wiley,69,Male,United Kingdom,17953.01,Divorced,Retired,5/27/2025,Senior,1,Email
922458,1,Ortiz,36,Female,Germany,49823.69,Single,Salaried Employee,6/11/2023,Retail,0,SMS
922471,1,Taylor,54,Male,Germany,34158.54,Single,Self-Employed,2/25/2020,Retail,1,SMS
922478,1,Cooper,49,Female,Spain,30214.20,Single,Salaried Employee,9/6/2019,Retail,0,SMS
922543,1,Matthews,48,Male,France,26879.15,Single,Salaried Employee,12/26/2025,Retail,1,Email
922615,3,Jones,25,Male,United Kingdom,11559.57,Single,Student,3/3/2020,Student,0,Email
922733,4,Salinas,65,Male,United Kingdom,142263.91,Divorced,Business Owner,9/18/2018,Premium,2,Email
922880,1,Wilkins,47,Female,United Kingdom,28441.21,Married,Business Owner,7/10/2023,Retail,1,Mobile App Push
922974,1,Hernandez,42,Female,United Kingdom,34061.62,Divorced,Salaried Employee,9/26/2021,Retail,2,Email
923002,5,Little,75,Female,Germany,17329.59,Divorced,Salaried Employee,6/7/2022,Senior,0,Phone Call
923024,1,Henry,51,Male,France,79112.45,Single,Salaried Employee,2/27/2022,Retail,0,SMS
923073,1,Curtis,55,Male,France,31562.35,Married,Unemployed,2/17/2026,Retail,1,Email
923154,1,Davis,24,Female,Germany,57609.38,Married,Salaried Employee,7/2/2023,Retail,2,Mail
923267,1,Hayden,59,Male,Spain,43113.32,Married,Unemployed,7/4/2017,Retail,2,Email
923353,1,Fox,24,Male,Germany,48579.91,Married,Salaried Employee,4/14/2018,Retail,1,SMS
923481,1,Henry,52,Male,Spain,41845.96,Married,Unemployed,12/1/2017,Retail,0,Email
923532,5,Richards,81,Male,United States,31695.55,Married,Retired,11/3/2025,Senior,0,Phone Call
923648,1,Le,36,Male,France,49877.86,Married,Freelancer,5/29/2025,Retail,0,Mobile App Push
923690,1,Schneider,39,Female,Germany,19365.45,Married,Self-Employed,8/7/2018,Retail,3,Phone Call
923824,1,Colon,32,Female,United Kingdom,93640.50,Widowed,Business Owner,7/22/2020,Retail,2,Email
923856,1,Hamilton,45,Female,United Kingdom,66007.11,Married,Salaried Employee,12/20/2023,Retail,0,Mail
923892,4,Moon,57,Female,France,84156.03,Single,Business Owner,8/15/2018,Premium,0,Email
923914,3,Hopkins,26,Female,United States,16219.79,Married,Student,1/2/2022,Student,0,Phone Call
923927,1,Martin,42,Male,Spain,40835.77,Single,Self-Employed,9/7/2024,Retail,0,SMS
923975,2,Mack,49,Male,Spain,47779.30,Single,Self-Employed,10/1/2020,Family,4,Mobile App Push
924040,1,Hall,38,Male,United States,20689.35,Married,Business Owner,1/1/2023,Retail,0,Phone Call
924265,3,Allen,21,Male,United Kingdom,10454.59,Single,Student,11/11/2019,Student,0,Email
924451,1,Burns,61,Male,France,51750.91,Married,Self-Employed,2/12/2022,Retail,0,SMS
924566,2,Garcia,55,Female,Spain,51181.28,Married,Salaried Employee,5/31/2020,Family,0,Email
924613,4,Sharp,33,Female,United Kingdom,189737.36,Married,Business Owner,2/10/2021,Premium,3,Email
924629,1,Collins,51,Female,France,20417.80,Married,Salaried Employee,7/20/2020,Retail,1,Mobile App Push
924718,1,Barker,36,Female,France,25793.07,Single,Salaried Employee,1/31/2024,Retail,0,Email
924758,2,Harris,51,Male,United Kingdom,30618.31,Divorced,Self-Employed,10/29/2021,Family,1,Email
925013,1,Brown,36,Female,France,41480.94,Single,Salaried Employee,7/23/2023,Retail,0,Mail
925115,3,Huff,22,Female,France,8397.89,Single,Student,11/11/2019,Student,0,Email
925145,2,Harrington,51,Female,France,42193.99,Married,Salaried Employee,1/1/2023,Family,1,SMS
925206,2,James,51,Male,France,33698.89,Married,Business Owner,5/29/2018,Family,2,Mail
925220,1,Rodriguez,48,Female,France,21442.12,Single,Salaried Employee,3/1/2017,Retail,2,Phone Call
925250,5,Gordon,73,Male,France,29331.12,Married,Retired,11/3/2018,Senior,1,Email
925551,2,Mendoza,50,Female,France,71066.51,Divorced,Self-Employed,4/1/2019,Family,2,Mobile App Push
925571,1,Thomas,24,Male,Germany,51158.70,Single,Salaried Employee,3/17/2022,Retail,0,SMS
925618,2,Green,50,Male,United Kingdom,40363.14,Divorced,Self-Employed,7/1/2019,Family,3,SMS
925622,1,Bruce,48,Male,France,74769.61,Single,Self-Employed,9/4/2017,Retail,0,Email
925954,1,Krause,24,Male,Germany,31772.64,Divorced,Salaried Employee,3/26/2020,Retail,2,Email
925981,3,Murphy,23,Male,Germany,13961.37,Single,Student,1/16/2025,Student,0,Email
926045,4,Gibson,64,Female,France,82520.66,Married,Self-Employed,9/24/2022,Premium,1,Mobile App Push
926097,1,Gonzalez,54,Female,Germany,52016.75,Single,Salaried Employee,9/26/2022,Retail,1,Mobile App Push
926236,1,Morales,35,Male,United Kingdom,26313.55,Single,Salaried Employee,7/23/2026,Retail,2,Email
926372,2,Jefferson,49,Male,United Kingdom,25727.20,Married,Salaried Employee,3/25/2025,Family,4,Email
926394,4,Lee,68,Female,Germany,142275.62,Married,Salaried Employee,10/6/2018,Premium,2,Phone Call
926403,4,Harris,56,Male,United Kingdom,129443.49,Married,Salaried Employee,4/30/2025,Premium,0,Phone Call
926471,1,Wallace,38,Male,France,39819.30,Single,Salaried Employee,8/9/2016,Retail,3,Email
926596,2,Smith,48,Male,France,53456.20,Single,Business Owner,12/9/2021,Family,2,Phone Call
926730,4,Clark,36,Male,Germany,246751.90,Single,Salaried Employee,9/4/2021,Premium,0,Phone Call
926823,2,James,40,Male,United States,43526.66,Married,Self-Employed,5/19/2020,Family,4,SMS
926867,4,Payne,40,Male,United Kingdom,102156.54,Married,Business Owner,1/1/2026,Premium,1,Email
926918,1,Robertson,52,Male,Germany,27194.52,Single,Salaried Employee,10/21/2024,Retail,2,SMS
926952,1,Grant,51,Male,Germany,32673.45,Married,Unemployed,12/25/2024,Retail,3,Mobile App Push
926965,1,Ray,36,Male,United States,58456.83,Married,Freelancer,1/31/2022,Retail,0,SMS
927043,2,Frank,39,Female,Spain,61995.16,Married,Salaried Employee,12/20/2021,Family,3,Mobile App Push
927094,1,Lopez,32,Male,France,17436.58,Divorced,Salaried Employee,11/19/2019,Retail,0,SMS
927251,5,Goodman,81,Female,France,27686.59,Divorced,Retired,1/18/2026,Senior,0,SMS
927406,3,Dickerson,20,Female,France,14565.00,Single,Student,5/29/2020,Student,0,Email
927477,1,Dominguez,33,Female,United States,31046.67,Single,Salaried Employee,9/21/2025,Retail,3,SMS
927524,5,Ballard,79,Female,France,26372.88,Married,Self-Employed,12/23/2021,Senior,0,Phone Call
927564,2,Williamson,36,Female,France,63760.68,Married,Salaried Employee,12/18/2022,Family,3,Mobile App Push
927630,2,Fleming,38,Female,France,25028.98,Married,Self-Employed,5/8/2025,Family,2,Email
927769,5,Jensen,80,Male,Spain,23193.48,Married,Retired,8/3/2025,Senior,1,Email
927899,5,Fowler,74,Male,Germany,68838.75,Married,Retired,5/18/2022,Senior,0,Phone Call
927909,2,Johnson,45,Female,Spain,82404.52,Married,Salaried Employee,4/16/2019,Family,2,Email
928226,3,Nunez,21,Female,Germany,30055.73,Single,Student,1/24/2022,Student,0,Mobile App Push
928278,1,Williams,49,Male,United States,26392.77,Single,Business Owner,12/3/2020,Retail,2,Email
928358,2,Torres,54,Female,United Kingdom,73900.39,Married,Salaried Employee,10/14/2022,Family,1,Email
928381,2,White,36,Female,United States,32226.37,Married,Business Owner,8/12/2025,Family,2,Mail
928580,4,Fleming,49,Female,United Kingdom,118032.84,Married,Self-Employed,7/25/2018,Premium,0,Mobile App Push
928766,5,Wagner,78,Male,Germany,52664.40,Divorced,Retired,6/2/2017,Senior,0,Mail
928897,4,Schmitt,48,Male,France,147356.98,Married,Business Owner,2/9/2025,Premium,3,Email
929090,2,Price,28,Female,Germany,37456.13,Married,Salaried Employee,10/12/2020,Family,2,Email
929130,2,Williams,46,Male,France,50150.80,Married,Unemployed,9/6/2020,Family,4,SMS
929151,2,Johnston,36,Male,United States,30967.73,Married,Business Owner,7/3/2021,Family,4,Mail
929179,5,Heath,80,Male,Germany,18151.69,Married,Retired,10/16/2016,Senior,0,Phone Call
929478,1,Thomas,62,Male,Germany,46249.03,Single,Unemployed,2/24/2024,Retail,0,Phone Call
929493,1,Chung,28,Female,Germany,45483.07,Single,Salaried Employee,12/3/2023,Retail,0,Phone Call
929504,5,Henderson,61,Male,Spain,50855.63,Widowed,Retired,9/9/2023,Senior,0,SMS
929538,2,Andersen,33,Female,Germany,40468.79,Widowed,Salaried Employee,12/7/2025,Family,2,Email
929672,3,May,21,Male,France,8715.21,Single,Student,9/14/2025,Student,0,Email
929683,3,Price,22,Male,United States,11194.37,Single,Student,7/8/2022,Student,0,Mail
929822,3,Schmidt,22,Female,United States,12017.83,Single,Freelancer,4/6/2025,Student,0,Mobile App Push
929868,1,Robinson,37,Female,Germany,21915.98,Single,Salaried Employee,5/23/2020,Retail,3,Mobile App Push
929906,3,Galvan,22,Female,Germany,8972.45,Single,Student,4/24/2023,Student,0,Mobile App Push
929912,1,Long,40,Female,France,59335.41,Single,Salaried Employee,3/14/2021,Retail,1,Phone Call
929924,5,Lowe,83,Female,Germany,46958.41,Single,Retired,4/20/2021,Senior,0,Phone Call
929937,1,Knight,45,Female,Germany,21288.91,Single,Salaried Employee,7/23/2023,Retail,0,SMS
930117,1,Davis,60,Male,France,27582.21,Divorced,Self-Employed,3/4/2018,Retail,1,Email
930244,1,Shaffer,51,Male,Germany,57412.59,Single,Salaried Employee,2/6/2020,Retail,0,Mobile App Push
930281,1,Stanley,24,Male,France,29365.52,Married,Salaried Employee,11/15/2023,Retail,0,SMS
930307,1,Jordan,24,Female,Germany,26350.04,Married,Salaried Employee,6/9/2018,Retail,0,Phone Call
930541,1,Williams,37,Male,France,37446.50,Divorced,Self-Employed,4/14/2018,Retail,0,Email
930555,2,Galvan,42,Female,Germany,37799.85,Divorced,Self-Employed,12/1/2019,Family,2,Email
930605,5,Gibbs,88,Male,France,20056.76,Divorced,Retired,10/24/2019,Senior,0,Mail
930724,1,Mitchell,53,Male,Spain,25235.33,Divorced,Salaried Employee,3/2/2024,Retail,1,Mobile App Push
930884,5,Chavez,76,Female,Spain,14114.56,Married,Retired,8/21/2020,Senior,1,Email
930924,1,Ball,54,Male,France,35634.20,Single,Unemployed,7/13/2022,Retail,0,Phone Call
930956,1,Brewer,44,Male,Spain,36238.96,Single,Self-Employed,10/27/2025,Retail,0,Email
931016,1,Haas,46,Male,Spain,12295.32,Married,Salaried Employee,12/22/2018,Retail,0,Mail
931131,2,Reid,44,Male,United States,39544.58,Married,Salaried Employee,6/14/2018,Family,1,Mail
931161,1,Tyler,49,Female,Germany,35065.36,Married,Unemployed,8/26/2018,Retail,1,Mobile App Push
931247,1,Henderson,39,Female,Spain,17200.19,Single,Salaried Employee,10/16/2020,Retail,0,Mobile App Push
931420,1,Hamilton,39,Female,France,38150.76,Married,Self-Employed,2/8/2019,Retail,0,Mobile App Push
931450,1,Zavala,48,Male,United Kingdom,35465.28,Single,Freelancer,7/31/2017,Retail,2,Mobile App Push
931621,1,Berg,35,Female,United States,23529.56,Single,Salaried Employee,5/27/2024,Retail,1,Email
931627,4,Johnson,52,Female,United Kingdom,163831.84,Married,Salaried Employee,4/2/2026,Premium,0,SMS
931928,1,Swanson,53,Male,France,31629.68,Single,Salaried Employee,7/22/2026,Retail,3,Mobile App Push
932204,2,Fox,43,Female,Germany,36185.41,Married,Salaried Employee,1/5/2021,Family,2,Email
932250,1,Fisher,39,Female,France,24669.09,Married,Salaried Employee,7/12/2023,Retail,2,SMS
932251,1,Nelson,49,Female,United States,40315.37,Married,Self-Employed,12/25/2024,Retail,0,SMS
932291,1,Taylor,35,Female,Germany,32214.77,Single,Freelancer,8/9/2024,Retail,0,Mobile App Push
932336,2,Christian,48,Female,United States,41386.99,Married,Salaried Employee,6/16/2022,Family,2,Email
932369,1,Brown,33,Male,United Kingdom,34863.12,Married,Freelancer,7/11/2022,Retail,3,Email
932463,2,Salazar,37,Female,Spain,90321.49,Married,Self-Employed,3/21/2024,Family,3,SMS
932794,1,Christensen,36,Female,Spain,43061.10,Single,Self-Employed,7/20/2017,Retail,0,Email
932831,2,Oconnor,50,Male,Spain,50921.23,Married,Salaried Employee,2/23/2026,Family,3,Email
932932,1,Walton,33,Female,France,16978.28,Single,Salaried Employee,5/28/2018,Retail,0,Email
932978,1,Moss,39,Female,United States,22684.04,Single,Salaried Employee,12/21/2019,Retail,1,Email
933071,1,Smith,46,Male,Spain,18683.32,Single,Salaried Employee,6/23/2020,Retail,3,SMS
933162,4,Johnson,40,Male,Germany,276368.79,Single,Self-Employed,3/17/2020,Premium,0,Mobile App Push
933197,2,Smith,43,Female,United States,39761.79,Married,Self-Employed,7/24/2017,Family,2,Mobile App Push
933215,2,Perez,52,Female,France,46410.47,Married,Salaried Employee,10/3/2025,Family,1,SMS
933456,5,Bailey,77,Male,United Kingdom,30938.78,Married,Retired,8/17/2021,Senior,1,Email
933510,1,Mcclain,42,Female,United Kingdom,64397.59,Married,Freelancer,4/1/2017,Retail,0,Phone Call
933551,2,Morton,50,Male,France,21644.83,Married,Self-Employed,5/24/2021,Family,2,Phone Call
933592,1,Henderson,54,Female,United Kingdom,21261.81,Single,Salaried Employee,12/20/2021,Retail,1,Email
933635,1,Miles,58,Female,United States,27607.70,Single,Salaried Employee,8/31/2016,Retail,1,Email
933665,1,Frederick,42,Male,Germany,31085.66,Married,Salaried Employee,11/27/2024,Retail,3,Mobile App Push
933980,2,Lewis,47,Female,United Kingdom,38700.07,Married,Self-Employed,1/21/2024,Family,2,Mobile App Push
934042,2,Gordon,33,Female,Germany,24539.70,Married,Salaried Employee,9/25/2018,Family,2,Mail
934306,2,Watkins,39,Male,France,36019.88,Married,Salaried Employee,7/6/2017,Family,2,Mail
934328,2,Benson,47,Male,United Kingdom,43188.25,Divorced,Freelancer,7/15/2024,Family,2,SMS
934438,1,Sheppard,41,Female,France,24169.32,Married,Self-Employed,12/7/2017,Retail,0,Email
934541,1,Nelson,50,Male,France,33701.19,Single,Freelancer,12/6/2019,Retail,0,SMS
934638,5,Fisher,63,Female,United States,21457.18,Married,Retired,7/1/2026,Senior,0,SMS
934674,2,Bennett,35,Male,United Kingdom,42607.25,Married,Freelancer,8/21/2023,Family,4,Mobile App Push
934692,5,Davidson,84,Male,France,29765.63,Divorced,Salaried Employee,2/4/2019,Senior,0,Mail
934794,4,Gordon,45,Male,United Kingdom,92740.06,Married,Self-Employed,9/7/2017,Premium,0,Mobile App Push
934816,4,Mcfarland,55,Female,United Kingdom,154126.83,Married,Business Owner,7/13/2023,Premium,3,Mobile App Push
934883,3,King,23,Male,United States,21475.90,Single,Unemployed,4/11/2026,Student,0,Email
934904,4,Phillips,42,Female,Germany,173405.63,Single,Salaried Employee,10/3/2025,Premium,1,Mail
934908,5,Davis,65,Female,Spain,18811.80,Married,Retired,11/15/2023,Senior,0,Email
935012,5,Vaughn,69,Female,France,41522.66,Married,Business Owner,7/30/2020,Senior,1,Phone Call
935176,1,Brown,44,Male,Germany,26016.75,Widowed,Freelancer,7/14/2024,Retail,0,Phone Call
935309,4,Price,58,Female,United Kingdom,141820.84,Single,Salaried Employee,10/9/2022,Premium,0,Mail
935434,1,Roberson,36,Female,Germany,42291.93,Married,Freelancer,11/6/2022,Retail,1,Mobile App Push
935457,3,Griffin,22,Male,France,38641.18,Single,Student,12/23/2021,Student,0,Mobile App Push
935461,2,Jensen,44,Male,United States,66759.42,Divorced,Salaried Employee,3/31/2022,Family,3,SMS
935471,1,Deleon,49,Female,United Kingdom,38802.35,Married,Salaried Employee,10/28/2018,Retail,0,SMS
935474,5,Hall,82,Male,France,23224.67,Married,Retired,10/14/2018,Senior,0,Mobile App Push
935540,3,Thomas,24,Male,Spain,18016.12,Single,Student,8/25/2024,Student,0,Email
935620,1,Cooper,24,Female,France,84489.89,Divorced,Salaried Employee,6/7/2021,Retail,1,SMS
935922,2,Barry,46,Female,Germany,19080.92,Married,Self-Employed,1/17/2023,Family,2,SMS
935981,1,Graves,46,Male,United Kingdom,29878.93,Single,Salaried Employee,6/4/2020,Retail,3,SMS
936020,1,Price,41,Male,Spain,61478.12,Single,Self-Employed,4/21/2022,Retail,0,Mail
936039,1,Meyer,32,Female,Spain,47648.42,Married,Salaried Employee,2/13/2019,Retail,1,SMS
936124,5,Patton,73,Female,Germany,27651.32,Widowed,Retired,5/17/2017,Senior,0,Email
936223,1,Harrell,46,Male,Germany,63140.81,Married,Salaried Employee,2/13/2018,Retail,0,Mobile App Push
936433,1,Mcdaniel,24,Male,United States,15670.87,Single,Self-Employed,1/29/2019,Retail,2,Mobile App Push
936507,4,Hoffman,43,Male,Spain,107485.67,Married,Salaried Employee,1/6/2023,Premium,1,Mobile App Push
936587,2,Webster,54,Female,France,45130.17,Married,Salaried Employee,5/11/2020,Family,1,Email
936726,5,Sparks,78,Male,France,21897.74,Married,Retired,4/16/2022,Senior,0,Mail
936782,4,Davis,60,Male,Spain,187989.33,Married,Self-Employed,2/1/2017,Premium,0,Email
936821,4,Juarez,44,Female,France,60644.93,Single,Business Owner,9/20/2021,Premium,1,SMS
936866,1,Parker,62,Male,Germany,33867.34,Single,Salaried Employee,3/6/2017,Retail,1,SMS
936912,2,Lee,49,Female,United States,56258.60,Married,Self-Employed,4/19/2022,Family,3,Email
936997,1,Mitchell,49,Male,France,25886.92,Single,Salaried Employee,3/26/2017,Retail,0,Mail
937302,1,Young,44,Male,United Kingdom,14108.51,Single,Freelancer,8/17/2020,Retail,1,Mobile App Push
937625,1,Page,45,Male,United Kingdom,43199.70,Married,Self-Employed,3/12/2021,Retail,1,Mobile App Push
937665,1,Hernandez,36,Female,Germany,38878.39,Single,Unemployed,9/26/2020,Retail,2,Email
937838,2,Becker,42,Female,United Kingdom,60034.76,Married,Salaried Employee,3/16/2026,Family,1,Mail
937995,5,Thomas,76,Female,Germany,20934.25,Married,Retired,7/31/2019,Senior,1,Phone Call
938016,1,Spencer,39,Male,France,87890.89,Single,Salaried Employee,3/25/2019,Retail,1,Mobile App Push
938095,2,Rodriguez,42,Female,United Kingdom,49082.78,Married,Salaried Employee,7/12/2018,Family,1,Mobile App Push
938141,1,Hunter,52,Male,Spain,37708.01,Single,Unemployed,6/27/2024,Retail,0,Mobile App Push
938171,3,Brewer,22,Male,United Kingdom,13644.73,Single,Student,7/26/2024,Student,0,Phone Call
938202,2,Adams,47,Female,France,58037.83,Married,Salaried Employee,2/19/2023,Family,1,Mobile App Push
938297,1,Mcdonald,39,Female,United Kingdom,12280.57,Married,Salaried Employee,8/9/2020,Retail,1,Phone Call
938338,1,Williams,24,Male,France,42607.25,Married,Salaried Employee,8/7/2023,Retail,1,Mobile App Push
938373,2,Allen,51,Male,Spain,17372.27,Divorced,Salaried Employee,12/25/2019,Family,3,Phone Call
938403,1,Curry,25,Male,United States,33229.10,Single,Salaried Employee,11/29/2017,Retail,1,SMS
938504,5,Valdez,71,Female,United Kingdom,23114.06,Widowed,Retired,5/24/2019,Senior,0,Phone Call
938722,5,Edwards,71,Male,Germany,18020.82,Married,Retired,5/16/2022,Senior,0,Email
938742,5,Perez,82,Male,United Kingdom,36060.75,Married,Retired,2/9/2021,Senior,2,Phone Call
938754,2,Johnson,35,Male,France,36613.66,Married,Salaried Employee,1/9/2018,Family,1,Mobile App Push
938759,2,Butler,32,Male,United States,31795.56,Married,Salaried Employee,8/8/2020,Family,2,Mobile App Push
938769,1,Alvarez,24,Female,Spain,36463.94,Married,Salaried Employee,9/1/2021,Retail,1,Email
938817,1,Berry,40,Male,United States,21353.88,Divorced,Salaried Employee,2/6/2022,Retail,0,Email
938900,5,Barton,70,Female,United Kingdom,24835.46,Widowed,Retired,7/20/2019,Senior,0,Mail
938913,1,Graham,40,Male,France,23368.94,Single,Unemployed,6/27/2017,Retail,0,SMS
938970,1,Doyle,27,Female,France,37737.90,Widowed,Salaried Employee,9/28/2022,Retail,1,Email
939030,2,Barrett,39,Male,United Kingdom,57709.32,Married,Freelancer,10/17/2020,Family,2,Mobile App Push
939333,1,Rasmussen,28,Male,France,41184.66,Single,Salaried Employee,7/10/2017,Retail,0,SMS
939482,1,Hill,58,Female,Spain,31010.68,Single,Salaried Employee,8/12/2021,Retail,0,SMS
939503,1,Burns,42,Female,Spain,36925.90,Married,Salaried Employee,1/1/2019,Retail,1,Email
939717,1,Chavez,24,Female,United States,61760.66,Single,Unemployed,3/19/2023,Retail,2,Email
939756,4,Matthews,33,Female,Germany,74434.46,Single,Self-Employed,5/22/2017,Premium,0,Mobile App Push
939767,2,Brewer,39,Male,Germany,32343.70,Married,Salaried Employee,9/27/2025,Family,1,SMS
939930,3,Brown,22,Male,Germany,13337.54,Married,Student,4/13/2021,Student,0,Email
940010,2,Campos,54,Female,Germany,33011.69,Married,Salaried Employee,5/1/2026,Family,1,SMS
940064,4,Johnson,67,Male,Germany,62562.85,Single,Self-Employed,9/27/2019,Premium,2,Phone Call
940181,4,Shaw,54,Male,Germany,131155.37,Married,Self-Employed,2/2/2018,Premium,1,Mail
940183,2,Bautista,49,Female,United States,54577.47,Married,Business Owner,11/1/2016,Family,2,Mobile App Push
940247,2,Hall,42,Male,France,23616.71,Single,Salaried Employee,10/2/2021,Family,1,Mobile App Push
940346,2,Morris,52,Male,Spain,55899.82,Married,Self-Employed,1/18/2022,Family,2,Mobile App Push
940534,2,Rodriguez,47,Male,United Kingdom,35301.73,Married,Salaried Employee,5/21/2025,Family,4,Email
940886,1,Garcia,43,Male,France,22218.05,Single,Business Owner,3/22/2022,Retail,1,SMS
940952,2,Nunez,49,Female,Germany,74349.01,Married,Salaried Employee,2/17/2021,Family,2,Mail
941134,2,Holden,33,Female,United States,50914.99,Divorced,Self-Employed,5/13/2019,Family,2,SMS
941204,2,Martinez,46,Female,France,51437.76,Married,Salaried Employee,11/22/2019,Family,2,Mobile App Push
941235,1,Martinez,39,Female,Spain,38600.78,Single,Self-Employed,3/30/2026,Retail,0,Mobile App Push
941272,1,Gay,32,Male,France,29934.64,Single,Freelancer,4/3/2018,Retail,1,Mobile App Push
941289,2,Lee,41,Male,Germany,31367.67,Widowed,Self-Employed,4/7/2024,Family,3,Mobile App Push
941325,1,Dean,51,Male,France,41474.34,Married,Self-Employed,9/28/2016,Retail,0,Email
941339,1,Kennedy,34,Male,Germany,31664.36,Married,Self-Employed,3/5/2020,Retail,1,Mobile App Push
941403,1,Rios,46,Female,Germany,26077.88,Married,Salaried Employee,2/3/2020,Retail,0,Email
941792,4,Vazquez,43,Female,France,145960.80,Married,Self-Employed,7/13/2025,Premium,0,Mobile App Push
941814,1,Foster,47,Female,France,27916.24,Married,Salaried Employee,12/3/2018,Retail,1,SMS
941945,1,Montes,39,Female,France,27818.89,Single,Salaried Employee,12/20/2024,Retail,0,SMS
942127,2,Johnson,40,Male,Spain,31997.54,Married,Freelancer,7/3/2021,Family,1,Mobile App Push
942216,4,Paul,42,Male,United Kingdom,117616.47,Divorced,Self-Employed,11/19/2021,Premium,0,Mobile App Push
942690,3,Perez,19,Male,United Kingdom,9461.20,Single,Student,1/7/2018,Student,0,Mobile App Push
942700,1,Lloyd,42,Female,Germany,38754.39,Single,Salaried Employee,6/11/2021,Retail,3,Mobile App Push
942946,4,Campbell,39,Male,France,120288.95,Single,Salaried Employee,1/1/2017,Premium,0,Email
942956,2,Lopez,50,Female,France,28557.72,Married,Salaried Employee,4/25/2025,Family,2,Mail
942960,2,Edwards,45,Male,United Kingdom,67685.99,Married,Unemployed,11/26/2018,Family,3,Email
943019,1,Torres,40,Female,United States,34633.83,Single,Salaried Employee,1/17/2021,Retail,2,Email
943058,1,Villarreal,24,Female,United States,26338.12,Single,Salaried Employee,3/20/2019,Retail,0,Mobile App Push
943135,5,Davis,68,Female,United States,50935.60,Widowed,Self-Employed,12/24/2018,Senior,0,Mobile App Push
943146,1,Chavez,52,Female,United States,48838.47,Divorced,Freelancer,11/23/2019,Retail,0,Mobile App Push
943170,1,Lee,43,Female,Germany,22222.68,Married,Salaried Employee,2/16/2024,Retail,2,Mobile App Push
943298,2,Holloway,52,Male,United States,46833.90,Married,Business Owner,5/14/2023,Family,1,Email
943349,1,Lewis,52,Male,Spain,68953.37,Married,Unemployed,8/5/2019,Retail,1,Mobile App Push
943356,1,Turner,29,Female,United States,24709.69,Single,Self-Employed,12/29/2025,Retail,0,Phone Call
943409,1,Ross,35,Male,Germany,84610.82,Single,Salaried Employee,9/20/2021,Retail,1,Mobile App Push
943442,1,Jones,31,Female,United States,33290.41,Single,Salaried Employee,5/7/2018,Retail,2,Email
943530,1,Poole,49,Female,Germany,35073.92,Married,Salaried Employee,9/3/2017,Retail,2,Email
943671,5,Greene,71,Male,Spain,37355.09,Married,Retired,8/14/2024,Senior,0,Phone Call
943700,2,Wallace,41,Male,Germany,18049.11,Married,Business Owner,5/10/2026,Family,4,Mobile App Push
943706,1,Black,55,Female,France,62079.78,Single,Salaried Employee,2/6/2017,Retail,1,Mobile App Push
943718,4,Johnson,58,Male,France,132788.06,Married,Business Owner,6/3/2021,Premium,1,Email
943737,5,Espinoza,68,Female,France,23828.89,Widowed,Self-Employed,6/10/2024,Senior,1,Mail
943776,5,Walker,77,Female,France,43013.08,Single,Retired,8/2/2024,Senior,0,Email
943797,1,Galloway,24,Male,Germany,25835.28,Married,Self-Employed,7/13/2024,Retail,1,Mobile App Push
943890,2,Simmons,34,Male,United States,25878.86,Single,Salaried Employee,1/14/2026,Family,1,Mobile App Push
944151,1,Foster,29,Female,Spain,25412.75,Divorced,Freelancer,12/24/2018,Retail,1,SMS
944193,1,Nicholson,38,Male,France,31537.66,Married,Self-Employed,6/18/2020,Retail,2,Phone Call
944264,3,Abbott,25,Male,Spain,13619.45,Single,Freelancer,3/11/2019,Student,0,Email
944554,5,Dickerson,69,Male,Germany,19338.06,Widowed,Retired,9/25/2021,Senior,1,Mobile App Push
944565,2,Patterson,42,Female,Germany,25358.89,Married,Salaried Employee,8/3/2019,Family,0,Mobile App Push
944654,4,Lopez,51,Female,Germany,125216.45,Married,Salaried Employee,10/3/2025,Premium,1,Phone Call
944657,2,Padilla,32,Female,Spain,28385.17,Married,Salaried Employee,7/18/2025,Family,1,Email
944804,5,Ferguson,65,Male,Germany,43881.23,Divorced,Retired,12/19/2023,Senior,0,Phone Call
944917,3,Phillips,26,Female,France,28454.13,Single,Student,10/16/2021,Student,0,SMS
944962,3,Ellis,22,Female,Germany,11022.64,Single,Student,9/27/2025,Student,0,Email
945091,1,Merritt,40,Female,United Kingdom,48857.00,Divorced,Salaried Employee,12/12/2023,Retail,0,SMS
945106,1,Moyer,37,Male,France,35035.35,Married,Salaried Employee,5/16/2022,Retail,1,Mobile App Push
945197,1,Dominguez,36,Female,Spain,64579.13,Divorced,Self-Employed,12/19/2025,Retail,2,Email
945328,4,Mcmillan,51,Male,France,106273.84,Married,Business Owner,2/10/2017,Premium,2,Email
945362,1,Olson,28,Female,Germany,38120.85,Married,Salaried Employee,6/7/2024,Retail,1,SMS
945372,5,Brown,81,Female,Germany,33265.66,Married,Retired,8/2/2020,Senior,0,Email
945619,5,Bradley,76,Female,Germany,28430.34,Widowed,Salaried Employee,7/11/2024,Senior,0,Mail
945664,4,Rasmussen,42,Female,France,141156.71,Married,Self-Employed,8/25/2019,Premium,0,Mobile App Push
945687,1,Hernandez,34,Male,United States,24870.37,Single,Self-Employed,11/13/2022,Retail,0,Mobile App Push
945718,1,Howard,44,Male,Germany,30415.29,Married,Self-Employed,1/30/2026,Retail,1,Mail
945742,1,Scott,50,Female,Germany,42083.00,Single,Unemployed,5/21/2017,Retail,2,Email
945964,1,Salazar,29,Female,France,32136.48,Married,Self-Employed,5/7/2025,Retail,0,Mobile App Push
946112,1,Silva,46,Female,United States,25014.32,Divorced,Salaried Employee,6/14/2022,Retail,1,SMS
946305,1,Obrien,42,Female,Germany,33831.00,Married,Salaried Employee,1/31/2017,Retail,0,Mobile App Push
946309,2,Chavez,37,Female,Germany,63606.56,Married,Salaried Employee,7/3/2021,Family,4,Email
946313,1,Smith,40,Female,France,27387.08,Single,Freelancer,1/3/2024,Retail,3,Mobile App Push
946335,1,Harrell,44,Female,France,19297.29,Single,Salaried Employee,9/20/2025,Retail,0,Mobile App Push
946432,1,York,48,Female,France,34276.14,Single,Business Owner,2/12/2025,Retail,2,Mobile App Push
946561,1,Bennett,49,Female,United States,24136.80,Married,Salaried Employee,8/3/2023,Retail,0,Mobile App Push
946567,1,Simmons,30,Female,United States,43096.05,Single,Unemployed,8/21/2024,Retail,0,Mobile App Push
946632,1,Sullivan,39,Male,United Kingdom,56215.55,Single,Salaried Employee,12/31/2021,Retail,2,Mobile App Push
946677,5,Smith,63,Female,Spain,20638.78,Married,Retired,6/16/2026,Senior,0,Phone Call
946721,2,Hill,40,Female,France,34253.99,Married,Unemployed,8/10/2023,Family,2,SMS
946803,4,Robinson,42,Female,Germany,178159.51,Married,Business Owner,10/30/2025,Premium,2,Email
946826,5,Jackson,69,Male,Germany,26765.02,Widowed,Retired,5/11/2021,Senior,0,Phone Call
946934,1,Preston,35,Male,Germany,40927.74,Single,Self-Employed,5/26/2023,Retail,2,Email
946952,5,Horton,70,Female,United States,23037.56,Married,Retired,4/1/2017,Senior,1,SMS
947082,2,Duran,55,Male,Spain,30473.37,Single,Self-Employed,9/5/2023,Family,2,Mobile App Push
947228,3,Stokes,24,Female,United States,8015.97,Single,Unemployed,12/11/2021,Student,0,SMS
947272,1,Hayes,42,Female,United States,20195.96,Single,Salaried Employee,10/26/2021,Retail,0,SMS
947312,5,Nelson,78,Male,Germany,37849.10,Widowed,Retired,6/7/2023,Senior,0,Mail
947438,4,Cox,53,Male,United Kingdom,41377.85,Married,Self-Employed,10/12/2021,Premium,0,Mobile App Push
947458,2,Ryan,38,Female,Germany,49714.93,Married,Salaried Employee,3/19/2023,Family,0,Mobile App Push
947568,1,Cowan,42,Male,Germany,21781.90,Single,Unemployed,11/12/2017,Retail,0,Email
947607,2,Chavez,38,Male,United Kingdom,69546.33,Single,Salaried Employee,1/7/2017,Family,1,Mail
947609,4,Patel,56,Male,France,62966.81,Married,Business Owner,6/24/2019,Premium,0,SMS
947732,1,Davis,34,Male,Spain,31231.29,Single,Self-Employed,5/9/2026,Retail,2,SMS
947903,5,Johnson,78,Male,United States,20952.18,Divorced,Retired,2/21/2018,Senior,0,Email
947935,1,Obrien,45,Male,Germany,10044.88,Single,Salaried Employee,3/24/2024,Retail,0,Mobile App Push
947975,2,Hernandez,47,Female,Germany,54968.73,Single,Freelancer,2/15/2017,Family,0,Email
948014,1,Simpson,56,Male,France,44600.81,Married,Unemployed,11/18/2024,Retail,0,Email
948083,1,Huff,24,Female,France,44397.07,Single,Self-Employed,10/25/2023,Retail,2,SMS
948095,1,Mccoy,37,Male,United States,34369.93,Married,Salaried Employee,11/12/2017,Retail,1,Email
948097,2,Matthews,33,Female,United States,66322.04,Married,Business Owner,1/31/2018,Family,3,Mail
948102,1,Harris,33,Female,Spain,25543.99,Single,Self-Employed,3/28/2017,Retail,2,Mail
948179,1,Turner,44,Male,France,55737.02,Married,Salaried Employee,9/30/2022,Retail,1,Mobile App Push
948188,1,Moreno,28,Male,United Kingdom,34569.39,Married,Salaried Employee,1/14/2019,Retail,1,Mobile App Push
948343,1,Andrade,49,Male,France,39161.33,Single,Salaried Employee,4/1/2023,Retail,0,Email
948611,4,Fisher,44,Female,France,175823.87,Married,Self-Employed,11/14/2020,Premium,0,SMS
948612,4,Hull,47,Female,Germany,75584.73,Single,Salaried Employee,4/4/2022,Premium,2,Mobile App Push
948749,4,Hahn,49,Female,Spain,185732.69,Married,Business Owner,9/14/2018,Premium,2,Email
948799,2,Lee,41,Male,Germany,40428.67,Married,Salaried Employee,6/29/2024,Family,3,Email
949049,1,Gaines,41,Female,France,56721.95,Single,Salaried Employee,10/28/2022,Retail,0,Email
949153,1,Kelley,38,Male,United States,17351.45,Widowed,Self-Employed,5/19/2025,Retail,1,SMS
949178,2,Gordon,28,Male,Germany,44306.81,Married,Freelancer,5/22/2022,Family,3,Mobile App Push
949363,1,Holloway,42,Male,United States,35195.54,Married,Self-Employed,2/6/2018,Retail,3,Email
949376,5,Kim,81,Female,United States,17930.40,Divorced,Retired,3/14/2024,Senior,0,Mail
949541,5,Armstrong,84,Male,France,47499.62,Widowed,Retired,10/17/2021,Senior,0,Email
949767,1,Potts,46,Female,France,17950.39,Married,Salaried Employee,2/9/2022,Retail,1,SMS
949884,5,Lopez,69,Male,Germany,30180.47,Married,Retired,2/23/2020,Senior,1,Mail
950069,2,Campos,42,Male,United States,65648.48,Married,Salaried Employee,9/7/2025,Family,3,Email
950083,1,Lewis,61,Female,United States,34019.48,Single,Salaried Employee,7/13/2019,Retail,2,Mobile App Push
950132,2,Schmitt,45,Female,United States,33986.07,Married,Self-Employed,10/22/2023,Family,3,Email
950155,2,Chavez,39,Male,United States,64051.94,Married,Salaried Employee,12/26/2019,Family,2,Email
950360,2,Montes,44,Male,France,44181.48,Married,Salaried Employee,1/16/2021,Family,3,Mobile App Push
950472,1,Martinez,43,Female,Germany,25541.39,Married,Unemployed,3/2/2019,Retail,1,Mobile App Push
950544,1,Gonzalez,50,Male,Spain,28702.99,Single,Salaried Employee,7/14/2022,Retail,1,Mail
950576,5,Ramirez,76,Female,France,48847.31,Married,Self-Employed,11/2/2022,Senior,0,Email
950823,2,Wright,33,Male,France,42073.80,Married,Salaried Employee,7/4/2017,Family,0,Mobile App Push
950916,2,Richardson,40,Male,United States,51989.17,Divorced,Business Owner,8/3/2019,Family,1,Email
950941,3,Hernandez,20,Male,Germany,14021.41,Married,Student,5/5/2021,Student,0,Email
951201,3,Smith,23,Female,Germany,12083.48,Single,Student,12/22/2021,Student,0,Mobile App Push
951211,5,Williams,72,Male,Germany,25108.45,Divorced,Retired,5/6/2022,Senior,0,Email
951327,1,Wright,52,Male,United Kingdom,31625.48,Single,Salaried Employee,9/26/2025,Retail,0,Email
951331,1,Thompson,47,Male,Germany,52502.01,Married,Salaried Employee,8/18/2017,Retail,1,Phone Call
951452,3,Frye,19,Male,Germany,20588.28,Single,Freelancer,3/2/2018,Student,0,Mobile App Push
951732,1,Hensley,43,Female,United States,26097.88,Single,Salaried Employee,1/26/2018,Retail,1,Mobile App Push
951755,2,Scott,38,Female,Spain,34896.87,Married,Salaried Employee,12/15/2020,Family,1,Phone Call
952117,1,Gibson,43,Male,United Kingdom,56076.27,Divorced,Salaried Employee,10/26/2025,Retail,2,Mobile App Push
952227,1,Miller,59,Male,Spain,57654.23,Single,Salaried Employee,8/9/2019,Retail,1,Email
952283,1,Chapman,25,Male,Spain,31020.07,Married,Salaried Employee,9/7/2024,Retail,3,Mobile App Push
952336,5,Moore,79,Female,Germany,14652.69,Married,Retired,12/9/2020,Senior,2,Email
952547,1,Morgan,37,Male,France,26757.87,Single,Salaried Employee,4/17/2023,Retail,0,SMS
952646,3,Snyder,25,Female,France,18685.45,Single,Unemployed,12/13/2017,Student,0,Email
952657,1,Patel,36,Male,France,31580.91,Married,Freelancer,7/11/2023,Retail,1,Mobile App Push
952679,2,Cline,39,Male,Germany,34123.29,Married,Salaried Employee,8/14/2024,Family,1,Mail
952686,1,Garrett,39,Male,United Kingdom,35401.17,Divorced,Self-Employed,7/25/2026,Retail,1,Email
952878,5,Patel,61,Female,Spain,39087.66,Divorced,Retired,12/6/2021,Senior,0,Mail
952993,1,Nguyen,41,Male,Spain,46124.90,Married,Freelancer,5/20/2024,Retail,2,Email
953025,5,Hernandez,82,Female,United Kingdom,18527.87,Single,Retired,1/30/2017,Senior,0,Email
953047,2,Douglas,40,Female,Germany,20980.06,Divorced,Salaried Employee,2/24/2018,Family,2,SMS
953085,2,Lyons,45,Male,Germany,17396.32,Married,Freelancer,8/26/2019,Family,4,SMS
953266,1,Watkins,61,Female,France,22075.54,Married,Self-Employed,2/4/2023,Retail,2,SMS
953350,1,Willis,41,Female,France,86051.55,Single,Salaried Employee,9/3/2024,Retail,2,Email
953452,1,Mullins,26,Male,France,43313.81,Married,Salaried Employee,6/26/2022,Retail,2,Email
953568,1,Walker,44,Male,United Kingdom,52862.23,Single,Self-Employed,10/16/2017,Retail,0,Email
953610,2,Maynard,55,Female,United Kingdom,46848.16,Married,Salaried Employee,12/27/2024,Family,2,SMS
953715,1,Jackson,44,Male,Spain,35559.85,Single,Salaried Employee,11/20/2017,Retail,3,SMS
953740,2,Reeves,30,Female,Germany,14374.24,Married,Self-Employed,9/25/2023,Family,3,Email
953797,1,Beck,42,Female,United States,29549.21,Married,Self-Employed,3/6/2021,Retail,0,Mail
954017,2,Martin,43,Female,Spain,20164.45,Married,Salaried Employee,10/13/2021,Family,0,Mobile App Push
954441,1,Brown,28,Male,Spain,43263.01,Married,Business Owner,6/23/2020,Retail,0,Email
954551,1,Davis,44,Male,France,44432.42,Divorced,Salaried Employee,6/1/2017,Retail,0,Email
954596,1,Cisneros,24,Male,Germany,50665.57,Single,Salaried Employee,5/22/2023,Retail,0,Email
954628,2,Clark,43,Male,France,26164.87,Married,Salaried Employee,4/28/2025,Family,2,Email
954779,2,Moore,37,Female,France,62533.13,Married,Unemployed,10/21/2016,Family,1,Mobile App Push
954814,1,Wright,37,Male,France,26902.78,Married,Salaried Employee,5/3/2017,Retail,0,Phone Call
954815,1,Dean,51,Female,United Kingdom,47925.69,Single,Salaried Employee,11/17/2017,Retail,1,Email
954845,4,Stone,40,Female,France,196821.69,Divorced,Business Owner,5/26/2018,Premium,0,Mail
954987,4,Donovan,58,Female,United Kingdom,127485.46,Divorced,Salaried Employee,5/3/2022,Premium,0,Email
955015,5,Erickson,82,Male,Spain,27827.50,Divorced,Retired,9/9/2022,Senior,0,Email
955088,5,Jackson,72,Male,France,37266.59,Divorced,Salaried Employee,11/24/2024,Senior,0,Phone Call
955129,1,Miranda,50,Female,France,26261.61,Married,Salaried Employee,4/16/2026,Retail,1,Mobile App Push
955374,2,Norris,44,Male,Germany,58380.14,Married,Self-Employed,6/1/2021,Family,2,Mobile App Push
955413,1,Flynn,52,Male,France,27075.98,Married,Salaried Employee,12/10/2023,Retail,2,Mobile App Push
955653,1,Welch,34,Male,France,25199.01,Single,Salaried Employee,4/10/2026,Retail,2,SMS
955662,2,Taylor,44,Male,Spain,65128.54,Married,Salaried Employee,12/30/2021,Family,2,Mobile App Push
955937,2,Blair,42,Female,France,19405.75,Married,Salaried Employee,12/6/2018,Family,4,Mobile App Push
956113,2,Long,38,Male,Spain,22083.64,Single,Salaried Employee,5/27/2023,Family,1,Mobile App Push
956156,2,Reyes,45,Female,Spain,26997.27,Married,Salaried Employee,6/12/2022,Family,2,Mobile App Push
956253,2,Parker,38,Male,United Kingdom,53995.34,Single,Salaried Employee,8/15/2023,Family,1,Phone Call
956255,1,Carter,34,Male,United Kingdom,31312.15,Single,Self-Employed,6/20/2025,Retail,1,Email
956375,5,Mcintosh,81,Female,Germany,15371.54,Married,Retired,1/31/2026,Senior,0,Email
956401,2,Walker,48,Male,France,81438.24,Married,Salaried Employee,10/30/2021,Family,1,Phone Call
956429,2,Brown,39,Male,United States,34909.20,Married,Salaried Employee,4/19/2026,Family,3,Phone Call
956572,2,Torres,40,Male,United States,57217.58,Married,Unemployed,6/2/2020,Family,1,Phone Call
956639,1,Adams,44,Male,United States,31161.51,Single,Salaried Employee,1/29/2022,Retail,1,Mobile App Push
956721,1,Hodge,26,Female,France,52745.61,Married,Salaried Employee,12/13/2017,Retail,1,Email
956794,2,Berry,31,Female,Germany,45791.02,Married,Salaried Employee,2/12/2025,Family,2,Mobile App Push
956795,1,Le,47,Male,Germany,32461.06,Married,Salaried Employee,5/16/2023,Retail,1,Mobile App Push
956800,2,Contreras,32,Male,France,47216.86,Married,Salaried Employee,4/2/2018,Family,1,Email
956835,5,Rice,66,Female,United Kingdom,30878.21,Divorced,Retired,11/29/2021,Senior,0,Mail
956934,1,Perkins,50,Female,France,41961.71,Single,Unemployed,7/29/2024,Retail,0,SMS
956949,3,Herman,22,Male,United States,18361.75,Married,Student,9/23/2021,Student,0,Mobile App Push
957091,1,Smith,40,Female,United States,41977.71,Single,Unemployed,1/27/2024,Retail,0,Email
957150,1,Flores,50,Female,Germany,23037.58,Married,Self-Employed,1/16/2017,Retail,0,Mobile App Push
957179,1,Wells,44,Female,United States,137875.62,Married,Salaried Employee,12/13/2023,Retail,0,Mobile App Push
957266,2,Johnson,38,Male,France,41388.17,Married,Self-Employed,4/18/2021,Family,3,SMS
957525,1,Matthews,48,Male,Spain,26000.37,Single,Salaried Employee,4/1/2021,Retail,1,Email
957710,4,Nunez,38,Male,United States,222429.70,Married,Self-Employed,7/18/2018,Premium,0,SMS
957730,2,Cooper,37,Female,Spain,51071.12,Divorced,Salaried Employee,6/1/2023,Family,3,Mail
957915,1,Dyer,62,Female,Germany,33452.27,Married,Salaried Employee,12/29/2022,Retail,1,Email
958130,1,Murphy,43,Male,United Kingdom,35923.46,Single,Salaried Employee,12/31/2016,Retail,1,Mobile App Push
958136,4,Smith,53,Female,Germany,66889.29,Married,Salaried Employee,1/23/2017,Premium,1,SMS
958160,1,Hall,41,Male,Germany,37713.41,Single,Self-Employed,8/11/2019,Retail,3,Email
958179,1,Combs,44,Male,Spain,41361.42,Divorced,Salaried Employee,11/26/2025,Retail,0,Mail
958182,2,Rivera,48,Male,United States,21558.27,Married,Unemployed,6/19/2021,Family,2,Email
958729,5,Porter,74,Male,United States,20580.27,Married,Retired,9/10/2025,Senior,0,Email
958747,5,Walters,78,Male,Spain,30576.80,Married,Retired,7/9/2018,Senior,0,Phone Call
958835,3,Rubio,26,Male,Spain,16005.57,Single,Student,11/18/2017,Student,0,Email
959099,2,Simpson,40,Female,France,38127.03,Married,Unemployed,7/25/2020,Family,4,Phone Call
959222,2,Johnson,39,Male,Spain,34420.95,Married,Salaried Employee,7/8/2024,Family,2,Mobile App Push
959324,4,Black,50,Female,United States,127676.44,Married,Self-Employed,3/19/2018,Premium,0,SMS
959340,2,Frazier,45,Male,France,40146.55,Single,Self-Employed,8/31/2019,Family,2,Mobile App Push
959691,2,Blackburn,50,Female,France,73894.40,Married,Salaried Employee,9/9/2022,Family,0,Mobile App Push
959793,5,Rose,73,Male,Germany,38788.96,Married,Salaried Employee,7/2/2022,Senior,1,Email
959907,1,Cherry,46,Female,United States,24309.94,Single,Salaried Employee,7/20/2018,Retail,0,SMS
959926,1,Myers,32,Male,United Kingdom,66435.83,Married,Salaried Employee,6/22/2025,Retail,1,Mobile App Push
959959,1,Blanchard,40,Male,United States,72938.79,Married,Freelancer,6/3/2019,Retail,0,Email
959972,1,Green,36,Male,Spain,85726.49,Married,Salaried Employee,12/20/2017,Retail,1,Mobile App Push
960072,5,Dodson,63,Female,France,16345.63,Widowed,Retired,12/10/2020,Senior,0,Mail
960109,1,Medina,43,Female,Germany,43383.77,Married,Salaried Employee,8/26/2017,Retail,0,SMS
960307,5,Davis,74,Male,United Kingdom,39380.97,Married,Retired,11/29/2018,Senior,0,Phone Call
960394,1,Johnson,32,Female,France,42306.12,Single,Salaried Employee,12/4/2022,Retail,2,Mobile App Push
960408,1,Dean,34,Male,United States,52109.24,Single,Salaried Employee,8/20/2019,Retail,0,Mobile App Push
960556,5,Spencer,80,Male,France,13579.67,Married,Retired,12/29/2019,Senior,0,Email
960607,4,Norris,45,Female,Spain,130372.44,Married,Salaried Employee,7/1/2023,Premium,1,SMS
960616,1,Wright,28,Male,Spain,66927.68,Divorced,Salaried Employee,1/28/2024,Retail,0,Phone Call
960622,1,Johnson,46,Male,France,43613.99,Single,Self-Employed,4/20/2018,Retail,3,Mobile App Push
960778,1,Lozano,31,Male,United Kingdom,45785.35,Single,Salaried Employee,1/9/2025,Retail,0,Mobile App Push
960899,2,Smith,46,Female,France,51423.73,Married,Salaried Employee,12/21/2024,Family,0,Mobile App Push
960959,3,Norton,22,Male,France,24838.68,Single,Student,4/30/2019,Student,0,SMS
961186,2,Ellison,46,Female,Spain,39831.19,Married,Salaried Employee,9/10/2018,Family,1,SMS
961198,3,Blankenship,24,Male,United States,12450.38,Single,Student,11/2/2023,Student,0,Phone Call
961322,4,Davis,42,Female,Germany,71455.16,Married,Self-Employed,5/22/2023,Premium,3,SMS
961493,3,Mitchell,21,Male,France,11479.42,Single,Student,5/13/2018,Student,0,SMS
961501,1,Hall,49,Female,France,31346.40,Divorced,Self-Employed,9/1/2020,Retail,1,Mobile App Push
961530,1,Moody,61,Female,France,61802.70,Married,Salaried Employee,5/14/2024,Retail,3,Phone Call
961574,1,Torres,47,Female,France,37074.59,Married,Salaried Employee,9/12/2024,Retail,3,SMS
961599,2,Cook,49,Female,France,39004.77,Married,Salaried Employee,2/4/2023,Family,1,SMS
961613,1,Morrison,62,Female,France,49082.74,Married,Salaried Employee,4/2/2017,Retail,0,Phone Call
961639,1,Evans,31,Female,Germany,17788.76,Divorced,Salaried Employee,1/2/2022,Retail,0,Email
961722,5,Donovan,71,Male,United States,44878.57,Married,Business Owner,10/27/2021,Senior,1,SMS
961760,1,Hernandez,34,Male,France,17950.93,Single,Unemployed,4/9/2025,Retail,2,SMS
961866,3,Wilson,20,Female,France,20430.45,Single,Student,4/14/2026,Student,0,Email
961953,1,Carr,33,Male,United States,63605.35,Single,Freelancer,1/29/2018,Retail,0,Email
961957,2,Mendez,37,Female,Germany,34381.42,Married,Salaried Employee,4/6/2022,Family,1,Email
962043,2,Gregory,42,Male,France,23145.62,Married,Salaried Employee,5/28/2023,Family,4,Email
962050,5,Cruz,76,Female,France,38762.24,Married,Retired,11/3/2019,Senior,0,Phone Call
962057,1,Vasquez,24,Male,Germany,58940.21,Married,Business Owner,2/7/2024,Retail,2,Mobile App Push
962074,1,Martin,39,Male,United Kingdom,66779.05,Married,Salaried Employee,1/9/2023,Retail,1,Phone Call
962276,3,Dixon,21,Female,France,14364.99,Single,Student,7/3/2017,Student,0,Email
962283,1,Nguyen,42,Male,France,48085.16,Married,Salaried Employee,3/8/2020,Retail,0,Mobile App Push
962287,4,Webb,48,Female,Germany,94203.76,Single,Self-Employed,11/4/2016,Premium,0,Mobile App Push
962367,4,French,43,Male,Germany,182786.17,Married,Salaried Employee,8/31/2019,Premium,1,Phone Call
962460,4,Vincent,54,Male,Spain,121202.03,Divorced,Business Owner,11/5/2025,Premium,0,Phone Call
962520,5,Russell,70,Male,Spain,21069.76,Widowed,Retired,4/1/2022,Senior,0,Mail
962570,2,Russell,49,Female,Germany,43160.01,Married,Salaried Employee,1/26/2026,Family,2,Mobile App Push
963245,1,Lopez,36,Female,United States,37661.81,Widowed,Self-Employed,2/12/2019,Retail,1,SMS
963274,1,David,43,Female,United Kingdom,28665.96,Married,Salaried Employee,11/14/2020,Retail,0,SMS
963333,1,Smith,35,Female,France,58434.63,Married,Salaried Employee,4/19/2025,Retail,1,SMS
963355,3,Holt,20,Female,France,20844.42,Single,Student,5/13/2021,Student,0,SMS
963508,1,Scott,41,Male,United States,32595.71,Married,Salaried Employee,4/30/2024,Retail,2,Mobile App Push
963539,1,Perry,51,Female,Germany,41313.76,Married,Salaried Employee,7/4/2018,Retail,1,Mobile App Push
963652,5,Pierce,70,Male,France,13059.97,Widowed,Retired,12/16/2018,Senior,0,Mail
963684,1,Gomez,49,Male,France,47868.50,Divorced,Salaried Employee,4/29/2021,Retail,0,Email
963699,3,Alvarez,22,Male,United Kingdom,10654.68,Single,Student,11/20/2021,Student,0,Email
963862,1,Camacho,42,Male,France,47945.40,Single,Self-Employed,8/4/2019,Retail,1,Mobile App Push
963874,1,Juarez,45,Female,France,47533.41,Single,Salaried Employee,5/1/2019,Retail,0,Mail
963918,5,Middleton,68,Male,United States,59811.98,Married,Retired,9/29/2019,Senior,0,Mail
963994,1,Monroe,30,Female,Germany,39025.56,Divorced,Salaried Employee,8/16/2020,Retail,2,Mobile App Push
964226,5,Christian,77,Female,United States,79480.11,Married,Salaried Employee,1/19/2017,Senior,0,Mail
964278,2,Hayes,48,Female,United Kingdom,39006.77,Married,Salaried Employee,9/28/2019,Family,3,Mail
964352,2,Diaz,28,Female,France,37731.32,Married,Salaried Employee,12/11/2021,Family,4,Email
964371,4,Vargas,42,Male,United States,197874.51,Divorced,Business Owner,10/26/2025,Premium,2,Mobile App Push
964607,1,Austin,36,Female,Germany,45035.91,Single,Salaried Employee,5/15/2026,Retail,0,Phone Call
964749,2,Smith,49,Male,United Kingdom,70311.98,Married,Salaried Employee,8/9/2022,Family,3,Mail
964915,5,Morales,78,Male,Spain,31989.95,Widowed,Retired,5/22/2024,Senior,1,Email
964998,2,Thomas,40,Female,Germany,48887.93,Married,Salaried Employee,7/11/2026,Family,3,Mobile App Push
965322,2,Howard,40,Male,Spain,33761.54,Married,Unemployed,11/25/2022,Family,2,Mobile App Push
965339,1,Hubbard,27,Male,Germany,42177.89,Married,Freelancer,7/8/2021,Retail,3,SMS
965401,2,Adams,47,Male,United States,56956.06,Married,Salaried Employee,2/14/2020,Family,1,SMS
965472,1,Smith,58,Male,Germany,65995.10,Divorced,Salaried Employee,2/6/2019,Retail,1,SMS
965708,1,Atkins,37,Female,France,28350.69,Single,Salaried Employee,7/2/2018,Retail,0,Email
965814,1,Pruitt,57,Female,United States,57344.56,Married,Salaried Employee,10/11/2016,Retail,2,Email
965845,1,Stephens,41,Male,United States,29979.18,Single,Salaried Employee,5/1/2023,Retail,0,SMS
965938,1,Anderson,35,Female,France,18733.14,Single,Salaried Employee,4/21/2025,Retail,3,SMS
966028,1,Reyes,50,Male,Germany,67831.12,Married,Freelancer,6/16/2018,Retail,1,Mobile App Push
966120,1,Johnson,35,Male,France,70399.64,Married,Self-Employed,10/7/2018,Retail,2,Mobile App Push
966286,2,Stevens,32,Male,France,27956.93,Married,Salaried Employee,8/7/2023,Family,2,Mobile App Push
966529,1,Navarro,38,Female,United States,37556.76,Married,Self-Employed,2/13/2021,Retail,2,Phone Call
966582,1,Garcia,28,Male,Spain,54869.86,Married,Self-Employed,11/3/2018,Retail,0,SMS
966589,1,Clark,27,Male,Spain,23320.55,Widowed,Salaried Employee,6/21/2020,Retail,0,Email
966630,1,Williams,43,Male,Spain,62240.08,Single,Self-Employed,1/15/2026,Retail,2,SMS
966662,2,Lindsey,41,Male,Germany,28832.18,Single,Salaried Employee,3/15/2021,Family,3,SMS
966785,1,Anderson,52,Female,Germany,45224.10,Single,Salaried Employee,6/10/2017,Retail,3,Mobile App Push
967161,4,Martinez,63,Male,United Kingdom,225544.10,Married,Self-Employed,12/22/2018,Premium,1,SMS
967182,1,Harding,62,Female,United Kingdom,37491.00,Married,Freelancer,11/10/2017,Retail,2,Mobile App Push
967611,5,Stanley,81,Female,United States,47583.49,Married,Retired,10/1/2022,Senior,0,Mail
967719,1,Gonzales,48,Female,United Kingdom,29792.59,Single,Salaried Employee,12/11/2018,Retail,0,Email
967823,2,Thompson,34,Female,United States,44646.31,Married,Freelancer,12/13/2020,Family,0,Email
968170,5,Ramirez,64,Male,Germany,32512.81,Divorced,Retired,11/6/2023,Senior,0,Email
968286,1,Ellison,41,Male,France,36547.32,Married,Salaried Employee,11/13/2017,Retail,0,SMS
968485,1,Humphrey,58,Male,Germany,40023.87,Divorced,Unemployed,12/26/2022,Retail,0,Phone Call
968524,5,Ellis,82,Male,Spain,23796.42,Single,Retired,1/18/2018,Senior,0,Email
968581,4,Warren,55,Male,France,260140.06,Married,Salaried Employee,9/3/2023,Premium,1,Mail
968668,1,Cardenas,50,Male,France,82298.81,Single,Salaried Employee,10/7/2016,Retail,0,Email
968726,4,Johnson,68,Male,France,161575.66,Divorced,Business Owner,12/1/2017,Premium,0,Email
968962,1,Lane,57,Male,Germany,29419.33,Single,Freelancer,1/20/2024,Retail,2,SMS
969005,4,Moore,35,Male,Germany,183063.72,Married,Business Owner,4/9/2019,Premium,0,Mobile App Push
969032,3,Coffey,22,Male,United States,11692.16,Single,Unemployed,12/27/2025,Student,0,Mobile App Push
969067,2,Hudson,37,Female,France,29835.27,Married,Salaried Employee,10/13/2020,Family,0,Email
969226,2,Kramer,34,Male,France,37245.97,Married,Salaried Employee,5/31/2026,Family,2,Mobile App Push
969325,4,Kelley,44,Male,France,113388.15,Single,Business Owner,5/24/2018,Premium,1,Phone Call
969634,2,Clay,45,Female,France,22361.56,Married,Self-Employed,7/26/2017,Family,3,SMS
969642,4,Campos,40,Male,France,57006.32,Married,Salaried Employee,10/20/2020,Premium,2,Mobile App Push
969693,4,Tucker,57,Female,France,92761.23,Divorced,Business Owner,6/13/2017,Premium,1,Phone Call
969695,1,Rodriguez,59,Female,Spain,64135.75,Divorced,Salaried Employee,6/19/2026,Retail,1,Mobile App Push
969749,1,Richard,52,Male,United States,39858.65,Single,Salaried Employee,7/25/2020,Retail,0,Email
969752,1,Singh,37,Male,Germany,39882.31,Married,Salaried Employee,10/23/2018,Retail,2,SMS
969856,1,Cook,56,Male,France,64806.19,Married,Salaried Employee,3/22/2022,Retail,0,Mobile App Push
969948,5,Stark,78,Female,Germany,31297.61,Widowed,Retired,8/30/2024,Senior,0,Mobile App Push
970068,4,Moore,63,Male,Germany,137043.27,Single,Salaried Employee,7/12/2020,Premium,0,Mobile App Push
970071,4,Miller,39,Male,Germany,120054.12,Married,Salaried Employee,5/18/2019,Premium,2,Email
970127,2,Rodriguez,42,Female,Spain,26826.89,Married,Salaried Employee,10/19/2025,Family,3,Mobile App Push
970196,2,Anderson,45,Male,Germany,50495.63,Married,Salaried Employee,12/23/2021,Family,1,Email
970206,1,Richardson,28,Female,United States,39612.24,Single,Unemployed,1/15/2025,Retail,0,Email
970300,1,White,44,Female,Germany,36493.96,Married,Salaried Employee,10/8/2021,Retail,0,Email
970357,1,Lester,41,Female,France,81399.35,Married,Salaried Employee,8/13/2021,Retail,0,Mobile App Push
970392,5,Jensen,65,Male,United States,28704.91,Widowed,Retired,8/25/2020,Senior,2,Mail
970699,1,Williams,45,Female,Spain,53085.87,Divorced,Self-Employed,7/19/2023,Retail,2,Mobile App Push
970708,5,Mack,74,Male,United States,28444.56,Married,Retired,4/1/2023,Senior,0,Phone Call
970720,1,Evans,39,Male,France,31258.05,Single,Freelancer,12/22/2024,Retail,0,Mobile App Push
970813,1,Deleon,30,Female,United States,30313.53,Single,Salaried Employee,10/17/2016,Retail,1,Mobile App Push
970914,1,Reyes,30,Male,France,68251.07,Single,Salaried Employee,4/4/2020,Retail,0,Mobile App Push
970917,4,Caldwell,41,Female,France,133621.48,Divorced,Business Owner,6/17/2017,Premium,0,Mobile App Push
971002,1,Nielsen,30,Female,Spain,53700.95,Married,Self-Employed,6/21/2017,Retail,3,Phone Call
971084,4,Harris,55,Male,Spain,90503.49,Widowed,Salaried Employee,1/10/2016,Premium,1,SMS
971230,1,Morales,48,Male,Germany,78346.42,Single,Salaried Employee,2/18/2026,Retail,0,Mail
971415,1,Meyers,48,Male,Germany,41967.03,Single,Self-Employed,1/15/2017,Retail,2,Mail
971482,4,Mason,34,Female,United States,172130.01,Married,Business Owner,5/18/2026,Premium,0,SMS
971662,2,Morris,40,Female,United Kingdom,32665.05,Married,Salaried Employee,5/29/2020,Family,2,Email
971699,1,Brown,31,Male,Germany,26609.75,Married,Salaried Employee,5/18/2020,Retail,0,Mail
971728,1,White,41,Female,United States,28950.18,Married,Salaried Employee,11/6/2022,Retail,2,Mail
971733,2,Diaz,31,Male,Germany,46854.29,Married,Salaried Employee,11/19/2023,Family,4,SMS
971776,4,Yoder,37,Male,France,113460.70,Married,Freelancer,2/27/2023,Premium,0,Email
971889,2,Andrews,28,Female,France,35335.56,Married,Salaried Employee,4/17/2024,Family,2,Mail
972064,2,Dodson,36,Male,France,94035.04,Married,Self-Employed,7/20/2022,Family,2,Mobile App Push
972089,4,Reid,63,Female,France,126297.15,Single,Self-Employed,10/1/2018,Premium,0,Mail
972097,3,Mitchell,18,Male,Spain,12414.79,Single,Student,5/28/2020,Student,0,Mobile App Push
972176,2,Cruz,35,Female,United States,35509.23,Single,Business Owner,1/17/2026,Family,1,Email
972310,2,Shaw,42,Male,France,34599.68,Married,Salaried Employee,2/6/2018,Family,2,SMS
972335,1,Hampton,43,Male,Germany,51946.62,Divorced,Salaried Employee,12/9/2020,Retail,0,Mobile App Push
972442,2,Shea,45,Female,Spain,50752.17,Married,Freelancer,3/3/2018,Family,1,Mobile App Push
972460,2,Bradley,36,Female,France,50484.41,Married,Self-Employed,3/20/2018,Family,2,Email
972496,1,Long,30,Male,Germany,42602.93,Married,Salaried Employee,11/22/2023,Retail,1,Mobile App Push
972565,3,Miles,19,Female,France,15343.28,Single,Student,9/3/2023,Student,0,SMS
972600,1,Jackson,36,Male,Spain,51072.45,Single,Freelancer,5/31/2017,Retail,2,Email
972881,1,Beard,49,Female,Germany,43089.67,Married,Business Owner,9/26/2022,Retail,1,Mobile App Push
973074,5,Williams,68,Male,Spain,40609.17,Widowed,Retired,5/8/2021,Senior,0,Phone Call
973294,1,Marks,38,Female,United Kingdom,13395.31,Married,Salaried Employee,3/5/2021,Retail,0,Mobile App Push
973349,1,Le,45,Female,United Kingdom,31539.04,Married,Salaried Employee,3/8/2023,Retail,0,Mobile App Push
973390,1,Phillips,45,Female,France,20080.52,Single,Salaried Employee,5/13/2018,Retail,2,Mobile App Push
973703,1,Arnold,46,Male,France,39397.76,Single,Salaried Employee,9/8/2022,Retail,1,Phone Call
973835,5,Becker,74,Female,Germany,51024.63,Married,Retired,5/8/2019,Senior,1,Phone Call
973844,3,Flores,22,Female,Spain,16069.37,Single,Student,6/29/2020,Student,0,Email
973846,5,Walker,84,Male,Germany,37159.60,Married,Retired,1/18/2025,Senior,0,Mail
974190,4,Hernandez,35,Male,France,140294.87,Married,Self-Employed,5/3/2021,Premium,0,Mobile App Push
974224,2,Wise,42,Male,United States,45979.39,Married,Salaried Employee,9/8/2017,Family,2,SMS
974244,1,Andrews,50,Male,Germany,46132.00,Single,Freelancer,4/25/2022,Retail,1,SMS
974329,2,Richardson,43,Female,Germany,30829.86,Married,Salaried Employee,8/9/2021,Family,1,Email
974625,2,Edwards,41,Male,United Kingdom,31323.89,Divorced,Salaried Employee,1/19/2022,Family,1,Email
974628,5,Jordan,76,Female,France,27408.95,Divorced,Retired,7/25/2017,Senior,0,Mail
974774,2,Johnston,44,Male,France,69483.58,Divorced,Business Owner,10/11/2025,Family,2,Email
974991,5,Mclaughlin,81,Male,Germany,56014.93,Married,Retired,1/15/2023,Senior,1,Phone Call
975064,1,Martin,49,Male,United Kingdom,85410.31,Married,Salaried Employee,2/16/2024,Retail,0,Email
975136,5,Garrison,69,Male,Germany,21600.96,Divorced,Self-Employed,8/15/2016,Senior,2,Phone Call
975194,2,Jones,42,Female,United States,32155.36,Married,Salaried Employee,5/18/2025,Family,3,Mobile App Push
975271,1,Jones,53,Female,France,30601.22,Married,Salaried Employee,12/5/2022,Retail,0,Email
975297,3,Hill,22,Male,Germany,21837.23,Single,Student,9/14/2016,Student,0,Mail
975373,1,White,45,Female,France,28638.53,Single,Salaried Employee,3/18/2023,Retail,1,Mobile App Push
975427,1,Parker,43,Female,Germany,25613.80,Married,Self-Employed,12/11/2019,Retail,1,Email
975467,1,Clark,45,Female,France,21730.20,Married,Salaried Employee,12/22/2017,Retail,1,Mobile App Push
975498,3,Jenkins,26,Male,France,15672.32,Single,Student,11/5/2019,Student,0,Mobile App Push
975522,2,Clark,38,Male,Germany,28834.75,Married,Freelancer,1/6/2022,Family,0,Mail
975671,3,Taylor,18,Male,Germany,14162.37,Single,Student,9/14/2020,Student,0,Mobile App Push
975679,2,Shepherd,46,Male,France,55419.00,Married,Salaried Employee,12/4/2018,Family,2,SMS
975686,2,Obrien,53,Male,Spain,47270.95,Married,Salaried Employee,4/4/2020,Family,2,Email
975763,1,Cole,35,Male,Spain,28810.05,Married,Freelancer,10/25/2018,Retail,1,Email
975804,1,Martinez,43,Male,Germany,26425.63,Single,Self-Employed,3/11/2023,Retail,0,Phone Call
975930,1,Garcia,52,Male,Spain,29827.11,Married,Salaried Employee,10/3/2022,Retail,1,Email
976042,1,Reed,45,Female,United States,46832.87,Single,Salaried Employee,1/22/2019,Retail,0,Mobile App Push
976052,4,Bailey,42,Female,United Kingdom,77230.81,Married,Self-Employed,4/3/2022,Premium,1,SMS
976258,1,Woods,25,Female,France,38572.96,Single,Salaried Employee,10/29/2019,Retail,1,Phone Call
976303,2,Stanley,55,Male,Spain,78410.65,Married,Salaried Employee,10/24/2020,Family,2,Email
976325,1,Owens,37,Male,France,47250.90,Married,Salaried Employee,10/14/2019,Retail,0,Mobile App Push
976500,1,Benson,32,Female,France,66387.98,Single,Salaried Employee,8/2/2020,Retail,3,Mail
976530,1,Larson,49,Male,United Kingdom,26713.70,Married,Salaried Employee,8/13/2025,Retail,0,SMS
976566,5,Clark,70,Female,United States,23125.96,Married,Retired,8/29/2018,Senior,0,Mail
976638,2,Jones,49,Male,Germany,70700.01,Married,Salaried Employee,5/1/2018,Family,1,Mobile App Push
976735,1,Taylor,54,Female,Spain,27565.97,Single,Salaried Employee,9/14/2017,Retail,0,SMS
976792,2,Smith,32,Male,Germany,36755.49,Divorced,Salaried Employee,11/1/2019,Family,0,Email
976822,2,Herrera,39,Male,France,55595.31,Divorced,Salaried Employee,12/30/2024,Family,3,Mobile App Push
976923,5,Randall,77,Female,Spain,54751.55,Widowed,Retired,10/1/2018,Senior,0,Email
976960,1,Harris,54,Male,France,30670.96,Single,Self-Employed,10/1/2021,Retail,0,Email
977057,2,Yates,33,Female,United States,33187.99,Married,Salaried Employee,12/6/2019,Family,4,Phone Call
977330,2,Jacobs,36,Female,United States,36358.77,Married,Salaried Employee,8/13/2021,Family,2,Email
977340,5,Miller,70,Female,France,21118.28,Divorced,Retired,9/20/2022,Senior,0,SMS
977345,1,Medina,38,Female,France,38521.96,Married,Salaried Employee,4/24/2026,Retail,2,SMS
977394,1,Murphy,43,Female,United States,52022.12,Single,Salaried Employee,1/10/2017,Retail,1,Mail
977633,1,Lane,52,Female,United States,62130.08,Divorced,Salaried Employee,6/29/2021,Retail,1,SMS
977646,2,Miranda,28,Female,Germany,42112.31,Married,Business Owner,10/11/2024,Family,1,Email
977740,2,Adams,41,Female,United States,26971.70,Married,Self-Employed,9/19/2025,Family,3,Mobile App Push
977857,5,Maxwell,73,Female,France,26406.36,Married,Retired,12/15/2016,Senior,0,SMS
978053,1,Thompson,62,Male,France,38348.79,Single,Freelancer,7/28/2023,Retail,0,Mail
978146,1,Cooper,44,Female,United Kingdom,21123.85,Married,Salaried Employee,12/23/2017,Retail,3,SMS
978157,1,Ortiz,56,Female,France,56219.29,Single,Salaried Employee,8/28/2016,Retail,0,Email
978292,2,Cox,44,Male,United States,37447.35,Married,Salaried Employee,9/28/2022,Family,2,Mobile App Push
978302,3,Ewing,19,Male,United Kingdom,18551.56,Single,Student,5/8/2023,Student,0,Mobile App Push
978343,4,Hines,47,Male,United States,130149.85,Married,Business Owner,5/15/2025,Premium,2,SMS
978721,5,Hale,72,Female,United Kingdom,59830.31,Single,Retired,8/29/2021,Senior,0,Email
979060,5,Garcia,84,Male,United States,41834.70,Widowed,Retired,7/23/2023,Senior,1,SMS
979249,2,Jackson,47,Male,France,39297.53,Married,Salaried Employee,8/31/2020,Family,2,SMS
979269,1,Heath,40,Male,France,33542.46,Married,Business Owner,2/10/2018,Retail,0,Email
979414,3,Johnson,21,Male,United Kingdom,8000.00,Single,Student,6/8/2022,Student,0,Mobile App Push
979562,1,Wiggins,61,Male,United Kingdom,44071.33,Single,Freelancer,1/18/2020,Retail,0,Mobile App Push
979725,5,Ryan,81,Female,France,35780.34,Married,Retired,6/6/2024,Senior,0,Email
979727,2,Ballard,51,Male,France,36907.04,Married,Salaried Employee,7/27/2021,Family,1,Mobile App Push
979789,1,Blake,34,Female,France,27039.90,Single,Self-Employed,7/16/2024,Retail,2,Mobile App Push
979827,1,Ramirez,37,Female,France,45038.35,Married,Business Owner,2/27/2022,Retail,0,Phone Call
979940,1,Dillon,46,Female,United Kingdom,72619.88,Single,Business Owner,10/13/2016,Retail,2,SMS
979988,4,Walker,55,Female,Spain,195704.54,Married,Self-Employed,11/26/2019,Premium,0,Mobile App Push
979995,4,Roberts,60,Male,United States,248741.40,Married,Self-Employed,7/2/2019,Premium,2,SMS
980152,4,Richardson,37,Female,United Kingdom,110945.55,Married,Business Owner,6/28/2021,Premium,1,Mobile App Push
980155,1,Rice,45,Female,Spain,32485.81,Married,Salaried Employee,1/19/2019,Retail,1,SMS
980303,1,Boyer,47,Male,France,46825.56,Married,Salaried Employee,3/4/2025,Retail,1,Mobile App Push
980357,4,Lang,43,Female,United Kingdom,70887.74,Married,Salaried Employee,7/18/2017,Premium,2,Email
980521,1,Cline,28,Male,Spain,22519.27,Married,Self-Employed,1/20/2023,Retail,2,SMS
980651,5,Reynolds,83,Female,France,46914.72,Married,Retired,1/14/2021,Senior,0,Phone Call
980660,1,Davies,58,Male,Germany,44375.90,Married,Salaried Employee,1/21/2021,Retail,1,Mobile App Push
980690,2,Barnes,47,Male,United Kingdom,66208.26,Married,Salaried Employee,8/23/2022,Family,2,Email
980764,2,Campbell,40,Female,France,25515.89,Widowed,Freelancer,3/5/2024,Family,0,Mobile App Push
980919,2,Copeland,41,Female,United States,40437.95,Married,Salaried Employee,11/7/2019,Family,0,Mobile App Push
981334,1,Wilson,49,Female,United States,46515.65,Married,Self-Employed,5/26/2023,Retail,1,Phone Call
981473,1,Morales,31,Male,Germany,19263.67,Married,Unemployed,12/9/2023,Retail,0,Email
981578,2,Harris,43,Female,Germany,50310.26,Divorced,Unemployed,3/15/2019,Family,3,Mobile App Push
981639,1,Sanders,38,Female,Germany,26505.73,Married,Salaried Employee,8/14/2017,Retail,0,Mobile App Push
982027,3,Lopez,25,Male,France,24666.69,Single,Student,12/18/2017,Student,0,Email
982042,5,Greene,74,Female,Germany,56815.40,Married,Self-Employed,9/9/2021,Senior,0,Email
982260,1,Mitchell,38,Female,Spain,46236.08,Single,Self-Employed,12/15/2021,Retail,0,SMS
982277,1,Brown,44,Male,Spain,60992.29,Married,Self-Employed,1/22/2025,Retail,0,Mobile App Push
982417,1,Stein,43,Male,Spain,20703.60,Married,Salaried Employee,11/14/2025,Retail,1,Mobile App Push
982495,1,Smith,44,Female,United States,37252.55,Divorced,Salaried Employee,2/12/2017,Retail,2,Email
982554,1,Jackson,34,Female,United Kingdom,28284.41,Married,Self-Employed,7/21/2024,Retail,0,Email
982683,2,Powell,47,Female,United Kingdom,46148.88,Single,Business Owner,3/2/2020,Family,2,Email
982725,4,Hubbard,46,Male,Germany,64122.16,Divorced,Salaried Employee,5/6/2021,Premium,1,Mail
982885,5,Ray,78,Female,Spain,51391.56,Married,Self-Employed,1/16/2021,Senior,2,Phone Call
983326,1,Owens,44,Male,Spain,32015.79,Divorced,Salaried Employee,4/16/2020,Retail,0,Mobile App Push
983456,1,Williams,45,Female,United Kingdom,31106.32,Single,Salaried Employee,5/12/2018,Retail,2,SMS
983472,1,Smith,34,Male,France,58892.16,Single,Salaried Employee,1/22/2023,Retail,1,Mobile App Push
983532,2,Stewart,34,Male,France,32927.27,Married,Freelancer,12/9/2016,Family,4,Email
983788,2,Johnson,40,Male,France,44370.92,Divorced,Unemployed,8/30/2022,Family,2,Mobile App Push
983791,5,Schmidt,78,Female,Spain,31283.52,Married,Retired,12/5/2016,Senior,0,Phone Call
983794,4,Leonard,40,Male,Spain,125149.39,Divorced,Salaried Employee,7/18/2022,Premium,2,Mail
984027,1,Daniels,44,Female,Germany,25167.66,Married,Salaried Employee,8/6/2025,Retail,0,Email
984096,2,Moon,48,Male,France,39454.61,Divorced,Freelancer,10/19/2021,Family,3,Phone Call
984247,3,Martinez,21,Male,France,18731.49,Single,Student,5/31/2019,Student,0,Mail
984274,2,Parker,31,Male,France,30370.78,Divorced,Salaried Employee,6/27/2024,Family,4,SMS
984293,4,Richards,40,Female,France,70475.17,Single,Freelancer,8/15/2024,Premium,1,SMS
984522,5,Bennett,83,Male,France,8954.60,Divorced,Self-Employed,5/11/2026,Senior,0,Email
984532,2,Williams,55,Female,Germany,50634.45,Married,Salaried Employee,7/3/2017,Family,3,Mail
984642,1,Burgess,28,Female,France,40316.04,Single,Salaried Employee,9/2/2016,Retail,2,SMS
984756,1,Clark,32,Female,United Kingdom,46317.02,Single,Salaried Employee,3/4/2022,Retail,2,SMS
984769,4,Bender,39,Male,France,60605.29,Single,Business Owner,7/2/2026,Premium,0,Mobile App Push
985049,1,Singleton,55,Female,Germany,58703.02,Married,Salaried Employee,4/28/2022,Retail,0,Email
985249,5,Williams,77,Female,Germany,51712.57,Divorced,Retired,9/30/2025,Senior,0,Mail
985296,1,Carter,51,Male,France,30434.03,Single,Salaried Employee,1/14/2019,Retail,2,Mobile App Push
985331,4,Ramos,54,Male,France,202373.42,Married,Business Owner,8/3/2026,Premium,0,Mobile App Push
985364,5,Scott,78,Male,Germany,15874.78,Single,Retired,9/7/2025,Senior,0,SMS
985447,2,Anderson,40,Male,United States,32214.30,Married,Self-Employed,11/12/2024,Family,3,SMS
985506,2,Gallegos,48,Female,Germany,46006.77,Married,Unemployed,6/10/2019,Family,2,Phone Call
985885,1,Cabrera,45,Male,United Kingdom,60761.27,Married,Salaried Employee,1/25/2024,Retail,2,Phone Call
985893,2,Clark,39,Male,France,23033.18,Married,Salaried Employee,4/18/2021,Family,2,Email
986088,1,Stein,26,Female,France,15491.95,Single,Salaried Employee,11/18/2017,Retail,0,Email
986209,5,Dunn,70,Female,Germany,36092.23,Widowed,Retired,3/17/2021,Senior,1,Email
986278,2,Nielsen,43,Male,United States,26481.91,Married,Business Owner,1/1/2026,Family,3,Email
986365,1,Guerrero,50,Female,Spain,26502.10,Married,Salaried Employee,6/26/2021,Retail,1,SMS
986392,2,Webster,52,Female,Germany,26863.59,Married,Self-Employed,3/11/2026,Family,1,Email
986438,1,Medina,40,Female,Germany,108823.62,Married,Salaried Employee,7/24/2022,Retail,1,Mobile App Push
986486,3,White,22,Male,Germany,8590.96,Single,Student,4/20/2022,Student,0,Mobile App Push
986575,3,Martinez,22,Female,France,12321.18,Single,Unemployed,1/23/2021,Student,0,Email
986589,1,Skinner,55,Male,Germany,25479.05,Married,Salaried Employee,11/12/2020,Retail,1,Email
986593,2,Young,43,Male,United Kingdom,63170.91,Divorced,Freelancer,1/23/2025,Family,1,Mobile App Push
986827,2,Trujillo,39,Female,Spain,49033.58,Married,Freelancer,8/4/2025,Family,1,Email
986846,5,Newton,75,Female,United Kingdom,33305.74,Married,Retired,11/23/2025,Senior,0,Phone Call
986850,2,Hoffman,47,Male,United Kingdom,40216.73,Married,Salaried Employee,10/20/2020,Family,3,SMS
986982,1,Freeman,49,Female,United Kingdom,15902.69,Divorced,Salaried Employee,3/10/2022,Retail,1,Email
987025,5,Bishop,87,Female,France,19111.56,Widowed,Retired,11/18/2025,Senior,0,SMS
987110,2,Shannon,44,Female,Germany,30677.82,Married,Freelancer,5/31/2018,Family,2,SMS
987204,5,Brown,69,Male,Germany,18687.26,Divorced,Business Owner,10/22/2018,Senior,0,Phone Call
987240,1,Williams,44,Male,Germany,25513.10,Single,Salaried Employee,9/28/2021,Retail,2,SMS
987586,1,Mcmillan,57,Male,Germany,40067.23,Married,Self-Employed,6/17/2026,Retail,0,SMS
987599,4,Gordon,52,Female,Spain,80167.59,Single,Self-Employed,7/28/2023,Premium,1,Mobile App Push
987624,1,Jones,40,Male,France,23608.37,Married,Salaried Employee,9/5/2020,Retail,2,Phone Call
987826,3,Bishop,18,Male,United States,11177.84,Single,Freelancer,11/29/2020,Student,0,Email
987938,1,Crawford,34,Male,Germany,22789.64,Single,Salaried Employee,5/31/2023,Retail,1,Email
988217,1,Little,32,Female,France,40728.63,Single,Unemployed,2/10/2022,Retail,0,Mobile App Push
988283,1,Moore,49,Male,United Kingdom,21156.05,Single,Salaried Employee,3/1/2024,Retail,0,Email
988319,5,Lee,88,Female,Germany,25723.66,Married,Self-Employed,1/12/2017,Senior,0,Mail
988324,4,Castillo,55,Male,United Kingdom,110427.39,Divorced,Salaried Employee,7/2/2017,Premium,1,Mail
988432,1,Herring,37,Female,Spain,24461.53,Single,Self-Employed,4/29/2020,Retail,0,Email
988456,1,Valencia,51,Female,United States,27764.56,Single,Salaried Employee,8/11/2023,Retail,2,Mobile App Push
988459,5,Clements,81,Male,Spain,30715.43,Married,Retired,6/8/2025,Senior,0,Phone Call
988528,1,Zuniga,62,Male,Spain,61219.04,Married,Salaried Employee,3/12/2023,Retail,0,SMS
988662,5,Graham,82,Male,Germany,29494.53,Married,Self-Employed,9/16/2017,Senior,1,Mail
988811,1,Patterson,30,Female,Germany,32801.08,Single,Self-Employed,4/19/2023,Retail,1,Email
988970,1,Harris,43,Male,France,42309.57,Single,Salaried Employee,1/4/2018,Retail,0,Phone Call
988980,2,Pope,36,Male,Germany,83616.00,Married,Freelancer,8/1/2017,Family,3,SMS
989053,1,Turner,24,Female,France,67355.07,Married,Salaried Employee,1/5/2021,Retail,1,Email
989079,3,Parker,24,Female,France,23343.69,Single,Student,2/28/2024,Student,0,Email
989136,5,Aguirre,65,Female,United Kingdom,37405.79,Divorced,Retired,2/23/2019,Senior,0,Mail
989173,1,Baker,39,Male,France,35067.82,Single,Salaried Employee,3/31/2017,Retail,2,SMS
989203,4,Castillo,46,Female,Germany,139028.48,Married,Self-Employed,4/16/2019,Premium,0,SMS
989208,2,Thompson,34,Male,Germany,39610.63,Divorced,Salaried Employee,8/22/2021,Family,1,SMS
989227,1,Chang,39,Male,United States,31610.81,Single,Salaried Employee,7/18/2017,Retail,1,Mail
989265,5,Freeman,71,Male,Germany,19981.80,Widowed,Retired,5/15/2019,Senior,0,Phone Call
989322,1,Hernandez,33,Female,United States,54578.89,Single,Salaried Employee,11/5/2016,Retail,0,Email
989455,5,Blanchard,80,Female,United States,25712.81,Divorced,Retired,11/17/2017,Senior,2,Mail
989545,1,Glass,45,Male,France,23209.10,Married,Salaried Employee,7/27/2021,Retail,1,Mobile App Push
989587,1,Mayer,44,Male,Germany,49806.11,Single,Salaried Employee,11/21/2021,Retail,1,Mail
989894,2,Callahan,44,Female,Germany,29031.37,Married,Salaried Employee,10/31/2018,Family,1,Phone Call
989921,2,Gibson,51,Female,France,23208.14,Single,Salaried Employee,8/17/2023,Family,3,Email
990079,1,Romero,39,Female,Germany,20192.99,Married,Salaried Employee,2/10/2019,Retail,0,Mobile App Push
990136,5,Rice,75,Female,Spain,19811.51,Divorced,Retired,11/6/2023,Senior,0,Mail
990247,1,Johnson,36,Male,France,23117.08,Divorced,Self-Employed,10/10/2022,Retail,1,Email
990429,1,Baxter,52,Male,France,39508.15,Single,Salaried Employee,1/30/2022,Retail,0,Mobile App Push
990598,2,Holden,38,Female,Germany,88509.11,Married,Salaried Employee,9/28/2019,Family,2,Email
990649,1,Williams,45,Female,Spain,43231.25,Married,Business Owner,12/31/2018,Retail,0,Mail
990704,2,Glass,47,Female,United Kingdom,28076.59,Married,Self-Employed,1/14/2018,Family,3,Mobile App Push
990731,1,Morris,47,Male,United States,43009.29,Married,Salaried Employee,7/8/2021,Retail,2,SMS
990742,1,King,47,Female,Spain,49521.68,Single,Salaried Employee,12/27/2020,Retail,1,Mobile App Push
990844,1,Wilson,24,Male,United States,38207.52,Married,Salaried Employee,10/18/2021,Retail,1,Email
990856,1,Freeman,41,Male,Germany,22629.10,Married,Self-Employed,12/24/2016,Retail,2,Email
991014,1,Robertson,62,Female,Spain,24191.76,Single,Business Owner,10/4/2016,Retail,0,Mail
991401,1,Anderson,35,Male,Spain,22496.26,Single,Self-Employed,7/25/2023,Retail,0,Phone Call
991597,1,Brown,53,Female,France,52977.20,Single,Self-Employed,7/10/2023,Retail,1,Mail
991638,4,Stokes,59,Male,France,105203.61,Married,Self-Employed,4/27/2022,Premium,1,Phone Call
991737,1,Jones,59,Female,United States,26108.26,Single,Salaried Employee,3/22/2020,Retail,1,Mobile App Push
991884,5,Hickman,64,Male,Germany,28750.36,Married,Retired,5/18/2025,Senior,0,Phone Call
991993,1,Williams,34,Male,France,33306.81,Married,Self-Employed,6/11/2020,Retail,2,Mail
992083,4,Castillo,55,Male,France,55163.82,Widowed,Salaried Employee,4/3/2026,Premium,0,Mobile App Push
992247,1,Shannon,36,Male,Germany,23459.68,Married,Salaried Employee,12/31/2018,Retail,1,Email
992288,3,Buck,21,Male,France,8647.22,Single,Student,5/23/2025,Student,0,Email
992400,1,Boyd,50,Male,Germany,36519.13,Married,Business Owner,11/11/2022,Retail,0,Mobile App Push
992512,1,Fitzgerald,41,Male,Germany,30350.36,Divorced,Salaried Employee,10/3/2022,Retail,1,Mobile App Push
992562,1,Fritz,60,Female,France,19669.01,Divorced,Salaried Employee,8/17/2022,Retail,0,Mobile App Push
992596,5,Williams,67,Female,United Kingdom,18887.95,Married,Retired,9/24/2025,Senior,0,Phone Call
992647,2,Lee,45,Female,United Kingdom,20420.03,Married,Self-Employed,11/8/2025,Family,0,Email
992697,4,Sanchez,52,Male,Germany,106884.67,Married,Business Owner,5/25/2026,Premium,0,Mobile App Push
992717,1,Kennedy,32,Male,United Kingdom,29784.41,Married,Freelancer,6/24/2017,Retail,0,Email
992744,2,Rocha,43,Female,United Kingdom,81559.43,Married,Salaried Employee,6/5/2026,Family,2,Mobile App Push
992805,2,Peters,46,Female,United States,75625.70,Single,Business Owner,5/14/2018,Family,3,Mobile App Push
992819,4,Myers,62,Female,Germany,130545.63,Married,Salaried Employee,3/4/2021,Premium,0,Mobile App Push
992931,1,Jones,24,Male,France,29459.10,Single,Salaried Employee,5/8/2024,Retail,3,SMS
992952,4,Cruz,41,Female,United Kingdom,230712.66,Married,Salaried Employee,5/5/2022,Premium,3,SMS
993021,2,Boone,45,Male,France,22946.30,Divorced,Salaried Employee,9/8/2021,Family,3,Email
993085,2,Barnes,36,Female,Spain,39061.05,Married,Salaried Employee,9/9/2024,Family,4,SMS
993140,1,Huang,40,Male,Spain,39351.04,Single,Salaried Employee,10/14/2018,Retail,2,Email
993251,5,Miller,67,Female,France,22225.40,Widowed,Retired,6/5/2026,Senior,0,Mail
993385,1,Mcneil,38,Male,France,48007.54,Single,Self-Employed,7/7/2017,Retail,0,Mobile App Push
993473,2,Bell,41,Male,United States,54916.99,Divorced,Salaried Employee,7/17/2023,Family,1,Phone Call
993522,1,Kent,42,Female,France,38305.68,Single,Self-Employed,9/27/2017,Retail,0,Mobile App Push
993590,1,Maldonado,32,Female,France,77313.19,Married,Freelancer,12/28/2021,Retail,0,Mobile App Push
993647,3,Mayer,23,Female,United Kingdom,16978.13,Single,Unemployed,4/26/2018,Student,0,SMS
993650,2,Thomas,45,Female,United Kingdom,102963.32,Married,Business Owner,10/17/2017,Family,2,Mobile App Push
993744,2,Moreno,28,Female,Germany,37245.95,Married,Salaried Employee,7/6/2026,Family,2,Mobile App Push
993829,2,Day,38,Male,Germany,60346.85,Married,Salaried Employee,7/2/2024,Family,4,SMS
993892,1,Freeman,46,Male,France,23421.82,Single,Salaried Employee,6/5/2022,Retail,1,Email
993916,1,Chase,34,Male,United States,27281.43,Married,Self-Employed,9/13/2016,Retail,0,Mail
994141,1,Davis,47,Female,United Kingdom,34344.02,Divorced,Salaried Employee,12/2/2022,Retail,3,Email
994188,1,Thomas,39,Male,Germany,43735.54,Married,Salaried Employee,8/13/2017,Retail,0,Mobile App Push
994217,2,Payne,42,Female,United States,49173.58,Divorced,Freelancer,2/23/2024,Family,3,Email
994253,3,Kim,21,Male,Germany,12220.87,Single,Student,6/17/2021,Student,0,Email
994343,2,Richards,45,Male,France,41999.08,Married,Business Owner,4/27/2023,Family,4,Email
994787,2,Marshall,36,Male,United Kingdom,39872.91,Married,Salaried Employee,3/24/2019,Family,4,Email
994794,1,Gray,46,Female,Germany,62881.82,Divorced,Salaried Employee,7/22/2021,Retail,0,Mobile App Push
994905,1,Hoffman,36,Male,United States,37634.61,Single,Unemployed,4/19/2020,Retail,1,Mobile App Push
994940,1,Goodwin,44,Female,United Kingdom,34122.75,Single,Salaried Employee,3/27/2018,Retail,0,Mobile App Push
995296,1,Solis,34,Female,France,24874.26,Married,Unemployed,4/2/2024,Retail,0,SMS
995304,3,Vaughn,21,Female,Spain,14961.55,Single,Student,9/18/2016,Student,0,Mobile App Push
995420,1,Obrien,45,Male,France,26537.05,Single,Freelancer,7/15/2018,Retail,1,Mobile App Push
995706,5,Clark,83,Male,France,30056.12,Married,Retired,10/4/2025,Senior,0,Email
995735,3,Patterson,25,Female,Germany,17301.17,Single,Student,2/3/2023,Student,0,Email
995825,4,Juarez,59,Male,France,102296.76,Married,Business Owner,2/28/2024,Premium,0,Email
995916,2,Jarvis,28,Male,Spain,67155.55,Married,Salaried Employee,8/21/2024,Family,3,Mobile App Push
995993,1,Moreno,57,Male,Germany,40373.53,Married,Salaried Employee,10/8/2019,Retail,1,Email
996114,1,Hamilton,38,Female,France,23641.46,Single,Salaried Employee,9/19/2022,Retail,1,Mail
996508,1,Olson,32,Male,France,37011.33,Married,Salaried Employee,3/21/2018,Retail,0,Mail
996531,2,Fox,46,Male,France,41004.53,Married,Salaried Employee,10/1/2022,Family,2,Email
996536,3,Parker,20,Male,United Kingdom,15037.96,Single,Student,9/2/2019,Student,0,SMS
996840,2,Sweeney,41,Male,United States,26903.81,Married,Salaried Employee,4/24/2022,Family,2,Email
996865,2,Whitehead,38,Male,United States,58219.14,Married,Salaried Employee,11/19/2018,Family,2,SMS
996963,1,Miller,31,Female,United States,46300.73,Divorced,Salaried Employee,8/4/2017,Retail,0,Phone Call
997004,2,Clark,37,Male,France,31326.40,Married,Business Owner,7/23/2021,Family,3,Mobile App Push
997287,2,Estrada,45,Female,France,43221.94,Married,Salaried Employee,9/28/2018,Family,2,Phone Call
997546,1,Dalton,47,Female,France,49361.35,Married,Freelancer,1/8/2021,Retail,3,Mobile App Push
997594,1,Owens,30,Female,Spain,31657.25,Single,Salaried Employee,3/28/2018,Retail,0,Mobile App Push
997734,2,Calderon,45,Male,France,41002.61,Married,Salaried Employee,10/24/2021,Family,2,Email
997904,1,Wallace,26,Female,France,38914.99,Widowed,Freelancer,12/17/2024,Retail,0,Email
998043,3,Jones,19,Female,France,11403.71,Married,Student,6/7/2017,Student,0,Mail
998182,3,Jennings,18,Male,France,13274.17,Single,Student,9/20/2017,Student,0,SMS
998198,5,Cooper,71,Male,United Kingdom,11502.31,Married,Retired,10/11/2024,Senior,0,Mail
998235,1,Graham,32,Male,United Kingdom,52690.63,Single,Salaried Employee,7/25/2019,Retail,1,Email
998348,2,Burton,34,Male,United States,24745.05,Divorced,Salaried Employee,7/29/2021,Family,3,Mobile App Push
998450,1,Sparks,34,Male,Germany,48556.53,Married,Unemployed,8/29/2021,Retail,0,SMS
998602,1,Reynolds,34,Male,France,66639.76,Single,Salaried Employee,7/2/2024,Retail,1,Mobile App Push
998723,2,Walker,47,Male,Germany,40260.33,Married,Salaried Employee,8/17/2019,Family,1,Mobile App Push
998746,3,Young,21,Female,United States,9931.41,Single,Student,5/25/2017,Student,0,Email
998801,1,White,47,Female,France,33627.37,Single,Self-Employed,1/12/2017,Retail,0,SMS
998960,1,Lindsey,52,Male,Germany,46493.80,Widowed,Unemployed,1/12/2019,Retail,0,SMS
999138,1,Davis,54,Male,Spain,30645.52,Married,Self-Employed,7/16/2025,Retail,0,Email
999197,2,Orr,50,Male,Germany,44625.81,Married,Salaried Employee,1/4/2023,Family,2,Email
999312,1,Berg,42,Female,United Kingdom,25020.24,Single,Freelancer,2/18/2023,Retail,3,Mobile App Push
999398,3,Mathews,19,Female,United Kingdom,22898.05,Single,Student,11/1/2017,Student,0,Mail
999488,4,Rivers,59,Female,United Kingdom,107211.55,Single,Business Owner,8/15/2021,Premium,2,Phone Call
999529,2,Brady,44,Male,Germany,60608.89,Divorced,Self-Employed,9/22/2025,Family,2,Email
999596,2,Rodriguez,38,Female,Germany,41978.55,Married,Freelancer,7/1/2023,Family,3,Phone Call
999636,3,Hunter,19,Male,Germany,18832.59,Single,Student,3/2/2017,Student,0,Mobile App Push
999695,2,Mclean,44,Male,France,79996.44,Married,Unemployed,8/12/2021,Family,2,Email
999908,2,James,28,Male,Germany,39741.71,Married,Self-Employed,7/18/2019,Family,3,Email
999924,1,Dominguez,43,Female,United States,34787.87,Married,Freelancer,1/12/2017,Retail,1,Mobile App Push
