account_id,customer_id,credit_score,tenure,balance,num_products,has_credit_card,is_active_member,exited,complaints_last_year,monthly_transactions,average_transaction_value,last_login_days
2867825,100096,694,5,24958.19,2,0,0,0,0,7,165.58,49
1419610,100177,698,0,30715.5,2,1,0,0,1,2,29.45,24
5614226,100193,593,2,41149.85,2,0,1,0,0,13,51.29,5
5108603,100205,635,2,65563.62,1,1,1,0,0,8,129.62,0
4744854,100301,559,1,0,3,1,0,0,1,8,148.26,52
3341057,100425,622,7,0,1,1,0,1,3,10,92.34,57
2719583,100599,784,2,591.74,1,0,0,0,0,7,18.6,28
2458591,100708,630,2,35856.48,2,0,0,0,1,9,89.65,65
8078673,100716,665,9,306.18,1,0,1,0,2,0,91.01,1
1533224,100754,577,10,32728.65,2,1,1,0,1,1,11.86,1
1499914,100884,77.50%,2,0.00%,1,0,1,1,0,17,23.29,21
2571945,100909,546,5,0,2,1,1,0,0,10,27.34,0
4668136,101139,803,0,47218.97,2,0,1,0,0,10,269.06,13
4903402,101206,570,0,2068.95,2,0,1,0,1,5,78.74,0
9478454,101258,757,1,39482.71,3,1,1,0,0,20,86.81,0
1445199,101343,665,4,0,2,0,1,0,0,27,31.86,5
4335942,101429,734,3,22601.46,1,0,1,0,0,11,85.54,7
8038374,101533,850,2,30062.84,1,1,0,1,0,1,102.95,112
4698379,101640,716,10,23830.16,3,1,0,0,3,0,82.09,184
8536477,101657,655,8,2854.65,2,1,1,0,0,25,38.73,8
5667265,101773,850,6,78272.03,2,1,0,1,1,9,43.08,25
1109031,101885,489,3,109292.18,1,0,1,0,0,18,25.28,7
3678638,102260,535,0,29002.58,2,1,1,0,1,12,171.27,1
8090293,102303,578,0,25475.8,4,1,1,0,0,15,50.1,1
6708456,102593,686,4,36300.52,2,1,0,0,2,12,53.86,4
5661907,102689,358,0,0,2,1,1,0,1,29,18.32,3
3608513,102693,731,0,49976.49,1,1,1,0,1,13,38.34,3
4612365,102805,636,10,40942.98,3,0,0,1,0,4,80.39,15
6647119,102871,726,0,48944.24,3,1,1,0,0,29,109.57,8
2714803,102973,648,1,30581.2,2,1,1,0,1,24,138.68,0
2556017,103161,733,7,308.59,2,1,0,1,1,7,59.32,120
7374122,103402,745,2,19849.57,2,1,1,0,1,8,35.54,3
2622631,103468,737,1,24764.74,1,0,1,0,1,19,42.26,0
7022674,103642,728,0,0,4,1,1,1,1,6,10.66,11
6770619,103704,648,0,5944.35,2,0,0,1,0,11,133.46,35
5437923,103717,686,1,20449.57,4,0,1,0,0,21,71,24
1728977,103883,658,10,592.36,1,1,1,0,1,11,60.35,4
8707870,104000,574,2,71024.29,2,1,0,0,4,8,159.73,7
9996414,104309,814,10,26380.56,3,1,0,0,1,4,60.15,21
3094235,104324,640,8,26779.33,3,1,1,0,1,15,15.81,0
7350753,104548,696,1,51329.83,2,0,1,1,0,30,73.95,9
2322047,104666,835,8,66617.5,2,0,0,1,3,10,13.7,19
5918715,104792,$637.00 ,1,$0.00 ,2,1,1,0,1,18,65.81,1
7067228,104877,684,2,27280.72,1,1,0,1,0,1,103.43,16
4226067,104895,735,4,18172.96,1,0,0,1,0,4,18.34,18
2166941,104942,826,0,28775.8,2,1,0,1,2,9,38.16,55
1768805,105066,598,1,189965.67,2,1,1,0,0,15,143.49,11
4823498,105274,850,0,139783,3,1,0,0,1,3,25.19,5
5855124,105324,731,4,27824.6,1,1,1,0,1,29,47.03,2
2338687,105433,733,1,0,4,1,0,1,0,4,37.96,7
4905582,105447,572,0,0,4,0,0,1,3,8,104.67,106
2694522,105506,833,1,0,2,0,0,1,1,4,50.6,37
7377459,105547,500,0,0,1,1,0,1,0,0,38.79,45
5663623,105735,697,2,81039.22,2,1,1,0,2,19,72.27,0
8606962,105814,635,3,25363.28,2,0,0,1,0,6,108.76,29
7120868,105919,728,1,20827.48,3,1,0,1,1,6,301.51,10
3728882,106029,724,3,33183.52,1,1,1,0,0,24,90.44,4
7210606,106182,736,6,47051.37,1,1,0,0,1,12,95.76,83
6960453,106185,604,0,56313.45,1,0,1,0,1,14,96.75,1
4514944,106402,554,9,0,1,1,1,0,0,13,78.45,4
5479144,106429,659,4,0,3,1,0,1,2,6,72.97,103
2197935,106658,638,10,83851.2,2,0,0,0,1,8,26.82,30
3871230,106687,629,1,41819.08,2,1,0,1,1,5,20.34,21
9961380,106693,712,3,0,4,0,1,0,0,22,66.73,4
5107245,106814,651,0,0,3,0,0,0,0,16,24.62,2
3741438,106887,785,2,0,2,0,0,0,3,1,24.54,1
8755439,106892,693,4,11001.32,1,0,0,0,1,6,59.3,7
7366205,106918,714,0,45905.01,3,1,0,1,1,2,113.73,0
5528972,106933,499,8,89117.17,3,1,0,0,1,9,18.7,21
4684531,106945,802,1,133872.91,3,1,0,0,1,5,19.82,6
6440561,107096,534,1,30217.98,1,1,0,0,1,14,127.21,70
1938483,107161,738,3,5917.33,3,1,0,1,1,8,106.26,3
4842788,107459,520,1,40782.48,1,1,1,1,0,10,712.76,5
1538552,107540,666,0,30609.05,2,1,0,0,1,6,78.4,27
6292423,107543,593,1,90311.21,3,1,1,0,0,3,186.74,0
7730428,107568,705,0,51420.51,2,1,1,1,2,18,16.88,21
5491946,107574,688,0,32569.13,2,1,0,1,1,5,123.14,79
2110460,107686,729,7,0,1,0,0,1,1,4,52.72,15
4539704,107704,780,1,32324.21,2,1,1,0,0,23,69.57,8
6279418,107790,776,2,0,4,1,1,0,0,20,30.41,0
4567281,108060,528,1,7789.66,1,0,0,1,2,1,123.27,119
9375710,108105,630,10,78813.9,1,1,0,0,3,3,37.56,9
7637601,108203,699,1,14296.85,1,1,1,0,2,29,39.9,5
8698256,108356,616,1,32464.31,2,1,0,1,1,0,108.76,32
3396987,108454,634,1,10437.46,1,1,1,1,0,23,25.67,0
5443951,108491,756,2,54523.82,1,1,1,0,0,20,82.77,5
3342608,108513,723,4,57681.85,2,1,1,0,0,15,31.49,6
5137722,108574,614,7,23034.3,1,1,1,1,1,18,119.22,7
5408072,108602,673,3,19169.65,4,1,1,0,1,19,96.32,0
8187926,108721,557,0,0,2,0,1,0,3,25,272.86,5
7700828,108739,496,10,34837.68,2,1,0,1,2,6,40.14,42
7073292,108827,546,10,91165.92,2,0,1,0,0,9,53.67,1
4679591,108874,656,1,22953.14,3,1,1,0,0,20,100.59,7
3320821,108886,704,3,32323.47,2,1,0,1,0,8,36.28,8
9548432,108887,583,3,27685.64,1,1,0,0,1,5,35.9,26
9279821,109231,718,4,36186.89,1,1,0,0,0,7,579.3,48
2525206,109330,630,1,0,2,0,0,1,0,5,34.51,5
1790481,109363,707,6,17143.82,1,1,1,0,0,14,340.62,10
2839607,109576,730,1,41973.78,3,0,1,1,0,16,218.23,5
3564251,109585,667,0,53736.95,3,1,1,1,1,13,69.01,1
3684052,109717,604,0,50289.87,1,1,1,0,1,3,29.62,2
8082668,109738,744,2,25681.38,3,1,1,0,0,32,137.06,1
2065818,109756,782,5,79502.28,1,1,1,0,0,20,51.3,3
7455324,109767,616,2,5622.94,3,0,0,0,2,6,180.72,5
7402509,109853,645,1,38494.9,1,0,1,0,0,15,202.41,1
8852574,109909,726,0,66176.98,2,1,1,0,1,27,52.82,1
9877065,110048,654,10,12874.04,1,0,1,1,1,13,67.25,0
5218028,110060,681,2,0,2,0,0,1,1,17,115.76,140
1192619,110139,674,2,0,3,0,1,1,2,37,63.32,10
2921859,110142,656,10,52321.57,1,1,0,0,1,10,164.78,61
5476583,110195,795,8,37977.75,2,1,1,0,2,28,52.71,0
6707197,110215,651,1,0,2,1,1,0,0,4,20.83,0
2871534,110644,797,3,50215.98,2,1,1,0,0,14,65.5,2
5924115,111060,501,3,79229.62,2,1,1,0,1,23,132.03,1
8294150,111068,632,0,40167.61,2,0,0,1,2,9,16.22,50
3653446,111091,507,0,117002.08,2,1,1,0,0,10,15.9,16
8612220,111106,775,3,0,1,1,1,0,1,15,95.69,1
1054447,111230,807,7,21942.89,1,1,0,0,2,9,82.73,24
5418934,111307,543,5,34816.06,3,0,0,0,0,10,287.45,31
9398441,111691,526,3,52859.59,1,1,1,0,0,17,160.57,23
3997281,111846,701,1,0,1,1,0,1,1,12,39.33,29
9517485,111901,671,8,0,2,1,0,1,1,12,97.23,25
2785277,111949,588,10,0,1,1,0,1,2,2,178.07,104
6007072,111989,601,0,0,4,1,1,1,1,12,81.68,7
9517169,111991,636,6,986.84,1,1,0,1,1,6,126.13,14
4337174,112038,456,3,46399.12,2,1,1,0,0,18,44.94,10
3564217,112166,674,6,107867.91,2,0,1,0,0,9,217.4,18
7273233,112210,692,0,82227.31,2,0,1,0,0,15,47.73,0
3710343,112394,655,10,39653.24,2,1,1,1,0,20,32.66,1
9897858,112426,759,0,12849.33,4,0,1,0,1,17,38.4,5
1009594,112439,651,10,26781.71,3,1,0,0,2,0,54.47,18
6438436,112537,621,5,15316.77,1,0,1,0,0,0,17.62,0
9197443,112542,560,3,0,3,1,0,1,1,10,30.67,25
1326765,112653,504,2,34267.58,4,1,0,0,2,6,61.59,40
2876828,112800,716,4,34584.44,2,0,1,0,0,18,314.16,5
7089806,112861,666,0,10345.16,1,1,1,1,1,28,193.86,1
6159230,112884,704,1,56845.5,1,0,1,0,1,13,69.04,17
5017343,112940,733,10,0,3,1,1,0,0,32,110.07,1
1971823,112960,555,2,0,2,1,0,0,0,6,57.51,41
5041154,112964,597,7,46426.38,2,1,1,0,1,11,78.49,20
2321324,113026,641,5,26110.35,3,0,1,0,2,19,693.34,1
2437026,113228,706,8,0,1,1,0,0,1,8,212.55,9
9153566,113266,800,3,36682.77,1,1,1,1,1,11,119.52,15
2161193,113280,550,0,43892.39,4,1,1,0,2,15,18.61,5
9937326,113368,754,0,15394.05,2,1,1,1,0,30,405.65,4
3109911,113390,736,6,64459.03,2,0,0,1,2,3,72.21,23
3154051,113595,611,2,22848.94,1,0,1,0,3,32,25.3,7
8973915,113721,563,7,54370.11,2,0,0,0,1,0,75.7,14
3770370,114338,742,7,87202.19,2,1,1,0,0,17,328.66,2
5446912,114400,720,0,6035.52,2,1,1,0,0,20,60.94,1
9852897,114463,681,1,23135.51,1,1,1,0,1,13,65.85,0
8099076,114594,729,1,33435.7,2,1,0,0,1,6,136.3,8
4553384,114760,530,10,81125.4,2,1,0,0,0,3,32.16,76
4374754,114768,850,0,37433.96,1,1,1,0,0,23,25.41,0
6229731,114835,609,2,95250.23,2,1,0,1,2,3,32.48,7
7693979,114892,580,2,53076.98,3,1,0,0,3,4,63.12,95
7264956,115063,633,0,98248.37,2,1,0,1,2,0,79.88,62
8350099,115208,747,6,44838.58,2,0,1,0,1,16,49.34,1
9683481,115440,676,0,44739.9,2,1,0,0,4,1,98.05,85
8574680,115474,627,0,54122.49,2,1,0,0,1,16,85.1,31
3030113,115582,559,2,53077.33,3,1,0,1,2,8,31.32,69
5159166,115743,616,0,28432.16,2,1,1,0,0,1,60.78,19
4769795,115799,568,4,35135.9,1,1,0,1,0,4,106.89,72
2074176,115997,528,4,17555.39,2,0,0,0,5,6,96.43,44
6672134,116078,563,2,101005.44,3,1,1,0,0,13,61.47,6
1352896,116093,687,7,57827.64,2,1,0,1,2,4,41.17,82
4860684,116112,680,3,13793.03,1,0,0,1,1,0,134.47,14
4694634,116389,803,8,0,1,1,1,1,1,12,28.94,0
1120642,116405,673,7,42122.47,3,1,1,1,0,12,12.84,7
2191066,116418,670,2,63470.12,2,1,0,0,1,11,52.94,42
1987737,116470,661,5,40132.68,2,1,0,1,1,3,64.5,6
4841005,116495,463,0,0,1,1,0,1,0,9,50.49,64
2130789,116547,693,1,88079.08,3,1,0,0,1,6,9.53,82
1527021,116703,644,10,19219.54,2,1,1,0,2,12,152.8,15
6543670,117007,606,1,31229.45,1,1,1,1,0,11,9.13,2
2188789,117031,561,5,39262.33,2,1,0,0,1,5,126.14,37
9626108,117072,684,0,120463.85,4,0,1,0,0,17,55.3,1
4993055,117094,606,0,0,1,1,1,1,2,9,22.78,1
5672073,117215,626,6,80835.56,3,1,1,0,0,24,13.82,2
9143903,117233,720,4,3998.74,2,0,1,0,0,14,216.87,2
4594297,117367,636,1,12297.42,2,1,0,0,0,5,85.81,46
3219824,117445,546,0,0,2,0,0,1,1,6,13.15,92
8930103,117500,712,3,36654.51,3,1,0,1,2,8,10.64,6
5076817,117538,850,5,23178.57,1,0,0,0,0,10,21.43,135
8935169,117711,471,3,44454.03,1,1,1,0,0,20,149.83,4
7829332,117975,694,2,27336.83,2,0,1,0,2,13,48.15,7
4194548,118080,705,10,0,1,1,1,0,1,15,18.12,1
2582524,118632,596,2,58237.64,2,1,1,1,1,22,119.19,4
2626229,118786,631,8,41058.25,2,1,0,0,2,0,33.26,14
8231838,119116,753,1,16305.75,1,1,0,1,3,8,126.99,6
6944126,119264,717,4,40859.07,2,0,1,0,0,21,15.24,0
8106470,119281,578,6,0,3,0,1,0,0,14,54.73,3
7897151,119524,734,0,24449.98,1,0,0,0,4,3,16.66,40
8835373,119535,655,1,34102.29,2,0,1,0,0,35,20.88,4
1908841,119627,605,1,46554.2,3,1,1,0,0,22,34.3,3
2651177,119629,587,3,18995.79,1,1,0,1,0,3,67.62,12
2016911,119651,663,7,9114.1,1,1,0,0,2,10,57.76,96
7754864,119676,685,0,929.29,1,1,1,0,1,17,106.7,5
6692553,119857,657,1,49932.89,1,1,1,0,0,21,59.59,3
2833230,119927,443,0,367.99,1,0,1,0,0,20,87.39,1
5171761,119989,839,8,0,2,0,0,1,2,1,22.86,49
4214348,120005,667,1,89071.08,2,0,0,1,1,0,24.04,0
4191175,120053,560,2,64474.49,2,0,1,0,1,0,23.04,7
9997381,120324,660,10,62046.54,1,0,1,1,1,25,34.19,3
8526486,120337,517,0,134546.77,4,1,0,0,4,0,46.7,10
3351868,120422,640,5,0,2,0,1,1,3,7,38.29,1
8077999,120478,560,6,0,3,1,0,0,1,6,118.47,13
4078418,120480,738,4,43101.22,1,0,0,1,2,6,112.86,11
5673212,120700,650,0,0,2,1,1,0,0,13,55.66,1
8761611,120798,611,10,40948.17,1,1,1,0,2,14,15.55,4
5191056,120896,590,10,0,3,1,1,0,0,13,61.78,6
2264748,121026,714,4,0,1,1,1,0,0,22,55.33,1
8434500,121053,704,1,0,1,1,0,1,2,8,33.71,100
2642635,121215,591,1,0,2,1,1,0,1,12,135.85,4
1848731,121322,537,1,28314.01,1,0,0,1,0,2,46.23,120
1247595,121369,511,3,71634.5,2,1,0,0,4,5,259.83,27
2564689,121753,530,0,130475.5,2,0,0,1,2,4,98.8,16
4965789,121869,743,4,131.52,2,1,0,1,1,8,91.19,0
3790237,122056,712,0,2891.85,1,1,0,0,0,0,199.46,75
7818496,122390,494,1,0,2,1,0,1,4,11,14.18,43
9147706,122394,577,4,38566.7,2,1,0,1,1,3,171.87,56
9075854,122532,652,2,0,2,1,1,0,1,24,62.38,5
4586084,122755,687,1,16208.9,1,1,1,0,2,22,117.95,3
7728339,122827,551,6,19483.81,2,1,0,1,1,0,48.36,48
1983738,122859,768,10,0,2,1,0,0,2,3,43.34,13
3762152,122977,683,6,45816.87,1,1,1,0,2,15,75.87,3
7358113,123005,550,1,776.79,1,1,1,0,0,12,154.28,2
1036161,123205,761,0,58526.42,2,1,1,0,0,16,261.99,0
7550190,123536,563,2,6942.68,4,0,1,0,0,30,38.4,6
5449368,123572,566,2,9772.66,2,0,0,0,3,3,40.77,36
8633773,123682,784,1,55450.65,1,1,0,0,3,8,16.73,80
5785687,123839,680,0,161572.68,3,1,0,1,1,8,111.59,20
8096887,123853,615,4,37249.95,4,0,0,0,1,7,79.1,22
9164991,124223,505,5,28347.77,2,1,0,1,1,5,86.9,53
3597059,124302,587,1,60179.32,1,1,1,0,1,21,100.21,8
4185957,124813,716,0,59174.45,2,1,0,0,2,8,14.21,18
5977931,124851,677,6,63039.06,2,1,0,0,2,8,78.71,2
4652414,124906,727,2,0,2,1,0,0,2,6,35.54,6
1981186,125071,721,6,35481.13,2,0,0,1,1,17,204.43,17
2022698,125151,607,6,40075.44,4,1,0,0,3,4,173.88,27
6261415,125382,683,4,0,3,1,1,0,0,9,92.12,5
1959074,125599,567,1,100.04,1,0,1,0,1,15,97.76,2
1841248,125611,622,2,0,1,1,0,1,0,8,73.8,32
8999183,125755,507,3,0,2,1,0,0,1,7,153.22,30
9436429,125905,567,0,8302.38,2,0,0,0,1,4,5.95,0
9910817,125990,850,3,3536.73,2,0,0,0,4,0,56.36,62
3641282,126122,631,7,26017.26,1,1,1,0,1,26,143.11,17
1954280,126146,667,0,15685.67,2,1,1,0,2,12,22.86,2
9519948,126225,594,2,1026.23,1,1,0,1,0,5,445.47,0
2344047,126240,710,3,0,3,1,1,0,0,21,175.36,6
4117625,126499,610,8,17451.15,2,1,1,0,1,19,155.58,5
2149597,126596,540,5,9352.05,1,0,0,0,2,3,29.46,69
2140194,126691,749,1,118871.31,3,0,1,0,1,11,38.53,5
4946066,126925,526,1,71112.85,2,1,0,1,0,8,28.38,22
7774229,126985,681,0,879.32,1,1,1,0,0,5,90.16,1
3011363,127032,586,0,48134.13,4,1,1,0,3,17,42.38,0
5130808,127121,637,6,0,2,0,0,0,3,8,94.46,33
1666754,127172,737,3,108222.94,3,1,1,0,0,11,264.84,1
2375453,127329,664,10,109705.97,2,1,1,0,1,1,124.29,0
8033426,127351,825,4,0,2,1,0,1,2,0,145.6,6
9770838,127470,801,0,19250.51,2,1,0,1,0,13,106.78,48
6307805,127529,687,10,614.18,1,1,0,1,1,7,76.4,35
5374922,127537,608,0,0,3,0,1,0,2,21,49.06,10
4426900,127560,577,1,34350.39,2,1,0,1,1,6,55.41,2
6271130,127645,590,2,0,1,0,0,0,4,3,38.42,14
5004485,127824,606,1,20257.73,2,1,0,0,0,4,89.91,16
5456272,127941,573,1,149081.14,2,1,1,0,0,20,18.47,3
7640184,127965,642,1,1382.49,1,1,1,1,1,11,184.29,9
3195773,128127,685,7,0,4,1,0,1,0,12,62.35,27
6033115,128223,644,1,84075.11,2,1,1,0,0,26,84.42,4
8670955,128276,849,1,41023.87,2,1,1,0,0,7,86.64,1
6304573,128418,601,6,36368.39,4,1,0,1,2,5,74.04,74
2217071,128624,602,4,114355.07,2,0,1,0,0,20,93.48,4
1156287,128679,691,2,346.13,1,1,1,0,0,10,36.56,1
8688755,128783,730,2,14648.97,2,1,1,0,2,21,47.16,0
2677407,128941,596,2,3579.92,2,1,1,0,0,1,314.89,9
2229110,129556,622,0,15463.68,2,0,0,0,2,7,41.19,59
4576135,129576,717,3,17043.15,3,1,0,1,0,6,214.07,59
9487336,129751,541,0,30018.55,3,0,1,0,1,20,89.86,1
5449324,129959,728,10,60398.75,1,1,0,1,1,9,43.82,109
3222252,130094,546,10,35129.25,1,1,1,0,0,8,56.36,5
6855396,130216,724,3,45952.15,3,1,1,0,0,10,321.38,2
2154126,130271,703,4,9860.69,1,1,1,0,1,13,81.97,1
5098412,130353,477,3,26490.05,2,0,0,1,2,9,205.68,107
7199635,130354,764,4,23231.8,1,0,1,0,1,24,24.11,0
5781295,130359,663,5,13052.3,1,1,1,0,0,20,21.81,1
3646552,130401,690,1,18900.68,1,1,0,1,1,13,98.16,25
8351517,130434,534,6,0,1,0,0,0,1,4,109.57,19
6075395,130477,691,1,0,3,0,1,0,1,14,65.1,2
9874152,130531,690,10,6389.53,2,1,0,0,1,8,76.81,43
1131249,130610,593,3,412.95,2,1,1,0,0,14,51.42,2
6022741,130726,572,4,58.15,1,0,0,0,1,1,51.26,84
2737893,130782,678,2,109141.91,4,1,1,1,1,15,80.01,5
3253031,130897,796,6,0,1,1,1,0,1,23,55.03,1
5437001,130914,759,2,42804.75,1,0,0,1,0,0,259.01,16
2936571,130915,743,10,0,3,1,0,0,1,12,174.78,46
2795765,131064,546,1,37913.28,2,0,0,1,3,0,31.3,0
3607983,131244,744,0,64418.96,1,0,1,0,1,21,48.32,13
5569244,131734,640,0,0,1,1,0,1,1,11,72.76,20
5727085,131757,653,1,37746.05,2,0,1,0,0,12,71.02,2
4533779,132047,692,1,41984.56,3,0,1,0,0,13,122.69,0
6752576,132146,388,1,0,2,1,0,0,3,4,35.69,17
4415796,132316,572,0,42584.41,2,0,1,0,0,14,27.06,2
5428914,132359,718,6,894.46,2,1,0,0,2,1,47.51,196
9479356,132498,730,8,68251.64,1,1,1,0,0,3,32.92,4
9196204,132537,689,10,48416.99,2,1,0,1,1,8,28.3,57
5213115,132591,702,0,35096.85,1,1,1,1,1,25,304.78,4
1852264,132653,810,2,67949.19,1,1,0,0,2,2,175.14,1
2548511,132663,573,2,55491.62,3,1,1,0,0,16,49.92,0
8106422,132687,822,3,15991.46,2,1,0,1,3,2,14.85,99
5641923,132699,553,5,21849.5,1,1,1,0,2,20,76.19,1
1739653,132709,547,4,0,2,1,1,0,1,18,33.64,2
1059486,132792,729,0,43864.98,1,1,0,0,1,10,75.25,126
6596150,132938,850,0,0,2,1,0,0,0,9,37.9,7
3194789,133104,647,3,34044.32,3,1,1,0,1,11,15.34,5
5394880,133164,752,0,22076.81,2,1,1,0,2,20,130.39,1
3710895,133223,837,7,5675.29,1,0,1,0,0,38,37.41,3
8412769,133276,568,3,0,4,0,1,0,1,7,151.77,11
8175395,133278,681,5,56303.07,2,1,1,0,0,22,335.87,2
1162230,133326,635,5,5419.88,2,1,1,0,0,27,122.86,1
2876932,133362,669,10,6466.09,2,0,0,0,1,0,35.97,20
2262382,133653,528,4,71842.32,1,1,1,1,2,11,601.92,4
3500715,133659,498,0,0,2,0,1,0,0,18,36.13,4
1604451,133782,742,1,32067.09,1,1,1,0,0,29,33.33,0
7194416,133795,827,0,0,3,1,1,0,1,36,46.34,8
3484601,133796,730,10,37591.46,2,1,1,0,0,0,36.33,2
8210624,133875,536,0,0,2,1,0,0,0,3,62.21,68
3138181,133955,758,1,33556.51,3,1,1,0,1,29,69.87,4
1701771,133958,701,3,0,1,0,1,0,1,23,23.88,0
6171716,134007,631,0,180.81,1,0,0,1,2,5,79.06,28
7117837,134144,820,8,0,1,0,0,0,0,6,442.88,1
1669324,134225,609,0,23189.63,1,0,1,0,0,20,75.03,0
7003042,134283,460,0,3502.58,2,1,0,1,1,13,264.32,15
4524499,134303,524,0,72354.86,2,1,1,0,0,24,63.86,0
5186414,134305,531,6,28994.9,1,1,1,0,1,18,38.95,6
2724590,134500,804,7,0,3,1,0,1,1,11,9.07,20
6933742,134677,650,0,0,1,0,1,1,3,31,228.44,3
7817881,134697,485,3,18717.25,2,0,1,0,1,23,32.1,0
3592974,134985,593,3,47347.17,2,1,1,0,1,9,46.6,2
4971793,135035,681,1,195462.26,1,1,0,0,1,8,74.5,7
3726327,135087,644,3,0,2,1,0,1,0,10,81.95,88
3970445,135138,762,2,1108.59,2,1,0,0,1,7,32.01,32
7917152,135207,509,3,0,1,0,0,1,1,3,16.33,66
1415846,135241,704,10,25638.19,2,1,1,1,3,25,90.25,1
4009172,135253,607,7,35855.01,2,1,0,0,2,0,45.89,150
6573147,135466,666,1,43242.83,2,1,0,1,0,8,195.45,34
7907400,135695,651,1,0,2,1,1,0,0,5,37.73,1
5163555,136332,656,1,0,2,1,0,1,2,5,34.61,4
5476257,136346,549,6,19698.47,3,1,1,0,0,23,89.87,5
3670896,136415,650,4,0,2,0,0,0,2,5,90.61,43
2813543,136489,703,10,45971.1,1,1,1,0,1,14,62.91,0
7417985,136554,631,7,90162.91,2,0,1,0,1,18,338.96,4
1649691,136862,636,7,14952.41,3,1,1,0,0,20,92.32,0
8896868,137034,733,0,23100.14,4,1,1,0,0,25,34.58,2
4731818,137042,653,1,0,2,1,1,0,0,7,23.95,20
4348276,137081,633,4,723.82,1,1,1,0,0,17,104.29,2
8722606,137285,501,5,0,2,1,1,0,1,16,116.49,0
6866294,137432,528,0,38534.01,1,0,0,1,3,8,9.4,18
6120253,137572,781,0,45764.16,1,1,0,1,0,11,44.55,16
4818418,137581,595,2,0,2,0,1,0,0,17,87.07,21
4740036,137642,724,3,34345.05,1,0,1,0,0,13,41.56,8
1397023,137778,579,0,26007.42,1,1,0,1,1,0,61.72,4
4240180,137812,554,1,38216.14,1,1,0,1,0,3,78.49,3
7685149,138105,631,7,10.65,1,1,1,0,3,19,27.28,2
6507321,138328,733,0,0,2,0,0,1,3,6,22.74,3
5674183,138399,488,0,0,1,0,0,1,1,7,46.53,159
2164686,138436,768,1,0,2,0,0,1,5,1,24.6,40
5682940,138479,614,3,18251.91,1,0,0,0,1,10,283.7,18
6891254,138504,606,2,0,3,0,0,1,2,4,58.2,37
9546409,138551,525,0,18057.11,1,1,0,1,1,2,102.07,7
7705490,138669,678,8,86340.43,2,1,0,0,0,5,113.99,18
9996207,138780,757,10,0,4,0,0,1,1,12,87.49,22
6555772,138817,676,2,25762.16,2,1,1,0,1,13,174.2,2
1463060,138842,740,6,0,2,1,1,0,0,22,59.62,5
2935113,139019,795,1,20915.38,2,0,1,0,0,12,28.86,6
5382463,139110,641,10,0,3,1,1,0,0,0,26.25,1
3995870,139178,736,3,56562.09,1,1,1,0,3,27,20.1,0
5453786,139186,600,3,14866.57,3,1,1,0,0,0,108.19,1
1641849,139211,541,4,38710.48,2,1,0,0,0,5,53.76,32
2818692,139285,729,2,29084.78,1,0,1,0,0,24,88.23,4
8290770,139286,546,1,35626,2,1,1,0,2,22,25.93,4
6799667,139434,850,3,325.7,1,0,1,0,0,16,31.71,5
6262632,139448,607,3,0,3,1,0,1,1,5,10.28,101
8321474,139557,652,5,22053.91,2,0,1,0,0,7,113.67,3
9580255,139569,638,0,32793.15,1,1,1,0,0,23,27.48,0
2940214,139581,755,1,23323.27,2,0,1,0,1,8,24.29,0
7462506,139589,626,5,106221.29,3,0,1,0,0,26,286.83,1
4188992,139673,696,0,23126.71,2,1,1,0,0,11,22.04,9
5273534,139704,850,0,79251.09,1,1,1,0,1,4,248.63,2
1744682,139726,679,9,46487.02,2,0,0,1,0,6,87.14,45
8315831,139807,598,5,0,1,1,0,0,1,4,50.65,9
1028374,140115,782,3,16.99,1,1,1,1,1,24,71.65,2
9722815,140163,664,10,3830.35,3,0,0,0,3,11,119.63,2
4305700,140382,514,1,10865.59,4,1,1,0,1,15,226.09,10
7110622,140605,551,5,62293.36,2,1,0,0,0,0,53.6,7
8235969,140666,545,0,0,2,1,0,0,2,3,296.07,28
2173965,140804,658,1,3091.8,1,1,1,0,1,21,88.28,3
6539837,140932,603,10,0,3,1,0,0,1,6,53.26,70
6266630,141043,591,10,29851.7,2,0,1,0,1,15,53.42,1
3090865,141094,785,1,75633.04,4,1,1,0,0,10,341.06,20
6038571,141158,562,0,49611.03,1,0,1,0,0,36,35.01,2
9508103,141241,734,3,0,3,1,0,0,4,4,83.04,13
6188935,141319,589,10,0,1,1,0,1,0,7,5.11,11
7851696,141337,626,1,0,3,0,1,0,1,3,49.98,1
6472441,141360,817,5,17401.15,4,0,1,0,0,8,49.31,18
7751158,141406,756,3,51105.27,2,1,1,1,1,5,38.48,2
5960271,141468,573,6,0,2,1,1,0,0,13,125.06,1
3135534,141672,652,0,31614.48,2,1,1,0,1,35,172.66,4
4218542,141683,574,0,0,2,1,1,0,0,11,21.72,11
8053918,141761,694,1,0,1,1,0,0,0,7,16.18,15
7361002,141797,468,0,0,1,1,1,1,0,20,69.5,1
3919694,141814,737,3,0,1,1,1,0,0,13,58.84,1
6049101,141832,758,3,33913.29,2,0,0,0,0,12,34.93,9
7812810,141843,506,10,0,2,1,1,0,1,10,24.17,0
1006810,141880,495,4,0,1,1,0,1,2,2,176.89,98
6098175,142004,692,3,13797.41,1,1,0,1,3,3,68.35,10
5813613,142185,642,0,0,1,1,0,0,3,6,119.64,58
4526280,142210,677,7,24384.69,2,1,1,0,0,18,49.82,0
8212326,142213,600,3,36875.61,2,0,0,1,0,2,71.59,25
6406444,142288,676,8,0,3,1,0,0,0,4,38.28,19
8801207,142383,702,7,14286.29,2,0,1,0,0,20,89.01,0
8411939,142608,747,7,48741.35,4,1,0,1,3,5,142.91,1
8418210,142627,608,4,13296.41,2,1,1,0,1,17,34.04,17
4585314,142675,618,1,0,2,1,1,0,0,11,47.6,5
9576076,142859,606,8,0,2,0,1,0,1,25,191.73,10
8938746,143010,677,0,0,1,1,1,0,1,16,192.68,2
3846949,143015,658,5,698.65,1,0,0,0,0,10,87.09,0
2422633,143064,596,6,2543.43,2,0,0,0,3,0,25.75,17
5761145,143182,726,10,37188.98,2,0,0,1,3,9,105.92,2
9647849,143195,690,1,0,4,0,1,0,0,26,31.17,1
6623525,143631,727,0,27742.08,1,1,1,1,1,8,122.48,0
2566777,143802,800,5,74690.67,3,1,0,0,1,0,16.03,98
4940441,143858,694,0,21525.29,2,1,0,0,4,3,28.73,3
6207974,143860,618,0,35663.52,1,0,0,1,3,2,393.68,45
4768844,143941,525,0,64096.51,2,1,1,0,2,26,196.35,19
4340845,144033,592,0,30796.04,2,1,1,1,0,18,174.55,13
3472189,144109,683,1,59607.85,1,0,1,1,1,24,27.95,0
1409790,144235,521,0,16171.79,2,1,1,0,0,23,136,36
1775337,144316,588,4,0,4,1,1,0,1,13,31.05,0
5107776,144357,597,1,22409.72,4,1,1,0,0,12,49.17,0
8971465,144412,668,10,6340.25,2,1,1,0,1,14,25.23,5
2221854,144476,595,3,94675.47,4,1,1,0,1,19,316.37,4
8640615,144618,551,0,22419.13,1,1,0,1,0,2,187.47,28
7953166,144748,603,0,0,3,0,1,0,1,36,30.01,8
4262081,144770,527,1,37121.08,2,1,1,0,0,21,141.74,2
7442089,144887,644,3,0,2,1,1,0,0,0,118.34,3
9294272,144894,635,1,0,3,1,1,0,0,23,463.79,0
7705062,145209,627,3,60603.14,1,0,1,0,2,15,30.86,20
5093379,145240,538,3,49066.2,1,1,0,1,1,9,128.86,44
3475836,145421,672,0,321.48,1,1,0,1,2,2,28.36,21
1093026,145471,537,0,48928.74,1,0,1,0,1,22,17.35,2
2788238,145548,709,2,40715.53,3,1,1,0,0,21,109.17,1
8132769,145561,682,1,30781.08,2,1,0,0,1,1,127.81,43
4671545,145594,467,2,74471.69,1,1,1,0,1,21,28.06,0
3950888,145649,736,0,28486.26,1,1,0,1,4,8,40.5,31
9689889,145767,571,2,30151.89,3,1,0,0,0,8,47.79,5
8793853,145814,676,3,54053.58,1,1,0,1,2,3,84.36,5
1842524,145903,543,4,1137.93,1,1,1,0,1,15,69.78,2
5180853,145934,647,2,54453.93,2,1,1,0,0,17,10.14,4
3036059,145981,591,2,0,2,1,0,1,0,4,12.15,1
8658158,146032,693,3,0,2,1,1,0,0,11,32.14,3
3237058,146038,708,4,0,2,1,1,0,0,15,48.44,10
8795419,146168,768,1,8762.42,3,0,0,0,1,5,82.86,102
9910914,146177,679,4,47113,1,0,0,0,4,1,43.74,18
6323376,146228,672,0,63228.56,1,0,1,0,2,0,41.41,0
8425149,146372,685,0,0,2,1,1,1,0,38,146.01,0
9468772,146385,73.50%,1,"$33,911.81 ",1,1,0,1,1,3,76.39,72
8159521,146448,772,3,18031.63,1,1,0,0,0,4,112.81,14
8481188,146489,739,6,0,3,1,0,1,0,4,104.58,3
3670226,146542,794,10,12747.16,3,0,0,0,1,7,25.59,20
8963715,146784,758,6,28462.68,1,1,0,1,0,8,153.76,8
8550917,146853,625,3,16598.44,2,1,1,0,0,28,173.54,5
5348512,147057,730,8,36050.01,3,0,1,0,2,21,42.47,6
5147994,147440,572,0,52124.04,2,1,1,0,0,0,66.88,19
5652512,147489,623,4,14929.46,2,1,0,1,2,3,20.06,74
9745959,147504,608,3,45378.23,1,1,1,0,0,25,63.66,0
9130188,147549,697,1,41799.33,3,1,0,0,0,2,182.6,61
5013879,147623,395,6,54662.05,2,1,1,1,1,1,419.36,1
5606980,147670,675,5,41319.87,2,1,0,0,2,3,54.48,8
8379837,147702,701,2,34878.32,2,0,1,0,0,32,57.11,1
2299954,147726,715,4,0,3,1,0,0,2,3,68.01,33
5793722,147727,833,10,17568.02,2,0,1,0,0,19,12.89,0
4934149,147800,765,4,0,1,1,1,1,0,19,150.11,3
5558623,147936,588,3,8776.52,2,0,1,0,1,25,10.31,2
6634586,147939,688,8,46296.03,1,1,0,1,2,8,67.86,1
6363836,148001,614,2,20624.63,2,1,1,0,0,7,65.46,0
2351868,148026,610,0,0,3,1,0,0,4,7,252.21,32
3321531,148050,669,0,1026.53,1,1,1,0,1,18,35.09,9
3530518,148118,625,0,0,1,1,0,1,2,12,33.44,108
4879923,148159,713,6,54196.41,2,1,1,0,1,18,26.51,0
7426265,148174,850,3,42190.83,2,1,1,0,1,17,19.25,16
3563646,148205,620,0,7383.43,1,1,0,0,0,4,65.84,3
4589533,148215,710,9,37592.13,1,1,1,0,1,24,112.66,6
2077581,148225,587,6,13501.14,1,0,1,0,0,14,172.81,9
7960328,148381,661,10,126922.39,4,1,1,0,0,8,64.37,0
7838382,148458,662,0,0,2,1,1,0,1,24,160.17,2
6551268,148693,600,3,34634.33,2,1,0,0,1,2,100.89,12
8816912,148759,743,8,0,3,1,0,1,2,5,243.46,14
7975534,148823,619,5,15110.07,1,1,1,0,0,15,14.32,8
2044645,149161,557,0,0,2,1,0,1,2,2,118.88,18
4470105,149261,651,0,0,2,1,0,1,3,0,25.78,43
8048838,149405,849,1,36616.09,3,1,0,0,3,4,105.56,21
7534336,150026,688,0,19179.87,1,0,1,0,0,24,32.01,1
1327691,150068,503,1,72496.99,2,1,1,0,0,12,101.11,0
7381734,150126,600,1,35942.55,1,1,1,0,1,25,46.12,5
9002392,150290,704,0,0,1,1,1,1,1,1,22.3,8
1098919,150486,703,5,0,2,1,1,0,2,23,85.71,0
6901533,150578,561,6,0,1,1,0,0,1,10,371.14,3
6009888,150760,590,10,22273.2,3,1,0,0,2,8,72.52,0
7542890,150871,668,2,0,2,1,0,1,0,3,200.92,33
8030010,150931,580,0,268.59,2,1,1,1,0,14,48.79,0
4700025,150947,680,0,67873.33,2,0,1,0,0,15,9.2,3
9191131,151021,567,8,31686.54,3,1,0,0,1,10,37.88,29
4681284,151040,632,2,35102.13,3,1,1,0,0,26,34.94,0
5579094,151295,643,1,24545.19,2,1,1,1,0,32,41.6,1
8312114,151328,568,10,65059.55,1,1,1,0,1,28,17.09,0
9147720,151413,533,2,12612.88,1,1,1,0,1,19,178.2,1
1486955,151426,671,0,63326.36,3,1,0,0,1,1,46.64,34
7523941,151470,703,0,0,3,1,0,0,0,10,33.52,58
6639317,151685,592,2,0,3,1,0,1,1,0,134.31,92
7783308,151690,709,2,0,1,0,1,0,0,14,97.19,3
3768991,151706,680,0,92598.5,2,0,0,1,2,8,58.9,1
8841505,152042,523,3,90937.67,3,1,1,0,0,14,58.04,0
3141239,152046,646,1,42512.3,2,1,0,0,3,12,94.03,5
9961107,152062,623,0,1117.81,1,1,0,0,2,10,169.45,124
1452421,152179,717,10,0,1,1,0,0,2,9,37.95,21
7610562,152384,452,5,84986.77,3,1,0,0,0,8,70.51,72
1454696,152512,725,2,1177.91,1,1,0,1,0,5,336.74,97
2408404,152578,757,0,7025.76,1,1,1,0,0,22,8.77,0
8190929,152657,590,1,14334.96,1,1,1,1,0,24,54.72,6
3276659,152727,768,10,32630.92,2,1,1,0,0,17,74.2,0
8746014,152796,735,3,0,3,0,1,0,0,35,183.76,2
4048907,152906,562,10,36945.68,2,1,0,0,0,10,64.56,29
1843636,152973,719,2,102.04,2,0,1,0,2,26,124.27,0
5364698,152995,658,2,20430.59,2,1,1,0,0,15,19.82,4
7360307,153015,725,5,95903.9,1,1,1,0,0,27,266.74,1
6492066,153035,695,0,352.94,1,1,0,0,0,0,123.74,2
4551070,153045,737,5,24282.3,1,1,1,0,1,24,120.73,11
8628588,153063,658,8,0,3,1,0,1,1,5,77.98,24
6483562,153097,692,2,41469.28,2,1,0,1,1,7,34.25,108
6662319,153190,735,0,46177.09,2,1,1,0,0,24,40.3,3
7360682,153231,614,3,14633.49,2,1,1,0,0,30,59.27,1
5668371,153266,640,8,0,2,1,0,0,3,0,67.2,21
8072684,153325,714,1,2043.13,1,1,1,0,1,28,5,0
5232413,153642,771,0,24723.16,1,1,0,1,1,8,40.13,19
2374158,153802,631,0,59322.59,1,1,0,1,3,3,47.52,14
8890439,153849,705,0,15001.78,2,1,1,0,1,17,33.24,8
1325197,153872,487,0,33879.1,2,1,0,1,3,4,118.85,32
1873851,153945,804,1,40484.75,1,1,0,1,0,1,49.99,17
6871360,154040,662,4,0,1,1,1,0,0,19,49.38,4
4761823,154067,658,0,593.67,2,1,0,1,3,8,65.62,7
2151225,154118,445,4,23395.03,1,1,0,1,1,9,36.28,1
1675419,154127,696,1,30336.78,4,0,1,1,0,16,16.41,6
1520596,154302,712,0,24097.71,2,0,1,0,1,8,36.02,0
5148725,154581,535,3,0,3,1,1,0,0,22,15.44,6
4344717,154615,634,0,37751.24,2,1,0,0,3,7,124.69,24
1341919,154617,662,2,41886.94,2,0,1,0,1,0,81.21,0
3556551,154714,654,2,9941.08,2,0,1,0,0,18,84.92,5
5002120,154909,624,10,269.79,1,1,0,1,2,7,121.44,11
3117636,154944,612,3,0,1,1,1,0,0,8,17.98,2
8945036,155004,714,2,31370.34,2,1,0,1,0,2,117.31,46
2919136,155040,488,2,10645.32,1,1,1,0,0,15,19.34,1
4656838,155074,590,1,109.03,1,0,0,1,1,3,103.47,11
8801975,155164,576,3,107851.66,3,0,1,0,2,6,43.2,1
5299055,155230,618,9,0,2,1,1,0,1,6,68.98,2
7189034,155337,838,0,27221.42,3,1,0,1,0,5,5,20
3815034,155642,809,10,55667.62,1,1,0,1,2,7,119.26,31
2921542,155646,664,10,428.91,1,1,1,0,2,9,83.79,8
3747534,155663,562,6,46.43,1,1,1,1,1,11,226.27,3
6218367,155708,531,0,44970.84,1,0,1,0,2,9,14.22,2
2813596,155843,652,0,62576.63,2,1,1,0,1,13,32.1,1
1430812,156157,850,6,47694.52,2,1,0,1,4,8,9.6,6
6233774,156213,541,5,33276.87,2,1,0,0,0,7,400.31,21
7296605,156215,664,0,0,1,1,1,0,1,25,22.18,0
7654757,156284,665,1,5442.65,2,1,0,0,1,8,55,11
4327421,156304,478,5,31290.02,4,1,1,0,1,19,387.98,5
2275009,156413,736,9,26340.91,2,1,1,0,1,31,174.93,0
5074336,156415,646,1,18876.55,2,0,0,1,2,9,14.51,2
2709620,156440,715,5,48989.87,2,1,0,0,2,10,19.88,41
6059717,156652,717,1,36583.39,2,1,1,0,0,39,114.24,6
3030966,156688,704,2,78.67,2,1,0,1,2,4,107.89,35
1689025,156757,690,2,52117.68,2,1,1,0,1,28,268.75,3
6825112,156778,533,2,13541.34,1,1,0,1,3,7,83.17,6
9937982,156802,571,10,0,1,0,1,0,0,38,125.92,1
8186990,156837,597,3,0,1,1,0,1,2,2,173.71,43
7217147,156904,571,0,0,2,0,1,1,1,14,33.59,2
2156902,156911,735,3,55973.53,1,1,0,1,3,1,21.83,1
9488613,156964,598,9,0,1,1,0,1,2,10,220.27,9
6724909,156978,820,5,22907.02,1,1,0,1,0,3,48.9,4
1212267,157030,690,1,0,2,0,1,0,1,14,21.63,2
8047416,157105,617,7,0,3,1,1,0,0,14,20.32,1
9224219,157152,565,4,69103.9,2,1,0,1,2,4,65.32,5
2770648,157174,738,1,0,2,1,1,0,0,15,48.31,0
8273315,157187,742,10,15850.25,2,0,1,0,0,9,524.64,5
7076506,157196,792,0,0,1,1,1,0,1,13,110.45,2
8713146,157216,502,0,59274.82,2,1,1,0,1,18,106.56,4
3566765,157219,584,6,8742.07,1,1,0,0,2,5,159.56,30
8306261,157443,549,0,23236.49,2,1,0,0,0,2,38.69,68
3955087,157474,695,1,80159.26,1,0,1,0,1,0,46.43,5
9753457,157701,620,3,33850.52,1,1,0,1,1,6,71.24,44
5531230,157738,624,0,33813.95,3,1,0,1,2,9,56.53,162
9111742,157875,687,9,46632.05,4,1,1,0,1,18,121.36,1
8799287,158104,780,6,37122.95,2,1,1,0,1,10,24.03,0
8307727,158132,588,2,0,1,1,1,0,0,27,32.15,5
5502929,158338,836,1,25342.4,2,1,1,0,1,17,160.48,9
6407373,158624,767,1,54311.48,1,1,1,0,0,15,21.02,0
5118725,158627,639,1,29850.08,3,1,1,1,1,10,60.2,6
2453962,158639,706,2,15762.98,2,1,1,0,0,12,10.28,2
5679639,158655,494,2,69824.66,2,1,1,0,0,29,333.16,2
8563202,158743,636,0,0,2,1,1,0,1,16,440.92,18
5091349,158760,731,0,29589.55,1,1,1,0,2,7,98.97,3
8796514,158777,717,2,20740.4,1,1,0,1,0,12,12.8,39
7358385,158840,679,1,0.19,1,1,1,0,0,11,106.62,17
6643798,158845,783,0,53700.84,2,1,1,0,0,20,36.16,5
1481506,158896,637,0,38811.8,1,0,1,1,1,16,111.63,2
9293086,158900,771,10,17735.37,1,1,1,0,0,14,58.27,5
6452832,158936,624,6,26600.21,1,1,0,1,0,11,44.89,110
4050766,159185,447,8,0,2,1,0,0,1,1,163.43,34
9179730,159354,637,1,1429.29,1,0,0,0,0,9,107.51,0
4558780,159532,463,2,49853.36,2,1,0,1,2,8,10.75,17
6952975,159642,560,2,39299.86,2,1,0,1,3,0,102.03,45
5334434,159645,644,1,20122.25,2,0,1,0,4,7,332.93,9
6709938,159653,694,0,59204.6,1,1,0,1,1,3,269.38,16
5691890,159942,703,5,83888.6,2,1,0,0,0,4,137.87,35
5635017,160144,755,0,0,4,1,0,0,0,2,112.28,38
1170307,160254,629,7,29498.7,2,0,1,0,0,13,26.55,2
9667566,160423,757,1,23.68,1,1,0,1,4,2,120.15,23
4205394,160426,750,5,143717.09,3,1,1,0,1,21,251.54,8
2436347,160541,533,2,50509.19,4,1,1,0,0,35,43.69,8
5049282,160718,669,1,51343.43,1,0,1,0,0,3,52.3,3
7818732,160738,622,6,0,2,0,0,1,1,8,269.23,19
9196976,160831,595,3,39477.21,1,1,1,0,0,0,99.74,2
5031966,161010,577,3,32131.61,1,1,1,1,2,27,57.88,15
8987516,161132,649,3,0,1,0,0,1,1,13,92.65,17
9234615,161324,551,0,24870.53,2,1,1,0,0,5,100.63,1
8519121,161437,618,10,0,1,1,0,1,2,4,46.65,40
1289293,161483,507,0,14991.37,2,1,0,0,3,8,177.03,4
2561176,161495,813,10,36294.74,2,1,0,0,2,2,46.27,29
5936453,161585,585,2,7670.62,1,1,1,0,0,28,211.9,15
4717770,161733,719,0,0,1,1,0,1,2,6,21.64,15
7784725,162036,492,1,12706.71,4,0,1,0,0,24,78.35,1
5081983,162165,552,4,3402.67,1,1,1,0,0,27,57.57,2
6137284,162241,627,3,15923.93,1,1,1,0,1,29,86.17,3
7191135,162448,613,8,51064.8,2,1,1,0,1,17,237.73,2
8939993,162535,577,9,86061.1,1,1,1,0,0,14,79.47,4
9907391,162549,695,0,34392.49,3,1,1,0,2,23,35.09,2
6767292,162678,559,7,21945.28,1,1,0,1,1,9,33.46,86
8138769,162804,514,2,35614.58,2,1,1,0,0,21,139.46,6
6549757,162823,804,1,82411.85,2,1,1,0,2,0,23.3,5
6902401,162894,532,8,46130.26,4,0,0,1,2,5,196.71,0
8612582,162952,512,7,43713.2,1,1,1,0,0,17,44.32,1
5545223,162969,699,2,0,3,1,0,0,1,12,10.31,3
6144280,162976,568,0,43293.64,2,0,1,0,0,31,8.22,1
5217853,163029,516,0,551.29,1,1,1,0,0,23,38.95,14
4867786,163156,548,0,49.56,1,0,1,0,0,14,101.02,4
3024269,163182,490,1,26219.65,1,1,1,0,0,17,67.41,4
4231028,163386,658,2,0,3,1,1,0,0,11,30.43,3
6294016,163406,802,0,46704.1,1,1,1,0,2,22,125.52,3
3005795,163491,748,0,10268.18,2,1,1,0,0,13,22.76,1
9990305,163556,583,1,484.35,1,1,0,0,0,6,32.03,36
4106298,163648,478,0,50238.47,1,0,0,0,0,20,21.76,11
4213524,163780,612,1,188.47,1,0,1,0,0,22,111.6,0
4630331,163918,545,1,20124.21,1,1,1,0,1,12,190,0
9123504,163941,722,4,51463.55,3,1,0,1,2,16,98.41,22
5638893,163946,556,2,38133.88,1,1,1,0,0,19,66.11,5
9801946,164401,753,5,0,3,1,1,0,1,7,165.19,2
5747930,164468,616,4,62563.33,1,1,0,1,1,6,338.82,114
2686548,164633,596,3,2022.56,1,1,1,1,0,19,74.52,5
4256752,164664,643,10,33007.33,2,1,0,0,0,5,74.18,38
5970190,164758,771,7,28537.5,2,0,1,0,0,33,143.65,2
4816534,164879,589,1,111426.96,3,0,0,0,4,0,51.66,71
7054579,165021,649,0,36772.8,1,1,1,0,0,16,107.19,12
4010529,165046,719,3,60098.49,2,1,1,0,2,28,502.47,8
6071208,165142,834,2,31.16,1,1,0,1,2,0,19.54,7
1237370,165290,744,4,85055.28,1,1,0,0,1,10,50.75,105
9961299,165306,612,6,0,4,0,1,0,0,22,182.46,9
3123709,165308,744,1,0,2,1,0,1,2,7,283.68,2
5602180,165417,565,1,66.4,1,1,0,1,2,8,206.25,40
1763626,165442,652,4,40291.92,3,1,0,1,0,5,50.5,14
1914794,165602,536,10,97256.78,2,1,1,0,0,14,301.69,4
5901239,165858,557,3,87637.47,1,1,0,1,0,5,54.71,4
3118618,165914,536,8,130165.53,3,1,1,0,0,10,77.25,29
9235577,166052,567,4,51347.64,2,1,0,0,2,4,45.05,149
2721135,166165,623,0,0,2,1,1,0,0,19,216.78,0
1205779,166175,490,10,19411.01,1,0,1,0,2,22,5,1
5770422,166287,604,0,45134.26,3,1,1,0,0,28,34.33,7
8875173,166292,733,0,35362.67,1,1,0,0,0,0,85.2,10
9031491,166309,543,0,94720.5,2,1,1,0,1,27,12.15,7
8389840,166340,563,0,11313.4,3,0,1,0,1,14,10.39,1
6716097,166407,850,10,15359.02,3,1,1,0,0,23,87.19,2
4093109,166412,694,3,48491.29,1,1,1,0,0,18,85.89,5
1861958,166418,630,3,0,2,0,1,0,0,13,270.34,2
5235884,166447,500,3,23509.15,1,1,0,1,0,18,77.06,43
9014965,166613,722,4,23728.05,2,1,1,0,2,10,27.19,1
2914064,166645,72.70%,0,4337697/100,2,0,1,0,0,12,90.26,6
2096280,166857,737,0,48589.11,4,1,1,0,0,23,343.02,14
7722755,166891,541,2,2160.62,1,1,1,0,1,16,36.93,0
9250138,166938,469,9,32025.88,2,0,1,0,1,11,52.85,6
2242892,166974,555,10,26520.93,2,1,0,1,0,5,28.43,46
1899411,167064,554,4,973.74,1,1,1,0,0,12,27.65,0
3545556,167136,713,1,0,1,0,0,1,1,7,5,46
3503120,167193,694,0,0,1,0,0,1,2,2,28.92,13
6097514,167348,612,0,28803,2,1,1,0,0,21,126.07,4
2429098,167603,759,1,92747.06,2,1,1,1,4,23,64.53,9
5163953,168079,800,0,28766.97,1,1,0,1,1,11,28.24,18
2987287,168093,661,6,0,2,0,1,0,1,7,33.66,2
7982241,168458,703,5,48747.13,2,1,0,0,0,6,70.27,14
4786401,168517,609,3,38213.53,1,1,1,0,2,22,50.33,10
9767312,168540,697,0,56415,3,1,1,0,1,13,30.17,3
7381684,168652,662,6,58960.59,1,0,1,0,0,21,139.02,2
8558378,168804,616,0,43388.21,1,1,0,1,3,15,13.64,119
8427625,168815,779,0,44502.04,2,0,1,0,0,16,13.27,0
5988757,168872,521,3,75250.9,2,1,0,1,2,2,63.3,36
8194570,168941,495,2,0,2,1,1,0,1,24,54.24,8
6123430,169113,608,4,56883.37,1,0,0,0,1,3,19.82,25
2010496,169268,756,1,74448.52,1,0,1,1,0,11,156.54,5
2664863,169326,765,0,1064.36,1,1,1,0,2,9,40.98,5
4486102,169348,629,10,0,4,1,1,0,0,24,17.1,8
4540415,169403,722,0,0,1,1,0,1,2,0,110.14,9
5440025,169429,805,3,30680.58,3,1,1,0,0,5,135.55,0
2362099,169832,850,0,48325.03,1,1,1,0,0,29,15.48,4
3634980,169918,665,0,0,2,1,0,0,2,5,113.31,74
5024269,170260,465,4,499.44,1,1,1,0,0,20,64.74,15
3916107,170267,721,4,78728.38,3,0,1,0,1,20,374.48,2
2259379,170394,512,8,548.42,2,1,0,0,0,5,41.57,16
3626181,170437,728,0,66003.84,3,0,0,0,2,2,14,62
1044891,170499,552,5,96191.85,2,0,0,0,1,3,18.43,0
7853787,170559,695,0,848.36,2,1,1,1,0,25,172.73,1
8558197,170634,665,5,169.03,1,0,0,0,2,9,83.87,1
8883823,170674,617,4,107226.62,2,0,1,0,0,12,47.57,3
5886520,170813,467,0,28262.37,2,1,1,0,0,7,95.07,1
1547605,170835,590,1,87882.07,3,0,1,0,1,24,30.74,0
4883526,170841,746,0,9225.21,1,1,1,0,0,11,267.74,0
5833597,170953,485,10,28289.97,1,1,0,1,2,2,13.61,14
5743227,170966,749,10,19541.24,2,1,1,0,0,5,86.92,6
8617381,171087,662,6,62482.51,3,1,0,0,0,2,10.53,32
2194198,171108,680,1,83400.75,2,1,1,0,0,11,41.29,6
4916201,171131,788,5,69354.13,4,1,0,1,0,7,55.6,61
5438490,171252,705,4,0,1,1,0,0,0,11,99.52,12
4318855,171262,741,1,42341.03,1,1,0,0,0,12,63.88,10
8132648,171269,576,10,35319.83,3,0,1,0,2,7,214.7,21
2925626,171488,699,1,13479.38,1,1,1,0,0,19,67.44,2
4771676,171603,769,1,54316.2,2,1,0,1,0,6,46.35,11
3499627,171734,618,1,28272.03,2,1,1,0,1,15,51.75,5
5456573,171744,676,5,19959.45,3,0,1,0,2,18,9.56,2
3386328,171789,768,4,43691.86,1,1,1,1,0,30,80.41,5
2198058,171849,631,0,65523.07,3,1,1,0,0,10,37.6,2
2000560,171942,615,3,0,2,1,1,0,0,26,81.19,3
3783722,171950,578,1,49844.11,2,1,1,0,1,16,19.96,12
6160869,171951,600,2,61583.59,2,0,1,0,0,16,40.46,6
5842082,172132,784,3,40695.59,1,1,1,0,1,16,171.34,0
8367772,172187,703,5,46773.68,1,1,1,0,1,17,54.66,0
3086308,172222,660,1,42122.84,1,1,1,0,1,15,14.69,10
8863447,172274,793,3,60234.63,1,1,1,0,3,12,49.7,3
6101803,172306,683,5,5986.15,1,0,1,0,0,11,423.59,2
7752972,172371,588,1,74536.59,3,1,1,0,0,30,369.56,3
5567533,172518,850,3,14965.76,2,0,0,1,2,7,20.33,26
9396529,172574,522,3,56622.34,1,1,1,0,1,16,219.02,1
9284509,172769,639,0,25096.49,1,1,0,1,0,8,41.6,80
8344375,172792,657,5,21875.79,2,1,1,0,1,15,66.82,0
2349590,172933,628,1,155.88,1,1,0,0,1,11,191.33,0
1668752,172965,716,1,21000.51,2,0,1,0,0,22,88.44,7
8248238,172988,529,0,41080.84,2,1,1,0,0,16,143.25,3
6407658,173199,543,5,0,1,0,1,1,0,20,96.58,5
5200476,173201,652,8,64398.57,3,1,1,0,0,15,19.09,0
1433940,173372,679,3,853.22,1,0,1,1,1,11,129.25,1
2532210,173504,554,7,0,1,1,1,0,0,19,69.43,2
4840714,173807,715,1,0,1,0,0,1,2,6,32.5,56
1348050,173832,679,0,40772.49,3,1,1,0,1,12,487.3,0
5521644,173863,823,3,27273.44,3,1,1,0,2,13,50.32,10
1674975,174132,577,0,0,1,0,0,1,4,2,131.59,5
3939212,174268,486,2,7084.8,2,1,0,0,1,4,257.69,39
8893693,174299,754,2,0,2,1,1,0,1,6,90.77,1
9706768,174301,735,0,213.46,1,0,0,0,1,9,115.83,7
8419378,174316,657,10,0,1,0,1,0,2,21,11.84,0
5666692,174369,733,10,167412.1,3,0,0,0,1,7,61.9,64
4044882,174441,779,1,37347.76,3,0,1,1,0,2,52.44,1
8312936,174461,636,0,46047.4,3,0,1,0,1,39,64.51,2
9249789,174637,606,1,0,2,1,0,1,3,2,11.72,21
2530793,174675,632,7,59445.61,3,0,1,0,0,16,186.09,3
8885465,174703,611,7,25101.32,3,1,0,1,2,5,85.89,95
6837817,174809,630,3,6743.02,2,0,1,0,0,17,37.82,2
7850944,174852,645,8,996.01,1,0,1,0,0,5,35.88,2
6591986,174870,733,0,19507.94,2,0,1,0,1,24,65.38,3
6386463,174878,611,4,11429.52,2,1,0,0,5,5,189.63,18
2754894,175124,794,1,83208.29,3,1,1,0,1,18,20.21,8
3698193,175231,708,4,41289.14,3,0,0,1,5,4,37.54,54
6533187,175532,848,2,0,2,0,0,0,0,4,35.16,35
7906258,175576,680,6,1230.45,1,0,1,0,2,29,10.56,1
9312590,175623,550,1,39981.74,1,1,0,0,1,7,81.96,25
5835492,175902,627,1,44172.91,2,1,0,0,4,2,265.84,45
7718473,176054,649,5,2437.47,2,1,1,0,0,12,19.79,0
1615675,176066,850,2,18994.51,2,1,1,0,0,9,183.01,8
8630712,176115,686,2,67217.32,2,0,1,0,0,24,25.51,7
2477398,176319,702,1,16292.83,2,0,1,0,1,14,168.06,2
6276722,176365,722,4,0,1,0,1,1,0,34,32.97,3
5234550,176421,847,5,0,2,1,1,1,0,32,100.76,0
6423634,176461,724,10,126923.64,1,1,1,0,0,19,30.85,3
2944841,176517,573,5,0,2,1,1,0,0,19,54.44,2
7780932,176537,812,5,570.5,1,1,0,1,1,12,135.52,22
9633492,176577,663,3,43674.6,3,0,0,0,4,4,198.95,187
1019311,176697,530,3,16414.25,3,1,0,0,2,5,115.69,48
8750676,176806,847,0,49025.49,2,0,0,1,2,8,23.53,81
7933143,176819,684,3,15032.16,1,1,1,0,2,21,43.94,1
1909393,177060,722,10,848.14,2,1,0,0,2,6,39.24,18
4147112,177077,643,5,40136.35,2,0,1,0,1,21,78.56,8
9697969,177101,754,1,25568.28,2,1,1,0,0,23,449.13,0
7069650,177103,597,9,0,1,0,0,1,0,7,89.32,38
9363326,177289,571,2,18451.29,1,1,0,1,1,12,51.45,124
8416216,177333,669,6,88120.54,4,1,1,0,0,16,20.48,0
1865901,177449,762,3,10695.41,2,0,1,0,2,20,30.05,0
4415140,177558,720,1,3310.39,2,1,1,0,0,11,9.53,0
5480460,177591,774,7,0,2,0,1,0,0,29,36.87,0
3198037,177649,586,2,43871.59,2,1,1,0,1,17,51.9,4
5832327,177680,718,0,17840.2,2,1,1,0,0,22,289.46,1
8350368,177767,698,3,54598.22,2,1,1,0,0,13,328.3,1
9132114,177794,574,6,46747.83,2,1,0,0,0,6,187.56,16
3037191,177804,628,0,32443.98,1,1,0,0,1,10,44.65,2
1484348,177941,604,1,38561.4,2,1,0,0,4,11,49.96,27
5014745,177959,685,2,0,1,1,1,1,0,14,50.37,2
3657144,178086,497,10,48744.65,2,1,1,0,0,19,46.47,0
6213522,178315,674,8,51873.91,3,0,1,0,0,27,107.2,1
1229419,178463,693,0,37028.43,3,1,0,1,1,10,77.14,18
7844947,178465,665,3,14400.15,1,1,0,0,1,3,55.23,19
2563790,178501,850,4,0,3,0,1,0,0,16,45.03,4
4769851,178629,613,1,21153.14,2,1,1,0,1,12,7.06,2
2903561,178645,702,0,16670.79,3,1,0,0,0,8,612.29,12
8741810,178686,712,1,84612.36,1,1,0,1,2,1,40.91,59
2970754,178693,624,9,29082.35,2,1,0,1,1,5,105.46,10
3583206,178711,624,4,51160.92,2,1,0,0,2,6,24.22,42
9361353,178898,538,10,0,2,1,1,0,1,8,330.45,4
5896624,178957,620,1,46911.88,1,0,0,1,3,5,195.24,81
9537455,179013,631,4,111940.31,3,0,1,0,0,5,146.12,5
5587308,179046,667,4,0,4,0,1,0,3,18,76.78,0
7970771,179062,731,2,668.63,1,1,1,0,0,30,39.29,8
9094999,179184,701,1,164772.44,4,1,0,0,1,8,18.8,7
8922533,179392,749,10,340.16,1,1,0,0,2,8,85.61,1
5089126,179688,660,3,0,1,1,0,1,0,7,12.28,20
8663605,179710,614,6,60518.67,2,1,1,0,1,6,97.52,7
3426689,179721,641,2,38189.33,1,1,1,0,2,20,101.8,2
7435505,180089,676,6,0,2,1,0,0,0,7,354.86,83
4197911,180176,654,5,462.86,2,0,0,0,1,9,134.07,20
9526867,180458,754,5,40712.61,1,1,1,0,1,23,50.95,5
3290229,180595,832,1,46580.8,2,1,1,0,0,15,206.56,1
2171218,180620,734,5,17202.58,1,1,0,1,0,2,64.93,74
5634662,180657,658,4,29867.04,2,1,1,0,0,23,103.14,7
7961578,180674,808,10,46987.93,1,1,0,1,2,8,21.75,5
6702160,180685,603,1,43543.12,1,1,1,1,3,17,26.83,6
9518424,180813,619,7,30672.14,1,1,1,0,0,12,61.1,2
5482413,180832,661,2,65659.75,3,0,1,0,1,12,85.64,1
1043037,180913,850,8,52323.22,2,0,0,0,1,0,50.61,59
5745250,180951,616,1,31865.6,2,1,1,0,0,27,140.36,1
6008935,181247,565,3,4330.34,2,1,1,0,1,17,80.86,0
9214801,181586,573,0,18675.66,1,1,1,1,1,11,34.33,6
3493017,181618,495,3,46170.32,2,0,0,0,1,1,118.93,22
8491822,181644,525,0,35841.46,1,1,1,0,3,19,10.16,14
9125900,181670,777,1,0,1,1,0,0,1,5,78.76,87
6790218,181678,696,3,7353.72,3,1,0,1,0,3,157.23,18
6577416,181721,625,7,0,2,0,0,0,2,8,255.61,58
7328534,181724,612,1,45984.28,2,1,0,1,2,2,50.58,99
8639414,181874,797,2,20658.57,1,0,1,0,1,9,160.04,3
6398528,181896,659,0,38407.82,2,1,0,1,2,1,23.52,24
4165061,182034,631,7,49560.09,2,0,1,0,0,10,53.16,2
5006492,182175,583,10,57600.63,2,1,0,0,3,3,86.98,0
7425184,182216,525,3,42211.66,4,1,1,0,0,24,66.24,11
4918527,182237,737,3,21366.42,2,1,1,0,0,6,97.52,0
7891662,182289,665,0,27226.08,2,1,1,0,1,19,35.57,2
1732280,182300,653,0,5307.56,3,0,0,1,3,8,255.32,15
6338112,182361,682,1,53591.05,2,1,0,1,1,11,40.96,26
8935224,182467,677,2,33132.65,2,0,0,0,2,11,90.63,16
7395997,182582,759,8,48887.79,1,1,0,1,0,10,86.98,19
7477326,182627,774,1,37536.02,3,1,0,1,0,3,74.24,56
3551903,182659,816,10,58500.45,1,1,0,0,3,12,128.55,71
9310235,182690,629,2,7320.85,3,1,1,0,1,6,141.17,5
1621086,182760,759,7,0,4,0,1,0,0,22,47.32,2
3118060,182790,721,0,21355.71,2,0,1,0,0,17,155.36,0
9427047,182804,709,4,33108.28,3,0,0,0,4,4,401.38,92
6569946,182857,560,8,29597.8,1,0,1,0,0,29,43.26,7
2683838,182860,557,0,389.84,2,0,0,1,1,4,36.63,1
8387112,182868,496,0,40.97,1,0,1,0,0,21,28.63,13
2672884,182911,672,8,38659.29,1,1,1,0,1,19,64.63,8
9823994,182954,607,1,21911.48,2,0,1,0,0,12,34.2,0
8665981,183057,672,10,130463.18,4,1,0,0,5,10,84.96,46
1257489,183074,600,9,30.07,1,1,1,0,0,13,43.82,1
3418526,183262,651,10,12697.94,2,1,1,1,0,17,250.05,13
7878299,183336,574,2,1321.54,3,1,0,1,0,2,66.02,16
3589751,183667,560,10,71461.87,1,1,1,0,0,20,34.66,5
2255409,183840,574,0,3890.84,3,1,1,0,1,22,33.45,0
8876745,183927,597,0,22567.8,2,1,1,1,1,2,26.82,2
5446344,183952,611,0,34.98,1,0,1,1,2,21,79.67,8
6680114,183953,824,0,98695.17,3,0,1,0,1,15,45.59,1
7668663,183958,554,7,2039.67,2,1,1,0,2,26,15.02,5
2347467,184002,747,1,26103.22,2,0,0,1,0,0,17.96,199
6512415,184064,613,1,87908.6,1,1,0,0,3,8,39.76,16
9952696,184120,644,6,0,2,1,0,1,2,3,153.86,44
7375499,184148,704,8,20698.97,2,1,0,0,1,8,130.69,96
6312692,184216,634,3,44270.68,1,1,1,0,2,19,160.4,3
9186400,184349,599,0,17321.93,2,0,0,0,1,12,28.11,2
1602286,184365,553,1,79903.96,4,1,0,1,0,5,304.29,56
2147909,184491,639,2,0,1,1,1,0,0,20,92.03,1
4938791,184532,614,0,17,1,0,1,0,1,15,24.58,1
5821419,184643,772,0,8348.51,1,0,1,0,2,17,92.97,6
4816586,184714,659,7,22502.34,3,1,1,0,0,14,143,1
2516313,184736,832,8,22101.3,2,0,0,1,1,4,73.92,23
8280833,184891,644,1,66062.83,1,0,1,0,0,29,13.94,1
2651601,185131,594,10,0,1,1,0,1,1,4,129.82,111
2686231,185168,531,0,45111.55,2,1,1,0,1,12,131.31,9
8443690,185461,698,0,45017.4,4,0,0,0,1,3,61.26,55
3791137,185544,838,1,0,2,1,1,0,0,18,112.78,4
6024207,185569,696,1,732.94,3,1,1,0,0,19,64.04,8
1485654,185847,581,1,55342.19,2,1,1,0,0,23,78.1,15
1771600,185884,683,4,0,3,1,0,0,3,1,52.37,126
6442103,185916,627,0,18808.63,2,1,1,0,0,18,145.8,4
1941524,185955,735,1,75779.66,1,0,1,0,1,19,58.16,6
5921894,185965,805,1,65503.59,2,0,1,0,0,14,89.64,1
7014016,186023,645,6,10200.4,2,1,0,0,3,5,90.32,180
7288789,186345,830,3,7329.14,1,0,0,1,2,2,88.01,129
8225725,186424,561,2,39370.16,2,0,0,0,0,4,16.31,26
3442255,186431,573,3,23955.73,1,1,1,0,0,12,35.76,4
5096953,186518,686,3,59524.99,2,1,1,0,0,16,70.6,4
9911492,186554,646,1,0,2,0,1,0,1,25,5.36,4
7913081,186624,497,2,1310.62,1,0,1,0,0,24,47.32,7
4020853,186686,666,1,47621.31,1,1,1,0,3,34,61.09,0
3851852,186702,630,0,26499.54,2,1,0,0,0,0,14.43,38
3937176,187127,637,10,0,2,1,0,1,1,5,54.7,140
2324869,187295,710,5,612.7,2,1,0,0,2,5,85.9,57
7418028,187657,625,1,25501.06,2,0,1,0,0,14,78.92,2
5040453,187889,780,3,13491.09,2,1,1,0,1,4,36.88,7
9349470,187949,739,0,93700.75,3,1,1,0,0,16,65.34,4
3401116,188025,629,10,25075.33,2,1,1,0,1,22,67.08,0
4895475,188121,783,4,0,2,0,1,0,0,9,100.41,0
8736811,188341,531,6,1224.88,1,1,0,1,4,7,248.37,6
5261032,188406,535,1,53444.8,2,1,1,0,0,22,24.97,9
8710313,188425,545,3,0,2,1,0,0,2,4,75.87,37
5283671,188501,623,1,264.53,2,0,0,0,1,6,89.37,2
1157662,188776,813,9,43471.58,2,1,1,0,0,3,50.81,15
8805654,188813,727,10,3093.3,2,1,1,0,0,9,89.2,3
5825658,188834,574,3,0,4,0,0,0,0,3,139.83,9
3650391,188868,778,1,0,4,1,0,1,3,0,116.53,41
2239197,188914,737,1,27506.99,1,0,0,0,3,8,73.91,47
8410995,188984,715,6,19831.85,1,1,0,0,0,5,16.76,22
6797629,189026,601,5,19529.87,1,0,1,0,1,11,23.31,2
6018975,189083,550,0,57359.13,2,0,0,1,2,6,58.37,9
8118722,189110,635,1,41017.79,1,1,0,1,0,8,270.56,73
5195951,189211,697,1,4389.81,4,1,1,0,0,14,139.75,22
8664433,189261,539,6,2007.48,4,1,1,0,0,0,98.23,2
6068760,189318,654,0,22663.17,1,1,0,1,0,4,76.76,15
4342306,189450,549,4,6944.22,1,0,1,0,1,24,44.74,4
7454081,189511,748,7,58377.74,2,0,0,0,2,10,238.08,85
9106886,189771,688,1,907.02,2,1,1,0,1,9,81.8,17
2789344,189772,654,0,0,1,1,0,1,0,10,123.89,9
4979651,189814,575,5,13154.09,3,1,1,0,1,11,59.18,0
7398231,189856,812,3,2343.48,2,1,0,1,2,7,50.07,1
7022335,189870,569,9,6862.85,2,0,0,0,0,11,132.49,78
5963914,189913,579,1,0,2,1,0,1,0,9,329.6,9
5953150,189982,726,2,60094.54,2,1,1,0,2,8,50.36,1
1368085,190025,671,2,30795.69,2,0,0,0,1,2,242.32,12
7640518,190302,797,4,0,2,1,1,0,1,19,31.01,0
5605016,190400,580,1,64543.1,1,1,1,0,0,24,73.49,12
1135861,190403,553,4,0,2,1,1,0,0,22,141.54,4
1822825,190581,627,10,27194.74,1,1,1,0,0,8,58.62,7
9333700,190582,472,0,0,1,1,1,0,0,24,163.71,0
5801541,190674,660,9,51891.58,3,1,1,0,1,22,36.46,4
4860745,190707,601,2,11906.11,1,1,1,0,1,14,722.1,1
6910964,190872,689,0,66695.18,2,0,0,1,0,8,76.9,72
4674286,190898,732,0,21171.28,1,0,1,0,0,29,113.97,3
4189885,190951,665,1,79019.66,2,0,0,1,1,2,60.2,45
5204819,191014,675,6,0,1,1,1,1,0,11,40.79,7
3294774,191061,698,10,43078.36,2,1,1,0,0,28,51.78,8
2630140,191161,602,1,42477.49,2,1,0,1,1,6,57.21,130
1661401,191208,404,0,2930.94,2,1,0,0,1,6,30.88,17
6183033,191254,611,2,3520.5,1,1,1,0,0,13,31.73,9
8395785,191305,850,0,0,3,1,0,1,1,4,161.64,29
1559763,191537,551,6,0,2,1,0,0,2,8,7.23,60
7121355,191549,603,3,0,3,1,0,0,3,9,18.59,56
3204724,191772,671,2,149795.33,2,0,0,1,2,6,448.15,7
2512187,191884,668,0,71932.34,3,0,1,0,0,17,85.22,4
5951131,191928,699,8,41158.24,2,1,1,0,0,17,195.77,2
6481437,191962,663,2,21158.63,2,1,1,0,0,21,149.43,4
7970985,191982,630,6,58601.89,2,1,1,0,1,10,27.45,5
3946751,192055,550,3,0,1,1,1,0,1,15,304.03,18
4368777,192059,622,10,44638.31,1,0,1,0,0,30,41.77,4
3217273,192295,505,10,72674.67,4,1,0,0,0,9,107.26,8
7138070,192296,568,10,337.23,2,1,0,1,1,6,69.15,3
9906224,192318,626,10,8848.33,2,1,0,0,0,5,105.08,0
9418719,192337,534,4,11266.79,4,1,1,0,0,22,91.02,4
5572250,192410,698,0,172451.08,1,0,0,0,1,1,12.6,4
3760597,192422,625,3,0,1,1,1,1,2,33,27.97,0
5311242,192742,653,2,24596.81,4,1,0,0,1,8,145.68,13
9084065,193035,760,3,0,2,1,1,0,0,16,85.9,3
5951651,193326,694,6,49750.05,3,0,0,0,2,7,21.47,17
6682698,193471,609,0,0,1,0,1,0,1,24,54.93,17
2932227,193624,595,2,25056.85,2,1,0,0,2,2,48.18,2
8857296,193637,564,0,30727.07,1,1,1,0,0,9,108.24,4
2263313,193670,558,10,10966.06,1,1,1,0,1,16,32.73,0
3361510,193806,634,9,120.91,1,1,1,0,0,16,49.32,2
4785186,193826,673,4,0,2,1,0,1,1,9,138.23,21
7667458,193904,481,0,28402.16,3,0,1,0,3,7,74.34,4
7136687,193946,455,0,30505.75,1,1,1,0,1,19,126.24,9
2515030,193972,648,4,18502.14,3,0,1,0,0,14,157.23,2
7619862,194423,678,6,0,3,1,0,0,2,10,52.93,0
1233516,194458,667,1,946.38,3,1,0,1,0,7,32.66,51
5436878,194511,762,0,16297.51,2,1,0,1,1,16,44.67,17
3073474,194545,576,4,73961.8,2,1,1,0,0,16,79.37,1
8630043,194560,544,4,37207.98,2,1,1,0,1,2,20.01,4
7183841,194578,505,1,608.31,1,1,0,0,1,3,35.33,29
5398338,194641,666,7,0,2,1,1,0,2,14,12.25,1
7392547,194682,850,0,176.17,1,1,1,0,1,5,448.36,5
7232293,194689,591,1,33026.61,1,1,1,1,1,17,117.77,1
2817745,194769,503,7,1303.81,1,1,1,0,1,6,78.71,2
4922880,194782,650,1,1618.92,1,0,1,1,0,9,30.53,2
8910069,194813,518,1,51308.87,4,1,1,1,1,21,68.98,3
1419843,194834,731,10,101092.79,3,1,0,0,0,4,288.99,23
6503032,194930,507,0,50477.44,1,1,0,0,1,7,79.42,26
4713925,194952,606,1,0,1,1,1,1,0,11,62.19,16
2060605,195071,695,10,40351.78,2,1,1,0,0,14,34.23,1
8789116,195136,666,1,0,4,1,1,0,1,29,36.16,12
6069909,195310,716,8,392.27,1,1,0,0,3,10,51.57,0
7850067,195325,550,5,857.84,1,1,1,0,0,8,55.84,4
2957497,195359,542,2,12929.59,3,1,0,1,1,13,390.41,10
3345069,195513,750,0,40085.27,1,1,1,0,0,29,30.02,1
1760793,195563,691,0,0,1,1,1,1,2,19,70.75,3
1624315,195620,638,1,32901.65,2,0,0,1,4,2,72.66,98
6106390,195629,515,1,0,2,1,1,0,0,15,174.46,0
9264869,195643,628,4,0,2,1,1,0,0,22,10.22,8
2948178,195656,596,2,118526.29,1,1,0,0,1,3,9.92,22
2630611,195674,627,10,0,3,0,0,0,3,5,11.24,138
4939290,195763,690,0,42057.05,1,0,1,0,0,12,45.08,12
3276065,195841,639,2,50723.66,2,0,0,1,1,5,18.74,27
7520395,195966,559,1,0,3,1,0,1,2,0,50.58,1
8610879,196126,479,7,737.35,1,1,1,0,0,16,58.53,0
7224540,196168,762,7,55533.64,2,1,1,0,1,35,47.97,4
8031780,196214,792,5,34719.82,2,1,0,0,0,14,426.08,143
3592464,196369,537,0,0,1,1,0,1,2,5,169.06,13
7960607,196407,605,10,0,3,1,0,0,5,9,86.58,13
2661307,196411,645,0,59994.82,2,0,1,0,0,17,80.92,1
9209880,196446,728,2,6203.79,2,0,1,0,1,17,96.35,0
7847048,196781,600,3,0,2,1,0,0,2,3,105.62,9
5693260,196955,548,10,43072.74,1,1,1,0,0,25,47,0
1548888,197102,764,0,56490.16,1,1,1,0,1,16,47.09,1
7216461,197251,596,3,49887.11,1,1,0,0,1,3,30.44,35
4645180,197429,585,3,41092.89,3,1,1,0,2,29,89.79,5
8438733,197466,570,1,43977.28,1,1,1,0,0,10,125.98,7
8460758,197527,657,9,38413.41,3,1,0,1,3,0,35.91,13
4961312,197545,625,0,57939.47,3,0,0,0,2,3,40.91,145
7084862,197573,789,1,0,2,0,0,1,1,7,32.52,197
2666893,197584,527,10,89437.38,3,0,1,0,0,28,52.91,0
7162857,197616,613,3,169031.25,2,0,1,0,1,23,46.6,0
7017548,197627,745,2,0,1,1,1,0,1,9,123.66,3
2015861,197649,587,4,136043.5,4,1,0,0,1,7,75.2,26
7679674,197666,608,0,34365.46,2,0,0,0,3,5,72.41,47
5628522,197716,562,10,51207.64,1,0,1,1,1,0,87.33,12
4184459,197736,610,0,48772.73,2,1,1,0,2,19,39.05,4
3049499,197758,492,8,52834.32,1,1,1,0,0,26,131.59,2
8628891,197793,626,0,32546.91,1,1,1,0,4,16,57,5
2538024,197874,532,3,0,4,0,1,0,3,6,72.94,3
4558545,197923,672,6,37119.06,1,0,0,0,0,0,43.16,13
1358318,197966,639,0,37525.4,1,0,0,1,0,0,93.74,17
1848566,197992,746,9,0,2,0,0,0,3,5,244.67,27
6595355,198042,631,5,109072.62,2,0,1,0,0,13,138.91,2
5086407,198246,525,1,55962.66,3,0,1,0,1,15,120.63,0
3112652,198524,591,0,32289.29,1,0,0,0,1,1,272.09,44
4442778,198867,690,7,78083.52,2,1,1,0,1,17,287.59,10
2151087,198907,644,6,31595.41,1,1,0,0,2,10,318.91,5
4475523,199096,481,0,14749.7,2,1,0,0,0,3,113.07,19
4623062,199326,689,4,26349.41,2,1,1,0,2,10,166.24,1
4909069,199613,737,3,43926.06,1,1,1,0,0,13,13.54,1
6512314,199704,601,10,23976.17,1,1,0,1,1,10,149.68,46
3475548,199807,578,1,26372.33,2,1,1,0,0,14,46.41,5
1047572,199850,477,4,47019.89,2,1,1,0,1,12,45.18,0
5651899,199868,680,2,39390.01,3,1,1,0,1,12,48.16,3
3427461,199994,475,8,38005.2,1,1,1,0,0,26,109.25,13
3180906,199996,718,3,24470.1,1,1,1,0,0,15,11.92,3
5205279,200018,545,0,0,2,1,0,0,0,7,39.23,51
3927575,200195,850,8,61887.27,3,1,1,0,2,22,118.83,2
2844258,200219,607,2,28693.34,2,1,1,0,0,39,257.67,3
1432519,200331,709,9,25926,2,0,1,0,2,19,48.51,0
3211291,200575,609,10,81.85,2,1,1,0,2,30,59.24,8
1249314,200617,765,5,42410.3,1,1,0,1,2,1,51.41,17
7010308,200932,598,0,59617.74,2,1,1,0,1,17,358.93,0
4991829,200976,683,1,0,2,0,0,1,0,8,134.04,67
6431983,200979,632,4,55653.91,1,0,1,0,1,10,41.6,1
1264762,200992,602,4,0,2,1,1,0,0,18,55.83,4
3923366,201255,539,1,25294.62,4,1,1,1,0,9,11.4,1
5452128,201377,627,0,3147.32,2,0,1,0,0,12,52.66,2
1879109,201400,686,0,34022.71,2,1,1,0,2,17,137.72,8
3126655,201414,691,1,131544.29,1,1,1,0,0,20,51.63,9
8062546,201514,749,1,29587.04,2,1,0,1,1,15,62.15,2
9826250,201639,663,0,60239.46,1,1,1,1,0,29,83.67,4
2906718,201698,530,3,44157.37,4,0,1,0,0,29,36.14,2
2066326,201836,718,0,0,2,0,1,0,1,28,30,2
8990081,201883,762,1,3586.14,3,1,1,0,1,16,112.89,10
8520810,201913,640,10,0,2,1,0,0,0,9,131.84,138
7074006,201987,720,0,60128.33,2,0,1,1,1,15,50.66,3
9610704,202018,574,0,12796.8,2,0,1,0,0,14,60.9,9
2829622,202093,552,8,0,1,1,0,1,2,8,286.16,93
8583392,202170,653,0,69310.7,3,1,0,0,4,3,19.29,7
9453010,202344,596,10,80582.3,3,1,0,0,1,4,14.71,70
4716988,202365,769,10,0,1,1,1,1,0,6,113.72,10
1727544,202397,541,3,15205.22,2,1,1,1,1,11,20.47,0
9748499,202430,702,1,55937.66,2,1,1,0,1,16,74.47,3
6060517,202444,764,0,3361.57,2,1,1,0,0,18,124.82,9
8684678,202463,539,10,2824.23,1,1,0,1,1,6,37.93,161
1522621,202664,681,0,1059,4,1,1,0,0,8,48.52,1
2020480,202759,699,6,37246.82,2,1,1,0,0,21,151.19,5
9035982,202827,658,1,56720.4,2,1,0,0,2,3,10.27,12
7738019,202972,576,8,35397.78,2,0,1,0,1,12,16.23,6
8151684,202988,846,5,41770.51,2,1,1,1,1,28,17.63,3
2811298,203024,780,2,0,3,1,1,0,0,12,177.94,3
9225346,203050,549,0,644.23,1,1,1,0,1,13,102.23,0
8441741,203198,589,2,0,1,1,0,1,1,10,199.22,123
2232969,203225,748,0,34299.7,3,1,0,1,1,1,42.79,41
2355439,203396,766,9,0,2,0,0,1,1,7,12.55,30
6404139,203398,752,0,0,1,1,1,0,1,5,102.5,3
3488628,203550,722,3,21542.17,3,1,0,0,1,2,74.46,190
2101965,203782,593,2,0,2,1,1,0,1,29,160.7,0
3117143,203831,714,1,24483.13,2,1,0,0,0,12,5,72
5614002,203896,731,0,53233.18,3,1,1,0,1,17,129.61,3
6455706,203996,458,3,67399.5,3,0,1,0,0,15,21.67,6
7390515,204053,582,1,39190.31,4,0,1,0,0,25,104.91,2
9901266,204180,464,0,0,2,1,0,0,1,2,51.52,28
5947563,204411,780,6,52504.97,3,1,1,0,0,0,253.53,0
8612081,204442,546,1,13132.38,1,1,1,0,1,18,75.21,2
9481739,204555,717,5,24798.01,3,1,1,0,1,6,112.95,0
8217547,204657,749,0,47941.34,2,1,0,0,1,0,20.35,53
2663938,204721,772,0,32375.7,1,1,0,1,2,7,58.04,3
2919549,204823,619,0,0,2,0,0,0,1,5,60,5
4607488,204837,568,6,481.96,1,0,0,0,1,8,251.4,19
8215376,204904,616,1,30090.61,2,1,1,0,0,31,13.96,13
8575834,204998,553,2,41985.74,1,1,1,1,0,22,101.53,2
4833486,205065,794,0,20354.99,1,1,0,1,1,2,117,6
7942639,205071,590,3,72790.79,2,1,1,0,1,30,67.82,10
6686328,205149,574,5,0,2,1,1,0,0,11,42.03,0
8608449,205239,800,0,100121.27,2,1,0,1,2,4,273.42,63
7689582,205345,753,7,30653.39,1,1,1,0,1,23,75.2,1
7979148,205389,801,3,44943.84,1,0,0,0,1,0,67.85,2
2595275,205409,641,7,69254.96,1,1,0,0,1,6,51.18,85
6243691,205428,742,2,0,2,1,1,0,0,19,129.24,8
8159911,205641,440,8,69530.4,1,0,1,0,1,0,57.08,2
6243275,205797,748,5,27717.6,1,1,1,0,1,8,129.93,2
5276341,205885,622,0,19881.84,3,1,0,1,1,7,69.16,1
7279729,205896,596,1,23097.92,2,1,0,0,0,4,53.39,65
3560856,205907,557,1,41916.82,2,1,1,0,0,8,108.74,5
8956894,205939,647,0,17966.37,1,1,1,1,1,31,14.6,0
2126310,206053,725,9,39212.66,3,0,1,0,1,25,599.37,1
2530497,206142,725,2,0,3,1,0,1,2,4,84.36,1
2432176,206176,566,6,69355.53,3,1,1,0,2,31,135.44,15
2564141,206210,651,4,7990.49,1,1,0,1,1,0,248.92,27
8245685,206355,605,0,53848.77,2,0,0,1,1,0,67.77,15
2620082,206694,668,0,100.16,1,1,1,0,0,3,32.67,3
7251976,206851,673,10,0,1,0,0,0,1,6,18.73,40
3182975,206857,729,0,0,2,1,0,0,0,4,71.49,78
2006313,207175,653,3,12668.95,3,0,0,1,5,10,43.62,89
6530541,207197,543,9,7083.39,2,1,1,0,0,17,16.29,15
3050700,207241,616,6,241.78,2,0,0,1,1,4,125.22,102
7892225,207282,596,6,39629.97,2,1,1,0,1,6,156.7,1
6932391,207348,703,0,56722.82,2,1,1,0,1,12,302.21,6
8095702,207391,708,5,35235.61,4,1,1,0,1,26,36.81,11
1863121,207402,535,1,27729.92,1,1,1,1,0,20,122.25,9
5825620,207458,573,0,115029.93,2,1,0,0,0,7,253.29,61
6242022,207473,681,3,826.91,1,1,1,0,0,19,121.37,6
6899644,207570,658,0,39332.84,1,1,0,0,1,0,135.82,20
2738129,207573,516,3,9.77,1,1,1,0,0,20,106.69,13
9512969,207581,502,8,7790.44,1,0,0,1,1,5,181.47,0
4569164,207629,615,3,24913.04,1,1,1,1,2,34,49.6,0
3595941,207697,542,1,43229.17,2,1,0,1,1,0,26.4,64
9089795,207786,678,3,103311.27,2,1,0,0,1,5,23.56,55
4762204,207798,740,1,100938.01,3,1,0,0,1,0,24.49,46
2815603,207903,564,10,95216.73,1,1,0,0,4,10,69.83,36
6873938,207932,466,2,16058.42,1,1,0,0,1,6,87.59,8
7166651,208013,643,0,0,1,1,0,1,1,13,134.53,39
2927455,208111,713,0,39143.76,2,1,0,1,1,7,302.14,122
5673599,208214,541,0,60587.21,2,1,1,0,0,24,214.54,3
4794319,208239,670,2,0,2,1,1,0,0,18,74.77,2
8199311,208304,693,7,0,2,0,0,1,3,11,37.46,37
1440466,208310,740,3,79287.96,2,1,1,0,0,10,68.57,5
5487028,208529,626,1,56844.31,2,1,0,0,0,14,144.44,44
1485753,208584,535,0,43686.57,3,1,0,1,0,5,41.51,65
4026879,208618,663,6,12698.54,1,1,0,0,0,2,172.4,33
5584716,208633,630,0,33899.67,2,1,1,0,3,19,18.62,0
6183902,208699,589,2,52781.54,2,1,0,1,1,12,102.65,9
6701311,208751,670,3,26301.12,3,0,0,0,3,12,99.18,12
6889195,208954,618,1,68186.24,4,1,1,0,2,21,11.23,4
1102438,208975,634,2,7326.92,4,1,1,0,0,10,75.85,8
4043480,208976,795,2,37384.43,1,1,1,1,1,22,131.75,1
3403361,208998,567,2,46700.8,4,0,0,0,1,0,55.83,47
7724045,209159,768,0,15764.38,2,1,0,0,3,6,136.54,15
2167449,209167,716,10,42737.46,1,0,1,0,0,20,392.06,0
3380261,209493,485,7,983.54,1,1,0,0,0,4,62.27,9
1514340,209627,506,0,55028.59,1,1,0,0,1,14,35.77,53
2539438,209680,587,5,0,1,1,0,0,2,8,33.67,61
9900022,209812,711,2,0,2,1,1,1,0,11,100.2,5
4609330,210010,786,4,24614.25,1,0,0,0,2,9,54.78,72
7311494,210639,727,0,37826.09,1,0,0,1,2,0,35.61,4
8043620,210665,677,10,0,2,1,1,0,0,9,140.65,2
8610913,210766,826,1,0,4,1,1,0,0,7,46.05,1
6719285,210790,728,0,0,2,1,0,1,2,4,51.5,2
3640889,211005,719,1,53715.48,3,0,0,0,0,9,88.06,34
7208460,211072,630,1,19078.93,2,0,0,1,1,1,59.01,64
6228407,211090,663,2,43413.1,1,1,0,0,3,6,21.07,43
6442241,211291,581,7,6452.85,2,0,1,0,0,18,81.94,1
2425342,211341,660,6,43595.14,1,1,1,1,0,8,11.13,0
1882629,211410,580,4,42374.1,1,1,1,0,0,27,66.74,4
3610197,211425,511,4,23375.34,1,0,0,0,0,3,48.38,11
3640899,211486,629,7,31689.21,2,0,1,0,3,14,17.36,0
1834876,211496,727,1,26073.82,3,0,1,0,0,16,24.72,1
2368710,211579,634,1,135729.53,3,0,0,1,1,5,411.85,59
5565128,211636,547,0,118613.06,3,1,0,1,3,8,23.41,31
8434202,211642,435,5,0,3,0,1,0,0,24,99.3,3
8113787,211726,684,0,46884.21,3,1,1,0,0,20,81.18,4
9148051,211760,688,3,0,3,0,1,0,1,16,16.99,0
8416270,211764,688,0,4673.05,4,0,1,0,4,5,36.83,2
7948850,211834,652,4,58513.12,2,0,1,0,0,21,49.65,2
5582979,211871,795,1,35698.5,2,0,1,0,0,28,48.23,5
4616647,211954,785,5,36406.58,2,1,1,0,2,17,56.06,0
9595744,211957,592,0,17299,1,0,0,1,1,6,60.22,12
2909540,212157,658,1,11574.1,1,1,1,0,1,20,148.14,14
6791039,212168,508,4,48614.59,4,1,0,0,3,4,48.53,60
8212753,212178,620,6,0,1,0,0,0,0,5,105.11,14
2860421,212214,604,4,14324.93,2,1,1,1,0,7,59.62,6
5752087,212235,412,4,22765.74,3,0,1,0,0,10,63.65,7
9164342,212255,772,8,0,3,0,1,1,0,21,46.34,1
9840487,212512,667,3,0,2,1,1,0,1,17,84.26,5
6174418,212608,611,7,40661.19,2,1,0,0,3,0,97.49,14
1761976,212718,673,4,42018.8,2,0,1,0,2,16,73.97,4
4699685,213000,713,5,41154.78,2,1,1,0,0,20,5.45,1
7631419,213132,569,5,53830.58,4,1,1,0,0,19,10.69,0
1919088,213206,677,0,6518.64,2,1,0,0,3,9,15.97,8
1128967,213282,446,1,63354.42,2,1,0,1,1,5,49.95,2
4429650,213346,803,6,31749.75,1,1,1,0,1,23,24.24,6
6056977,213349,667,6,120691.13,2,0,1,0,0,6,151.26,7
4543918,213355,773,0,35267.36,1,1,0,1,2,6,24.13,95
3302417,213365,844,2,797.6,1,1,1,0,1,18,47.48,2
5286905,213475,714,0,103920.81,2,0,1,0,0,10,138.31,4
5856117,213609,676,0,57110.99,3,1,1,0,0,23,113.87,2
6504979,213668,724,1,46558.11,2,1,0,1,1,6,54.57,0
3013003,213697,702,10,47.8,1,1,1,0,0,23,45.24,2
1129686,213844,633,4,34048.18,1,1,1,1,0,5,31.78,1
9344741,214027,644,3,1319.71,3,0,1,0,0,26,69.56,1
8225192,214119,626,1,0,1,1,1,0,0,5,73.32,7
3947669,214176,516,8,0,3,0,0,0,2,11,158.25,60
3167376,214266,769,10,60531.65,1,1,0,1,0,8,78.54,45
7378822,214351,708/850,2,$0.00 ,2,0,1,1,1,26,21.24,5
9935249,214532,754,1,0,1,1,0,1,4,3,54.3,0
4860617,214576,576,4,45884.31,1,1,0,0,1,5,33.52,7
9393009,214611,721,1,0,2,1,0,1,0,8,32.5,31
6941939,214626,761,0,16025.66,2,1,1,0,1,5,29.14,0
2209226,214675,579,0,0,1,1,1,0,0,15,36.89,4
7661748,214677,544,0,14453.82,3,1,1,0,0,19,173.4,3
1709714,214682,683,0,39222.17,3,1,1,0,1,13,35.51,16
8318550,214928,713,1,140.39,1,1,1,0,0,28,195.8,0
1314430,214975,791,3,843.24,1,1,0,1,1,4,47.67,6
8713396,215027,757,3,1352.46,1,0,1,0,1,6,577.44,28
2306317,215233,556,0,1721.91,3,1,0,1,3,13,69.63,31
6252285,215266,698,1,38928.43,1,0,0,0,2,7,384.18,2
8202195,215482,690,4,2992.75,2,1,1,0,2,35,179.58,33
7785090,215717,521,1,597.06,1,0,1,1,0,13,27.41,0
8007741,215795,702,6,47185.98,2,1,1,0,1,16,35.71,4
5857259,215830,567,2,27456.65,2,1,0,1,2,9,43.32,27
2932288,216229,649,10,7199.69,1,0,0,0,3,4,60.19,9
7795314,216242,538,0,42422.48,2,1,1,0,0,4,135.08,35
1349914,216276,776,2,0,1,1,1,0,1,27,49.22,1
6448705,216308,708,3,2316.43,2,1,0,1,1,8,184.21,45
3883553,216356,629,0,33396.09,2,0,1,1,2,9,31.35,3
8719145,216506,636,1,33815.96,1,1,0,1,1,9,147.14,67
7070880,216587,781,3,49000.75,3,1,1,0,1,20,151.94,7
2478574,216683,641,2,30942.34,3,0,1,0,0,21,200.15,1
8326807,216739,623,4,0,2,1,0,1,1,5,235.21,9
2776088,216968,505,5,0,2,1,1,0,1,0,152.77,5
5082173,216970,725,1,48327.09,1,1,1,0,1,1,154.21,15
8309439,217301,602,10,98875.92,3,1,0,1,0,6,152.3,48
7718433,217308,698,8,92480.92,4,1,0,0,3,7,55.97,16
9790632,217466,653,6,26877.43,1,1,0,1,0,2,68,35
2319479,217659,758,0,54054.59,2,0,1,1,1,20,86.6,6
7639863,217683,779,6,51663.79,2,1,0,1,1,6,70.94,48
6205543,217830,492,1,32876.11,2,1,1,0,0,4,119.28,5
6696087,217984,656,3,53845.55,1,1,0,0,1,8,132.18,35
4717362,217996,765,10,0,1,1,1,0,0,21,107.4,5
6587964,218118,632,10,14795.51,3,0,0,0,1,3,56.95,91
3820798,218152,665,0,0,3,1,1,1,1,13,105.22,6
2281433,218220,718,0,25062.43,1,0,1,1,1,16,21.72,1
9564488,218326,617,2,1045.25,1,1,1,0,0,20,59.96,0
2913049,218370,655,10,13881.93,1,1,1,0,1,17,140.37,8
9902071,218414,682,1,0,2,1,0,0,3,0,128.57,93
9555575,218423,584,6,37145.96,3,0,0,1,1,5,63.66,31
4253164,218548,629,1,25715.07,2,1,1,0,0,22,163.2,10
6861544,218661,638,8,0,3,1,1,0,1,9,48.67,17
6890476,218669,593,4,21906.9,2,0,0,1,1,3,170.13,76
3477824,218710,747,1,0,1,1,1,1,1,24,86.68,3
4963933,218844,713,0,7918.3,2,1,1,0,0,19,25.34,0
2724773,218881,652,2,101205.88,1,0,1,0,1,20,84.32,3
3456926,218959,613,3,49341.49,2,1,1,0,0,15,27.21,6
5294434,218972,725,4,81002.75,2,0,1,0,1,20,75.62,1
4309671,219073,575,1,44707.73,1,1,1,0,1,18,55.57,6
3910830,219169,687,7,62946.16,2,1,1,0,0,28,53.84,3
3564729,219346,568,2,12043.72,1,1,1,0,1,10,14.22,8
2264218,219361,713,3,47089.68,2,1,1,0,2,22,163.97,5
3972018,219366,570,1,45078.46,1,1,1,0,2,25,42.92,4
9289908,219420,743,3,53932.28,3,1,1,0,2,32,41.89,1
8783840,219490,490,5,12519.56,3,1,1,0,0,9,35.03,1
8531380,219550,572,1,48326.83,3,0,1,0,0,16,89.06,6
6422534,219562,484,0,44404.45,3,1,1,0,2,20,26.92,0
6303930,219565,786,0,52883.29,2,0,1,0,2,26,80.03,8
3532644,219629,569,3,0,2,1,1,0,1,14,19.7,7
8377995,219710,682,1,107132.85,1,1,1,0,1,19,17.82,2
2145653,219726,779,0,35354.06,4,1,1,0,1,12,236.42,11
8867190,219754,572,3,0,2,1,1,0,0,3,41.12,3
8419020,219781,601,1,35625.34,2,1,0,0,2,0,115.45,50
6080483,219876,816,6,38404.98,2,1,1,0,1,15,46.12,3
5608259,219946,691,0,16660.43,1,1,1,0,1,32,71.3,3
1942411,219971,670,2,20216.6,2,1,1,0,0,18,35.64,6
6904610,220020,547,9,36396.02,1,1,0,0,1,9,120.53,11
9511700,220096,588,2,49263.89,1,1,1,0,1,29,35.98,1
2244712,220116,710,4,0,2,0,1,0,0,8,117.47,1
6207779,220190,730,6,21048.79,4,0,1,0,1,0,9.24,7
8746753,220294,609,6,78864.97,1,1,1,0,2,17,76.99,5
8581856,220351,724,0,63851.36,2,0,1,0,0,23,15.54,2
1630944,220465,607,0,2019.6,1,1,1,0,2,13,55.55,0
1954456,220675,684,10,23659.62,2,0,0,0,1,1,423.99,108
7186390,220764,680,9,18843.21,1,0,1,0,0,13,87.39,0
5816353,220768,566,1,30065.94,2,1,0,0,0,1,49.63,10
2287332,220936,665,2,752.18,1,0,1,0,0,12,179.18,3
2514923,220944,548,0,0,2,0,1,0,2,15,46.44,3
9507186,221011,756,10,0,3,0,1,0,0,18,13.98,3
7450545,221035,850,10,0,3,0,1,0,1,10,29.7,9
8763013,221119,624,0,5078.49,2,1,1,0,1,17,131.77,4
1688246,221263,801,7,33052.15,2,1,1,0,0,7,22.49,3
8545279,221414,677,6,0,2,1,1,0,2,19,185.56,2
4158134,221462,570,5,24671.42,2,0,1,0,2,20,30.86,6
6394323,221531,799,9,51058.04,2,1,1,1,2,29,55.33,0
8979730,221552,808,1,34639.42,1,0,1,0,1,13,19.98,7
9411547,221620,597,6,76520.98,3,0,0,0,2,2,91.41,28
3531028,221628,629,0,0,2,0,0,0,2,2,24.6,33
2038068,221703,658,10,79012.14,4,1,1,0,1,25,89.23,6
8558523,221707,626,4,0,1,0,1,0,1,1,9.79,0
2736473,221761,668,1,79056.32,4,1,0,0,2,4,75.99,100
6761929,221886,602,10,28394.19,2,1,1,0,0,9,166.26,0
2414808,221916,810,4,68250.38,1,1,0,0,3,7,71.74,6
9464927,222343,720,5,6371.73,3,1,0,1,1,1,110.24,83
3895058,222520,621,1,104260.75,3,1,1,0,1,21,37,10
1656695,222629,678,1,0,1,1,1,0,0,8,97.03,6
5156449,222692,662,3,2755.21,2,1,0,0,2,3,375.16,16
8344365,223014,499,0,68077.18,2,0,1,0,0,21,50.04,6
8372274,223088,705,2,0,1,1,1,0,1,21,26.26,8
9792411,223119,495,0,16614.26,3,1,1,0,0,29,136.81,0
9770256,223172,766,0,10939.38,2,1,0,0,0,3,49.34,39
3663319,223215,565,9,0,2,1,0,1,2,3,18.24,49
7105194,223224,560,8,0,1,0,0,1,1,15,42.34,75
7255418,223264,600,1,12192.06,1,1,0,0,0,13,229.4,10
5746166,223365,421,1,5757.15,1,1,1,0,2,17,82.06,23
7499771,223453,500,1,50106.08,2,1,1,0,0,14,342.81,2
7858012,223481,711,0,46827.09,1,0,1,1,0,16,42.91,3
6676858,223502,640,10,0,1,0,1,0,0,30,150.05,3
1878547,223552,552,3,39853.1,1,1,1,0,1,20,76.57,4
6614484,223586,572,0,29067.86,2,0,0,0,1,10,132.63,20
2105817,223654,815,2,0,1,0,1,0,1,13,22,8
6531293,223791,618,0,30047.47,2,1,1,0,0,23,59.59,9
2585546,223928,659,3,160401.91,2,1,1,0,1,7,247.89,4
7485471,223949,771,1,82298.58,2,0,1,0,0,2,56.44,10
5767195,223967,579,10,52971.02,1,1,0,1,0,0,29.2,30
5227787,224052,686,2,3137.43,1,1,0,1,2,5,20.18,23
3522845,224078,633,0,0,2,0,1,0,0,27,58.1,6
6592886,224138,680,3,45570.26,2,1,1,0,0,25,338.31,10
2367376,224205,571,10,226.05,2,0,1,0,3,18,173.15,11
3372774,224395,633,2,48419.58,4,1,1,0,0,10,111.65,6
6869018,224473,850,4,31184.84,1,1,1,0,0,26,148.84,5
6204824,224582,661,2,47611.68,1,0,1,1,0,21,102.77,6
7575963,224870,684,8,9603.88,2,1,1,1,0,11,119.26,5
3163449,225151,674,7,53420.28,2,0,1,0,0,26,391.25,12
2421349,225200,632,1,76962.13,1,1,0,1,2,8,10.4,30
6193922,225245,581,0,25407.75,2,0,0,1,1,4,30.64,1
7319630,225362,501,0,441.2,2,1,1,0,3,19,24.35,5
6510922,225461,648,5,31922.4,2,1,1,0,0,28,35.08,10
3144023,225636,686,9,0,2,1,0,0,2,1,249.08,52
9831414,225701,635,0,67916.84,1,1,1,0,0,26,35.65,5
2567880,225710,703,6,29617.15,4,1,0,1,1,13,54.26,18
8103580,225738,535,8,54314.94,1,0,0,0,1,11,24.29,10
9531021,225805,$514.00 ,3,44.53%,2,1,1,0,2,24,60.64,4
7070468,225812,685,6,66114.67,1,0,0,0,2,3,75.52,4
1305857,226124,778,4,0,1,1,1,0,2,19,93.45,6
7083379,226215,588,5,21151.86,1,0,0,1,1,5,66.04,4
6181912,226395,535,0,19747.84,1,0,0,1,3,6,44.87,58
4024309,226451,579,1,0,1,1,1,0,1,10,68.56,5
4593556,226516,547,3,62188.69,2,0,0,0,0,10,46.82,25
6733317,226601,664,0,52906.13,4,1,0,0,2,10,58.51,43
9158272,226610,592,4,18077.43,3,1,1,0,0,14,57.69,1
4221313,226611,736,2,19968.79,1,1,1,0,0,14,38.29,5
4800761,226670,718,1,46244.43,1,0,1,0,1,4,27.75,2
3307963,226882,604,3,108.65,2,1,1,0,1,21,115.7,7
3599548,226935,621,5,0,2,0,0,0,0,7,18.29,4
2294615,227091,565,10,32374.57,1,1,1,0,1,22,76.58,1
5962567,227126,736,4,46033.17,2,1,1,0,0,22,149.85,0
2696860,227253,559,3,90598.66,2,1,1,0,0,20,227,21
9517619,227257,661,0,0,2,1,1,0,3,5,107.27,16
9833734,227324,576,3,928.17,1,1,1,0,0,19,28.23,14
1633297,227352,719,0,46889.27,2,1,1,1,1,24,28.15,0
6649968,227706,477,0,47055.99,3,1,0,0,1,5,123.01,25
3198638,227767,552,6,767.89,1,1,1,0,1,17,20.04,3
7320310,227794,630,2,74450.64,3,1,1,0,0,28,364.7,2
3587931,227885,797,2,15339.22,2,1,1,0,0,10,486.5,3
3722056,227950,684,1,63331.03,3,1,1,0,1,11,71.87,2
4034091,228074,850,9,81048.85,2,0,0,0,0,2,43.74,124
3777286,228093,706,1,21597.53,1,1,1,0,0,16,17.4,2
8342941,228168,816,0,21053.35,2,1,1,0,0,22,16.38,5
1733037,228473,434,7,0,1,1,1,1,0,0,57.73,25
7893063,228479,566,4,24057.15,2,0,1,0,2,20,22.77,2
7111929,228594,687,0,68002.49,3,1,1,1,0,8,23.35,6
4985095,228670,701,5,883.33,2,0,0,0,0,10,40.67,53
8452417,229139,539,3,51935.53,1,1,1,1,0,11,70.03,12
5780297,229144,691,2,0,2,1,1,0,1,22,20.09,4
8531761,229204,396,10,16215.74,1,1,1,0,1,20,146.73,1
4925917,229221,840,2,128703.7,4,1,1,0,1,26,46.56,3
9959220,229545,501,0,4330.95,1,1,1,0,1,28,102.99,4
5012581,229592,637,3,104.76,1,1,1,1,2,22,65.44,9
6192009,229598,652,10,0,3,1,1,0,0,24,249.23,0
8868776,229890,689,2,0,1,1,1,1,0,0,32.02,9
4255051,230192,574,5,134918.17,2,1,0,0,1,4,213.53,48
7171347,230272,669,3,18798.52,1,0,1,0,4,16,56.5,3
8391997,230394,666,2,25451.38,1,1,0,0,1,9,105.88,2
8745704,230521,488,0,0,1,0,0,1,2,7,46.15,16
5727345,230679,671,3,0,1,1,1,0,1,21,270.94,1
7406756,230734,709,6,39091.4,2,0,0,0,3,7,395.77,60
9437374,230889,668,4,56676.82,4,1,1,0,0,15,199.8,2
9849306,231113,598,10,236.94,1,1,1,0,1,17,32.98,0
8023963,231250,616,1,18435.65,3,1,1,0,2,4,138.16,3
3718884,231414,705,3,20083.51,3,0,0,0,1,6,163.5,41
4350371,231647,690,3,24700.74,2,1,0,1,2,1,111.51,2
3321942,231869,690,0,13792.13,1,1,0,0,1,11,26.81,3
5194357,231939,628,0,0,1,1,1,0,0,8,71.78,0
1875431,232040,617,2,19206.63,3,1,1,0,1,17,26.85,2
9062973,232315,648,2,27213.33,3,1,1,0,0,15,597.28,44
7227905,232321,773,2,50343.09,2,1,1,0,1,19,43.84,0
2721170,232352,535,5,32863.8,2,1,1,0,0,17,28.17,7
9655523,232361,695,0,474.64,1,0,1,0,1,20,115.49,3
3091745,232378,678,1,61132.42,3,1,1,0,0,21,162.88,0
5782563,232413,698,2,32062.21,2,1,0,1,2,0,88.93,49
2407191,232552,669,0,374.86,1,1,1,0,0,19,30.09,2
3689594,232731,756,0,30018.68,1,0,0,0,2,4,270.28,51
5576678,232915,686,0,46039.42,2,0,0,0,1,9,45.16,5
8538325,232981,711,1,904.44,1,1,0,0,0,6,72.59,104
9612629,233051,538,2,1774.28,2,1,1,0,0,10,200.33,0
3472100,233056,850,0,19101.83,2,1,0,1,0,0,79.39,44
8339571,233096,669,7,0,3,1,0,0,0,2,54.47,7
2538698,233391,589,2,70067.92,3,0,0,0,3,2,32.25,90
4725179,233470,709,0,45045.01,2,0,0,1,1,10,285.54,4
8568671,233533,669,0,0,2,0,0,1,0,10,68.87,27
6865064,233534,718,1,0,2,1,0,1,0,10,79.6,6
1447451,233582,664,2,62096.53,2,1,0,0,1,0,159.96,32
7960815,233636,630,1,22360.18,3,0,1,0,0,13,89.68,1
1893502,233751,593,0,42691.19,2,1,0,0,2,0,37.21,62
7651393,233827,690,1,33863.48,2,0,0,0,1,7,331.1,70
9422281,234001,625,10,52649,1,1,1,0,1,28,151.93,19
7274032,234097,602,3,0,1,0,0,1,1,12,46.16,122
4955699,234159,672,10,0,2,0,1,0,0,23,25.73,1
7478792,234443,651,2,203.34,1,1,0,0,0,8,12.15,51
2369112,234475,476,0,100082.75,4,1,1,0,0,23,74.69,8
7289990,234568,497,2,8873.9,1,1,1,0,0,15,52.82,12
4767135,234618,760,5,33791.84,1,0,0,0,2,5,60.49,21
1472908,234628,658,4,37555.97,2,1,1,0,0,21,115.1,6
6346644,234913,542,3,48599.42,2,1,1,1,0,14,92.57,1
2662338,235047,757,3,35740.91,1,1,0,0,1,5,77.19,132
6625238,235193,643,1,10606.82,1,0,1,0,1,18,508.3,4
3450300,235215,758,4,26788.14,3,1,0,0,1,13,139.82,235
3308538,235300,584,6,57022.07,3,1,0,0,0,8,100.41,47
1642620,235461,546,10,0,1,1,0,1,0,2,194.46,51
5813037,235691,815,6,3606.64,2,1,0,1,4,8,6.11,23
8926478,236014,665,0,33290.73,2,1,1,0,2,29,32.25,3
3328554,236074,700,6,12643.96,1,1,0,1,1,4,8.42,30
8870361,236078,500,9,0,1,1,1,0,0,0,44.59,0
8526283,236217,569,4,70153.63,3,1,1,0,0,2,118.23,3
1088100,236306,544,0,34229.29,1,1,1,0,0,13,32.24,2
2329187,236384,834,1,0,1,0,0,0,0,7,188.23,50
1318832,236392,744,1,1730.63,1,1,1,0,0,20,21.01,0
5293691,236435,714,1,0,2,1,1,0,0,18,20.17,1
4618086,236659,736,2,37434.44,3,1,1,0,0,15,397.99,2
3508522,236708,665,10,30940.93,2,1,0,0,4,8,87.65,46
9854536,632360,549,5,42266.55,1,1,1,0,1,29,142.51,0
8101036,236878,386,5,71408.74,1,0,1,1,1,21,21.86,2
2865405,236937,691,3,44271.71,2,1,0,1,2,5,40.5,89
5833542,237002,775,0,715.43,1,1,1,1,0,11,37.01,4
4986941,237057,630,1,70984.74,3,1,1,0,0,19,47.07,8
6052478,237064,728,5,69291.14,2,0,0,0,2,7,154.84,9
3044276,237118,656,4,12900.43,4,1,1,0,0,24,291.33,0
1801102,237174,585,0,0,2,1,1,0,0,24,146.17,1
5000351,237235,571,4,0,2,1,1,0,0,18,147.76,2
8043503,237377,683,0,0,1,1,1,0,0,14,84.74,0
8669093,237414,676,0,0,1,1,1,1,0,33,92.8,2
2053729,237509,647,0,64581.1,2,0,0,0,4,11,49.58,47
2859886,237579,616,10,0,4,0,1,0,1,0,80.96,2
9385742,237654,748,0,63146.02,1,1,1,0,0,12,290.31,3
9993490,237795,750,10,0,2,1,1,1,0,2,114.46,0
1275739,237935,649,2,89.4,1,1,1,0,0,3,88.23,3
9646569,237962,609,4,43761.46,2,1,1,0,0,27,66.26,3
5059048,238173,749,1,50158.6,2,1,1,0,0,20,120.72,11
3408819,238197,659,0,30367.28,4,1,0,0,2,3,50.59,15
5886733,238205,530,0,0,2,1,1,1,1,0,99.41,3
8201433,238320,514,0,0,1,1,1,0,0,24,29.49,3
1026245,238353,585,3,27901.4,3,1,0,1,3,16,48.28,11
6919270,238394,766,0,23738.96,1,1,1,0,0,37,11.74,7
5035998,238579,632,6,41150.95,2,1,1,0,0,34,47.37,1
7988844,238595,632,4,15995.58,2,1,0,0,0,9,7.49,6
4142605,238610,781,7,109615.63,3,0,0,0,0,0,39.43,2
2436363,238635,670,6,50407.64,1,1,1,0,1,18,419.36,4
9782613,238739,606,1,33206.23,2,0,0,0,0,5,8.46,2
7049927,238741,698,3,36073.69,2,1,1,0,0,18,30.63,4
2135470,238890,628,0,58896.46,1,0,0,0,0,0,35.67,49
9825812,238943,687,3,34699.65,2,0,1,0,0,13,97.45,11
9511546,238948,539,3,1057.73,1,1,1,0,0,7,150.94,1
9516493,238976,723,1,42340.34,2,1,0,0,0,6,31.05,152
1341153,239116,764,3,0,2,1,1,0,2,13,98.47,2
7550726,239136,850,0,35449.06,2,1,0,1,0,2,155.04,39
8887557,239145,756,6,51670.55,2,1,0,0,0,6,59.78,88
1730386,239158,756,1,25583.22,1,1,1,0,1,18,115.08,7
7490791,239164,570,9,16453.19,1,1,0,1,1,0,311.4,129
7262974,239449,681,1,13828.96,2,0,0,1,1,7,99.69,143
5255545,239613,699,1,2598.43,2,1,0,1,0,1,80.05,4
1272499,239816,582,0,0,3,1,0,0,1,8,33.66,49
6991041,239849,636,7,20228.48,2,1,0,0,2,3,41.39,97
2133461,239850,587,3,69753.1,2,1,1,0,0,25,19.23,2
6784825,239890,812,0,0,2,1,0,0,2,4,71.08,11
5045421,239999,518,0,30747.52,2,1,1,1,1,32,22.46,4
2739191,240057,516,10,25067.45,1,1,0,0,3,4,370.26,33
6578736,240288,493,2,47947.75,1,1,1,0,2,8,96.57,5
3238241,240384,617,4,21811.54,3,1,0,1,0,5,34.87,59
1743829,240386,741,0,71162.13,3,1,1,0,2,26,65.69,0
6910597,240440,717,0,0,1,1,1,0,2,11,19.25,3
6679880,240454,632,7,0,1,0,0,0,1,11,27.9,107
3937508,240600,706,10,33684.84,2,0,0,1,0,6,40.63,41
8795078,240606,782,6,610.21,1,1,1,0,0,15,7.35,0
9028420,240718,711,6,133392.96,2,0,0,0,0,12,165.18,18
4058117,240800,616,6,84136.37,4,0,1,0,1,10,355.29,1
3262450,240814,581,10,23611.68,3,1,0,1,0,10,42.23,13
2058651,240829,695,1,57564.07,2,0,1,0,0,14,180.65,8
8678589,240913,477,3,34424.79,3,1,1,0,1,39,82.1,2
1620485,241003,469,2,18830.58,3,1,1,0,1,11,22.2,9
5923149,241081,716,1,38218.73,3,0,1,0,2,15,147.14,1
4382135,241176,693,3,10419.54,3,0,1,0,0,15,73.66,4
1734947,241268,776,0,145248.85,2,0,0,1,2,6,125.61,5
4346548,241276,653,2,31441.59,2,1,0,0,1,8,244.97,37
1703065,241403,543,5,73813.43,1,1,0,1,3,3,35.43,82
6294819,241422,472,0,53889.23,3,1,0,1,1,8,77.16,77
6202210,241647,635,2,4472.23,4,0,1,0,1,8,55.59,7
9646701,241678,475,3,0,2,1,0,0,2,2,19.12,38
7681090,241822,645,3,2020.74,1,1,0,0,1,5,42.09,5
8942330,241879,624,3,10034.51,3,1,1,0,0,28,75.92,6
5249899,242007,522,5,0,1,1,0,1,3,4,208.63,36
1614394,242071,719,3,29916.99,2,0,0,0,0,5,136.63,25
4206183,242175,747,3,46630.78,1,0,0,0,1,3,24.68,45
5800144,242239,724,7,0,1,1,1,1,1,18,9.07,2
6989032,242254,552,1,97752.95,1,1,0,0,1,1,63.57,19
1802018,242291,627,0,0,2,1,0,1,2,4,63.61,72
6568772,242321,548,5,13211.02,2,0,1,0,0,19,35.96,6
5583814,242348,693,0,0,2,1,0,1,1,9,152.71,8
3088344,242371,590,0,10851.96,2,1,1,0,1,22,52.57,17
7174337,242723,$647.00 ,5,5415366/100,3,0,1,0,2,13,103.38,2
8330827,242736,618,4,10838.42,1,1,0,1,2,11,100.52,62
7711251,242921,722,2,29728.61,2,1,1,0,1,13,70.05,7
8377556,243006,766,4,69838.85,1,1,0,1,1,6,57.37,114
7486822,243030,695,4,68040.77,3,0,0,0,0,5,163.93,16
6688090,243079,738,2,0,2,1,1,0,1,15,22.41,3
4134272,243132,726,10,8241.77,2,0,0,0,2,12,152.26,39
9324908,243139,564,1,22408.6,4,1,1,0,0,19,152.98,5
9347057,243167,642,10,47247.16,2,0,0,1,3,7,22.62,2
7163058,243260,633,7,22917.19,1,0,0,1,3,8,29.85,66
9712003,243423,547,1,39562,2,0,0,0,4,3,35.93,20
5474830,243693,505,7,131.05,1,0,1,0,0,23,36.5,3
2385991,243790,493,2,569.06,1,1,1,0,0,20,18.04,5
8121922,243826,653,8,100762.09,2,1,1,0,3,25,71.17,4
2324175,243876,506,2,33541.13,1,1,1,0,0,14,44.62,15
8224389,243885,682,1,39852.3,4,1,1,0,0,0,18.58,2
4027557,243901,802,0,9780.92,3,1,1,0,3,12,47.28,3
5928582,243902,662,1,48563.79,2,1,0,1,4,5,30.59,55
6389033,243928,589,10,38379.8,1,0,0,1,1,10,34.38,49
2721307,243941,722,0,557.83,2,0,1,1,0,26,107.82,1
2343333,244000,731,10,43637.03,2,1,1,0,0,20,13.45,0
6501583,244037,713,2,23443.87,2,0,0,0,0,11,54.92,14
5960015,244144,518,10,24448.59,1,1,1,0,1,18,168.34,23
6142147,244170,710,2,46300.03,3,1,0,1,4,0,40.11,30
8481225,244192,583,3,9453.15,1,1,1,0,0,0,221.83,10
8149041,244247,735,2,0,1,0,1,1,2,17,132.4,0
3795835,244283,633,1,2154.05,1,1,0,1,1,6,67.2,85
8447546,244383,670,2,24075.98,3,1,0,0,1,8,39.6,4
6897979,244564,512,7,31440.3,2,1,1,0,1,8,27.99,6
8501590,244775,649,3,35785.68,2,1,1,0,0,19,89.74,1
1710601,244789,629,8,17527.78,1,0,1,0,1,17,51.76,0
6914963,244818,668,6,1117.49,2,1,1,0,0,12,35.66,18
8297090,244892,682,10,78374.42,2,1,0,0,2,6,122.55,104
5606274,245051,564,2,29775.7,4,1,0,0,2,15,27.32,101
1962308,245095,616,5,34928.02,3,0,1,0,0,17,433.22,5
2258981,245117,604,0,16135.12,2,1,1,0,0,25,81.72,14
7815076,245121,687,2,54638.55,4,0,0,0,1,2,93.19,115
7095349,245129,564,2,201.6,2,1,0,0,1,1,180.97,74
9608154,245131,595,2,120612.8,2,1,1,0,4,12,68.73,1
3684131,245308,521,3,0,2,1,1,0,1,8,6.76,1
1522452,245357,499,3,0,1,1,0,0,1,11,63.4,0
3395441,245534,717,0,14280.52,2,1,1,0,0,16,109.59,0
8351320,245584,612,4,15858.73,2,1,0,0,1,3,496.88,46
1583829,245622,639,3,54.66,1,1,1,1,0,12,145.21,0
3117788,245664,594,0,0,1,1,1,0,0,7,328.8,1
2127988,245718,656,7,0,1,1,0,0,2,13,32.45,48
4959345,245824,684,0,33000.9,2,1,0,0,2,1,97.02,46
7145971,245939,553,3,43534.07,2,1,1,0,0,13,96.15,4
7075878,245998,473,0,33378,3,1,0,0,0,10,72.02,21
7423230,246316,574,7,33248.16,1,0,0,0,0,4,67,14
1543335,246413,688,1,109935.93,3,0,1,0,1,8,169.72,4
3574265,246566,648,4,44611.32,2,0,0,0,1,9,114.6,37
8548448,246570,586,10,137044.87,4,1,0,1,2,2,87.43,23
7223751,246583,672,6,18813.96,2,0,1,0,0,11,15.66,9
7241348,246622,451,10,34582.36,2,0,0,0,1,4,53.23,12
8448065,246726,686,0,45237.8,2,1,1,0,0,13,84.17,6
2289923,246740,691,2,38744.79,2,1,0,0,2,1,36.32,49
3310140,246748,747,1,108372,4,1,0,0,0,1,22.19,8
9882862,246757,726,1,0,2,1,1,0,2,2,51.58,0
7156398,246802,744,10,31211.91,2,1,1,0,0,22,37.19,2
7677903,246814,578,1,0,3,1,1,0,0,18,34.29,5
6274512,246942,842,4,28317.16,1,0,1,1,0,24,435.63,4
5675638,246991,524,7,0,2,1,0,1,1,7,38.74,2
5187788,247111,664,1,50852.16,1,0,1,1,0,30,84.63,5
2903351,247189,482,7,72764.48,1,1,1,0,1,24,51.61,4
1434753,247271,456,7,49962.7,1,1,0,0,1,7,89.47,71
4121368,247442,557,0,56774.18,2,1,0,0,1,8,81.04,17
9372568,247475,623,5,42761.84,2,0,0,0,0,11,80.75,8
9686324,247594,619,0,1206.07,1,0,1,0,0,0,52.59,1
7492570,247720,497,6,6761.28,2,0,1,0,0,13,11.89,11
2975701,248097,730,5,0,1,1,1,1,0,20,28.82,5
5391883,248213,736,4,37188.85,1,1,0,1,2,11,87.07,32
5366937,248225,469,1,0,1,0,1,0,0,19,43.87,11
8487220,248241,704,0,16953.63,2,1,1,0,2,20,86.02,0
4599894,248298,624,0,1402.11,1,1,0,1,3,8,45.41,36
5791184,248433,522,0,26162.44,1,1,0,0,1,6,28.58,3
9240971,248468,678,0,0,1,0,1,0,0,28,75.08,0
4358435,248533,769,5,41277.93,2,1,0,1,4,8,363.06,17
3057514,248557,690,2,13945.95,1,1,0,1,1,4,27.96,5
3277144,248766,780,0,62723.41,2,1,0,0,0,4,76.72,156
2242387,248989,850,2,23869.25,3,1,0,1,1,6,67.33,41
8584017,249005,536,3,35319.52,1,1,1,0,2,21,119.66,0
3896693,249077,645,1,63024.06,3,0,1,0,1,11,45.62,0
8467726,249145,567,0,0,3,1,1,1,0,19,76.58,3
2472884,249149,731,0,22482.67,1,0,1,0,0,16,71.77,1
6361793,249289,513,10,27658.77,3,0,1,0,1,27,225.49,1
6828829,249375,665,2,28644.7,1,0,1,0,0,21,25.46,2
2089496,249644,850,4,646.33,1,1,0,1,2,3,147.46,43
5871470,249715,542,10,12464.43,2,0,1,0,1,8,42.82,17
6032437,249792,653,1,76269.72,2,1,0,0,3,3,37,13
3642499,249811,380,2,19096.22,2,1,0,1,2,8,83.49,49
3920762,250038,675,10,0,1,1,0,0,0,14,176.08,13
7064832,250069,566,1,24960.03,1,1,1,1,0,21,109.54,0
9535505,250181,638,1,0,2,1,1,0,1,21,8.93,21
4762150,250210,610,0,67367.65,2,1,1,0,0,17,63.17,12
3036124,250219,800,3,168086.27,3,1,0,0,1,7,72.18,1
4371891,250255,668,2,55774.78,2,1,1,0,1,11,44.71,1
3329967,250551,645,3,8535.83,2,1,1,0,0,19,39.81,0
4971774,250647,557,2,15526.46,2,1,0,0,1,2,295.62,19
9288312,250703,617,7,500.39,1,1,1,0,0,14,77.75,3
1440972,250840,729,5,47883.49,1,1,1,1,0,32,69.08,23
7054838,250861,557,2,95985.9,2,1,1,0,0,17,29.05,0
7189302,250990,708,10,128.89,1,1,1,1,1,33,32.58,6
8841768,251074,674,10,36872.57,2,0,0,0,0,9,72.85,9
3177199,251157,634,4,0,2,1,0,1,2,8,39.86,2
2446455,251195,811,5,30177.96,2,0,1,0,0,19,79.49,1
2103070,251275,487,5,24930.69,3,0,1,0,1,10,65.36,6
6189037,251363,708,1,29907.28,2,1,1,1,1,23,77.7,0
7680015,251631,673,4,0,1,1,0,0,3,8,24.7,37
9030667,251668,724,0,34669.38,1,1,0,0,0,13,15.99,37
9819709,251716,629,9,46210.58,3,1,0,0,1,0,53.4,46
7891998,251884,724,1,43878.88,2,0,1,0,1,35,46.92,11
7869154,251981,677,10,60294.21,1,1,1,0,1,31,42.07,3
2237331,252117,593/850,0,0/100,2,1,1,1,1,31,144.17,21
3102634,252200,671,2,19757.45,2,1,1,0,1,9,35.83,0
6318841,252203,633,9,0,2,0,0,1,2,0,34.54,10
2244282,252386,737,1,0,3,0,0,0,1,7,30.72,23
8549319,252387,611,8,0,2,1,0,0,0,2,443.08,96
8815384,252436,454,2,20062.18,1,1,1,1,1,29,27.97,0
9679860,252591,625,5,0,1,1,0,1,2,8,56.33,23
6779998,252640,645,6,25086.64,1,1,1,0,0,18,12.88,2
3153097,252901,559,0,13353.09,2,1,1,0,0,20,49.61,17
4052834,252928,564,3,22625.03,2,1,1,0,0,30,108.11,3
3164813,253011,574,0,62906.7,2,1,0,0,1,1,51.11,30
8258130,253023,474,1,44.22,2,1,0,1,0,5,78.48,106
9436654,253143,624,5,21194.77,2,1,1,0,1,25,40.19,1
1929673,253184,712,0,391.98,1,0,0,1,0,1,41.77,19
3083077,253300,702,2,0,2,1,0,1,3,9,155.07,117
9692311,253347,571,0,8938.64,2,1,0,0,1,11,12.93,8
3567173,253541,724,9,34318.25,2,0,1,0,0,19,98.7,7
6102363,253557,577,6,61854.64,1,0,1,0,0,25,84.56,9
3762487,253591,545,0,34567.54,2,1,1,0,1,35,145.04,13
3717354,253852,714,1,57673.33,2,1,1,0,3,1,49.6,0
6413349,253999,649,0,55067.87,1,0,1,0,1,14,131.35,7
4782763,254506,642,1,341.11,2,0,1,0,1,10,87.86,3
6805303,254511,801,4,24833.47,4,0,1,0,1,6,69.57,0
9705660,254610,620,5,1310.68,4,1,1,0,0,6,15.63,3
5765539,254721,723,0,23913.79,1,1,0,1,4,1,25.59,175
2323049,254739,731,6,0,3,1,1,0,0,11,80.63,10
5204459,254850,654,10,0,3,1,0,1,1,5,61.05,23
4293399,254864,595,4,15644.83,1,1,0,0,0,0,245.16,7
5604524,254887,635,8,5234.07,1,1,0,1,1,7,127.25,3
3100009,254954,781,0,30923.8,3,1,1,0,0,22,787.45,0
6080553,255061,697,0,0,2,1,1,0,0,29,125.64,4
9950276,255141,515,5,0,3,0,0,0,3,0,21.04,76
2567468,255202,778,1,2224.35,1,1,1,0,2,27,20,4
9431778,255287,683,3,72320.94,2,1,1,0,0,25,28.48,7
3829240,255398,657,4,0,3,1,1,0,2,21,111.12,2
3586950,255457,686,10,25224.89,2,0,0,0,2,7,183.18,8
3872269,255528,606,1,0,4,1,1,0,1,12,123.92,7
6664316,255539,640,1,411.7,2,0,1,0,1,12,109.04,4
1691125,255813,703,3,9241.81,2,1,0,0,1,10,189.59,69
1476028,255851,829,1,13169.38,2,1,1,0,0,22,131.1,0
2362693,255852,830,2,0,3,1,1,0,1,28,16.98,20
1762722,255875,831,1,58163.69,1,1,1,0,0,38,103.51,7
5440189,256085,634,3,1200.73,2,0,1,0,0,27,66.47,1
4536777,256130,598,9,45232.25,3,1,1,0,2,21,237.55,18
7989166,256175,685,2,49143.89,1,1,0,1,1,8,22.37,17
1508113,256189,850,1,0,2,0,1,0,3,29,38.77,0
9355692,256206,618,2,0,1,1,0,1,1,7,33.8,2
5859883,256226,803,7,0,3,0,0,1,1,7,64.93,28
6068298,256294,751,7,43270.61,3,0,0,0,2,2,10.87,26
9102469,256389,529,4,8703.05,2,1,0,1,1,9,57.71,24
5108369,256445,613,2,36075.03,2,1,0,0,3,7,162.46,231
7813102,256464,597,3,78456.24,2,0,0,0,0,9,73.42,97
5990112,256465,573,0,58526.97,2,1,0,1,2,0,53.31,5
8609207,256466,541,2,199.8,2,0,1,0,0,17,36.18,5
2224284,256557,599,2,79917.8,3,0,0,1,2,7,99.42,173
2005173,256574,724,10,53464.86,3,1,1,0,0,19,8.89,3
3652149,256782,718,1,24019.72,3,1,1,0,0,24,163.21,1
8375356,256812,606,0,5299.82,2,1,1,0,2,10,13.91,9
7972975,256826,640,0,47674.39,2,0,0,1,4,0,68.42,14
9124385,256846,776,0,26664.92,2,1,1,0,0,10,150.97,0
8792046,256911,723,5,86548.24,1,1,1,1,1,24,126.83,2
4422938,257131,546,0,40302.39,1,1,1,1,1,9,50.02,9
6707484,257212,616,3,0,2,0,0,0,1,8,195.36,10
3410360,257375,560,2,74960.38,2,0,1,0,1,10,58.34,2
6244264,257380,793,4,1044.41,1,0,1,0,2,25,76.78,10
6357240,257538,585,5,32209.97,2,1,0,1,1,2,135.2,46
6794356,257677,676,4,62283.91,2,1,1,0,0,13,14.17,7
7689354,257808,802,3,9850.39,4,1,1,0,2,16,46.06,1
3193891,257880,628,2,44145.7,2,0,1,0,2,34,86.77,0
7216632,258003,496,3,0,1,1,1,0,1,10,153.84,2
9639932,258067,840,1,39184.03,1,1,0,0,1,1,23.19,130
2781470,258102,688,0,1933.52,2,1,1,0,0,21,275.37,19
6353876,258157,594,4,66168.06,2,1,1,0,1,19,56.95,1
5055688,258189,594,6,36139.54,1,0,0,1,0,2,32.34,29
8826111,258290,597,2,9430.02,2,0,0,1,4,9,36.3,6
3055576,258366,587,2,40599.96,2,0,0,0,0,1,223.74,50
5487430,258471,615,1,16985.01,1,1,0,0,3,8,28.62,73
8542969,258477,689,2,0,4,1,0,0,2,7,129.32,33
5159388,258727,615,2,83384.68,3,1,1,0,0,19,23.75,0
3363534,258787,794,2,27928.79,2,1,1,0,1,30,210.58,14
2624230,258971,756,0,0,2,1,1,0,0,25,61.95,1
1849015,259077,608,4,0,2,0,1,0,0,0,293.43,8
5868949,259097,710,1,47541.66,1,0,1,0,2,34,106.75,6
7444964,259338,709,1,16958.33,1,1,0,0,1,3,39.44,8
8015136,259493,654,0,38196.13,3,1,1,0,0,18,7.15,11
5165284,259540,744,1,0,2,1,1,0,0,17,317.58,9
3679315,259784,349,1,0,1,1,0,1,5,7,24.99,59
6493461,259797,570,6,32139.58,2,1,1,1,0,25,16.96,0
6246485,259814,744,0,109201.91,1,1,1,0,0,10,33.4,2
4184887,260053,541,5,65734.67,3,1,1,0,0,19,155.93,1
3673322,260097,648,4,48391.29,1,0,1,0,0,0,66.34,5
9359508,260169,649,4,0,1,0,0,0,2,2,21.46,27
9635649,260227,756,1,32350.9,2,1,1,1,1,18,6.31,17
8831858,260263,674,0,528.14,2,1,1,1,0,17,150.22,0
9367799,260265,697,0,36440.41,4,0,1,0,0,10,41.6,1
6176450,260295,671,8,0,2,0,1,0,1,22,258.15,3
9344488,260422,543,10,35819.67,2,0,1,0,1,16,46.23,4
1388833,260448,850,0,22993.25,1,0,0,1,1,6,73.9,22
2510773,260565,618,0,31531.47,1,0,1,0,1,20,13.47,4
7597509,260626,552,4,21957.77,1,0,1,0,1,3,18.43,5
9479950,260639,803,10,25731.43,3,1,1,0,0,22,148.61,7
8671057,260891,602,1,37715.75,1,1,1,1,0,2,356.14,1
5038756,261050,769,1,11.58,1,1,0,0,1,2,102.79,31
4609524,261169,638,3,45729.82,3,1,0,0,0,6,66.21,10
6920597,261223,581,5,47134.77,3,1,0,0,1,0,64.71,24
1816348,261395,745,6,0,2,1,0,0,1,6,122.4,96
1847927,261450,804,7,0,4,1,1,0,0,16,34.42,7
5720376,261562,658,0,0,1,1,1,1,1,18,325.24,0
9302946,261618,607,4,23865.55,4,1,1,0,2,0,103.81,8
8895137,261630,555,6,0,3,0,0,1,0,3,33.42,86
5794062,261638,622,4,0,3,1,0,1,2,11,51.87,1
1137194,261684,791,10,5924.46,2,1,1,0,1,10,86.35,1
2803501,261712,675,6,90111.22,2,1,1,0,2,22,340.29,2
8229768,261745,610,2,0,1,1,1,1,0,24,79.14,3
3247055,261760,588,2,52888.58,1,1,0,0,1,0,33.31,222
5437118,261771,684,1,45999.86,4,1,1,0,2,27,57.22,1
7136730,261859,612,0,0,1,1,0,0,4,14,77.71,19
7765480,262029,544,1,0,2,1,1,0,2,31,23.43,3
7139410,262060,791,3,27780.1,3,1,0,0,2,2,67.25,36
1759041,262230,596,3,2808.51,1,0,1,0,0,23,66.31,4
7720644,262246,802,0,56465.46,1,1,1,0,0,29,10.07,8
1858283,262297,698,1,42799.85,1,1,1,1,2,23,472.36,0
4265774,262316,478,10,30471,2,0,0,0,0,5,46.6,23
7082139,262325,607,2,0,1,1,0,1,2,3,116.79,18
5841933,262471,780,2,29744.85,3,1,0,0,0,7,61.08,60
2233658,262520,403,1,36540.73,2,1,0,1,3,3,29.47,2
7481857,262555,646,5,15000.11,2,1,1,0,0,13,128.76,11
9460003,262656,687,1,0,4,0,1,1,1,15,17.89,25
8555692,262816,590,4,12056.99,1,1,0,0,1,1,126.89,20
5692934,262924,631,2,1808.4,1,1,1,0,3,12,199.69,3
2993318,262934,563,1,125.32,1,0,1,0,1,9,47.9,11
3158613,262959,581,0,28245.5,1,0,0,1,0,2,30.13,207
2622046,262998,580,4,20979.4,3,1,0,0,1,10,244.75,10
7608607,263032,560,2,56982.45,2,1,0,0,2,1,57.37,30
7261229,263137,541,2,9083.97,3,1,1,0,1,22,29.24,1
6688907,263281,496,5,49189.62,2,0,0,0,0,7,7.49,28
7133857,263568,703,10,335.87,1,1,1,0,0,22,89.53,7
3420404,263573,751,5,0,1,1,0,0,1,7,180.99,69
4339637,263690,729,0,87963.63,4,1,0,1,1,7,97.39,16
9541658,263917,674,2,46816.47,1,1,0,0,0,11,31.28,12
7734157,264136,740,6,0,2,1,1,0,0,25,186.38,4
9389915,264404,738,1,20783.22,1,1,0,1,2,9,27,19
1675365,264550,796,3,52360.86,4,1,1,0,0,16,46.82,0
1760064,264631,850,3,14487.1,1,1,1,0,0,11,164.91,0
1652868,264686,730,2,22750.43,1,0,0,1,0,5,65.21,60
3299088,264735,642,3,4964,1,1,1,0,0,12,88.63,7
6587495,264951,700,8,0,1,1,1,0,0,20,22.56,5
8948107,265001,847,1,10548.41,2,0,1,0,0,9,121.15,22
9712957,265055,676,4,257.51,2,1,1,0,1,16,39.21,6
8666995,265056,700,1,0,1,1,0,1,1,0,58.64,18
3498809,265080,707,4,44138.24,3,0,1,0,1,10,467.37,1
9648751,265092,577,6,0,3,0,0,0,1,4,43.59,19
3345135,265146,676,2,611.52,3,0,0,0,2,9,53.49,2
6502353,265154,595,0,32915.99,2,1,1,0,0,18,72.32,2
6344047,265156,608,2,0,1,1,1,0,0,14,34.88,5
3726331,265271,653,5,43112.69,2,1,0,0,1,7,57.39,27
7592683,265358,646,3,47133,1,1,0,0,0,2,84.75,4
6020319,265409,673,1,78419.35,3,0,1,1,0,30,52.04,7
6643410,265416,652,1,41302.06,2,0,1,0,0,6,131.73,4
9511333,265613,574,2,46242.92,4,0,0,1,0,8,71.72,37
9551583,265649,524,3,3141.59,2,1,0,1,2,7,40.5,12
9931180,265657,822,5,764.26,1,1,1,1,0,29,49.33,6
9218263,265722,667,1,8029.35,1,1,1,0,0,10,77.77,13
6029651,265725,615,0,31711.9,4,1,1,0,0,19,37.51,5
8967375,265759,663,7,42884.54,3,1,0,1,2,6,54.41,73
1279121,265840,821,4,9248.66,4,1,1,0,0,16,44.02,19
7180018,265860,632,3,65599.21,1,1,0,1,3,7,50.72,34
6557278,266071,683,7,41201.05,3,1,0,0,2,7,23.55,8
2838859,266131,690,5,25689.97,1,1,1,0,0,0,30.66,1
7988386,266316,439,3,12941.89,2,1,1,0,0,28,235.64,0
6161977,266457,480,2,43455.07,2,1,1,0,2,22,30.53,0
1447065,734104,644,2,38295.06,1,0,0,0,0,12,334.65,2
8962302,266699,512,1,0,2,1,1,1,1,18,574.03,1
5454861,266744,803,2,51376.58,4,1,1,0,0,22,17.57,0
4817541,266889,799,2,32720.72,2,1,1,0,0,5,22.46,5
1861596,266931,831,2,21713.18,2,1,1,0,0,9,23.58,1
9060593,266956,703,4,13526.51,2,1,0,0,2,3,152.79,58
3860717,267082,589,2,45294.65,1,0,1,0,0,32,27.87,4
9795159,267112,758,5,30629.28,3,0,1,0,0,19,48.57,0
7378535,267138,674,1,36.7,2,1,1,0,1,22,46.6,3
3479264,267378,667,6,39914.82,4,1,1,0,1,19,50.99,0
5063384,267414,633,0,3937.1,3,1,0,1,1,0,41.05,56
1529665,267457,594,3,0,1,1,1,1,1,24,124.48,4
2843740,267475,596,8,0,2,1,0,1,1,8,62.34,35
4200829,267520,639,1,0,1,0,0,1,0,4,226.59,6
1317716,267666,596,6,0,2,1,0,1,2,4,196.08,39
8399399,267753,685,1,0,2,1,0,0,2,12,44.54,67
6262886,267758,661,9,0,2,1,1,0,0,11,46.25,17
8025967,267914,701,1,68163.42,4,1,1,0,0,20,128.67,9
3540594,268099,743,1,0,1,1,0,1,5,10,75.68,9
7928320,268132,646,7,58004.18,2,1,0,0,1,1,98.66,57
4420734,268163,606,0,2245.06,2,1,1,1,1,26,19.86,3
7884990,268546,758,2,0,2,1,0,1,2,5,53.4,20
9419134,268637,557,9,67549.96,1,0,1,0,0,14,143.85,1
8912226,268720,556,0,51769.7,2,1,1,0,2,22,32.07,3
2044906,268746,801,0,0,3,1,1,0,0,40,163.85,3
3316639,268752,662,1,37551.12,2,1,1,0,1,17,55.14,2
9702060,268772,627,0,44308.97,1,1,0,0,2,3,51.99,27
4478616,268956,637,7,11391.49,3,0,0,1,1,10,46.14,50
6453426,269078,577,0,235.54,1,0,1,0,1,17,77.62,0
9025733,269172,561,10,41378.04,2,1,1,0,1,18,106.51,4
9816043,269396,601,2,0,2,1,1,1,0,11,38.07,1
7322070,269430,635,6,33536.81,2,0,0,1,1,8,194.07,66
6263895,269654,682,10,17827.81,3,1,1,0,0,25,157.18,4
3905518,269662,776,0,0,2,0,0,1,2,7,12.73,25
8711874,269833,711,0,0,2,1,1,0,0,13,69.18,3
9944387,269834,558,2,29157.69,1,0,0,1,3,6,123.2,132
6743294,269868,498,1,0,1,1,1,0,0,16,81.84,2
6943949,269930,504,5,1635.85,1,1,0,0,2,1,69.98,1
5435261,269999,732,2,37372.55,2,1,1,0,0,33,45.21,2
9123194,270128,594,0,55874.11,1,0,1,1,0,12,296.88,11
4225657,270341,751,10,56293.1,2,0,0,0,1,8,13.81,19
5135904,270387,511,2,42718.98,2,1,0,1,1,0,184.78,22
5680950,270395,650,3,35547.07,2,0,1,0,1,21,50.23,1
6007984,270555,678,0,48740.8,2,1,0,1,0,7,53.76,92
4772642,270557,738,1,43557.7,1,1,1,0,0,13,708.13,6
5993143,270820,580,3,55246.99,4,0,1,0,2,15,58.66,2
5848684,271200,651,4,81994.8,2,1,0,0,0,4,278.28,42
4477544,271276,675,0,4473.15,2,1,1,0,0,14,80.85,0
9204110,271339,682,10,0,1,1,0,1,0,0,80.24,27
6319061,271456,732,5,52112.8,2,1,1,0,0,3,103.42,3
9049765,271720,681,3,10048.89,2,0,1,0,2,25,74.32,17
6851946,271742,684,0,25372,3,0,1,0,0,17,11.79,2
5587856,271790,715,0,10944.07,3,1,1,0,0,35,34.97,1
5828304,271960,659,2,12331.58,2,1,0,0,2,8,134.95,20
3044708,272088,667,9,74836.71,3,1,1,0,0,10,76.16,16
7370211,272129,590,1,28088.03,1,1,0,1,3,6,38.56,87
7619156,272337,657,6,27366.79,1,1,1,0,1,33,87.49,5
6790398,272359,699,6,31577.54,2,0,1,0,3,15,67.94,0
3457461,272529,558,4,189435.29,3,0,1,0,0,25,57.3,3
5872986,272537,793,1,17800.28,2,0,0,1,3,8,40.77,18
1705758,272634,524,10,36537.64,2,1,1,0,1,30,158.04,2
5825636,272655,630,0,0,2,1,1,0,1,19,142.58,0
2325893,272769,662,0,126957.62,1,1,1,0,0,19,41.87,6
6811015,272892,436,1,29676.23,3,1,1,0,0,5,36.42,0
8421839,273012,647,3,26079.72,1,1,1,1,0,20,238.02,9
5302415,273021,828,7,80630.56,3,1,1,0,1,19,108.23,2
9037616,273061,798,0,1015.46,2,1,0,0,1,1,31.38,1
4590102,273148,531,8,89139.03,3,1,1,0,0,16,108.5,5
4390138,273438,574,3,148365.18,4,1,0,0,0,2,319.81,0
5548852,273565,600,6,0,2,0,1,0,0,12,10.27,5
5557052,273580,532,0,61460.56,1,1,0,0,0,11,127.95,15
3303058,273650,648,10,68839.87,2,1,1,0,2,13,36.88,0
2832517,273899,707,2,25621.77,2,1,0,1,3,2,56.37,11
5014486,273982,$451.00 ,1,0.21%,2,1,0,0,1,6,106.91,64
5067770,274031,600,2,5458.84,2,1,0,0,1,2,90.49,14
1851702,274044,469,4,9320.65,2,1,0,0,1,17,103.79,15
9909397,274389,629,0,43261.23,2,0,1,0,0,10,130.95,4
4786141,274418,590,6,10327.12,1,1,1,0,1,16,83.73,6
4906349,274421,552,8,66298.88,3,0,1,0,1,15,53.58,1
1880654,274446,652,0,6846.5,1,1,1,0,1,17,36.58,0
2681042,274573,715,10,533.05,1,1,1,0,2,14,195.88,9
7934046,274739,559,4,0,1,1,1,0,2,12,11.8,1
6541407,274880,833,1,18919.63,3,1,1,0,1,25,94.54,4
8925622,274912,772,3,35662.3,2,0,0,1,2,7,11.03,42
2686863,274971,822,7,0,1,1,1,0,1,30,22.82,2
3306314,274987,668,0,72248.44,2,0,1,0,0,26,53.19,2
1086930,275018,612,3,0,1,1,1,1,1,27,16.95,2
3649811,275073,609,2,10100.82,1,0,0,1,2,9,18.12,143
7826774,275133,709,4,15810.14,1,1,1,0,1,5,92.25,0
8980915,275284,602,5,21325.61,2,1,1,0,0,8,264.28,7
9010256,275329,657,7,2098.94,1,1,1,1,0,14,137.95,0
4346315,275377,635,0,0,3,1,1,1,0,23,43.98,0
5819172,275409,633,0,49901.41,2,1,0,0,3,0,126.3,54
6388299,275445,768,1,0,1,0,1,1,1,24,74.15,1
5788474,275490,608,7,0,1,0,1,0,0,8,110.53,4
1992583,275526,628,3,919.19,1,1,1,0,0,29,165.9,5
2500901,275645,675,0,35034.84,2,1,0,1,0,5,78.01,23
4896008,275715,754,3,9167.81,2,0,0,1,1,0,67.95,23
9978365,275741,580,3,2734.88,1,0,0,0,1,8,91.06,41
1625760,275868,596,2,1940.64,2,1,1,0,1,15,81.99,1
3937099,275939,787,1,0,2,1,1,0,1,11,144.86,1
8010946,276042,648,1,0,1,1,1,1,1,17,8.08,1
3949245,276149,683,2,0,2,0,1,0,0,14,212.92,20
1609681,276214,631,2,821.9,1,1,1,0,0,15,63.13,3
7660463,276299,638,8,30049.48,2,1,1,0,0,12,50.63,8
9311162,276379,698,2,12084.38,2,0,1,0,0,0,111.88,1
4125790,276405,657,10,40523.15,2,0,0,0,1,13,29.5,12
5856449,276556,604,7,39890.48,2,0,0,1,2,5,139.61,1
1628578,276795,663,1,0,1,0,1,0,0,29,35.52,0
1155477,276827,613,8,4501.05,1,1,0,0,1,3,38.61,198
6006190,276831,669,1,27546.5,2,1,1,0,0,29,171.51,0
2800206,277193,743,0,35581.87,3,0,0,0,2,8,72.49,7
6621073,277292,717,1,169.04,2,1,0,0,2,0,23.12,9
5774152,277477,673,4,20850.47,2,1,1,0,0,27,47.67,8
8622712,277487,685,2,82375.05,2,1,0,1,2,8,40.83,65
9796605,277715,622,4,0,4,0,1,0,2,20,21.95,9
9286475,277735,789,0,10761.26,2,1,0,1,2,8,456.8,9
3251501,277820,744,1,509.74,1,1,0,1,1,4,273.39,49
9459284,277934,608,3,0,3,0,1,0,0,18,61.23,3
8852085,278190,600,2,612.51,1,1,1,0,0,29,48.75,0
5577446,278240,693,3,16646.94,4,0,1,0,3,12,197.32,3
4234838,278243,787,5,16246.24,2,1,0,0,1,6,81.59,13
2889899,278368,800,0,32759.84,3,1,1,0,0,14,30.69,2
6547958,278593,681,6,27990.46,1,1,0,1,0,12,81.02,30
3726201,278794,725,1,82.09,1,0,0,0,1,5,28.28,37
8699307,278795,637,1,66829.38,2,1,0,0,1,8,89.02,53
5316188,278852,623,3,16972.96,1,0,0,1,4,1,13.22,2
4123902,278895,586,10,58806.73,2,1,0,1,1,6,74.08,110
1236293,278980,705,2,0,4,1,1,0,0,14,26.42,8
6655803,279098,627,10,12480.46,2,1,1,0,0,17,18.19,2
5949685,279130,610,0,24958.25,3,0,1,1,1,12,147.47,3
4240708,279185,685,3,4947.06,1,0,0,0,0,4,14.97,18
3944316,279451,728,8,8564.23,2,1,0,0,0,6,26.28,14
7802999,279516,614,4,0,2,1,1,0,1,14,67.88,2
8175669,279517,676,1,15459.03,2,1,1,0,3,1,147.41,4
9644974,279594,684,1,43765.98,2,0,1,0,1,20,110.38,0
6501696,279708,666,1,31017.05,4,1,1,0,0,30,58.9,1
2455218,280222,729,2,349.88,1,0,0,1,1,4,142.02,104
7724865,280564,788,0,0,1,0,1,0,0,25,20.12,2
2600296,280616,773,0,31378.87,2,1,0,0,1,3,66.87,41
4100114,280908,791,0,63300.43,2,0,1,0,1,16,46.74,0
3359075,280941,472,10,11095.7,1,0,0,1,1,4,67.04,31
9010350,281043,774,2,53652.05,2,0,1,0,0,2,31.62,0
6429135,281162,604,4,79250.66,2,0,1,0,1,14,255.87,0
5161539,281201,567,3,48644.61,1,1,1,0,1,20,105.38,0
1114590,281276,742,3,24883.5,1,1,1,0,0,19,33.96,4
5375250,281301,610,4,0,2,1,0,1,0,3,173.3,17
7435310,281493,459,4,16153,2,1,0,1,0,11,88.28,41
4951390,281594,753,10,32821.2,4,1,0,0,1,4,129.22,37
8494978,281614,566,6,16969.56,2,1,1,0,0,17,74.06,1
5479421,281649,465,5,0,4,1,1,0,1,20,14.04,0
6530194,281833,587,0,0,2,1,1,0,0,13,57.83,3
6065810,281873,501,9,323.06,1,0,1,0,1,13,189.75,4
1191859,281926,776,0,69623.03,2,1,1,0,1,13,48.88,0
5388133,282085,539,0,0,1,1,1,0,1,18,151.07,0
7032283,282150,477,1,16914.74,3,1,0,0,1,6,16.36,21
4964499,282176,639,2,35704.98,1,1,1,0,0,20,36.43,0
2042273,282237,774,1,0,2,1,0,1,0,5,49.88,16
2983483,282256,397,5,30555.69,4,1,0,1,2,1,39.85,8
8808032,282294,623,5,0,4,1,0,0,0,7,281.03,15
6147356,282313,569,2,0,2,1,0,0,1,10,121.04,25
3679603,282480,641,2,623.54,2,1,1,1,1,0,46.4,39
7801762,282547,641,0,18900.46,1,1,1,1,1,11,31.26,4
9430894,282664,769,1,0,1,0,0,0,3,4,282.78,95
6217344,282710,625,4,2542.77,3,1,0,1,0,3,61.27,8
2969909,282927,719,0,151534.92,2,0,1,0,0,7,32.68,1
5949909,282973,504,8,0,3,1,0,1,3,11,52.92,36
7166363,283017,557,4,0,2,1,0,1,3,6,54.11,113
4705235,283027,585,2,55689.93,1,1,0,1,1,6,71.32,13
4676367,283095,571,5,0,2,1,1,0,0,18,59.17,4
3240912,283188,665,9,131.41,1,0,1,1,2,16,32.61,13
9022561,283291,551,5,36883.98,2,1,1,0,3,19,49.98,0
3570027,283514,665,1,1620.66,2,0,1,0,0,14,362.51,10
8633275,283537,772,6,23736.92,2,1,1,0,0,20,93.33,1
7268384,283568,703,5,65022.03,1,0,0,1,2,4,117.77,52
7976731,283573,407,10,22011.11,2,1,1,1,3,9,84.27,1
8899184,283594,720,0,195545.74,1,1,1,0,0,27,99.15,8
4664338,283640,700,0,413.78,1,1,1,1,0,14,92.19,5
5151780,283700,668,2,5534.19,3,1,1,0,0,23,41.72,8
2373555,283781,566,4,37993.24,4,1,0,0,3,5,300.21,21
9816538,283785,738,4,26614.66,2,0,0,0,0,4,73.25,60
8495187,283869,628,3,0,2,1,1,0,0,7,232.94,4
9861274,283919,505,0,19780.7,2,0,0,0,1,3,12.21,44
7069742,284019,664,2,0,2,0,1,0,0,16,117.4,14
2310346,284084,602,6,11949.66,2,1,1,0,2,36,12.6,8
2882551,284160,759,10,0,2,1,0,0,2,11,52.76,163
2036128,284171,602,2,22058.79,2,1,0,1,2,8,131.86,18
9480665,284178,842,8,0,1,0,0,1,2,9,102.26,42
4391627,284229,674,3,2471.78,3,1,1,0,1,9,77.74,1
3514105,284308,690,1,49662.89,1,1,0,1,1,11,101.95,70
3760475,284327,649,8,2527.34,1,1,0,1,2,6,38.45,11
6504900,284430,563,2,49463.61,3,0,1,0,0,30,19.63,7
9729882,284431,618,2,43687.61,1,0,1,0,0,23,45.07,3
8412854,284654,587,4,188.4,1,1,1,0,0,4,190.7,4
2950183,284692,695,4,63.74,1,1,0,0,0,7,198.02,2
4446065,284731,803,3,53422.04,2,1,0,0,0,5,69.04,40
9201172,284888,716,3,0,2,1,1,0,1,19,37.42,1
2525747,285186,586,1,39578.29,2,1,1,0,0,26,50.96,10
9562677,285197,666,3,45243.2,2,1,0,0,3,14,28.8,28
8473959,285413,622,0,6388.55,1,1,1,1,0,13,71.13,0
1933413,285636,731,6,53076.85,1,0,0,1,1,5,93.56,3
8607331,285652,522,1,34666.36,3,1,1,0,0,9,78.98,2
3213658,285679,591,10,23305.18,2,1,0,1,3,7,141.15,0
9610869,285751,641,4,26998.81,1,1,1,0,0,23,97.61,5
7969667,285810,778,1,52360.83,1,0,1,0,0,17,52.6,3
8663806,286037,669,4,30788.09,1,1,1,0,2,30,40.85,1
1968662,286040,678,0,84827.66,1,1,1,0,0,9,28.67,3
8757420,286044,758,5,67839.51,1,1,1,0,1,16,40.05,0
6170227,286080,535,2,417.35,1,1,0,1,1,10,16.19,26
1365247,286209,802,6,17865.63,2,0,0,0,1,0,414.83,136
7642917,286266,616,2,46.45,1,1,0,0,1,8,105.78,79
5269083,286340,603,2,35499.2,2,1,1,0,0,17,55.87,1
1050591,286450,722,3,76197.28,2,1,1,0,4,18,24.01,2
4655777,286572,582,2,44469.57,2,1,1,0,1,27,86.74,1
2225232,286638,759,2,48706.88,1,1,1,0,0,1,97.21,5
1759836,286710,663,3,69933.77,1,0,1,0,0,19,236.35,10
8108462,286906,556,1,45537.92,4,1,1,0,0,13,10.66,3
6780235,287110,721,10,52599.73,1,0,1,0,2,3,88.58,12
2069713,287143,639,1,40144.56,1,1,0,0,1,5,331.92,20
2010921,287155,662,2,83128.62,1,1,1,0,0,30,116.6,0
2157949,287241,612,6,34581.62,2,1,1,0,1,15,556.94,0
8920040,287316,602,6,23210.31,4,0,1,0,0,14,31.92,2
1532422,287330,705,2,39337.79,2,0,1,0,0,9,38.39,11
5816582,287401,490,2,50192.55,1,1,1,1,0,20,22.89,7
7859648,287497,555,10,87982.86,3,1,0,1,3,4,78.34,84
4019585,287555,659,6,10237.5,4,1,0,0,4,7,32.26,123
3272119,287567,646,10,33160.54,1,1,1,1,0,22,49.56,6
8052503,287588,650,6,0,1,1,0,0,3,7,35.44,1
7282411,287654,643,3,26747.39,3,1,1,0,0,7,38.99,3
7416943,287677,680,4,960.44,2,0,1,0,1,19,42.01,2
8525204,287847,807,10,59915.62,1,1,0,0,1,9,177.1,18
7333337,287974,692,2,50156.52,1,1,0,1,2,4,16.94,82
7302286,288056,510,0,24394.14,2,1,1,0,1,21,142.7,4
2346371,288066,723,0,0,2,1,1,0,0,18,259.83,2
3231198,288073,690,2,9021.34,2,1,1,0,0,18,161.73,0
6834610,288128,612,1,31692.65,3,1,1,0,2,5,306.75,11
2990334,288158,638,1,57114.43,1,1,1,1,0,26,154.47,1
3994290,288503,624,5,30598.74,2,0,0,1,2,7,19.55,0
7594429,288531,797,0,44122.52,1,0,0,1,3,8,75.39,37
9872505,288550,743,1,96777.92,2,0,1,0,0,19,7.29,0
3136529,288627,664,1,11413.54,3,0,1,0,0,8,14.58,10
4736121,288646,704,0,15160.21,4,1,1,0,0,8,37.98,4
1058272,288656,688,8,0,2,1,1,0,0,5,42.82,1
1381435,288667,717,3,0,2,1,0,0,1,3,87.39,52
6005700,288724,750,4,29.64,1,1,1,1,0,19,14.46,4
8767916,288744,630,2,29.18,1,1,1,0,0,14,68.25,10
8115687,288783,701,10,73664.48,3,1,1,0,2,9,161.95,6
9924365,288803,578,7,29410.05,4,1,0,1,0,9,26.5,97
7363203,289019,570,4,39429.06,2,1,1,0,1,4,38.98,2
4853123,289117,766,0,148107.91,2,1,0,0,2,3,44.99,5
5152562,289159,689,2,42371.91,3,1,0,1,1,3,49.31,19
8728009,289179,647,5,13480.47,2,0,1,0,1,16,40.18,1
6807596,289222,711,1,0,1,0,1,0,0,29,30.58,1
3602504,289473,734,5,39621.74,2,1,0,0,0,0,22.43,21
5624635,289592,615,2,2105.46,1,0,1,1,0,11,23.9,6
4162177,289630,761,1,11684.96,3,1,0,1,3,4,108.28,26
2893218,289934,702,3,7684.86,1,1,1,1,0,26,13.35,0
1540516,290065,698,2,130491.86,1,0,0,1,0,3,24.21,12
8033690,290167,615,6,0,2,1,1,0,0,25,78.61,8
1262492,290217,627,7,56632.98,2,1,1,0,0,18,500.33,2
5037710,290305,544,5,13607.15,2,1,0,1,0,6,38.82,28
4457475,290425,627,2,3918.69,3,1,0,1,2,4,78.42,52
2128954,290556,658,5,0,2,1,1,0,0,20,38.21,8
2692765,290672,738,7,16400.75,2,0,0,0,1,7,28.59,13
1563316,290719,648,5,19376.74,3,1,1,0,1,19,46.76,5
8490038,290802,760,0,35985.66,3,1,0,0,0,10,53.15,94
1816653,290926,685,0,42562.67,1,1,0,0,3,7,31.61,0
5105957,291132,580,4,36141.94,2,1,1,0,2,35,27.22,0
1742169,291267,693,3,39309.31,2,0,0,1,1,0,89.35,184
7748892,291663,748,10,0,2,0,1,0,2,18,46.55,1
8364573,291752,649,4,8084.36,2,0,0,0,1,0,28.12,40
4931560,291755,740,5,20046.71,1,1,1,0,2,14,367.57,8
4645172,291936,692,4,63520.42,2,0,0,0,2,0,21.64,106
1946973,291961,486,0,141150.74,2,1,1,0,0,18,32.17,0
3351084,292259,792,2,45154.19,1,1,1,1,0,14,66.5,2
9453969,292401,850,0,12065.23,2,0,1,1,0,25,25.59,0
5853035,292800,647,0,17596.85,2,1,1,0,1,23,134,12
4928578,292811,605,9,5180.84,4,1,0,0,1,2,78.11,33
6350316,292818,634,6,0,1,1,0,0,2,3,145.11,1
6379867,292847,606,1,147390.29,2,1,1,0,1,26,43.38,5
4974590,292913,692,8,32795.08,1,1,1,0,1,25,59.45,2
6062767,292930,646,6,10883.8,2,1,1,0,1,8,277.43,4
3403511,292988,711,0,27351.48,2,1,1,0,1,11,38.81,0
9745141,293079,721,2,38584.15,2,1,1,0,1,5,27.26,0
4708481,293213,513,6,0,1,0,1,1,1,23,43.01,15
7938388,293319,649,2,23516.67,1,1,0,1,1,3,23.7,61
6041569,293411,692,0,47961.54,1,1,0,0,0,0,90.32,10
5616316,293720,751,0,0,2,0,1,0,0,23,18.57,0
2022699,293743,609,4,130931.87,4,1,0,0,2,2,349.5,74
3938247,293757,739,3,42130.75,3,0,1,0,0,17,50.76,29
8167236,293818,538,3,215.65,1,0,0,1,1,4,108.94,5
9315137,293862,665,0,2636.88,1,1,0,1,2,9,87.54,10
1786584,293929,649,6,3017.02,1,0,1,1,0,21,74.57,9
6778321,294143,611,0,44145.97,3,0,0,1,0,1,146.61,93
7394713,294546,624,2,0,1,1,1,0,0,15,83.1,0
9799030,294760,480,3,31893.1,2,1,1,0,0,15,67.28,7
6347476,294776,597,1,93318.25,3,0,1,0,0,17,382.14,0
7984768,294816,505,1,9907.04,2,1,1,0,0,10,36.22,3
7849452,294851,608,6,34266.46,2,1,0,0,1,4,103.33,30
3503456,294969,624,10,21493.94,2,0,0,1,1,3,11.01,7
6031294,295085,631,8,0,2,1,0,0,2,3,134.78,8
7315953,295243,583,3,33612.71,2,0,1,0,0,13,22.81,3
4084977,295361,676,6,48053.2,1,1,1,0,1,4,36.53,0
8944327,295440,763,7,3485.32,1,0,1,0,1,30,308.25,2
5042775,295472,789,4,0,2,1,1,0,0,18,107.65,0
4780654,295646,571,7,19704.66,3,1,0,1,0,6,708.59,47
6045519,295692,503,0,0,3,1,0,1,1,13,77.34,30
3421820,295892,695,0,0,1,0,0,0,4,0,188.88,2
8768273,295984,615,1,67802.56,2,1,1,0,1,8,33.3,15
1966769,296041,532,4,57361.02,1,1,0,0,0,3,53.18,3
7923579,296059,651,0,24925.79,2,0,0,1,1,2,123.84,71
7987842,296187,551,2,48470.61,1,0,0,1,2,4,9.93,41
9891787,296242,754,3,0,1,0,1,0,1,11,8.06,4
3249703,296243,687,4,36286.45,2,1,0,0,4,7,23.71,8
7516590,296412,639,0,0,1,1,1,0,0,14,47.71,17
5074489,296481,808,4,0,2,1,0,1,2,9,33.53,21
5278117,296494,530,3,0,2,0,1,0,0,29,37.08,1
4411424,296653,676,0,0,1,0,1,0,0,16,51.03,0
6540893,296694,641,10,370.91,1,0,0,0,1,14,79.56,60
2326581,296911,709,0,0,1,1,0,1,1,6,67.53,33
8546170,297062,648,2,70656.73,2,0,1,0,0,20,175.93,7
7225647,297064,691,3,21041.92,2,1,1,0,0,15,46.29,0
2551288,297132,573,4,41590.02,2,1,1,0,0,10,85.41,2
9986473,297303,777,2,56859.78,1,1,1,1,0,13,24.71,5
4195751,297370,843,1,16949.56,3,1,0,0,2,6,43.61,80
1864641,297377,747,0,22121.34,3,1,0,1,2,3,229.72,12
5504038,297383,628,0,35969.17,1,1,1,0,1,29,61.6,2
7327828,297503,735,9,57854.97,2,1,0,0,0,0,104.5,19
1663497,297509,735,7,373.17,2,1,1,0,0,20,60.19,4
2221118,297579,845,4,69770.39,3,1,0,0,1,9,86.14,4
4156856,297636,689,2,62245.19,4,0,1,0,0,4,124.6,1
4640933,297731,650,2,35477.34,1,1,0,1,1,13,25.57,43
9042900,297810,540,6,45827.28,2,0,0,0,1,5,77.66,198
4504577,297816,669,0,0,3,1,1,1,1,11,219.51,5
6586214,298202,588,10,87495.63,2,1,1,0,0,9,30.34,2
6086650,298663,719,0,43579.46,1,0,0,0,1,4,102.12,33
1257256,298667,442,3,27237.64,1,1,0,0,0,6,76.57,14
4553544,298994,699,1,45413.18,3,1,1,0,1,18,72.54,2
4188068,299028,575,1,71252.02,4,0,0,1,0,6,124.64,38
2968239,299055,691,6,20587.9,2,1,1,0,0,7,39.34,4
9034958,299072,732,10,0,1,1,1,0,1,17,38.63,2
5070038,299092,595,5,23364.37,2,1,1,0,2,24,103.37,1
4431161,299122,524,2,51419.79,2,1,0,1,1,9,369.81,103
7654381,299140,625,5,4431.42,2,1,0,1,1,4,41.1,13
5015307,299212,545,7,116558.41,3,1,1,0,0,23,23.06,4
6395804,299254,534,2,50575.57,2,1,0,0,1,1,54.59,15
5748945,299312,785,2,33785.69,3,1,1,0,1,10,84.64,6
7386444,299367,850,4,140545.56,2,1,1,0,2,0,53.68,10
8822384,299405,625,5,0,2,1,1,0,1,8,111.56,5
9953163,299448,643,2,31372.17,2,1,1,0,1,2,46.68,2
7027375,299451,618,2,51197.9,1,0,0,1,2,11,81.27,55
6174467,299659,790,1,22230.98,2,0,1,0,1,8,121.95,0
5388275,299734,620,4,14675.1,2,1,1,0,1,30,138.7,3
7033835,299742,784,0,36736.17,1,0,1,0,1,23,53.78,4
9603633,299834,668,1,29154.52,4,0,1,0,1,19,35.6,4
9342928,299836,731,0,41839.82,4,1,0,0,0,8,103.37,4
8818250,299869,683,4,12788.29,1,1,0,1,1,5,38.28,8
2654371,300051,675,2,864.48,1,0,1,0,1,34,32.89,1
8876742,300281,850,0,37001.96,1,0,1,0,1,13,94.15,2
6372622,300337,797,0,0,2,1,1,0,1,14,20.56,3
4407913,300386,755,2,14666.48,1,1,0,1,0,1,167.35,83
7219396,300845,601,3,39138.13,1,1,1,0,0,16,23.67,1
6249960,300896,428,1,0,1,1,1,1,1,11,50.13,2
7944595,300924,453,7,8557.63,1,1,0,1,1,4,126.97,7
1766977,301158,527,2,1223.07,2,1,1,0,1,18,236.63,2
4712363,301224,631,3,0,1,0,0,1,0,2,146.29,5
3448176,301255,693,0,0,1,0,0,1,0,5,98.74,69
1272124,301332,605,4,43797.08,4,1,1,0,0,35,90.83,10
5375063,301528,490,2,0,1,1,0,0,4,4,31.1,3
8005797,301603,590,4,51625.5,2,1,1,0,1,10,52.21,0
5952504,301629,687,0,0,1,0,0,0,2,9,92.92,20
3557039,301863,776,1,24388.22,1,1,0,1,1,10,116.27,8
4291551,301898,619,3,276.89,1,0,0,1,4,5,54.95,45
6534221,301939,582,0,0,1,1,0,1,2,5,440.83,125
4859072,302087,544,2,0,2,1,0,0,1,8,257.89,3
7372653,302127,728,1,0,1,1,1,0,0,10,128.04,6
5122665,302177,734,2,27425.82,2,0,1,1,0,29,33.11,5
9376888,302338,761,1,62101.73,1,1,0,0,0,10,96.83,17
6663388,302458,828,0,141903.62,4,0,1,0,0,21,51.15,1
5317226,302472,639,1,0,2,0,1,0,1,35,74.05,4
9197701,302500,530,0,369.51,1,0,1,0,1,4,207.76,1
9230828,302511,666,2,14648.9,2,0,1,0,0,29,42.87,9
8731427,302544,574,9,0,1,0,0,1,0,7,37.14,36
3822492,302647,745,5,39434.13,2,1,0,1,0,1,207.89,13
6908535,302897,589,10,30359.35,1,0,0,1,1,7,84.97,12
3839807,302957,660,1,6388.26,2,0,1,0,1,12,52.38,2
3348114,303129,678,10,67371.88,1,1,0,1,1,0,19.07,3
9192588,303322,417,0,0,4,1,1,0,0,18,62.34,2
4087809,303440,660,3,23480.55,2,0,1,0,0,27,21.25,11
1985360,303547,509,3,13232.42,1,0,1,0,0,15,79.8,0
9790328,303586,492,1,126579.95,3,1,1,0,1,32,16.78,1
1567468,303765,546,3,4234.44,2,0,1,0,0,29,60.34,0
2247057,303880,779,0,52306,1,1,0,1,1,7,93.01,51
1813936,303974,564,1,33303.44,2,0,0,1,3,0,102.64,34
1107102,303993,558,2,14624.88,1,1,1,0,0,14,90.08,3
7918793,304110,801,1,54254.68,4,1,1,0,0,17,264.12,3
3306725,304206,717,3,33589.38,2,1,1,0,1,21,65.1,4
4882808,304394,769,1,7931.12,2,1,0,0,2,13,149.58,17
2140312,304607,566,0,0,2,0,1,1,0,10,83.92,19
3533857,304915,633,5,128230.29,2,1,0,0,3,8,18.49,5
1153368,305047,629,10,10101.78,2,1,1,0,2,17,34.07,24
4669507,305171,496,0,0,2,1,0,0,2,1,39.52,12
9484790,305438,598,0,2415.42,3,1,1,0,1,19,296.77,3
8650572,305587,733,1,1523.32,2,1,1,0,0,10,339.85,2
7261268,305625,770/850,1,2026727/100,3,1,1,0,1,22,68.39,1
2014184,305721,579,3,52327.76,1,1,0,1,1,4,58.79,40
9106820,305837,597,2,25971.13,1,1,1,1,0,11,87.21,6
9184838,305973,688,1,31427.08,4,1,0,1,2,0,41.32,16
1263935,306012,653,7,38073.59,3,0,0,1,2,6,55.7,96
1110936,306606,657,9,58411.26,2,0,1,1,1,27,83.54,2
9929043,306647,529,7,64987.69,2,1,1,0,2,12,97.31,9
7901115,306854,662,8,56201.32,1,0,1,1,0,37,82.1,7
1198826,306909,664,1,337.73,1,1,1,0,0,18,417.33,3
1280618,307007,739,4,117029.71,3,1,1,0,0,21,45.05,1
9882154,307356,718,5,11517.82,1,1,1,0,1,11,92.27,4
5609384,307428,739,0,0,1,0,0,0,3,6,279.64,9
9988193,307731,658,0,0,1,1,1,1,1,18,52.35,7
5809835,307757,735,6,26643.79,3,0,1,0,1,15,66.83,1
1287605,307772,610,7,20584.62,1,1,1,0,0,8,27.73,2
9425786,307963,529,8,14187.99,2,0,0,0,0,7,9.82,13
8223819,308296,799,1,27080.35,2,1,0,0,0,6,132.37,58
4007598,308376,608,2,70573.35,1,0,0,1,1,5,46.87,18
2795437,308405,626,1,40074.08,1,0,1,0,0,17,32.47,1
2615878,308496,522,0,0,3,0,1,1,1,12,200.65,0
9797727,308535,646,0,9062.57,2,1,0,1,2,3,54.87,59
3498085,308573,576,3,7034.7,3,1,1,0,1,15,199.37,0
5042786,308622,583,1,0,1,1,1,0,1,14,91.2,4
4220085,308727,490,1,33659.63,2,0,0,0,3,6,136.28,86
9832465,308781,614,7,855.6,2,1,1,0,1,17,129.7,0
5234874,308802,528,6,47568.36,1,1,0,1,1,10,396.76,2
6946534,308855,719,0,17911.84,1,1,1,0,0,10,51.83,5
5484964,308894,530,1,50630.09,2,0,1,0,1,15,14.6,3
7658817,309044,599,0,56263.65,1,1,1,0,0,6,38.6,5
2325722,309100,645,0,0,3,1,1,0,0,23,153.73,14
7258766,309144,575,6,20.97,1,1,0,1,2,11,180.57,25
7812009,309146,710,1,12604.78,1,1,0,0,3,2,62.57,28
8700704,309159,537,4,57085.71,2,1,0,0,3,3,138.04,2
5080351,309267,769,3,35643.03,1,1,0,1,1,4,36.27,40
4789255,309365,561,7,15765.85,3,0,1,0,0,15,48.13,3
6032739,309374,682,3,0,3,0,1,0,1,22,81.45,12
2352527,309385,726,1,24610.77,1,1,0,0,0,5,45.77,7
1531577,309398,598,3,33353.47,1,0,0,1,0,4,26.14,15
2568678,309452,660,7,0,1,1,0,0,0,8,107.18,12
7799441,309505,649,8,45904.49,4,1,1,0,1,16,72.45,3
7362994,309612,588,1,78900.65,4,1,1,0,0,21,55.86,0
7327855,309668,705,0,28945.67,2,1,1,0,2,0,62.94,2
8986040,309902,592,3,0,1,1,0,0,0,15,19.62,2
1941452,310026,760,3,13616.6,2,0,1,0,2,32,78.31,11
1158547,310040,662,2,33214.91,3,0,1,0,1,24,165.97,1
3875339,310297,778,2,0,1,0,0,1,1,7,276.78,57
2387242,310416,580,1,38192.17,3,0,1,0,0,24,68.44,3
9386232,310418,663,1,35273.87,1,0,1,0,0,15,113.04,0
8279795,310445,850,0,42510.63,3,1,1,0,0,32,115.02,0
6557798,310477,829,2,67507.1,2,0,0,1,2,3,19.38,4
2599906,310548,726,10,0,2,0,0,1,0,0,149.74,23
9861040,310608,714,1,0,4,1,0,0,0,10,64.12,68
1713900,310647,540,7,0,1,0,0,1,2,8,19.51,64
4854842,310743,591,0,0,1,1,1,1,2,19,84.13,19
4546989,310922,606,1,0,1,0,1,0,1,19,44.4,3
8977571,310960,846,8,45271.03,2,0,0,0,2,6,122.09,60
5548220,311250,631,10,415.1,1,1,0,1,1,14,31.34,8
1781180,311383,717,6,0,3,1,1,0,0,32,53.67,1
2247353,311469,775,0,101.64,1,1,1,0,0,10,35.17,8
5703878,311505,676,3,132951.98,4,1,1,0,2,30,106.36,4
1552000,311727,566,5,13282.12,3,0,0,1,5,7,30.8,69
4009069,311741,657,6,0,1,1,0,1,0,6,122.63,1
6276177,311883,725,5,0,1,1,0,1,3,12,192.6,67
1262699,311895,602,1,0,2,1,0,0,0,6,327.6,55
4475536,311915,623,1,23631.21,3,1,0,1,1,11,59.11,138
3419132,311976,650,4,92588.06,4,1,1,0,1,18,47.96,3
7682298,312033,588,5,53777.01,2,1,0,0,2,9,17.51,38
2290796,312137,496,0,28540.38,1,1,1,1,0,12,346.8,4
6021033,312146,450,1,26294.97,2,1,0,0,2,8,66.77,0
3725462,312177,525,4,47064.62,1,1,0,1,1,7,80.71,31
5034453,312484,805,6,94031.12,2,1,1,0,0,28,53.24,1
7528964,312559,643,0,61297.91,2,1,1,1,0,22,254.61,0
6565503,312616,589,10,63857.12,2,1,1,0,0,24,190.84,8
7439870,312686,687,1,45173.87,3,1,1,0,1,13,65.2,12
3347981,312705,599,0,54747.04,2,1,1,0,0,10,34.34,8
2315798,312952,742,0,53838.92,1,1,0,1,2,0,137.19,23
9401909,312987,736,0,59014.39,2,1,1,0,1,16,43.44,21
6802559,312994,757,0,35690.32,1,0,0,0,1,0,26.52,9
1900876,313068,530,4,35121.5,1,1,0,0,4,3,34.96,11
2638895,313214,491,0,0,2,1,1,0,0,12,203.28,0
8333124,313446,641,1,115565.88,4,1,1,0,0,11,196.34,2
4894730,313487,539,5,0,1,0,1,0,3,17,80.7,4
2275374,313588,678,0,27181.03,2,0,1,0,1,22,59.47,7
6714198,313701,683,2,1189.99,2,0,1,0,0,18,46.13,1
7655572,313795,617,2,41299.72,2,1,0,0,1,10,72.84,10
6475691,313910,698,0,101064.32,2,1,0,0,0,4,9.98,33
1497036,313933,651,5,94307.3,1,1,0,0,1,7,19.04,10
5585666,314181,533,4,27284.42,2,1,1,0,0,21,33.9,10
8558977,314353,598,5,0,1,1,0,0,1,8,67.2,3
9230960,314447,696,0,34803.51,2,1,1,0,1,17,20.35,13
4827527,314498,517,0,44775.23,2,1,0,0,2,12,159.69,45
6969521,314656,586,4,13172.49,1,1,1,0,0,20,60.13,3
7298619,315154,657,4,0,1,1,0,1,2,12,37.68,4
8245206,315161,676,9,258.75,1,0,0,0,1,14,7.07,9
4116163,315173,850,0,43207.43,1,1,0,1,1,1,189.13,35
7376562,315379,656,1,0,3,1,1,0,1,12,51.8,3
2437708,315397,788,4,32711,2,1,1,0,1,29,47.6,4
5955645,315425,591,5,42052.26,1,1,0,1,3,6,50.75,19
5134741,315477,712,2,44524.81,2,1,1,0,2,24,103.26,0
2233237,315535,634,0,0,3,0,0,0,1,10,105.41,62
2376369,315565,655,0,0,2,0,1,0,0,18,109.18,5
5495824,315651,656,4,29404.98,2,0,0,1,1,2,46.97,8
3587398,315780,726,2,37918.06,2,1,1,0,0,10,179.34,17
7375341,316092,625,1,0,1,0,0,0,2,9,122.67,23
3588336,316174,651,1,56304.17,1,1,0,1,1,7,183.84,5
7536772,316612,525,7,83235.69,1,1,1,0,3,21,109.12,11
6312979,316656,626,2,4502.16,2,1,0,1,3,13,70.19,8
7051545,316773,586,0,39836.84,2,1,0,0,2,10,23.29,10
2787627,316800,735,10,70606.95,3,1,0,0,2,0,20.2,6
2535458,316818,778,0,77048.22,2,1,1,0,0,19,137.71,0
1087161,316823,667,5,2733.23,1,1,1,0,0,22,206.16,0
6171869,316881,687,10,378.13,1,0,0,1,3,14,16.31,72
8461429,316899,616,3,1034.24,1,1,0,1,2,10,279.27,46
7038413,316916,725,10,50250.1,2,1,1,0,1,23,148.02,0
5525929,316995,579,4,0,1,1,0,1,1,10,422.91,10
2715158,317005,678,1,38632.39,1,1,1,0,1,25,32.98,1
3223098,317208,515,5,0,2,0,1,0,0,29,40.97,2
2464604,317220,678,1,37969.8,2,1,1,0,0,26,92.05,1
4143912,317221,754,1,0,2,0,1,0,0,23,25.14,0
8230636,317346,595,2,2926.05,1,0,1,1,1,11,31.7,2
8530347,317402,689,2,0,2,1,0,0,2,1,21.58,3
9597330,317413,757,3,38699.77,2,0,0,0,0,1,36.3,44
7845845,317722,752,0,0,3,0,0,1,0,7,30.67,47
2732967,317723,822,10,0,1,0,1,1,0,21,18.11,9
1440601,317782,579,3,124734.61,3,1,0,1,2,10,74.96,136
2503554,317881,575,1,76328.79,2,1,0,1,2,7,15.84,116
6937696,318217,721,5,57342.53,1,0,0,0,0,1,52.41,77
2561359,318353,749,0,0,2,1,1,0,0,19,36.25,1
6443037,318379,723,1,26755.46,3,0,0,0,1,2,46.19,16
7463219,318572,568,4,0,3,0,0,1,1,10,71.24,14
1207041,318877,585,10,51126.94,4,1,0,0,1,4,91.98,4
5896386,319036,577,8,47933.96,3,1,0,0,3,8,74.96,23
7942580,319162,685,10,0,3,1,1,0,0,15,66.43,15
7506196,319205,649,3,0,4,0,1,0,0,11,15.6,11
2421022,319553,381,6,33577.47,1,0,0,1,3,8,39.23,13
5072543,319684,534,0,0,1,0,0,0,1,3,82.1,49
9742683,319770,562,0,63526.2,2,1,1,1,0,11,180.8,1
3845129,319832,676,2,29177.32,3,1,1,0,1,25,151.79,5
7387623,319869,769,0,94729.42,2,1,0,1,4,8,274.9,6
3843767,319899,661,10,8619.36,2,1,0,0,0,2,62.5,6
3329349,319984,501,1,22881.89,4,1,0,0,2,10,52.61,17
5511711,320038,850,2,18717.85,1,1,0,0,2,14,268.78,5
6052144,320039,743,8,57162.48,2,1,0,0,1,11,87.62,11
5503118,320073,706,0,763.06,4,1,1,0,0,8,274.8,3
9273246,320256,663,1,0,1,0,1,1,1,15,131.92,15
3448380,320281,720,2,18241.57,4,0,1,0,0,17,115.78,3
2061446,320392,727,3,57858.05,3,0,1,0,2,14,85.46,6
3805274,320759,680,4,0,1,0,0,0,3,0,14.02,18
8292657,320800,774,0,0,1,1,0,1,1,4,427.54,100
5629871,320861,552,1,18952.92,2,1,0,1,1,7,33.75,9
8064924,320939,709,1,20628.5,2,1,1,0,1,7,328.26,5
6029008,320989,619,0,27200.72,1,1,0,0,1,7,89.36,19
9124053,321020,651,3,0,1,1,1,0,0,27,27.05,1
2290526,321048,599,0,56317.98,2,0,1,0,0,14,127.3,2
7058670,321099,527,0,0,3,0,1,0,0,15,69.78,22
5222820,321231,646,1,16595.16,1,1,1,0,0,12,139.2,2
5137094,321275,586,0,81190.45,4,0,1,0,0,12,56.56,0
9318184,321449,815,1,0,4,1,1,0,1,19,50.18,2
4280754,321476,525,10,0,2,0,1,0,1,15,30.48,8
8681643,321494,583,1,85448.99,3,1,1,0,0,19,94.46,0
2794698,321659,656,4,1058.11,2,0,1,0,0,19,93.79,0
3273137,321686,555,2,8171.41,2,0,1,0,2,25,84.8,1
6111313,321791,611,7,18559.83,3,1,0,1,2,0,22.73,29
1113537,321941,850,9,44691.7,1,1,0,0,0,0,41.34,39
7638609,321960,652,0,38780.62,1,1,0,1,3,6,11.09,46
6573679,322022,580,4,0,2,1,1,0,1,35,290.17,11
7373495,322086,655,0,11822.35,1,1,0,0,3,6,73.86,3
6528792,322096,635,0,29030.61,1,1,0,0,1,8,6.59,3
8385715,322142,642,6,0,3,1,0,0,2,6,43.65,4
6615941,322167,666,1,36437.19,1,1,1,1,2,0,28.97,1
8224541,322182,676,0,41125.65,2,1,0,1,0,5,123.92,21
3283789,322409,621,7,19141.2,2,0,0,1,1,5,23.91,46
6040467,322423,658,5,62664.45,4,1,0,0,0,2,125.43,23
6379868,322652,711,1,0,1,1,0,1,2,8,57.58,66
4369728,322955,598,2,0,3,1,0,1,4,12,58.04,84
9036449,323072,737,7,72842.73,1,1,0,1,3,8,109.19,181
6271120,323095,657,1,0,3,1,1,0,0,31,10.85,9
3980258,323404,678,1,0,1,0,1,1,1,32,108.22,15
7681351,323508,724,1,1538.51,1,1,0,1,0,8,43.09,120
6354241,323530,643,3,56886.98,1,0,1,0,0,15,120.16,2
5889688,323589,631,4,130589.96,4,1,1,0,1,7,134.74,2
9237735,323717,672,0,40458.26,2,0,0,0,2,0,219.61,5
5067204,323788,669,10,0,1,1,0,1,1,10,81.44,177
6467463,324082,784,2,0,2,1,1,1,3,4,105.12,1
7309161,324130,646,0,18405.52,2,1,1,0,0,7,27.88,0
5702656,324319,763,0,26190.5,2,1,1,0,0,5,15.97,3
7592357,324345,617,0,38243.43,2,0,0,1,1,0,33.42,3
7123944,324381,654,10,56298.93,3,0,1,0,1,9,122.04,1
2910720,324597,721,10,37717.2,2,1,1,0,0,35,80.04,3
4352088,324643,789,2,27994.82,1,1,0,0,1,8,36.6,3
4018677,324729,547,8,62533.83,2,0,1,0,1,9,99.88,5
1451577,324875,443,10,55825.68,2,0,1,0,1,5,193.23,0
8744735,324993,731,10,425.23,2,0,0,0,2,3,145.67,28
4517316,325146,850,8,1543.61,1,1,1,0,0,22,143.72,0
8356053,325230,525,2,0,2,0,0,0,2,6,39.02,4
5887726,325258,692,5,0,2,1,0,0,1,8,83.93,47
2160289,325465,555,0,61279.27,2,0,1,0,1,30,208.6,3
7864256,325468,602,0,0,3,1,1,0,0,33,220.6,17
9376917,325583,590,0,41694.63,1,1,0,1,2,14,79.9,52
3335038,325595,776,4,29814.05,1,1,1,0,0,13,38.28,1
6080688,325772,750,3,935.17,3,1,1,0,0,12,46.17,3
5060441,325933,647,5,43168.78,1,1,1,0,1,14,88.35,10
5239295,326040,662,9,138463.71,4,1,1,0,1,10,161.33,2
3586094,326061,827,0,0,1,1,1,1,1,13,79.48,6
8098909,326130,616,8,5684.79,3,1,0,0,1,5,15.64,35
7324856,326222,801,10,42014.68,1,0,1,0,0,19,129.35,0
2240929,326387,611,4,0,2,1,0,1,1,4,372.78,69
8534089,326441,703,0,16741.19,1,0,1,1,1,22,87.94,20
9040224,326639,795,3,46817.73,2,1,1,0,0,19,26.38,7
7724393,326665,729,4,9330.78,4,1,1,0,1,7,42.69,5
9965197,326895,807,0,0,1,0,1,0,2,27,48.83,12
9499549,326956,570,0,139643.95,3,1,1,0,0,13,106.72,7
8017921,327114,651,0,27453.97,1,1,1,1,2,12,28.38,0
1616817,327357,565,1,42154.3,1,1,1,1,0,28,107.54,0
7031903,327408,718,8,602.52,1,0,1,0,0,12,76.91,3
2425760,327558,616,8,31724.9,1,0,1,0,0,11,15.06,0
2834914,327738,778,5,60285.99,2,1,1,0,0,27,86.12,7
5164624,327797,701,3,19193.65,2,0,0,0,1,6,65.72,50
6956059,327823,850,0,13747.33,1,0,1,1,0,20,98.18,0
3790696,327900,581,6,41150.88,2,1,0,1,3,1,161.46,177
1743175,327999,572,0,36916.92,2,0,0,0,0,8,5,35
7704473,328182,596,0,56823.18,3,1,0,0,3,2,67.11,129
6563269,328275,596,8,27137.3,3,1,0,1,0,1,71.86,48
8221845,328367,701,10,0,1,1,0,1,0,8,98.23,44
2777454,328411,593,9,46981.99,1,1,1,0,0,13,38.35,1
1176962,328486,850,1,0,2,0,0,0,2,9,86.17,24
2654343,328552,832,4,0,2,0,1,1,0,14,612.41,0
5340909,328596,532,0,82335.88,3,1,0,0,1,10,227.88,79
4724560,328808,539,0,76981.71,1,1,1,0,0,28,127.67,3
9567725,328994,721,0,0,1,1,1,1,0,10,15.21,8
9703982,329021,637,10,42654.57,2,0,1,0,0,26,223.29,3
4708297,329056,597,0,59844.01,2,1,1,0,0,23,57.02,0
8478923,329157,570,3,423.1,1,1,0,1,2,6,39.25,22
7276684,329183,508,3,0,3,1,1,0,1,9,166.11,1
7562142,329258,525,9,0,2,0,1,0,0,16,107.7,5
8768911,329344,600,9,38770.48,1,1,1,0,2,21,32.83,5
9396422,329437,550,10,21623.52,3,1,1,0,1,20,106.21,13
3529080,329448,826,10,75343.62,2,1,1,0,1,13,161.55,11
6787592,329471,684,3,100448.93,3,1,0,1,1,2,18.12,3
1412092,329642,553,6,74436.35,1,1,1,0,2,9,67.16,0
9099554,329659,646,0,3174.2,3,1,1,0,0,22,16.99,6
2754047,329772,440,7,31298.19,1,1,0,0,1,1,75.09,40
5956530,329927,654,3,69190.28,2,1,0,0,0,3,23.18,114
7978909,329974,515,8,39186.09,1,1,0,1,2,0,71.08,48
2440404,330019,697,8,4317.39,1,0,0,1,0,7,35.02,9
2947320,330069,685,4,32212.21,2,1,0,0,2,2,11.16,152
3376915,330074,752,2,0,1,1,0,1,2,6,435.75,48
6843985,330080,640,0,8506.31,1,1,1,1,0,29,37.9,3
6232651,330283,639,3,100919.82,4,1,1,0,2,18,177.25,8
6755703,330533,707,3,57119.86,3,0,1,0,2,22,62.6,8
8639213,330545,768,5,35545.89,2,0,1,0,2,18,65.8,7
4470657,330646,661,9,0,2,1,0,1,2,11,73.44,29
9742856,330914,590,8,42578.08,1,1,1,0,1,13,31.47,3
9102153,331087,776,0,73.64,1,1,0,0,1,0,72.34,107
6843509,331148,519,10,52050.9,1,0,1,0,1,7,228.76,2
8988681,331230,521,1,43027.38,2,1,0,0,1,9,21.23,57
2637842,331241,608,9,37136.5,2,1,1,0,1,12,22.71,0
8351204,331251,745,7,48293.41,2,1,0,0,2,4,29.6,27
8590804,331287,722,0,18321.01,2,1,1,0,1,11,228.92,1
6350413,331307,489,0,2290.17,2,1,0,0,1,11,157.78,113
2126998,331381,591,3,0,2,1,0,1,0,4,56.35,32
6037595,331444,549,0,10448.95,1,1,1,0,1,7,76.14,3
1749657,331512,618,3,0,3,1,0,0,1,5,212.61,30
2930810,331522,673,1,53046.76,2,0,0,1,0,5,120,42
1378915,331577,717,5,70099.71,2,1,0,1,1,1,41.96,8
6755892,331625,619,3,18663.08,3,1,0,1,1,5,131.53,26
2834801,331768,665,3,17242.17,3,1,0,1,3,4,37.39,52
3757404,331780,585,2,17255.06,1,1,1,0,1,10,53.78,7
5092180,331942,579,1,30998.8,1,1,1,0,0,21,96.1,11
9656941,332022,658,4,60088.66,3,1,1,0,0,17,45.99,5
3926839,332103,599,0,8.09,1,1,0,0,2,7,42.11,19
3686631,332120,727,1,8584.18,2,1,1,1,0,15,40.57,1
6553084,332286,694,4,43081.46,2,1,0,1,1,0,155.57,77
8153291,332311,765,0,24515.62,2,1,1,0,0,28,59.31,0
8751982,332335,747,7,45132.28,2,1,1,1,1,19,66.68,5
4889890,332360,715,0,33439.44,3,1,1,0,0,22,44.22,25
7795568,332518,564,0,17800.19,1,1,1,0,2,14,153.04,18
4094587,332542,615,4,18302.19,1,0,1,0,2,8,90.94,10
4127053,332665,699,3,0,2,1,1,0,0,24,63.91,3
8250013,332785,664,2,50304.51,1,1,1,0,1,13,280.07,0
7636771,332823,672,0,33043.87,2,1,0,1,2,6,102.79,1
1489765,332873,615,3,34419.16,3,1,0,0,2,2,156.92,7
4310554,332881,603,0,17152.85,3,1,0,1,2,11,145.84,50
8542617,333049,697,1,20554.69,1,1,1,0,0,25,32.78,17
8206700,333086,680,0,45857.03,1,0,0,1,2,13,82.92,7
7523581,333164,717,1,31836.99,2,1,1,0,0,22,344.81,9
1074659,333210,582,4,166380.43,3,0,1,0,1,19,22.64,7
4603680,333238,701,7,0,1,1,0,0,0,4,99,84
4452490,333365,764,0,0,1,0,1,0,1,13,109.96,2
5669851,333507,632,4,33.17,1,0,0,1,2,0,25,0
2049645,333524,614,2,19467.2,2,1,1,0,0,17,56.51,3
2707116,333726,668,0,70303.4,1,0,1,0,1,24,85.34,2
4136665,333746,629,4,89.1,1,1,1,0,1,13,168.72,6
7136988,333752,718,1,25997.84,2,1,0,1,0,0,97.48,33
6469119,334026,745,1,0,2,0,0,1,1,0,62.18,28
4306357,334053,518,8,48638.41,2,1,1,0,0,33,80.75,9
8676422,334081,682,2,14355.22,2,1,0,0,1,12,96.89,3
2911847,334153,678,1,28615.79,1,0,1,0,0,22,398.3,0
5401559,334176,698,10,0,4,1,0,0,0,14,27.96,76
9212178,334639,508,4,0,1,1,1,1,0,0,71.41,1
9853588,334665,591,0,60365.23,3,1,1,0,0,21,45.41,8
6258048,334865,541,2,18152.28,2,0,1,0,1,21,161.09,7
7520284,335113,612,0,0,2,1,1,0,1,8,244.73,14
7585795,335134,501,5,1895.04,1,1,1,1,0,22,79.51,0
2916496,335137,662,0,52649.91,3,1,0,0,0,5,27.32,6
6837206,335203,716,7,65179.37,1,0,1,0,3,2,80.66,4
6905327,335217,756,5,77.87,2,0,1,0,1,8,70.66,11
8681625,335421,702,0,27324.87,2,1,0,1,0,0,22.08,47
3894531,335445,791,0,38879.1,4,0,0,1,1,9,78.84,32
5990296,335552,750,0,38727.36,3,1,1,1,0,10,27.75,8
2421902,335612,571,10,20566.18,1,1,1,0,0,26,44.7,1
3247270,335615,517,4,35.36,1,1,0,0,1,6,622.91,9
6254384,335729,601,0,772.36,1,0,1,0,1,31,62.5,0
2977390,335765,618,2,59.36,1,0,1,0,0,6,56.34,2
5002586,335790,580,0,0,2,1,1,1,1,24,110.84,3
6123426,336047,581,3,29230.68,2,1,1,0,1,12,89.28,1
2962077,336290,807,5,0,2,1,0,1,1,4,173.97,12
4070977,336388,552,0,835.68,3,1,1,0,0,15,60.06,0
7263036,336422,567,1,890.04,1,1,0,1,1,11,45.61,62
3371602,336504,542,0,56717.57,1,1,1,0,0,23,90.06,0
9570219,336540,509,3,0,2,0,0,0,2,3,250.1,70
7517332,336574,538,6,1084.35,2,0,0,0,4,10,175.47,49
8016887,336633,683,1,32.37,2,0,1,0,1,19,42.68,7
3313029,336650,668,4,15638.25,2,1,1,0,2,4,80.19,21
7437584,336706,605,1,124315.59,2,1,1,0,1,16,42.41,2
8097413,336817,570,0,327.58,1,1,1,0,1,9,21.77,2
4116429,336828,570,0,43627.53,2,1,1,1,2,17,42.57,3
9164971,337144,654,0,8563.84,2,1,1,0,0,9,38.9,2
3906397,337178,684,5,1196.39,2,1,1,0,1,19,279.07,8
3799538,337232,747,6,15153.02,1,1,0,1,0,9,76.64,1
9214830,337256,767,7,1483.64,2,1,1,0,0,9,32.49,6
5845843,337264,617,8,43196.94,1,1,0,1,0,7,31.89,3
3353785,337288,470,0,52943.6,2,1,1,0,0,1,361.22,0
4138993,337547,805,10,22716.01,2,1,0,0,2,4,133.34,28
6277776,337730,459,4,1984.04,1,1,0,0,3,5,160.65,15
8566540,338161,752,1,45025.2,1,1,0,1,2,4,94.3,112
1899447,338475,699,1,84140.48,2,1,0,1,3,4,79.84,67
7023677,338533,615,10,81750.46,1,0,1,0,0,8,173.07,4
1160783,338536,814,10,21599.43,2,1,1,0,0,10,60.24,2
9130388,338564,518,0,21969.16,1,0,0,1,2,11,22.94,7
3290672,338596,683,1,109139.06,2,0,1,0,2,16,28.24,1
4273712,338651,642,5,28018.04,3,0,1,0,0,12,105.62,3
7441514,338703,716,0,13899.89,2,1,0,0,2,6,157.87,82
9479842,338846,626,0,17268.88,3,1,1,0,0,14,35.33,4
9304216,338968,746,9,45690.79,2,0,0,0,1,1,150.55,11
7864135,339030,817,6,421.34,1,1,1,1,1,22,39.9,6
9249791,339220,481,2,60336.16,2,0,0,0,1,0,66.82,20
7973121,339303,577,10,0,1,1,1,1,0,13,40.7,0
8446596,339499,550,2,373.39,1,1,0,0,0,0,5,2
9199017,339513,652,1,17123.61,3,0,0,0,3,5,47.9,9
3806047,339592,813,1,53224.47,1,1,0,1,1,7,41.57,64
2386982,339669,548,8,569.42,1,1,1,0,1,28,44.43,1
1517756,340044,599,2,0,1,1,0,1,2,4,11.69,41
4699871,340062,807,1,1477.69,2,1,0,0,1,2,7.69,23
5900455,340068,687,8,47738.35,1,1,1,1,0,18,31.5,1
1548532,340174,667,1,170303.81,3,1,1,0,0,32,244.83,6
5611266,340341,736,1,0,1,1,1,0,0,12,40.95,9
4772246,340497,617,3,0,1,0,0,1,1,10,22.11,9
5843084,340633,705,1,0,1,0,1,1,2,11,16.84,6
3822078,340820,648,0,26813.31,1,0,0,0,1,11,42.84,6
8672579,340860,555,3,0,1,1,1,0,0,16,10.16,1
9309978,340927,624,4,341.22,1,0,1,1,1,22,67.64,3
9569902,340932,620,4,34125.8,2,1,0,0,3,1,52.56,39
2899365,340977,663,0,0,2,1,0,1,0,10,67.3,12
2916069,341099,694,4,34504.72,2,0,0,0,2,13,83.92,9
5494430,341162,660,1,8498.87,1,1,1,1,0,21,38.15,4
7154919,341192,644,2,1252.74,2,0,0,1,4,4,36.61,15
1698108,341238,812,10,112961.58,4,1,0,0,0,7,330.16,19
8404902,341288,521,7,19.66,1,1,1,1,0,36,50.65,5
4666525,341292,548,1,0,4,0,0,1,1,0,184.71,65
8132912,341296,776,10,100017.78,4,1,1,0,0,12,21.78,0
2718262,341535,549,5,36421.92,4,1,1,1,2,8,28.62,5
5152891,341736,696,9,54225.87,3,1,0,0,0,9,147.37,3
5994727,342128,774,0,116353.51,2,1,0,0,0,4,51.99,37
1540736,342129,744,3,0,3,1,0,1,0,7,32.12,13
8545256,342239,831,10,45102.46,2,1,0,1,3,0,23.16,66
5409307,342389,678,2,41219.46,2,0,0,0,1,7,82.67,73
6848151,342397,712,0,0,2,1,1,0,0,23,37.94,1
2459332,342446,576,0,32267.81,3,0,1,0,1,8,48.18,2
8366370,342495,588,1,17884.78,2,1,1,0,1,18,35.43,0
2969410,342675,783,2,11536.94,2,0,0,0,1,0,34.72,4
4975295,342716,589,0,405.63,1,1,0,1,2,7,29.84,65
4521171,342720,598,7,102118.99,2,0,1,0,0,14,148.84,9
6882609,342924,629,4,0,2,1,1,0,0,9,417.92,8
8183451,342948,680,2,0,2,0,1,0,1,20,61.63,0
3784709,343007,630,1,2053.41,1,1,1,0,0,39,10.17,11
3335975,343118,782,4,0,1,1,1,0,1,15,158.41,8
4466502,343420,539,0,0,2,0,0,0,1,10,163.16,9
4471922,343461,625,9,48569.35,1,0,1,0,0,15,44.39,7
1995859,343467,600,3,0,2,0,0,0,2,6,104.27,18
6885707,343500,732,0,0,2,1,0,1,3,10,64.91,12
9930189,343807,578,3,0,4,1,1,0,3,14,78.13,0
5715824,343923,574,10,0,2,1,1,0,0,11,117.07,2
3824903,343962,760,6,46742.76,1,1,1,0,1,11,236.12,4
6430006,343977,708,10,93148.24,3,1,0,0,1,1,33.9,10
5909595,344026,789,0,21302.25,1,0,0,1,0,10,112.56,35
5854206,344068,550,0,35101.97,2,1,1,0,1,17,54.89,2
5485272,344098,785,10,54287,3,1,0,1,1,11,28.92,39
9630451,344119,850,4,73093.82,3,0,1,0,1,33,87.63,0
2597613,344146,600,1,78884.03,2,1,1,0,0,17,168.53,1
3274804,344303,739,5,15162.61,2,1,1,0,1,6,11.23,6
7905438,344312,669,1,65638.67,2,1,0,1,1,5,38.79,25
1994652,344315,666,10,0,4,1,1,0,3,9,8.05,5
5652716,344316,680,2,65740.1,3,0,0,1,1,3,12.51,24
3128830,344762,704,1,335.71,1,1,1,0,0,12,44.45,4
3226183,344831,673,1,16857.26,3,1,1,0,0,7,94.43,13
5188889,344907,627,5,17240.16,2,1,1,0,1,14,9.25,18
3453557,344959,641,10,0,4,1,0,0,1,5,18.67,6
6403886,345011,699,4,464.26,2,0,0,0,1,5,31.73,115
5153279,345180,729,0,18447.65,1,0,1,1,1,8,124.37,3
7588425,345369,544,3,0,3,1,1,0,0,23,245.66,0
9211754,345386,613,2,0,1,0,1,1,1,20,73.41,1
3385244,345517,721,3,67431.09,3,1,0,0,0,5,67.95,5
5508325,345536,509,8,0,2,1,1,0,1,13,46.53,3
7949543,345722,697,0,0,2,0,1,1,0,22,20.37,1
7294347,345884,707,3,791.4,1,1,1,0,1,25,105.86,16
8583162,345896,540,0,82709.24,3,1,0,1,1,8,136.51,40
2266952,345925,612,5,71707.63,2,1,1,0,1,41,165.21,1
2561871,346024,837,9,6689.81,1,0,0,1,1,9,81.27,40
7758714,346174,614,3,197.71,1,1,1,0,1,13,159.82,7
9650558,346205,723,0,35735.22,1,1,1,1,1,13,101.46,0
5667852,346269,680,2,9842.34,2,1,0,1,1,3,31.3,214
7191986,346277,408,5,0,2,1,1,0,0,21,120.16,5
8628527,346415,772,3,42056.34,1,1,1,0,0,30,47.33,0
9188027,346629,687,6,43855.51,2,0,1,0,0,27,163.68,0
6491002,346668,655,4,24197.78,1,0,0,0,3,2,58.9,251
1041491,346729,772,3,0,1,1,0,1,0,6,137.32,98
2562657,346961,751,10,1576.22,1,0,0,1,0,7,45.68,53
8691502,347085,610,9,32848.71,2,1,1,0,0,10,50.06,7
7009980,347088,650,0,16426.4,2,0,0,1,1,6,40.85,52
2062512,347231,772,10,0,2,0,0,1,3,4,99.78,41
9966154,347259,744,0,78167.76,4,0,0,1,2,6,47.66,3
7672565,347428,538,4,37648.02,2,1,0,0,3,9,66.98,23
4654579,347459,762,0,99238.89,3,1,1,0,0,17,5.66,27
8208215,347582,742,7,36556.91,1,0,1,0,0,17,59.14,4
4554277,347625,598,6,45427.05,1,1,0,0,0,5,7.5,26
9299939,347669,665,1,57238.63,1,1,1,1,1,15,80.51,4
5505300,347678,696,6,62306.62,2,1,1,0,0,27,145.98,0
6416778,347745,696,0,26146.99,2,1,1,0,2,23,30.34,19
5757902,347781,666,3,938.52,1,1,1,0,1,21,25.9,4
6666591,347861,559,1,37977.68,2,1,1,0,0,17,120.74,2
3191007,348041,598,0,0,1,1,0,1,1,2,89.19,6
9142618,348235,509,5,42160.06,1,0,1,0,0,14,90.33,0
6766993,348237,850,10,0,2,1,0,1,1,3,45.26,48
1812172,348250,615,3,46842,3,1,1,0,0,34,45.41,2
1770794,348273,800,5,38527.1,2,1,0,0,3,3,22.62,44
2670586,348411,642,0,65298.72,2,1,1,0,0,13,63.36,13
8710502,348455,578,2,30772.01,3,1,0,0,2,11,95.82,11
1273155,348636,699,10,45438.63,2,0,0,1,1,7,114.71,13
3084353,348658,433,3,22932.53,1,0,1,0,2,31,50.66,2
3650523,348728,574,0,396.55,1,1,0,1,3,10,198,120
8403549,349068,563,0,28308.22,3,0,0,1,1,0,25.34,94
8659103,349087,651,0,129281.15,2,1,0,1,3,8,18.87,12
1011340,349119,595,0,170408.96,3,1,1,0,1,17,252.49,0
8177281,349136,583,3,0,2,1,1,0,1,16,67.13,1
4394336,349183,726,1,10166.81,2,1,0,1,2,6,250.83,54
3213134,349185,597,1,7813.28,1,0,0,1,2,11,120.74,17
6064462,349433,644,3,22468.68,2,1,1,0,0,2,68.58,10
3667199,349489,616,3,17320.02,1,0,1,0,0,13,48.23,0
5597283,349505,729,0,62845.68,1,1,1,1,0,11,45.67,1
2565985,349556,751,0,0,2,0,1,1,0,21,16.94,6
7047102,349565,747,6,0,3,1,1,0,1,17,67.6,1
5200835,349736,743,2,3014.54,2,1,0,0,3,0,14.12,22
2382787,350021,559,0,50170.53,4,0,0,0,1,9,54.4,57
7238503,350069,684,3,11856.61,4,0,0,1,0,6,158.86,30
3777050,350132,550,2,51599.99,1,1,1,0,2,12,26.03,0
1868846,350161,738,0,36566.67,1,1,0,1,1,6,26.89,79
7649508,350164,699,1,21872.43,3,1,0,1,1,9,30.07,10
6125594,350224,764,0,2112.19,1,1,0,0,2,7,78.57,1
4928281,350229,850,5,28677.84,4,0,0,0,2,8,58.62,57
8201300,350280,588,3,124378.18,2,1,1,0,1,11,52.39,2
2530068,350385,850,10,15704.08,2,1,0,0,1,5,328.34,55
2596917,640492,647,3,31177.2,1,1,0,1,0,6,19.54,55
1018225,350484,514,2,29674.94,1,1,0,0,0,7,71.4,77
4580613,350675,593,3,1383.65,1,1,0,1,0,2,76.83,9
8999489,350786,512,0,45261.81,1,1,1,0,0,17,130.08,1
2307594,350867,697,1,44299.8,2,0,1,1,0,9,134.54,4
3226333,350875,579,0,19292.32,1,1,1,0,2,14,76.65,19
4794852,350878,544,0,154613.2,2,1,1,1,0,25,49.35,1
9714828,350905,643,0,0,2,1,1,0,0,37,90.25,3
8466983,350921,726,9,0,4,1,0,1,0,8,19.2,99
1155809,350956,605,3,36480.33,2,1,1,0,1,20,83.51,1
1135267,350967,659,8,36393.27,1,0,0,1,1,5,169.62,132
6764217,351083,672,3,28379.93,1,1,0,0,2,6,91.69,97
3023227,351198,496,0,30036.34,1,1,0,1,0,12,50.99,88
8085252,351516,705,1,165554.81,3,1,1,1,2,17,49.27,3
3217531,351974,639,1,36554.12,2,0,1,0,0,32,241.05,2
9014480,351997,592,1,0,3,1,0,0,0,5,91.85,46
2188301,352023,644,2,30829.4,2,1,0,0,2,6,1004.67,65
4841091,352036,601,5,45724.73,2,1,0,1,3,5,58.48,6
7426846,352153,710,0,0,1,1,0,1,2,8,71.7,77
2498726,352194,605,0,0,1,1,1,1,0,21,140.57,1
2718442,352249,619,2,0,2,0,1,0,0,10,103.07,4
2731434,352356,640,0,30266.69,2,0,1,0,0,17,143.4,4
6257165,352415,619,2,65178.24,2,1,1,0,3,13,14.61,4
7166661,352422,638,0,35094.1,1,0,0,0,3,5,46.99,11
6020671,352528,579,1,27934.65,2,0,1,0,0,18,18.83,4
3300647,352572,659,2,53664.33,3,1,0,1,2,8,73,56
7420993,352593,561,2,20970.77,1,1,1,0,1,26,210.99,4
3233823,352673,514,1,1995.95,2,1,1,0,2,24,261.09,6
3396676,352674,552,2,0,2,0,1,0,1,22,114.95,1
2147756,352792,762,8,32659.58,1,0,0,1,2,9,316.74,34
9900451,352838,578,6,0,1,1,1,0,0,17,72.72,1
1142182,352867,627,1,7197.77,1,0,1,0,1,8,20.61,1
3753418,353080,546,7,37233.61,2,0,1,0,2,21,18.34,20
8383643,353480,438,1,33248.38,2,1,1,0,0,10,82.08,1
6891952,353542,751,0,0,1,1,1,0,1,21,246.37,1
4574477,353690,689,2,58003.08,3,0,0,1,2,5,42.94,180
3539636,353777,731,7,25908.19,2,1,0,0,2,10,49.34,32
7907345,353814,651,1,0,2,0,1,0,0,24,171.2,3
8421969,353961,505,4,0,1,1,0,0,1,5,268.28,67
4644760,354085,529,1,0,2,1,0,1,0,7,64.06,43
2454383,354200,614/850,10,17.45%,3,1,1,0,1,32,21.69,9
2685524,354235,690,2,0,1,1,1,1,1,26,145.99,4
3349030,354367,517,2,0,2,0,0,0,0,0,30.11,9
3066235,354377,719,1,40620.16,1,1,1,0,0,10,213.29,4
7442986,354471,693,3,154209.21,1,1,1,1,0,16,52.3,5
6897789,354533,633,3,67759.6,1,1,0,1,3,3,74.66,11
8203947,354646,560,4,44701.39,1,1,0,1,0,5,58.26,9
6276495,354655,513,3,75393.37,2,0,1,0,0,7,71.3,0
3345961,354801,442,5,0,1,0,0,1,2,6,98,9
5157165,354854,784,1,57123.6,2,1,0,0,3,2,145.42,7
5646746,354897,442,0,21792.66,3,1,1,0,0,18,144.16,13
2413458,355021,639,1,1140.47,2,1,1,0,0,23,66.07,3
5163551,355090,601,2,70973.32,1,1,1,0,1,7,40.37,6
5780177,355123,754,0,121465.08,3,1,0,1,0,2,186.32,42
1450038,355135,652,8,2602.67,1,1,1,0,1,24,50.91,0
6060836,355400,713,0,69731.85,2,1,1,0,0,23,49.17,2
4446807,355479,693,6,28058.74,1,1,1,0,2,12,11.32,3
9686388,355506,603,1,29397.34,2,1,1,1,0,11,55.83,15
9548370,355528,542,1,2179.35,2,0,0,0,2,3,44.89,44
4164963,355570,623,0,63555.9,1,1,0,0,2,8,38.87,1
7572491,355671,623,2,18346.44,2,0,1,0,0,7,58.58,1
5958372,355709,590,5,6670.15,1,1,1,0,2,16,25.57,4
1915518,355761,576,0,59134.78,3,1,1,0,2,44,25.29,8
5015476,355836,637,1,68937.79,1,1,1,0,0,15,93.48,4
9302838,356059,526,8,4979.79,1,1,0,0,1,5,34.61,19
7474085,356150,631,9,84441.78,2,1,1,0,2,24,32.69,3
2891524,356355,550,0,0,1,1,1,0,0,12,108.51,0
5044680,356430,552,3,1704.54,1,1,0,1,0,6,42.07,26
9381604,356600,535,3,51053.81,2,0,1,0,0,12,86.86,2
2191383,356622,598,1,0,1,1,0,1,0,9,201.94,3
9863176,356702,668,0,0,2,0,0,1,6,3,42.3,1
1202450,356717,470,0,32253.19,4,1,1,0,1,12,39.61,3
7058222,356736,850,1,23225.04,1,1,0,1,1,1,34.93,4
6309530,356773,726,9,29409.76,1,1,0,0,0,0,66.5,64
3214305,356787,513,3,0,2,0,1,0,0,24,31.38,2
7490068,357034,778,6,50311.62,2,0,1,0,1,6,145.48,4
8060918,357143,546,3,49502.01,1,1,0,0,1,8,265.19,11
7130603,357420,688,2,62775.26,4,1,1,0,0,23,49.31,7
3898604,357657,657,2,0,2,1,0,0,1,10,29,3
8902314,357666,848,5,147092.27,4,1,0,0,0,8,195.09,7
2224599,357724,574,3,0,2,1,1,0,1,21,56.92,1
1280001,358133,657,3,50569.03,4,1,1,0,0,23,58.22,1
2133008,358175,850,1,0,2,1,1,0,0,22,36.6,0
1231415,358207,641,1,0,2,1,0,0,2,5,202.37,16
5398739,358421,583,2,52834.01,2,1,1,0,1,23,134.25,2
4619565,358494,711,1,10163.76,4,0,0,1,2,4,128.57,40
1668183,358568,628,1,107344.04,2,0,1,0,0,19,88.09,8
2014499,358607,670,2,39364.88,2,1,1,0,1,27,46.74,6
7676912,358635,795,2,24662.09,2,0,1,0,1,9,36.29,8
9499515,358771,779,1,30835.8,2,1,1,0,1,10,135.04,12
5806467,359168,598,9,67870.26,1,1,0,1,2,10,18.44,49
9406206,359249,742,1,355.57,2,1,1,0,1,35,104.81,0
7969792,359295,759,3,1125.07,1,1,1,0,1,16,104.5,17
8106413,359409,740,1,56657.96,2,1,1,0,1,13,46.41,8
7749095,359414,664,1,27883.95,4,0,0,0,3,9,24.36,37
2382909,359486,747,0,0,1,0,0,1,2,6,46.12,7
3561552,359535,492,1,0,1,1,1,0,0,8,87.33,0
5655136,359555,720,1,1680.94,2,1,1,0,0,23,38.49,2
2402526,359579,695,3,30273.92,1,1,1,0,1,9,53.62,9
6199374,359778,752,4,96571.19,3,1,1,0,1,21,39.86,22
2325761,359822,629,0,12107.73,2,1,1,0,1,9,76.66,9
9578269,359870,662,2,12617.32,2,1,1,0,0,6,56.94,1
4409088,359896,679,0,600.68,1,0,1,0,1,22,56.49,0
3606795,359947,784,6,24920.79,2,1,1,0,2,21,54.9,0
9999133,359961,690,8,3438.33,2,1,0,0,2,9,13.54,22
6481960,360096,667,2,58701.23,2,1,1,0,0,12,65.73,1
7555386,360221,598,0,36549.67,2,1,1,0,0,21,121.81,8
2109227,360222,801,0,0,1,1,1,0,1,26,52.72,7
6203780,360247,702,3,32657.94,2,1,1,1,1,27,63.01,9
8339797,360276,749,2,298.4,1,1,0,1,2,5,125.42,4
5003671,360289,677,2,62078.23,1,1,0,0,1,3,42.23,40
1971500,360297,749,1,67998.34,3,1,0,0,2,9,40.58,28
5101689,360316,636,0,764.8,1,0,0,1,1,8,73.29,63
2446410,360322,615,2,399.32,3,1,1,0,0,0,79.19,2
8289425,360330,724,1,42968.32,1,0,1,0,1,7,530.98,3
2945931,360651,624,0,36479.51,2,1,1,1,1,11,74.41,6
8606317,360735,705,8,1135.15,2,1,0,1,3,4,139.52,6
1923227,360804,661,1,70631.06,4,1,1,0,1,25,196.65,3
6189026,360846,804,4,0,2,1,1,0,1,20,45.11,0
3946849,360909,654,3,47209.18,1,1,1,0,1,12,12.05,3
3003921,361055,575,5,8721.64,1,0,0,0,4,3,46.76,39
1212482,361250,660,1,0,1,1,0,0,1,3,71.76,7
3302031,361303,578,1,32161.62,1,1,1,0,0,22,227.45,2
1190431,361609,544,0,29848.3,4,0,0,1,4,0,35.38,2
3748655,361650,529,0,49928.31,2,1,1,0,2,6,74.96,6
9328426,361662,489,8,0,2,1,0,0,1,9,24.02,3
6816746,361736,417,5,21169.96,2,1,0,0,3,8,71.96,45
9774573,361805,659,0,0,3,1,0,1,2,9,55.65,3
9677559,361824,616,3,245.52,1,1,1,0,1,16,204.27,21
5349442,361941,627,0,32283.13,3,1,0,0,0,7,49.68,22
3801173,361989,615,1,37756.1,3,1,1,0,0,4,69.12,13
7238933,361993,657,1,0,4,0,1,0,0,20,105.7,5
3129542,362035,759,5,0,1,1,1,0,1,18,107.67,4
5509119,362147,517,3,6667.05,3,1,1,0,2,23,67.95,7
2980663,362227,711,3,128623.12,3,1,1,0,1,19,11.43,0
1492516,362230,704,2,0,3,0,1,1,0,13,87.99,0
6620552,362246,676,4,27638.42,1,1,1,0,2,8,25.9,27
8202871,362292,664,2,6843.64,3,1,1,1,0,26,32.26,0
5563077,362529,763,0,0,1,1,0,1,1,4,51.08,75
9788815,362552,563,2,27267.53,1,0,1,0,0,28,123.68,2
2071594,362732,783,6,0,2,1,0,0,1,4,20.41,19
5411563,362769,793,3,117028.53,3,1,1,0,1,18,14.83,2
2293020,362778,587,10,20902.76,1,1,1,1,0,3,278.92,1
9323974,362801,631,0,495.87,1,1,0,1,0,1,276.37,1
8636951,362829,782,0,32585.85,2,1,1,1,0,23,50.81,2
9569497,362865,653,10,37977.33,1,0,1,1,0,26,223.45,9
7041876,362874,702,6,0,2,1,0,1,2,3,54.53,41
1930113,363165,655,5,1414.21,2,1,1,0,1,27,272.61,2
9382064,363319,409,6,0,2,0,0,1,0,3,122.16,10
3799805,363550,597,0,31551.1,2,1,0,1,0,6,129.31,23
7168777,363592,614,2,16208.16,2,1,1,0,0,17,255.54,0
3639223,363615,559,2,30337.75,2,0,1,0,1,29,58.93,2
5280137,363626,709,0,51243.03,1,1,1,1,0,19,46.97,4
2726457,363807,850,0,22846.5,1,1,1,0,1,26,16.49,3
2934976,363871,713,10,0,2,1,1,0,2,9,12.32,2
4831990,363926,529,0,163915.97,2,1,0,0,0,0,47.3,20
9536665,364132,715,0,136771.67,3,1,0,0,1,12,44.54,57
1043092,364144,479,7,22964.55,3,1,0,1,1,10,124.55,20
1738833,364236,722,2,390.67,1,1,1,0,1,22,40.88,6
1206159,364239,678,1,52139.12,3,1,0,0,2,6,170.75,10
5102892,364294,741,8,46096.83,3,1,1,0,1,15,15.6,15
1771442,364525,644,3,17909.52,2,1,0,0,1,9,88.98,10
8914896,364650,612,2,0,2,1,1,0,2,19,116.51,6
7106512,364659,731,7,0,2,0,1,0,3,25,26.51,1
7425329,364679,596,0,45788.68,1,0,1,1,0,23,52.47,2
3518002,364742,763,1,36078.91,1,0,1,1,0,27,25.3,0
4002466,364955,696,3,56591.04,1,1,1,1,1,26,58.64,2
1593302,365015,763,0,0,2,1,1,0,1,20,193.08,0
8035849,365018,669,0,23269.49,3,1,0,0,3,7,240.77,35
4766741,365406,712,3,14135.72,1,0,1,0,0,15,372.59,11
6398941,365617,784,1,0,1,1,1,0,0,16,24.03,2
5165165,365618,594,4,0,3,0,1,0,0,32,17.72,9
7983626,365641,822,4,44075.71,2,0,1,0,0,20,174.55,2
6367620,365953,750,4,19877.05,3,1,1,0,0,20,70.85,1
5550953,365971,685,2,0,2,0,0,1,0,9,127.01,60
2306728,366105,643,9,33645.41,3,1,1,0,0,24,91.25,10
7254683,366314,658,1,22291.75,2,1,1,0,0,16,38.22,7
3003215,366431,730,0,37610.14,2,0,1,0,1,26,15.12,8
9422849,366641,766,3,7514.49,2,1,1,0,1,16,20.97,3
1883692,366642,641,3,28805.75,1,0,1,0,0,26,172.2,0
4008898,366776,429,5,35921.22,3,1,1,0,0,14,156.28,2
4744423,366817,714,1,2445.36,2,0,1,0,0,18,112.07,1
9653253,366881,817,2,35316.44,2,1,0,0,2,16,49.96,53
1770553,367095,607,10,28368.11,2,1,0,1,0,0,52.97,93
7726402,367271,598,3,47930.38,2,1,1,0,0,16,14.3,1
2156393,367382,625,0,44166.01,1,0,0,1,0,6,53.04,94
8802985,367403,621,0,0,2,0,1,0,0,22,66.14,5
5736323,367508,561,2,112533.02,4,1,1,0,0,20,58.39,15
6212643,367729,748,0,0,2,1,1,0,1,26,24.7,1
6491198,367747,648,10,29701.99,1,0,1,0,0,9,355.16,8
2449308,367865,492,1,69713.89,2,0,1,0,1,28,79.98,3
8662929,367931,659,7,37975.27,2,0,1,0,2,19,11.1,4
1133700,368214,589,5,1048.41,2,1,0,0,3,9,26.11,105
7189439,368322,721,1,47423.56,2,1,0,0,3,8,52.58,42
4366703,368355,551,8,0,2,0,0,0,0,0,81.07,77
5892153,368371,660,1,0,2,1,0,0,2,10,86.6,5
6098752,368402,559,0,117260.18,4,1,0,0,4,3,52.89,30
5069884,368690,623,0,81291.43,2,1,1,1,1,9,356.25,0
8783398,368691,670,1,13910.1,1,0,0,0,1,7,27.18,29
7178606,368900,824,2,12874.93,2,1,0,1,1,8,60.77,55
9277218,369054,614,10,78273.77,2,1,0,0,2,10,141.37,14
4278644,369125,644,0,30090.13,2,1,1,0,0,12,312.19,0
5112546,369437,465,0,41518.35,2,1,0,1,2,7,98.21,7
3526084,369452,647,1,8256.17,1,1,1,0,1,24,141.44,1
1107003,369761,476,10,49171.93,2,1,1,0,1,27,6.36,1
7879264,369826,772,0,19515.17,3,1,0,0,2,11,16.44,10
1401147,369836,663,10,61330.58,4,1,1,0,0,17,62.43,4
4909053,370196,721,2,47240.03,1,0,1,1,0,18,204.2,2
6812025,370211,754,0,25712.24,1,1,1,0,1,17,75.19,1
1160974,370233,453,6,18880.36,2,1,1,0,1,18,176.11,10
6620658,370328,712,0,73621.61,2,1,1,0,0,14,110.23,2
1024528,370343,850,10,22211.79,3,0,0,0,3,5,96.97,68
7312844,370413,689,7,32899.94,2,1,1,0,1,15,40.48,1
6159172,370587,731,2,1399.22,2,1,0,0,2,2,13.47,63
2743975,370782,410,2,42854.73,1,1,1,0,1,3,43.89,1
4442590,370804,644,5,76997.06,2,0,1,0,1,24,79.45,4
9888812,370902,679,8,26371.19,2,1,1,0,0,9,117.82,5
4995789,371212,610,4,43317.19,2,1,1,0,0,31,238.32,3
8043341,371216,687,4,0,1,1,1,0,1,2,58.86,5
9254874,371222,560,3,0,1,0,0,0,1,1,88.63,18
2004872,371224,525,7,43085,2,0,0,0,0,14,52.57,30
3388630,371306,782,0,31144.94,1,0,1,1,0,18,46.14,29
5694689,371393,715,1,60129.13,1,0,1,0,0,12,49.63,5
2560728,371577,848,8,29752.09,2,1,1,0,0,14,27.24,5
1736524,371782,516,5,0,1,0,0,0,1,5,41.46,63
4883465,371840,548,1,115362.74,1,1,1,0,0,22,71.92,6
9720112,372028,645,1,46735.07,2,0,1,0,1,23,70.08,1
7929943,372273,607,10,0,4,0,1,0,1,20,163.09,9
7249378,372315,349,1,54292.21,3,1,0,1,0,0,47.18,15
8691649,372387,586,1,39883,2,1,1,0,0,11,18.43,18
2424426,372427,689,1,48207.96,2,1,0,1,3,9,64.68,22
2603516,372793,512,1,103689.35,2,1,1,1,2,23,49.29,14
9479670,372804,757,1,26150.58,1,1,1,0,0,5,35.5,7
3239990,372933,636,10,62414.19,2,1,1,0,1,17,107.56,2
7616116,373094,663,0,5072.49,2,0,1,0,0,18,14.34,8
2255447,373216,575,0,25517.7,2,1,0,1,1,8,47.22,7
2044933,373276,606,0,19994.3,2,1,1,0,2,22,57.43,2
8297801,373432,682,0,0,2,0,0,1,2,11,69.2,30
3192921,373441,538,10,0,2,0,1,0,0,24,49.57,7
4972370,373453,605,1,8521.38,1,1,1,0,0,20,39.22,4
5893511,373668,718,6,80924.95,1,0,1,0,0,14,79.5,3
5378701,373791,791,2,59638.76,2,1,1,0,1,1,168.12,4
6284972,373812,571,0,141991.84,2,0,1,0,1,15,76.6,1
7592651,373832,756,0,0,2,1,1,0,1,30,107.11,1
6473593,373903,752,0,47561.21,2,1,0,0,1,3,49.5,23
6336123,373943,605,3,41948.32,1,1,1,0,0,8,122.88,1
8596016,373995,593,0,0,1,0,1,1,0,20,29.37,0
5562662,374258,584,1,35508.67,1,1,1,0,0,30,130.97,2
4919346,374267,548,3,33031.65,2,1,0,0,1,3,7.74,54
2253047,374320,805,0,58332.55,2,1,0,0,0,5,44.89,15
4400953,374492,767,6,37466.76,2,0,0,0,1,0,96.13,7
3283577,374680,802,1,39832.47,3,1,0,0,0,3,60.77,38
2828260,374896,635,6,12012.92,2,0,0,1,2,9,48.15,23
3607356,374921,469,5,20579.65,2,1,1,0,0,14,25.29,2
2772642,375097,617,10,36866.55,1,1,0,1,1,2,253.15,39
3757754,375201,621,10,31981.22,3,1,1,0,0,21,90.42,5
8542478,375311,694,1,55628.4,1,0,1,0,0,23,242.98,8
8819107,375382,658,2,0,3,1,1,0,0,15,8.39,2
6268604,375504,576,1,45829.93,2,1,1,0,1,19,8.94,2
7820148,375581,551,3,65255.21,2,1,0,0,4,9,23.84,51
3025626,375617,631,3,0,1,1,1,0,1,25,15.12,13
9991321,375722,613,1,111.67,1,1,0,0,2,5,48.66,11
7011065,375754,571,0,36722.44,3,0,1,0,0,16,69,2
4483557,375769,545,0,95790.77,3,1,1,0,1,22,10.03,8
8581910,375871,823,0,37832.58,3,1,1,0,0,13,48.4,1
6172545,376021,647,3,46357.19,4,1,1,0,0,32,37.23,4
8773665,376085,840,0,488.36,1,0,1,0,2,5,180.85,6
5446095,376106,700,1,0,2,1,1,0,0,23,33.36,0
3011815,376141,796,3,74380.36,2,1,0,0,0,5,62.34,55
2517010,376142,604,8,2506.09,3,1,1,0,2,18,136.7,0
3644347,376183,614,2,0,2,1,1,0,0,10,46.23,2
6103880,376195,755,0,40846.94,1,1,1,0,1,21,67.82,3
1676621,376807,513,10,1015.28,1,0,1,0,0,21,52.89,2
4607450,376955,635,0,45201.89,3,1,1,0,0,28,123.63,0
6499465,376967,590,0,0,1,0,1,0,1,21,319.48,8
3488460,377075,702,2,31240.56,2,1,1,0,1,18,18.09,7
2530298,377198,613,3,11101.79,2,1,1,0,0,31,87.64,3
5164420,377203,582,5,42648.14,2,0,1,0,0,13,124.46,13
6968373,377238,669,1,90069.64,2,0,0,0,2,11,32.99,14
7647878,377304,813,0,57363.64,3,1,1,0,1,7,115.39,15
9614423,377312,584,2,0,1,1,0,0,1,8,82.85,11
1821255,377319,707/850,10,"$34,117.03 ",1,0,0,1,2,7,74.57,2
6013715,377370,664,8,20181.82,2,1,0,0,0,0,204.06,16
5364874,377405,699,4,40358.8,1,0,1,0,1,5,33.19,1
3917016,377501,646,10,0,1,1,1,0,1,29,73.8,0
1521470,377511,731,0,256.38,3,1,0,1,0,10,13.86,80
7784575,377521,676,0,725.13,1,1,0,0,0,7,62.49,63
8586676,377746,608,1,64424.08,2,1,0,1,1,15,38.03,8
5191831,377860,647,6,0,1,1,1,0,0,10,96.2,5
2589226,377877,556,3,41.35,1,1,1,0,1,15,9.71,1
8751799,377880,714,5,23241.56,2,1,0,1,0,6,46.1,8
2709721,377896,800,7,41441.63,2,1,1,0,1,13,47.51,3
3345338,377932,607,2,13614.18,3,1,1,0,1,29,59.64,3
3037647,378082,638,4,50917.32,1,1,0,1,1,8,50.36,26
1200603,378085,749,0,26125.67,2,0,1,0,0,6,44.83,1
2034637,378095,605,2,48964.77,2,1,1,0,0,12,109.53,13
4729376,378150,612,2,164.64,1,0,0,1,0,9,95.96,108
3193037,378258,578,0,56731.03,1,1,0,0,0,2,93.58,52
4324120,378297,595,1,0,3,1,1,0,0,16,5,7
7720647,378361,837,4,41618.54,1,0,0,1,2,1,109.11,38
7245146,378428,627,1,27855.18,1,1,0,1,1,5,214.82,59
2409947,378517,641,4,0,2,1,1,0,0,9,203.92,1
5342289,378535,565,3,0,3,0,1,0,1,8,69.27,3
2258076,378727,718,7,4875.97,2,1,0,0,1,3,38.8,16
1365746,379190,657,0,0,2,0,0,1,1,6,63.6,168
2081661,379378,541,3,45324.43,2,1,0,0,1,5,40.03,5
4317700,379449,604,1,16029.24,1,1,1,0,0,18,147.15,7
8439543,379473,481,1,37295.43,1,1,0,0,1,11,29.99,74
3160763,379676,666,3,0,2,1,1,0,0,11,335.88,5
2543145,379766,746,1,37950.15,2,0,1,0,0,29,7.74,7
6562484,379786,558,1,71112.47,1,1,1,1,2,12,99.49,10
3055673,379825,711,6,43593.7,3,1,1,0,1,17,80.24,2
1716325,379946,749,8,0,1,1,1,0,0,7,17.36,7
8734211,379947,663,1,82398.44,1,1,1,0,1,28,143.84,7
1849559,379963,755,1,1865.64,3,1,0,1,0,2,105.55,60
3818391,380028,668,2,30151,1,0,1,0,2,18,116.18,6
8267158,380061,711,0,64854.01,4,1,1,0,1,17,21.82,10
7626978,380150,711,0,43281.1,3,1,1,0,0,9,72.32,2
9323619,380310,644,1,46935.45,3,1,1,0,0,17,29.04,5
1494630,380329,676,2,23938.16,1,1,0,1,1,2,71.66,81
7421134,380345,698,2,16442.08,1,1,1,0,2,13,11.74,0
8158234,380439,782,10,42209.67,1,0,1,0,1,38,102.82,15
3899223,380464,674,2,5810.37,2,0,1,0,1,24,167.3,10
6938182,380465,639,2,36212.71,1,1,0,0,0,2,16.53,96
4602338,380746,579,0,0,4,1,1,0,0,27,107.41,6
4139874,380901,702,1,46830.79,1,0,1,0,0,23,413.15,7
5613428,380989,594,3,47016.93,1,1,1,0,0,11,76.7,5
5695180,381342,790,8,0,1,0,1,0,1,16,13.35,10
8482830,381433,850,10,48145.88,2,1,1,0,1,15,39.79,7
3493621,381444,615,0,69862.46,2,1,1,0,0,30,120.3,19
1581321,381502,689,3,31522.69,1,1,1,0,1,16,160.46,1
5123584,381581,753,7,0,1,1,1,0,1,1,5.1,1
5951043,381607,590,10,28911.03,2,1,1,0,0,12,138.06,0
9370012,381631,747,1,47355.36,2,1,1,0,1,27,38.55,1
7912082,381770,661,6,63336.43,2,0,1,0,1,12,30.74,4
9036805,381819,584,2,0,2,1,1,0,0,13,67.5,1
2023059,381880,514,0,45410.98,1,0,1,0,2,8,125.11,4
2471723,381981,745,5,54565.02,1,1,1,1,1,5,55.93,4
5693862,382146,790,1,0,2,1,0,1,0,14,94.39,5
7425930,382154,799,0,81454.81,1,0,1,0,1,13,168.32,9
3302438,382271,640,4,0,1,1,1,1,0,18,57.97,2
8033593,382329,596,5,22833.74,3,1,1,0,0,5,329.72,10
4346346,382495,616,5,35176.99,3,1,1,0,0,10,669.04,16
9821696,382507,651,0,85619.61,1,0,1,0,0,11,73.46,14
5180005,382602,615,10,62426.27,2,1,1,0,2,25,61.55,0
1327658,382795,782,1,0,2,1,1,0,2,6,322.48,0
7417252,382870,522,1,53765.73,1,1,0,0,0,11,15.53,6
7024901,382894,595,3,0,3,1,0,0,3,4,65.7,26
9047769,382967,722,1,97.67,1,1,0,1,2,0,58.65,35
9131572,383060,576,3,25568.69,2,0,1,0,0,23,36.78,0
6771934,383062,663,0,431.81,1,1,1,0,0,11,135.78,9
9428760,383091,566,3,13120.39,1,1,1,0,0,7,9.13,2
6395626,383201,676,2,0,1,0,0,0,0,0,48.06,21
7515956,383457,469,5,12080.12,1,0,1,0,0,17,130.25,0
5537157,383572,666,0,131.12,1,0,0,1,1,6,134.85,4
4016809,384076,525,7,7204.34,2,1,0,1,2,6,116.11,28
1437264,384111,567,7,9261.44,2,0,0,0,1,13,54.48,29
6349877,384218,695,3,0,2,1,1,0,2,15,196.45,0
4674549,384263,604,1,273.18,1,1,0,1,1,6,64.22,82
1491630,384303,557,0,38562.42,2,1,1,0,2,21,18.12,23
5713268,384424,731,1,12441.35,1,0,1,0,0,14,41.12,1
1982997,384434,657,0,614.35,2,1,1,0,0,18,220.79,3
8913550,384459,670,1,18222.54,2,1,0,0,0,6,64.21,6
9882399,384489,422,1,30234.52,3,1,1,0,0,18,162.79,4
6996728,384685,766,2,0,2,1,1,0,0,21,167.54,2
4905100,384815,700,0,0,1,1,1,1,1,22,46.51,0
3678059,384913,850,0,37969.13,2,1,1,0,0,21,38.82,4
2679975,385037,538,0,24681.47,2,1,1,1,0,17,59.46,1
5158351,385071,578,1,53039.89,1,1,0,0,2,0,48.93,57
5045872,385166,598,3,11942.83,1,1,1,0,0,16,108.57,2
5471581,385192,813,3,0,2,0,1,0,0,11,40.9,7
9953825,385320,694,4,21126.82,2,1,0,0,2,3,117.76,0
1937991,385353,516,0,9365.48,1,1,1,0,1,25,66.06,0
4681115,385470,721,0,50449.18,1,1,1,0,0,23,49.52,1
7516648,385577,786,4,44215.24,2,0,1,0,0,24,20.13,7
6952633,385647,724,0,21863.99,1,0,0,0,1,6,177.05,44
3914404,385765,641,1,0,1,1,1,1,0,18,171.09,0
3954473,385831,848,0,57445.13,2,0,1,0,0,14,33.78,11
4968669,385898,830,10,29848.11,2,0,1,0,1,27,27.27,1
6335227,386042,563,8,25816.15,2,1,1,0,1,11,73.61,2
7019382,386090,624,4,14766.91,3,0,1,0,0,22,391.96,13
1473227,386193,600,0,53560.42,3,1,1,0,0,18,21.58,0
6900247,386436,616,2,76085.06,1,1,1,0,2,19,51.23,9
3384080,386488,730,4,44981.98,2,1,1,0,1,26,76.77,1
4158036,386544,567,3,0,3,1,0,1,2,7,66.62,2
9258194,386604,776,0,0,2,0,1,0,1,23,97.84,9
6185050,386706,825,6,0,1,1,1,0,1,12,124.43,9
3945353,386741,517,5,0,2,1,1,0,0,41,99.26,4
9228157,386780,613,0,0,2,0,0,1,2,5,8.1,31
1636925,386814,569,2,69484.14,2,1,1,0,0,39,366.08,10
2514267,386886,728,0,0,4,0,0,0,1,2,45.98,36
1942342,386929,645,0,12461.61,3,1,1,1,0,34,20.91,0
4902772,387096,605,1,14076.19,3,1,0,1,1,7,212.96,19
4671004,387198,586,6,26054.35,1,1,0,1,1,6,140.44,62
1334336,387286,723,2,28080.16,2,1,0,0,0,9,79.11,13
9832340,387330,715,3,23786.7,1,1,0,1,2,5,50.1,4
9019324,387636,625,3,7447.5,1,1,1,0,0,21,36.96,3
1011467,387748,772,0,43775.32,1,1,1,0,0,4,12.49,0
6565572,387782,723,4,80137.91,1,1,0,1,3,3,26.85,0
4380011,387813,616,10,39594.36,2,0,0,0,2,14,70.94,36
3189251,387892,708,1,30499.8,2,1,0,0,1,3,173.22,58
6716988,387936,582,0,49044.76,2,1,1,0,0,16,111.23,5
3977282,388016,688,6,1447.52,1,1,1,0,1,10,20.78,4
6428919,388078,530,1,41462.29,3,1,1,0,3,16,77.57,2
1999183,388086,766,10,29093.58,2,1,0,1,3,6,26.37,30
1367637,388204,680,1,140.91,2,1,1,1,1,16,40.33,2
3478196,388339,780,10,44724.35,2,1,0,1,5,10,368.23,62
3376537,388375,645,10,14217.68,4,0,1,0,0,14,131.89,16
2860938,388389,794,1,44540.93,3,1,1,1,3,9,37.39,27
9829762,388519,517,1,8782.22,2,0,1,0,0,17,63.57,1
7121835,388586,546,1,82116.96,2,1,1,0,0,29,55.03,0
2216878,388698,720,0,43979.96,2,1,0,0,0,12,77.87,11
7267813,388755,719,0,1007.37,2,1,0,1,3,7,51.24,68
7636992,388792,502,1,8.3,1,0,1,0,0,20,33.18,11
2695038,388946,601,3,99814.37,2,1,0,0,1,11,34.13,23
6646557,389039,577,0,38329.73,3,1,1,0,1,24,21.44,2
6062779,389279,716,1,37970.46,2,0,1,0,1,23,51.33,5
6412383,389282,850,0,8666.72,2,1,1,0,1,16,154.92,5
3289279,389340,734,3,23028.64,1,1,1,0,2,12,34.84,9
3642476,389346,682,0,5925.24,1,1,1,0,0,8,126.94,1
8329435,389362,824,0,51718.42,1,1,1,1,0,30,431.57,12
9173859,389366,571,0,51321.53,3,1,0,0,0,10,158.52,7
6323132,389511,733,1,33181.45,3,1,0,0,1,0,115.6,11
3922635,389617,677,3,22578.49,1,1,0,1,1,1,224.36,6
6986539,389666,729,7,100081.14,1,1,0,1,4,5,282.57,6
4745298,389688,480,2,37928.09,2,0,0,0,1,8,59.24,49
3941912,389809,601,3,23123.67,1,0,0,0,3,14,162.12,96
7348231,389854,649,6,35120.54,3,1,1,0,0,15,52.11,3
6147639,389913,575,0,43424.86,2,1,1,0,0,21,25.07,2
5941179,389930,581,1,8859.53,2,1,1,0,0,21,42.65,3
3136551,389939,624,6,29342.35,1,1,1,0,1,33,103.3,0
3981450,390088,821,1,24106.67,2,1,1,0,2,23,136.98,7
1030163,390119,786,1,23204.97,3,1,1,0,0,20,311.79,4
7569981,390120,632,7,25471.28,3,0,0,0,2,4,45.99,52
1543292,390334,730,0,0,1,1,1,0,1,21,162.45,0
4054824,390421,577,10,9300.41,2,0,0,1,3,15,43.62,107
6338793,390607,534,0,469.37,1,1,0,1,1,7,108.66,2
4706007,390743,583,2,0,1,1,0,1,0,3,72.68,9
2746679,390756,578,0,78020.16,3,1,1,0,1,10,23.09,16
9324603,390782,650,1,17167.53,1,0,1,0,1,14,34.24,0
3359604,390794,608,2,0,3,1,0,0,1,0,188.89,25
6556084,390946,753,5,36663.28,1,1,1,0,0,20,15.64,3
2305378,391345,735,0,35024.29,1,0,0,1,5,4,34.22,71
4992909,391369,346,1,65124.12,1,1,0,1,2,7,31.34,80
6818508,391476,647,1,0,2,1,0,0,0,6,81.89,70
6360633,391622,616,3,51194.52,4,1,1,1,1,14,65.32,1
3816683,391668,659,1,29561.88,2,0,1,0,1,22,110.01,11
2488575,391704,642,10,19504.22,2,0,0,0,1,0,35.92,43
6632941,391740,632,2,19390.31,3,1,0,0,1,2,65.36,32
8493206,391773,642,0,50453.86,2,1,1,0,0,20,57.51,5
1191186,391865,795,8,280.68,2,1,0,0,2,11,11.85,38
5449526,392004,403,1,31676.47,3,0,0,0,1,9,107.07,11
4517918,392075,620,0,41758.23,2,0,1,0,0,14,28.36,0
5186600,392099,631,3,84898.37,2,0,1,0,1,25,10.38,4
2137407,392136,713,10,51935.4,2,1,0,0,2,0,68.48,86
6880098,392227,684,4,40319.16,1,1,0,1,1,8,111.12,89
5306005,392477,790,3,309.22,1,0,0,1,1,2,113.07,148
2812519,392559,489,2,16093.72,3,1,0,0,0,8,35.49,87
1021494,392670,677,4,0,2,1,1,0,1,28,401.21,14
1807780,392683,682,1,48359.26,1,1,1,0,1,21,106.46,0
7474950,392731,672,0,94058.35,1,1,0,1,2,0,141.84,5
8352113,392993,513,10,19483.01,2,1,1,0,0,7,77.11,11
8040612,393212,578,0,55228.75,3,1,1,0,3,16,283.55,1
3790695,393243,522,0,45062.6,4,1,1,0,0,7,111.13,9
7946088,393308,748,4,7800.05,1,1,1,1,1,24,24.57,1
9272543,393328,572,10,0,2,1,1,0,0,19,235.16,1
7353742,393366,727,5,62478.41,3,1,1,0,0,21,28.1,4
6892681,393418,583,1,44917.94,1,1,0,0,1,12,86.15,3
7297287,393448,643,6,22881.03,1,1,1,1,0,12,49.3,5
2701688,393804,515,0,0,4,1,0,0,2,6,73.14,30
9044494,393880,655,4,99017.16,3,0,1,0,1,19,120.82,1
4784650,393916,790,0,719.87,1,0,1,0,0,23,76.72,1
3728923,393964,738,3,0,1,0,1,1,0,20,161.04,8
8571346,393992,636,4,14891.46,1,0,0,0,0,12,366.57,15
2236638,394083,469,4,60409.28,4,1,0,1,2,2,34.92,58
1560573,394234,656,1,101556.22,2,0,1,1,0,18,21.73,5
5947745,394247,572,6,0,1,1,1,0,0,15,162.16,10
1336852,394450,819,3,65433.9,1,1,1,1,2,20,60.81,2
6347182,394579,707,0,33365.28,2,1,1,1,0,25,503.56,11
5380995,394620,729,6,109.62,1,1,1,1,1,12,260.15,0
2756994,394739,671,5,0,2,1,1,1,0,15,427.53,4
2244876,395023,682,1,0,2,1,0,1,2,0,194.41,27
6734590,395192,555,1,0,1,1,1,0,0,18,686.99,1
3853891,395198,594,0,66840.09,2,1,0,1,2,8,1910.37,72
7299138,395307,814,0,43605.47,2,1,1,0,0,15,19.66,1
3699529,395442,556,1,0,2,1,1,0,1,29,82.3,1
2258331,395459,673,1,41988.73,2,1,0,1,1,13,26.4,2
2562037,395818,602,2,0,1,0,1,0,2,18,75.08,1
6669869,395917,602,1,0,2,1,1,1,0,15,234.46,3
9098979,395968,562,8,0,3,1,0,0,1,3,141.66,35
1519979,396020,624,3,28428.58,2,1,1,0,0,17,60.67,1
8236404,396408,564,2,0,3,0,1,0,0,16,19.24,8
3768193,920125,794,10,39375.22,2,1,1,0,1,17,41.4,7
8284673,396451,643,7,0,1,0,0,1,3,2,223.79,95
3635764,396567,623,2,37056.27,1,1,1,1,0,15,245.32,0
1898516,396578,416,0,0,2,1,0,1,1,10,150.5,216
2698824,396635,709,6,34786.12,2,1,0,0,3,3,50.04,179
6554845,396745,729,4,10860.58,3,1,0,0,1,8,224.39,85
4448564,396809,708,2,75917.37,1,1,0,0,2,8,147.51,147
4187406,396882,623,2,19847.64,1,1,1,1,1,12,76.81,3
7866576,397005,761,0,1114.54,2,1,1,0,1,26,106.49,0
5450404,397026,602,3,0,2,1,0,1,3,5,79.22,32
5723173,397027,655,1,43140.27,2,1,1,0,0,17,196.55,9
5989554,397058,560,3,1360.59,3,1,0,1,3,7,65.4,151
4985398,397223,671,1,23763.04,2,1,0,1,1,7,246.5,32
2609202,397368,663,4,120914.73,3,1,0,0,1,11,270.07,9
1832744,397514,618,7,88800.82,4,0,1,0,0,15,40.99,0
7591805,397571,724,1,0,1,1,1,0,0,8,56.82,5
9236745,397809,604,0,11503.52,1,0,0,0,0,2,26.69,5
3576811,397846,549,1,75815.9,1,1,1,0,1,17,236.02,15
1914439,397949,604,1,38366.31,2,1,1,0,1,35,40.19,5
7053704,397979,640,0,0,1,1,0,0,0,8,552.24,34
1064014,398151,766,2,143024.64,3,1,1,0,0,8,33.93,0
8174037,398194,695,1,96958.04,4,1,0,0,3,7,119.48,2
2470159,398301,773,0,57824.71,2,1,0,1,2,0,331.23,6
5941719,398313,657,1,46254.74,1,1,0,1,2,11,103.75,57
9058573,398384,707,1,0,2,0,0,1,4,5,44.79,22
4349987,398433,645,2,31852.68,2,1,1,1,0,30,12.06,1
2627170,398505,567,2,32920.95,1,1,1,0,2,24,21.95,4
1431773,398761,682,2,58195.68,2,0,1,0,1,25,37.07,3
4472094,398768,780,2,74153.49,1,0,0,1,1,7,93.63,29
3866088,398830,512,2,22978.72,1,1,1,0,1,24,112.99,1
5895783,398910,666,5,0,4,0,1,0,0,32,111.87,0
2374659,398911,675,2,46325.91,1,0,1,0,1,16,42.03,1
8945197,398916,731,2,0,1,1,1,0,0,14,589.46,2
2937918,398987,532,8,30377.62,3,1,1,0,0,20,25.03,5
6173311,399105,599,0,3303.04,2,0,0,1,2,0,29.76,55
7668395,399279,569,0,27038.52,1,1,0,1,1,11,28.49,19
8901136,399449,580,1,0,1,1,0,1,2,11,23.88,101
9205682,399607,509,3,0,1,1,0,0,0,1,24.16,60
5446036,399628,629,5,3720.38,2,1,0,0,0,4,70.54,81
2529023,399803,487,1,35241.84,2,1,0,1,1,9,14.46,3
7501626,399817,692,3,21430.81,4,1,1,0,1,38,154.77,4
4101792,399899,753,10,25672.19,1,0,0,0,0,8,41.74,39
7224691,399990,655,0,1406.95,2,1,1,0,0,6,79.48,1
7399588,400009,676,1,70333.09,2,0,0,0,2,5,110.52,16
7197531,400096,500,3,39323.53,3,0,0,0,1,11,35.71,56
4130342,400384,519,5,28379.63,2,1,0,1,2,2,27.31,39
8478868,400404,703,0,28983.22,3,1,1,0,0,18,18.02,2
1748547,400441,711,0,25431.89,1,1,1,1,1,17,49.45,12
5417373,400487,649,1,29393.95,3,1,1,0,1,14,69.35,15
8377620,400538,597,0,37787.96,2,0,1,0,1,27,53.72,0
8802377,400614,690,4,42555,1,0,1,0,0,20,61.98,0
5419132,400692,572,1,0,2,1,1,0,1,25,42.83,5
4795715,400748,557,2,17736.5,2,1,1,0,0,14,51.81,10
5505722,400814,687,10,48022.5,3,0,0,0,0,12,56.39,6
2034137,400850,739,5,51834.12,3,1,0,1,0,7,91.34,21
3535551,401022,708,7,26086.72,3,1,0,1,1,0,73.93,28
2622400,401036,622,10,12481.55,2,1,1,0,0,16,92.25,7
2437930,401137,490,1,0,1,0,1,0,0,29,40.29,0
6767862,401198,711,0,27314.51,2,1,1,0,0,25,32.84,7
7945543,401244,516,0,0,1,1,1,0,0,14,101.53,8
4817030,401338,601,10,33223.16,2,0,1,0,0,26,525.58,5
2023137,401601,659,1,35028.17,1,1,0,1,3,0,351.08,40
7494562,401602,721,0,0,1,0,1,0,1,25,57.14,3
9767475,401603,689,10,65.59,1,0,1,0,0,23,32.64,0
8023480,401610,451,7,0,3,0,1,0,1,19,45.6,0
9984440,401659,625,3,45576.61,2,1,1,1,0,20,12.03,4
8966231,401769,805,0,41596.34,2,0,0,0,2,17,215.94,2
4953417,402020,711,6,85877.62,4,1,1,0,0,2,74.59,2
8990355,402096,626,2,43302.62,2,1,0,0,3,6,240.25,23
6013906,402099,604,0,21869.31,1,1,0,1,0,5,66.07,27
2324645,402218,642,2,0,3,0,1,0,0,12,273.85,1
7623718,402380,701,2,12652.1,3,1,0,0,1,5,74.76,24
1582647,402483,689,1,39100.41,1,1,1,0,1,30,127.91,1
9423864,402620,616,4,0,2,1,1,0,0,28,168.34,4
9670757,402630,659,2,80057.78,2,1,0,0,1,1,12.85,52
3473761,402692,710,0,61839.98,1,0,1,1,1,17,312.94,13
3017994,402808,558,3,0,2,1,1,0,0,6,36.8,3
8533636,402820,702,2,1544.36,2,0,0,0,2,7,48.57,8
3900427,402865,617,4,36970.97,1,1,0,1,2,3,71.77,21
3804559,403042,535,10,42769.85,3,0,1,0,1,1,25.73,0
4554926,403257,779,3,65360.6,2,1,1,1,0,12,86.82,1
4233407,403314,613,7,11632.08,2,1,0,1,2,4,85.94,42
3117049,403387,693,2,17487.48,1,1,0,0,2,0,53.47,12
1715982,403445,620,10,6267.71,1,1,1,0,0,18,137.85,1
8103052,403507,516,1,132245.87,2,1,1,0,0,23,51.72,2
2314805,403528,578,0,0,2,1,0,1,2,4,113.37,10
8304686,403578,674,1,0,2,0,0,1,0,5,31.32,32
4387643,403662,634,2,92818.43,3,0,1,0,0,21,265.39,10
3480985,403742,667,6,102488.4,3,1,1,0,0,11,25.07,1
5326615,403859,625,1,25887.71,1,1,1,0,1,5,55.03,9
6364506,403915,640,1,61144.43,1,1,1,1,1,2,133.65,3
2124274,404043,638,6,24175.15,2,1,1,0,1,11,31.64,21
2460078,404309,560,10,1370.05,1,0,0,1,3,8,15.44,25
7511223,404466,570,10,98193.77,3,0,1,0,0,22,171.67,20
7666510,404561,757,1,45958.04,2,1,1,0,0,11,127.04,0
6471499,404598,646,3,818.37,1,1,1,1,0,11,210.25,6
5633880,404681,683,4,19077.28,1,0,0,0,0,9,22.51,4
9718920,404694,626,5,111651.41,4,1,1,0,1,17,30.92,0
8686601,404771,629,1,49135.42,4,0,0,0,0,8,131.5,8
1207430,404955,463,1,91389.6,2,1,0,0,1,7,74.52,52
9767135,405134,604,6,0,2,1,0,0,2,1,12.91,6
8039616,405323,632,2,17350.7,2,0,1,0,0,15,52.58,3
2887752,405407,613,2,86963.25,2,1,1,1,1,8,116.5,2
7953189,405420,461,3,69059.49,1,1,1,0,0,12,128.69,1
3510581,405482,656,2,46642.96,2,0,0,0,3,5,251.97,59
3486379,405509,621,0,0,2,1,0,0,2,1,61.08,19
2681144,405605,465,7,112341.88,1,1,1,0,0,8,12.15,24
2772258,405663,530,0,42920.5,1,0,1,1,1,4,23.89,5
2694338,405759,506,5,0,1,1,1,1,0,9,220.71,3
5799841,405844,550,1,107914.32,3,1,0,1,0,11,94.41,25
9986438,405925,579,1,46918.7,2,1,1,1,0,19,62.88,5
6769167,405986,555,1,79122.03,1,1,0,1,1,9,40.48,2
7893590,406024,710,2,32692.78,3,1,1,0,0,21,177,13
5431477,406039,694,2,61726.64,4,1,1,0,0,21,420.42,1
7426403,406166,627,2,86895.33,2,1,1,0,0,23,73.65,2
9146760,406278,609,1,21075.93,2,1,1,0,0,17,141.46,2
8936405,406327,600,3,132678.89,3,1,0,0,1,6,37,60
1628569,406461,531,1,15998.89,1,0,0,1,0,3,271.89,0
3889032,406703,627,2,28551.81,4,0,0,0,4,7,35.27,14
5620682,406849,589,7,0,1,1,0,0,1,2,55.81,25
7760781,407057,595,1,106.61,2,1,0,1,2,10,10.03,1
3413447,407151,721,7,41620.62,2,1,0,1,3,7,57.41,23
7739741,407419,755,1,57927.73,3,1,1,0,1,23,65.4,1
1650662,407618,578,0,0,3,1,0,1,1,2,69.05,28
7640300,407696,576,1,22286.48,2,1,1,0,0,24,56.13,6
6561547,407757,746,1,56816.67,1,0,0,1,1,10,152.54,13
4985919,407835,647,0,39526.09,1,1,0,0,4,8,15.9,38
1826965,408036,636,4,36533.74,1,1,0,0,1,10,52.07,14
8972838,408054,454,2,27559.09,2,0,1,0,0,19,156.92,0
5506097,408334,521,0,17874.8,1,1,0,0,1,13,69.91,51
7248518,408463,652,3,29946.41,2,1,1,0,0,7,285.02,5
1339451,408467,585,3,34528.13,2,1,1,0,0,15,486.51,0
6668452,408474,638,6,95772.04,1,1,1,0,1,21,80.82,1
6084418,408528,759,3,1971.22,1,1,0,0,0,11,53.27,52
6216863,408545,616,0,0,2,0,1,0,3,11,264.5,7
5703436,408721,687,2,20525.14,1,1,1,0,1,0,44.83,18
9248001,408823,709,0,4062.3,2,0,1,0,0,5,55.63,1
2647814,408857,650,6,0,2,1,0,1,1,6,96.32,24
4824490,408877,551,2,34090.6,1,0,0,0,1,11,324.5,1
3254614,408929,752,2,0,2,1,0,0,0,5,56.4,62
6041225,409030,738,5,29960.12,3,0,0,1,0,3,27.59,26
8434162,409222,579,5,115574.57,1,0,0,0,2,2,98.42,32
6383277,409234,613,4,156.82,2,1,1,0,0,17,87.94,3
5520117,409307,539,0,51790.15,2,0,1,0,0,11,42.92,5
7992286,409355,633,0,92292.13,3,0,1,0,0,17,385.97,1
2497984,409369,567,4,12616.13,2,0,0,0,1,7,90.93,6
4153037,409440,719,0,30826.46,2,0,1,0,1,31,85.87,0
8410774,409445,707,0,0,1,1,1,1,0,31,68.42,2
4546544,409477,716,0,17541.25,1,0,1,0,0,13,129.21,4
7831185,409478,680,2,22224.03,1,1,0,0,1,11,21.87,109
9127895,409499,528,5,0,3,1,1,0,0,26,97.46,2
9665455,409531,632,2,0,1,1,1,0,1,29,31.03,4
7273172,409571,673,3,30620.58,2,0,1,0,0,0,94.34,9
1942977,409698,576,0,29118.06,1,0,1,0,0,29,245.45,1
9644791,409727,618,3,51285.86,2,0,0,1,0,4,32.79,42
3667115,409783,563,3,0,2,1,1,0,0,25,54.16,2
2100870,409898,576,4,27160.39,1,1,1,0,1,14,31.04,2
6219779,409963,720,3,3698.97,1,1,1,0,0,19,17.87,2
9502613,410000,756,9,34538.77,3,0,0,0,3,3,53.23,23
7767679,410016,629,6,16477.86,2,1,0,0,2,5,23.66,19
3275826,410035,684,7,6109.2,1,1,0,1,1,9,50.98,22
9796063,410158,720,1,88154.04,1,0,1,0,2,15,55.61,3
1485669,410160,693,3,37029.29,2,1,0,1,0,8,62.5,43
3914829,410244,743,3,532.63,1,1,0,0,0,11,10.28,20
4234033,410401,621,1,0,2,1,1,0,2,18,16.83,22
4367636,410636,515,4,37307.37,1,1,1,0,1,7,23.22,0
1966829,410833,542,3,0,1,1,0,0,1,6,15.55,13
5185752,410997,687,8,0,1,1,1,0,1,22,52.86,0
1554840,411120,527,0,0,2,1,0,1,8,8,87.27,45
8657937,411797,712,9,1311.93,2,1,0,0,1,5,78.74,80
1848243,411847,840,6,9030.69,2,1,0,0,1,0,69.45,36
7046090,411882,591,1,161.2,2,0,1,0,0,19,147.53,1
4340507,411893,699,1,0,1,1,1,1,0,21,14.13,3
5596579,412071,737,0,0,3,0,1,0,0,22,106.07,1
7179919,412170,701,0,17616.23,2,1,0,0,1,4,138.99,32
8788293,412534,738,0,19324.33,1,1,1,0,1,32,23.69,0
9474614,412687,793,10,0,2,0,1,1,0,21,89,14
7659586,412848,522,6,35703.9,3,1,0,0,0,4,542.71,44
3078241,412856,581,3,59757.59,2,0,1,0,1,9,53.64,2
1512765,412886,641,2,765.83,1,0,1,0,0,11,131.92,1
5059047,412938,743,8,14818.72,1,1,1,1,1,21,50.04,0
7248955,412942,805,10,20064.15,2,1,0,0,1,1,129.27,3
9200480,412974,677,1,68699.38,2,1,1,0,0,22,55.61,4
8484373,412999,484,2,42679.77,1,1,1,0,2,25,58.93,11
3979359,413058,648,1,0,2,0,0,1,1,2,33.62,55
8962169,413118,556,1,17352.53,1,1,1,1,0,21,49.64,13
6867997,413305,598,10,138876.16,3,0,1,0,0,18,67.29,0
6775539,413328,834,1,51586.18,3,1,1,0,0,27,9.33,1
3743303,413357,829,3,42337.04,4,0,0,1,2,1,31.33,73
5339593,413369,712,0,16129.5,1,0,1,0,0,14,11.47,8
2516524,413388,639,0,40276.79,1,0,0,0,2,4,92.17,10
5782670,413433,703,4,97983.01,3,1,1,0,0,8,24.71,1
1460542,413685,611,6,67217.61,4,1,0,1,3,10,117.6,57
7485495,413769,457,1,296.61,1,1,1,0,0,14,40.06,3
1833006,413791,684,10,0,2,1,0,1,3,2,13.66,38
3733132,413814,659,3,39026.37,3,1,1,0,0,6,79.06,3
4595669,413833,596,0,0,3,0,1,0,0,14,86.66,2
4713654,413884,754,9,0,1,1,0,1,1,9,64.64,55
4776753,413921,779,5,35837.01,1,0,0,1,1,6,56.45,59
4468370,414012,656,3,47214,4,0,1,0,0,9,59.41,0
5514473,414164,602,2,28990.58,2,1,1,0,0,18,43.98,9
7870390,414295,612,0,0,1,1,1,0,0,25,15.88,16
9611430,414313,629,2,745.56,1,1,1,0,1,22,28.03,5
1336422,414353,656,2,128015.24,3,1,1,0,1,16,32.03,0
1149283,414455,698,5,1067.98,1,1,1,0,0,9,39.11,9
8954031,414527,733,0,47256.88,3,1,1,0,0,17,111.9,3
3219862,414546,733,1,0,3,1,1,0,0,20,116.06,3
3905824,414569,523,5,14468.73,2,0,1,0,1,22,96.82,23
1141997,414608,531,10,97119.77,3,1,0,0,2,2,13.86,8
4754238,414777,$656.00 ,3,1.22%,1,1,0,1,1,8,105,19
5234408,414849,561,9,19333.33,1,1,0,1,2,2,508.72,13
6124763,414870,628,3,39187.1,2,0,1,0,1,20,58.46,0
5620085,414889,533,3,30260.49,2,1,1,0,5,15,83.89,5
8110298,414910,718,0,68787.22,2,1,0,0,2,6,41.38,14
7316209,414922,640,1,48473.6,1,1,0,0,2,2,20.65,42
6850369,414985,768,0,4769.15,1,1,1,0,2,16,84.54,4
8700708,415029,579,2,22155.47,3,1,0,0,3,9,189.36,164
5227836,415076,666,0,20467.55,2,1,0,1,2,2,16.74,46
4660940,415098,655,1,0,3,1,0,0,0,7,19.18,7
8829893,415344,763,3,47986.93,1,1,1,0,1,17,22.39,4
6069153,415568,708,1,52432.79,1,1,0,1,0,0,98.62,73
9734854,415743,549,1,38566.7,2,1,0,0,0,13,135.45,0
7663113,415759,535,1,0,1,1,0,1,0,5,150.01,99
2716512,415779,683,1,37673.51,2,1,0,1,1,0,108.31,6
1123271,415783,649,2,0,2,1,0,0,0,7,147.42,2
9581776,415830,652,0,26113.56,4,0,0,1,1,7,167.47,21
7278533,415989,473,4,0,1,0,0,1,0,10,29.95,9
5742531,416006,624,4,0,2,1,1,0,0,37,80.95,0
6007595,416061,669,1,0,2,1,1,1,0,19,75.75,5
2813693,416232,603,5,47628.67,2,1,0,1,0,8,32.07,11
9082229,416282,756,3,40968.3,3,0,0,0,3,9,110.7,12
2071008,416302,589,0,0,2,1,0,0,0,5,157.34,5
6641903,416422,697,1,2829.9,2,1,0,0,2,6,35.9,128
5638619,416423,549,0,78028.5,2,1,1,0,2,16,79.46,3
6454894,416503,560,2,0,2,1,0,1,1,6,42.93,75
5645358,416528,559,2,46464.09,2,0,1,0,0,16,92.29,6
5381318,416613,616,1,68901.35,1,1,1,0,1,23,138.59,0
6012883,416768,579,3,82666.61,3,0,1,0,2,13,37.52,4
4160157,416793,552,0,9868.08,2,1,1,0,0,29,27.12,7
3515396,416797,556,3,67219.06,2,0,0,1,1,4,148.74,27
9678746,416822,850,0,0,2,1,1,1,2,22,160.93,6
5031599,416869,816,3,38261.33,1,1,0,0,4,4,18.07,17
1952520,416950,704,2,25193.85,2,1,1,0,0,6,18.46,6
7779646,417003,566,8,9022.49,2,1,1,0,1,14,57.24,1
6361758,417012,608,3,35368.6,1,1,1,0,1,15,101.14,5
3347627,417212,703,0,31720.1,2,1,0,0,2,6,29.1,14
1427068,417329,580,0,33866.12,2,1,0,0,0,7,18.25,89
9344531,417530,640,9,26859.09,2,1,1,0,1,6,35.67,7
5959422,417534,760,1,969.58,2,1,1,0,0,16,35.17,2
5352450,417538,698,4,35630.63,2,0,0,0,3,11,43.29,9
8022366,417543,645,3,63562.38,1,1,0,1,1,0,51.65,75
7788043,417776,538,3,53316.03,3,1,1,0,1,34,64.11,11
7514172,417915,769,0,53999.35,2,1,1,0,0,24,71.85,11
1592554,418083,741,10,111189.93,4,1,0,0,0,7,114.45,15
4186247,418319,612,0,0,2,0,1,0,2,18,54.33,8
6757387,418594,710,7,2667.8,1,0,0,0,0,11,119.91,44
4730635,418635,526,7,0,2,1,0,0,2,2,75.67,39
9969688,418667,523,0,38889,2,1,0,1,0,7,43.49,16
8981512,418672,607,3,7076.78,2,1,0,1,1,5,111.36,3
7014583,418841,721,2,85442.81,2,1,0,1,3,11,39.5,91
9511330,418862,649,8,0,2,1,0,1,3,0,73.5,5
6036433,418897,707,4,0,2,0,0,1,0,3,62.09,4
3851902,418992,602,0,40585.99,3,0,1,0,0,30,109.03,0
4038955,419149,772,1,30118.53,3,1,1,0,1,12,19.89,0
5928878,419343,681,0,0,3,1,1,0,0,23,13.56,0
2637507,419348,786,10,56776.54,2,1,1,0,1,23,67.78,4
8898392,419394,672,5,0,3,1,1,0,0,15,28.32,2
3146546,419457,671,1,16264.42,2,1,1,0,1,23,12.2,0
5339457,419491,687,0,0,3,1,1,0,1,30,13.01,3
4071377,419588,689,0,0,2,0,1,0,0,7,182.02,1
6630978,419625,531,5,0,2,1,0,1,1,11,14.31,15
2498202,419644,593,0,0,1,0,0,1,2,11,141.37,0
4728795,419739,574,0,27463.53,3,1,1,0,0,17,11.78,10
6960666,419939,591,2,204266.36,4,1,0,0,1,5,80.81,2
4746820,420015,573,3,38051.9,1,1,0,0,0,3,98.88,27
6152035,420214,735,0,2061.91,2,1,0,0,0,3,43.18,20
8054359,420297,757,0,8818.42,1,1,1,0,0,32,21.51,7
6558579,420310,672,3,43689.27,2,0,1,0,0,10,23.28,1
7235796,420349,498,0,68652.15,3,0,1,0,0,0,61.91,4
5371458,420523,484,2,0,1,1,1,0,1,0,38.48,4
5933359,420984,765,0,10108.84,1,1,1,0,1,14,177.64,0
8780612,421080,623,8,0,1,1,0,0,2,6,58.16,2
2976045,421384,596,2,108498.66,4,1,0,0,6,2,87.87,32
8894293,421517,561,0,21594.61,2,1,1,0,0,0,19.47,8
1900549,421549,737,0,35367.56,2,0,0,1,2,10,32.15,0
2194801,421709,500,3,0,1,1,1,0,0,21,21.4,2
8922531,421727,650,7,60234.07,2,1,0,1,3,3,57.73,4
4263903,422002,518,3,0,2,1,1,0,0,32,55.17,0
9396617,422266,622,3,38044.36,1,1,0,0,2,4,15.23,38
3010177,422448,601,0,28213.43,1,1,0,0,2,5,48.35,39
7403346,422451,590,2,0,1,1,1,0,0,15,47.67,3
9889215,422554,680,1,67358.5,1,1,1,0,1,12,65.47,15
6005578,422623,672,0,0,2,1,1,0,1,22,76.46,4
7930789,422679,529,8,47852.35,2,1,0,0,4,17,42.03,6
1907009,422722,463,2,37277.65,3,0,0,1,2,8,185.24,10
3529642,422823,732,0,63757.49,1,1,0,0,1,6,23.65,19
3304606,422998,734,4,9098.21,1,1,1,1,1,25,67.73,2
4360419,423026,661,0,75793.13,4,1,0,1,3,8,16.35,44
6749046,423139,702/850,1,"$37,991.47 ",1,1,1,0,0,5,42.37,0
7865099,423232,758,1,31786.5,2,1,0,0,1,7,90.67,11
8676774,423241,666,2,130390.82,1,1,1,0,1,7,32.16,4
3402902,423256,584,1,34925.65,2,1,0,0,2,0,27.03,62
6308033,423284,543,1,2678.32,1,1,0,1,3,5,12.99,7
4025884,423331,559,3,0,2,1,1,1,2,23,36.81,1
2355791,423401,557,10,40128.52,3,1,0,1,1,5,43.05,114
9180249,423404,682,2,40098.04,3,0,0,0,1,2,40.28,112
6580596,423528,672,1,2307.15,1,0,1,0,0,13,20.45,5
3966618,423869,645,2,101752.15,3,1,1,0,1,6,223.89,22
6258215,423939,588,4,85647.6,1,1,0,1,0,11,366.45,57
1973306,423993,688,6,58578.52,3,0,1,0,0,6,121.61,7
1079079,424008,740,3,0,3,1,0,0,0,7,92.73,10
8584194,424065,648,5,27933.98,1,0,1,0,2,17,224.16,1
5589036,424308,520,2,43309.45,1,1,0,0,0,10,17.35,50
4512853,424314,731,7,0,2,1,1,0,0,24,274.89,3
3828735,424398,545,0,50397.65,1,1,1,0,0,12,23.59,1
3658100,424500,719,0,32389.37,1,1,0,1,0,13,34.06,69
9213740,424553,699,6,67679.69,2,1,1,1,0,12,23.4,0
2477088,424620,584,7,35949.58,3,1,0,0,2,5,12.48,19
3171071,424703,668,5,48214.8,2,1,1,0,3,12,23.09,0
8276470,424960,645,2,36134.13,1,1,1,0,0,13,58.82,10
8204299,425138,506,10,123764.58,3,1,1,0,1,27,85.92,0
7767819,425236,624,0,20212.74,2,1,0,0,0,7,142.56,15
8197852,425301,669,2,0,4,0,1,0,0,24,43.73,7
9009447,425346,629,1,80337.95,3,1,0,0,1,6,178.82,23
7430982,425434,653,1,19913.73,2,1,1,0,0,17,46.07,3
1078335,425469,495,2,56760.33,4,1,1,0,0,7,125.59,5
1632925,425486,627,1,36254.63,1,1,1,0,0,28,21.94,0
9955386,425498,522,2,0,2,1,0,1,4,5,33.64,36
4345615,425790,404,0,46952.2,1,0,1,0,1,23,90.66,0
7259602,425845,696,0,16988.58,1,1,0,1,2,2,35.84,20
1236174,426053,764,4,16945.57,2,1,0,1,2,0,133.29,2
6405839,426084,556,10,0,1,0,1,0,1,20,17.22,3
9909268,426087,687,1,42191.67,1,0,1,0,0,23,37.25,3
4197346,426147,530,10,90159.79,2,1,1,0,1,16,70.66,1
1300582,426236,619,6,33483.5,2,0,0,0,0,9,27.82,18
1069186,426503,827,0,0,1,1,0,0,0,5,21.43,57
5174559,426711,575,4,26264.35,2,1,1,0,0,15,117.76,3
4796108,426775,582,1,87431.86,2,0,1,0,0,18,50.36,5
6777230,426858,541,10,28472.08,2,1,1,0,1,24,387.6,1
6236039,427040,514,1,1440.63,1,1,1,0,1,14,315.25,5
3163099,427110,605,0,0,2,0,0,0,1,8,57.27,105
2723158,427252,790,0,20396.55,3,0,0,0,0,5,28.08,62
7434909,427270,572,5,1911.19,1,0,0,0,1,0,52.63,38
9444584,427305,520,0,66174.38,2,1,1,0,0,26,80.76,7
6135759,427557,713,1,48094.62,3,0,0,0,1,0,10.98,32
3802133,427617,603,4,25669.48,2,1,0,0,1,11,73.42,5
2095334,427626,734,1,0,3,1,1,0,0,18,107.34,2
1767026,427659,575,0,60873.04,3,1,1,0,0,15,54.32,3
6003003,427679,728,1,45935.3,1,0,1,0,0,9,64.74,2
5879280,427704,696,3,57372.26,1,1,1,0,0,26,41.72,2
8649174,427730,671,6,57636,3,0,0,1,3,0,41.97,50
9728991,427766,615,0,0,2,1,0,1,1,7,121.19,34
9793234,427841,581,0,14461.56,1,0,1,1,1,25,142.72,8
6667933,427897,525,3,0,2,0,1,0,1,9,23.19,6
8275695,427905,701,5,24959.46,1,1,0,0,3,9,314.27,56
3244614,428096,615,1,0,2,0,0,0,0,1,40.75,54
6750102,428122,705,3,0,2,0,1,0,0,31,67.77,3
9223833,428267,777,2,37578.13,2,0,0,1,0,3,124.76,0
7027229,428399,628,5,70691.12,1,1,1,0,0,15,18,3
4161264,428429,709,10,0,3,1,1,0,1,20,36.64,6
3766286,428487,556,10,1526.16,3,0,1,0,1,9,249.56,3
7767788,428572,726,3,54140.77,4,1,1,0,0,23,276.52,12
1320859,428628,657,1,0,2,1,0,0,1,3,85.37,12
4832222,428638,569,10,1766.85,2,0,1,0,1,16,28.78,10
4763487,428709,678,3,27662.83,1,1,1,1,0,8,51.6,5
3201267,428838,690,4,404.09,1,1,1,0,3,18,25.45,11
4543184,428914,700,5,6314.22,3,1,1,0,0,16,61.05,0
1367643,428930,614,4,80939.96,2,0,1,0,1,21,18.6,0
9466346,428993,564,10,2625.5,2,1,1,0,0,35,104.29,6
3835093,429119,626,10,14388.92,2,0,0,0,0,2,21.99,41
3066315,429159,685,4,40152.04,1,0,1,0,0,20,209.53,6
7150383,429164,813,1,70795.42,1,1,0,1,1,8,71.81,102
1626854,429287,606,0,39053.7,3,1,0,0,2,11,70.88,4
7294684,429445,552,7,75431.2,3,1,1,0,1,28,82.88,0
5291430,429502,850,8,42523.57,1,1,1,0,0,15,106.94,0
9971338,429657,692,3,643.93,1,1,0,1,0,0,62.78,21
1815153,429761,635,0,0,1,1,1,0,0,26,17.21,3
1804641,429776,564,3,2860.62,2,1,0,0,1,3,81.38,46
2813842,429780,625,4,51787.86,1,0,1,1,0,3,54.26,0
1331211,429795,625,0,16807.22,3,0,1,0,1,31,151.93,4
1809249,429861,664,7,0,3,1,1,0,0,12,16.68,5
2942630,429963,661,10,38424.43,1,1,0,1,1,0,160.37,103
7992333,430201,648,0,0,2,1,1,0,0,35,78.26,1
8454356,430310,465,10,26938.1,4,0,0,0,4,11,159.91,8
7379599,430463,685,1,14143.36,4,0,1,0,0,17,39.6,1
3073581,430738,820,6,14888.19,1,0,1,0,1,16,59.19,0
5240244,430776,788,10,37468.79,2,1,0,0,0,7,81.75,3
8959049,430779,617,1,47561.44,2,1,1,0,0,18,165.71,9
3569046,430828,820,1,8064.14,2,0,0,0,0,2,90.03,61
4447632,430876,498,1,0,1,1,0,0,1,5,27.78,2
1156104,430926,583,3,34387.6,2,1,0,0,2,5,23.15,13
6051895,430984,721,1,0,1,0,1,0,0,20,159.41,0
8061051,431023,721,1,114877.92,2,1,0,0,1,4,30.34,15
2694160,431064,673,1,0,4,1,0,1,2,9,48.66,66
9729340,431067,725,10,0,1,1,1,1,1,18,30.01,0
5529464,431246,538,10,52561.35,2,1,1,0,1,25,100.46,0
3301222,431414,774,1,161112.74,4,1,0,1,0,11,278.25,13
8026730,431495,537,6,73351.18,2,1,1,0,1,1,148.31,2
2760168,431535,703,2,82660.78,3,1,1,0,2,23,177.79,10
9582968,431699,685,10,57980.19,2,1,1,0,2,16,19.16,9
2975258,431737,737,0,0,1,1,0,1,1,10,97.31,19
5743032,431752,546,10,38526.09,2,1,0,1,0,1,84.31,60
2912813,431773,566,0,19631.85,2,0,1,0,3,11,131.74,5
2782809,431845,697,2,3772.12,4,1,0,0,1,9,90.66,15
9350675,431862,570,4,35105.64,1,1,0,0,2,4,52.42,13
4332737,431976,670,0,29618.15,3,1,1,0,1,12,125.63,4
4351238,432043,592,6,128192.71,2,0,1,0,1,28,43.11,3
5412305,432061,707,1,44043.3,1,1,1,1,0,24,51.4,5
9776935,432125,636,5,15058.84,2,1,0,0,2,5,58.67,2
4383514,432270,653,4,95600.14,2,0,0,1,0,3,51.35,90
7004931,432427,730,0,37159.07,2,1,0,1,0,3,48.03,9
7874568,432441,600,3,27659.22,1,1,1,0,1,22,64.12,6
5955170,432695,711,5,0,2,1,1,0,0,31,84.59,1
3690622,432711,631,0,14356.48,1,1,1,0,0,19,65.68,13
1661118,432918,550,1,0,1,1,0,0,1,1,319.8,44
9327450,433025,600,1,24358.98,2,0,1,0,0,28,24.74,2
4484526,433222,516,5,9200,2,1,0,0,3,1,59,17
9064202,433299,574,0,1068.67,3,1,0,0,3,3,43.26,27
6546608,433451,620,5,112531.42,2,1,0,1,0,7,133.85,68
4934345,433507,769,3,0,1,1,1,0,0,29,127.92,1
1045936,433580,609,2,6378.36,2,1,1,0,1,18,8.87,0
1213899,433632,714,7,31022.03,1,1,1,0,0,7,28.58,0
2493219,433674,509,10,85799.18,2,1,1,0,0,9,45.19,13
2852723,433955,708,1,29682.21,2,1,1,0,4,24,52.33,2
9289690,434002,630,10,30813.19,1,1,0,1,1,6,56.33,114
3502229,434165,685,0,9233.75,2,0,1,0,0,1,36.84,0
2511336,434168,603,5,40047.39,2,1,1,0,0,16,40.1,2
9584991,434198,584,0,36080.05,1,1,0,0,0,5,48.08,29
2259100,434217,633,5,168.76,1,1,1,0,1,23,38.03,5
2699372,434367,718,3,17328.63,3,1,1,0,0,14,66.84,4
5293157,434394,669,5,16001.69,3,0,1,0,0,19,58.48,5
4878226,434400,769,1,26335.72,2,0,1,1,0,24,38.84,8
8663014,434617,669,0,7686.98,1,1,1,0,0,9,110.17,1
5966428,434640,601,10,0,2,1,0,0,0,5,61.56,19
5431282,434652,761,2,18510.12,1,1,0,1,2,7,27.76,37
8789281,434827,703,7,82025.93,3,1,0,0,1,9,14.88,195
1840206,435039,569,4,48728.76,2,1,0,0,0,1,38.31,27
2674515,435109,580,3,95680.81,2,1,0,0,1,2,20.07,23
3931009,435112,799,3,0,2,0,1,1,1,16,53.94,2
1661769,435239,604,2,23845.74,2,1,1,0,1,17,630.05,10
5874908,435281,622,0,37866.1,2,1,1,0,1,3,74.87,7
7043399,435476,719,1,30323.7,2,1,0,1,2,10,22.57,7
6246354,435788,417,1,0,4,1,1,0,0,21,16.5,0
8147013,435872,512,4,4296.35,3,0,1,0,1,11,28.82,3
2944497,436030,644,3,0,2,1,1,1,1,8,50.33,6
2593809,436208,577,1,25815.94,3,1,1,0,1,24,68.88,1
1769891,436219,600,1,0,1,0,0,1,0,4,68.63,112
1162274,436241,623,9,66949.02,3,1,1,0,3,29,29.28,5
3321873,436272,746,0,0,3,1,0,0,1,4,138.96,108
3860721,436318,576,0,2215.86,2,1,0,0,1,0,108.15,20
6514013,436454,662,1,57362.71,2,1,1,0,0,7,8.98,2
6998314,436467,576,0,11393.59,1,0,1,1,1,14,164.24,0
8343630,436526,626,2,12680.44,2,1,1,0,0,16,18.08,12
5501484,436653,606,1,83276.67,2,1,1,0,2,20,105.64,6
2559464,436768,665,0,24208.36,2,0,1,1,0,9,48.98,1
7251562,436814,569,0,43572.55,3,1,1,0,1,20,12.6,0
6749933,437145,593,0,62162.89,1,1,1,1,1,15,28,0
4068039,437211,693,3,7026.11,2,1,0,0,2,11,42.26,108
2909784,437226,578,0,37743.64,1,0,1,0,0,25,62.69,2
7723930,437237,688,0,17230.6,2,0,0,1,3,3,279.27,20
7715084,437408,669,3,56715.27,4,1,1,0,0,22,125.51,17
8659448,437433,643,4,55857.87,2,1,1,0,0,17,76.86,12
5560602,437477,720,1,27855.13,3,1,1,0,1,20,123.75,0
7471232,437666,609,6,0,1,1,0,1,3,15,70.26,5
9023619,437742,647,2,32140.82,2,0,0,0,0,1,43.42,104
8075620,437758,677,7,5562.3,2,0,0,0,2,9,40.29,50
3798082,437864,642,0,54743.23,2,0,0,0,4,6,25.76,78
2896774,437902,672,3,0,1,0,1,0,2,21,9.61,4
3223175,437960,530,10,0,1,1,0,0,0,9,70.07,15
1983923,437978,732,8,0,1,1,1,0,1,15,45.42,3
3674211,438041,681,2,122144.61,3,0,0,0,0,8,78.11,63
2740017,438270,574,4,48553.59,2,1,1,0,0,15,17.91,3
7979786,438273,504,4,17269.17,1,1,1,0,2,9,50.4,0
9097940,438302,569,0,32616.13,1,1,0,1,4,3,195.79,35
8351152,438334,559,5,8679.04,2,1,0,0,2,0,340.62,188
4041047,438503,569,7,0,1,0,1,0,0,15,288.01,7
7371160,438548,518,1,10041.57,1,1,1,0,0,9,78.13,5
7016291,438756,556,2,0,1,1,0,1,1,3,7.51,7
1483456,438908,607,3,7908.34,2,1,1,0,0,32,20.44,3
3192032,438977,691,1,61004.82,1,0,1,0,0,24,33.54,2
9104731,439113,775,3,48890.35,2,1,0,0,0,4,15.77,16
9189341,439121,465,1,54713.05,1,0,0,0,3,6,56.31,51
2894776,439162,516,1,0,1,1,1,1,0,12,90.41,0
7900204,439173,502,0,64176.67,2,1,1,0,1,27,141.84,0
8393515,439307,680,5,0,1,0,0,0,1,12,13.38,0
1771287,439320,764,5,0,1,0,1,0,0,18,265.34,0
2062602,439375,658,8,30752.34,1,1,0,0,1,13,24.77,21
5389135,439403,795,3,27804.77,2,1,1,0,0,18,62.39,3
6272037,439498,582,5,38202.97,2,0,1,0,0,19,26.4,1
1207369,439658,675,0,0,2,1,1,0,1,21,41.79,5
9804983,439813,670,1,72537.23,3,0,1,0,0,14,167.38,7
4757843,439817,768,0,34607.29,1,0,1,0,1,34,188.67,9
6675742,439902,623,10,41864.21,2,1,1,0,0,16,49.4,0
9709047,439984,591,5,32293.56,2,1,1,0,1,27,79.69,0
9776214,440035,520,3,40563.15,2,1,1,0,1,11,311.17,4
2597897,440131,645,3,110.31,2,1,1,0,0,26,50.55,1
8261982,440140,621,5,22431.81,2,0,1,0,0,7,30.52,1
5170429,440189,595,2,43668.22,2,1,1,0,1,10,124.97,3
9085438,440277,823,1,0,2,1,1,1,0,27,50.53,6
6800713,440424,728,8,33809.75,1,1,1,1,0,13,25.48,0
7457158,440464,645,0,15160.17,1,0,0,1,1,7,71.96,5
3494007,440536,739,1,9218.79,2,1,1,0,2,15,175.19,6
1915467,440544,693,2,0,2,1,1,0,2,15,104.45,5
1195368,440677,635,0,0,2,0,1,0,0,11,96.73,4
3632804,440802,709,0,74331.6,2,1,0,0,2,3,13.87,13
9482016,440839,542,3,0,3,0,1,0,0,25,42.87,4
8873361,440881,625,5,0,2,0,0,1,0,10,32.46,28
9318729,440930,718,3,0,2,1,1,0,0,17,32.78,8
3775016,440981,651,4,60195.82,2,1,1,0,0,19,152.76,2
2256030,440998,744,2,0,2,1,1,0,1,17,26.39,10
9248484,441183,640,1,9263.83,2,1,1,0,2,25,82.32,1
6379342,441244,646,4,65599.65,2,1,0,1,1,4,112.58,11
5041494,441505,525,0,0,1,1,1,0,1,14,33.82,3
6551494,441699,559,0,57587.04,2,1,0,0,0,0,75.55,18
5666702,441716,711,6,3895.72,2,1,0,0,0,8,371.77,25
1844744,441806,733,4,60969.5,2,1,0,1,3,8,72.89,97
9504862,441819,670,2,0,1,1,0,1,3,4,13.51,60
4736395,441968,801,9,39752.71,2,1,0,0,1,8,22.14,1
7352484,441974,598,3,44675.04,2,1,0,0,2,4,27.23,45
7765865,442027,618,0,3468.13,3,1,1,0,2,6,307.88,3
4942645,442099,640,4,0,1,1,0,1,4,8,26.51,47
2322557,442230,502,6,36236.32,2,1,0,0,1,2,30.99,1
8702329,442589,408,3,496.24,2,0,1,0,1,38,60.46,1
8452252,442622,587,3,72173.99,2,1,1,0,1,11,19.78,1
8517846,442707,687,7,24062.53,2,1,0,0,1,10,92.36,1
2476728,442722,831,0,44636.42,2,0,1,1,2,34,38.08,14
9362706,443187,643,1,26094.09,2,1,1,0,0,18,54.66,6
8500558,443194,614,1,91777.77,3,0,1,0,0,35,152.93,6
6302632,443199,563,5,43521.94,2,1,1,0,1,23,162.39,4
2991570,443238,629,2,1645.21,2,1,1,0,0,32,55.47,5
9344540,443254,550,2,30092.61,4,1,0,1,3,2,57.77,65
1298116,443312,527,4,62687.89,2,1,0,1,1,0,43.07,90
2722069,443341,691,1,0,2,1,0,1,1,13,75.48,63
7768594,443716,623,5,0,2,0,0,1,1,5,28.09,13
7917892,443848,453,9,0,1,1,1,0,1,21,73.46,0
1601160,443856,572,2,75579.74,2,1,1,0,1,17,42.56,15
1002847,443897,603,5,0,1,1,1,1,0,16,119.68,0
2524974,443939,740,0,34241.64,2,0,0,0,3,9,95.29,39
6110305,444056,666,5,13166.37,1,0,0,1,2,2,237.08,4
9528492,444061,758,1,29711.85,2,0,1,0,1,16,373.42,1
4470388,444207,700,6,0,1,1,1,0,0,26,55.09,0
8653898,444295,674,0,4246.58,1,1,1,0,1,30,224.21,0
6718584,444432,553,1,256.07,1,1,0,0,1,7,91.57,11
7095875,444519,593,10,28.62,1,0,1,0,2,9,131.42,5
1910586,444525,587,1,881.58,2,1,0,0,0,3,28.71,20
4739945,444625,617,4,45571.98,1,1,1,0,1,2,100.5,3
8624573,445200,568,3,58299.73,2,1,0,0,2,4,82.49,19
6569576,445280,608,2,4871.46,2,1,0,0,1,3,186.98,106
8937865,445549,710,4,0,3,1,1,0,2,33,104.67,2
7095071,445637,840,0,57557.5,2,1,1,0,2,3,56.04,10
8592234,445658,663,0,0,3,1,1,0,1,0,162.58,3
2912994,445705,785,1,11197.07,1,1,1,1,1,19,38.24,3
2634721,445824,690,0,49845.48,3,0,0,1,1,2,179.55,47
4720299,445852,667,1,45678.87,2,1,1,0,2,19,114.61,0
1036858,445888,815,4,2208.41,2,0,1,0,0,20,35.97,12
6727022,446239,766,3,30074.36,2,1,0,0,1,5,7.3,15
6958243,446265,676,2,20926.85,2,1,1,0,1,21,14.4,1
5898671,446290,824,0,7956.62,3,0,1,0,0,25,30.02,0
9757456,446305,469,4,7740.88,1,1,1,0,1,1,151.39,12
7272839,446337,725,5,827.59,1,1,0,1,1,6,11.42,16
2783791,446373,823,10,57647.7,3,0,1,0,0,11,33.73,0
1768029,446479,454,4,27129.25,1,0,1,0,0,20,200.35,11
3754070,446569,527,4,0,3,0,0,0,1,3,76.49,17
9261472,446620,559,1,0,1,1,0,1,2,10,74.24,36
3356346,446663,634,0,48062.54,1,1,1,0,0,2,75.01,3
7865417,446747,653,4,50216.76,1,0,1,0,1,34,17.09,3
2794516,446859,592,3,144136.2,2,1,1,0,0,1,75.65,9
5266266,446922,648,0,54560.34,2,1,1,0,0,6,245.42,2
4287016,446954,681,4,24567.06,2,1,1,0,1,20,219.54,3
4146456,446968,565,6,308.99,1,0,0,0,1,7,90.65,81
3025778,447067,612,3,25937.34,1,1,1,0,1,17,274.56,4
7591709,447148,496,4,16076.27,2,0,1,0,1,28,16.44,2
4616991,447177,511,0,0,2,0,1,1,0,18,65.27,10
8667959,447195,664,0,97927.15,4,0,1,0,0,29,95.72,16
4197381,447235,746,5,37342.3,1,1,0,1,1,5,76.32,7
6669584,447255,634,1,0,4,0,0,1,1,7,15.09,32
2808009,447329,709,0,17567.09,2,1,0,1,1,14,215.65,2
7953658,447362,797,0,15442.03,1,1,1,0,1,13,14.67,4
1780146,447411,538,3,13995.78,2,0,0,1,1,5,64.37,10
3067274,447596,713,3,97407.1,3,1,1,0,0,19,44.52,1
8558212,447617,511,4,55860.87,2,1,1,0,1,19,46.94,7
8673695,447655,571,1,33213.82,1,1,1,1,0,16,62.79,5
9459031,447668,604,0,22272.06,1,0,1,0,0,26,302.49,11
3258817,447704,671,0,103034.54,4,0,1,0,0,16,45.21,0
9368955,447828,581,10,56657.15,2,0,0,0,2,5,20.95,84
1072773,447832,629,9,0,3,1,1,1,1,23,37.03,4
9898037,447843,785,10,0,1,1,0,0,1,7,15.2,71
1814896,447848,632,4,0,4,0,1,1,1,17,122.56,1
8261353,447997,669,2,522.74,1,0,1,1,2,17,90.98,3
9102253,448005,640,2,148.62,2,0,0,0,0,8,14.17,54
9528410,448048,749,0,6854.59,1,1,0,0,0,4,27.52,4
3972963,448098,630,0,0,2,0,1,0,2,16,42.15,2
3913368,448121,646,2,0,4,1,1,1,0,29,85.47,0
3153888,448321,642,1,77.31,3,0,0,1,3,5,67.55,21
2737347,448354,850,2,95338.72,3,0,1,0,0,29,9.33,11
7499587,448475,633,5,34013.43,1,0,1,0,0,20,25.02,8
6399642,448588,638,0,0,2,0,1,0,1,19,24.78,3
9457564,448671,721,4,0,2,1,0,1,3,5,577.37,26
7453568,448787,519,2,0,1,0,1,0,1,20,97.94,0
8024028,448813,787,1,26805.41,2,1,0,0,0,8,54.12,4
5164755,449077,746,0,723.56,1,1,0,0,1,9,82.45,40
5590177,449138,567,8,0,1,1,0,1,3,10,56.26,59
7675150,449218,649,2,51283.96,2,1,1,0,1,27,53.71,0
6752216,449247,631,8,5591.45,2,1,0,1,1,4,41.21,16
5935413,449472,762,1,0,1,1,1,1,1,27,41.32,1
8597490,449479,669,1,67997.63,3,0,1,0,0,21,117.68,3
3237608,449499,679,5,2673.08,1,0,1,0,0,32,18.21,3
3318275,449555,732,10,74299.82,4,1,1,0,0,4,76.73,11
7924719,449636,543,6,723.88,1,1,1,0,0,22,91.92,21
9594877,449709,643,2,44664.49,3,1,1,0,1,20,130.01,5
6014930,449759,563,1,26293.03,2,1,0,0,0,0,161.02,7
6266549,449773,530,3,29481.49,2,0,1,0,1,25,24.93,4
4646403,450006,760,9,137966.6,4,1,1,0,0,14,60.15,1
4370359,450533,621,2,0,2,1,0,0,1,11,89.16,37
4518395,450632,819,1,40443.55,1,0,0,0,3,3,39.12,58
5875114,450905,632,5,28644.2,1,1,1,1,3,19,35.86,5
6793064,450912,549,2,0,2,1,0,1,2,8,34.05,7
3225862,450996,647,3,40209.12,1,1,1,0,1,23,116.34,0
3983202,451199,745,0,0,2,1,0,1,1,13,25.18,77
9453929,451238,625,2,70307.01,2,0,1,0,1,20,76.57,11
6408662,451284,779,6,0,3,1,0,0,1,8,14.03,65
2936178,451291,658,1,0,3,1,1,0,0,23,31.4,0
6909569,451317,773,10,27017.8,4,1,1,1,0,27,93.83,11
9059269,451387,653,10,99196.33,3,1,1,0,0,15,8.14,5
8004117,451470,623,1,119266.51,3,1,1,0,0,19,281.74,13
9957402,451475,522,10,66464.36,1,1,0,0,1,8,32.55,62
5797075,451577,433,7,103767.48,2,1,0,1,0,4,29.7,29
8086467,451801,585,0,59590.14,3,1,1,0,1,22,43.62,9
1214253,451936,729,2,25556.79,2,1,1,0,1,8,107.58,4
9769953,452001,660,9,18156.14,3,0,1,0,0,17,214.53,2
2786278,452058,668,4,41635.03,2,0,1,0,1,26,7.93,6
1423996,452161,765,9,753.06,1,1,1,0,0,33,29.6,6
7389943,452207,567,3,7665.89,1,0,1,0,0,13,30.99,6
3438177,452457,517,2,7092.04,2,0,0,0,1,5,229.7,55
1890282,452497,719,3,0,2,1,0,1,1,6,84.65,43
1949670,452618,767,0,0,2,1,0,1,0,0,170.12,19
4353806,452713,761,2,104281.39,4,1,0,0,2,6,65.75,79
5479152,452737,643,4,17026.68,3,1,0,0,2,13,49.1,23
3700047,452909,742,3,29429.04,1,0,0,0,0,0,52.44,5
5808610,452944,478,1,0,2,1,1,0,0,19,73.01,10
5203716,453123,575,0,0,2,1,1,0,1,35,130.08,0
3456660,453487,745,2,949.67,1,1,1,0,0,12,22.94,0
2040738,453729,774,7,0,3,0,1,0,0,17,17.95,9
5951637,453777,647,3,0,1,1,1,0,0,17,197.83,1
4422567,453796,822,0,39742.3,3,1,0,0,5,0,75.74,23
1542011,453894,757,10,19135.82,2,1,0,0,4,5,73.54,14
7017692,453907,548,0,49637.1,2,1,1,0,1,28,33.39,12
8593275,453961,725,8,34334.09,4,0,1,0,0,25,163.11,1
2719329,454019,707,4,6,1,1,0,1,1,1,193.78,82
4763253,454123,583,4,31393.39,3,1,1,1,2,8,117.72,1
7524435,454161,830,2,25745.01,2,0,1,0,0,26,46.24,3
4986190,454245,634,9,9.85,1,1,0,1,2,5,198.42,4
9571853,454278,744,1,42084.27,2,1,1,0,1,20,15.89,0
5825775,454349,619,3,0,1,0,1,0,1,14,76.31,10
1788191,454352,666,2,0,2,0,1,1,1,32,110.44,5
7401894,454366,719,1,28115.22,2,1,1,0,1,24,59.99,3
7502088,454508,698,0,1948.37,2,1,0,1,1,6,68.61,3
7988821,454733,623,10,0,3,1,0,0,3,4,391.74,6
6245463,454803,637,2,838.35,1,1,1,1,0,19,19.94,2
1902651,454861,503,0,13122.64,2,1,0,0,1,10,117.89,86
1217520,454877,566,0,83706.78,3,0,0,1,0,10,236.17,97
5216804,454992,695,5,33239.31,1,0,1,0,0,7,25.66,7
4407238,455007,643,5,0,1,1,1,1,1,29,29.02,0
8433377,455168,624,5,52567.3,1,1,1,1,0,11,32.82,0
4784075,455193,704,4,0,3,1,1,0,0,19,98.8,15
7169672,455395,709,8,36192.88,2,1,1,0,0,30,522.96,0
4296204,455505,575,8,9705.83,1,1,1,1,0,11,109.85,8
4246352,455556,690,1,68665.25,2,0,0,0,1,4,14.07,50
5935483,455627,817,0,18541.65,1,1,1,0,0,10,106.67,1
8529864,455766,583,5,14200.32,1,1,0,1,1,3,12.79,28
3976712,455784,718,3,0,1,1,1,1,0,24,46.32,2
2249382,456005,657,4,2790.74,2,1,1,0,0,24,49.87,2
4136946,456160,665,10,0,2,0,0,0,1,0,133.43,283
3915798,456331,758,4,29237.27,2,1,1,0,3,10,86.1,0
9620919,456385,723,4,5890.45,1,1,1,0,0,8,151.13,17
3002424,456480,620,10,46730.49,2,1,1,0,0,22,69.49,9
7328336,456581,665,0,32008.45,2,1,1,0,0,24,299.98,4
1681729,456637,798,0,20350.27,2,0,1,0,1,22,38.95,13
8189168,456699,583,7,35157.81,2,0,1,0,1,21,50.63,2
5682726,456717,644,5,0,2,0,1,0,2,7,92.94,2
5433204,456778,680,0,49676.01,1,1,1,0,2,26,108.37,6
3182154,456871,780,1,40088.81,2,1,0,1,2,10,98.93,3
3699938,457137,754,0,31044.98,2,1,1,1,1,31,69.69,0
5278461,457256,711,7,20825.7,2,1,1,0,0,12,82,2
1094709,457264,622,10,28346.45,2,1,0,0,1,7,59.38,6
6545923,457311,667,6,0,3,1,1,0,0,20,100,4
8823741,457411,730,0,41671.57,2,1,0,1,1,7,104.42,42
3597208,457455,773,8,44958.53,1,0,0,1,2,1,71.04,3
1670091,457806,725,2,0,1,1,1,0,0,13,56.84,4
3578714,457938,632,8,0,2,0,0,1,2,6,13.8,53
6412833,457943,596,0,0,1,1,0,1,2,17,9.99,167
1853212,458332,605,1,0,1,0,0,1,1,6,127.57,0
6052539,458388,688,8,134.67,2,1,1,0,1,16,144.59,7
9230079,458411,595,1,33119.09,3,0,1,0,0,15,13.16,10
7007679,458521,670,2,0,1,1,1,0,2,24,66.31,0
2222736,458605,708,10,34505.67,2,1,1,0,1,16,101.64,0
6332789,458823,633,7,3720.26,1,1,1,0,2,20,42.42,6
9814666,458955,761,0,0,3,1,1,0,0,5,78.86,1
4690350,459315,624,0,52659.56,1,0,1,0,1,1,21.5,1
4084811,459316,487,0,8992.82,1,1,1,0,1,27,21.83,1
9734324,459370,688,2,0,2,1,1,0,0,9,32.01,7
2143811,459381,734,4,33996.79,2,1,0,1,1,12,45.55,21
9474848,459502,701,0,35924.9,2,1,1,0,0,11,54.75,1
3673793,459513,526,4,0,2,0,0,0,0,4,32.51,71
7978168,459536,485,5,24515.87,1,0,0,0,2,9,77.28,85
7768215,459731,590,0,78720,3,1,1,0,0,27,109.2,1
2542590,459743,541,5,40093.84,1,1,1,0,0,25,82.55,15
6862008,459762,657,6,1243.77,1,1,0,1,0,5,25.76,51
4711087,459836,799,1,0,1,0,0,0,0,7,18.6,11
4579482,459946,636,8,79789.67,2,1,1,0,0,10,137.92,0
6568081,460120,410,0,1461.43,1,0,1,0,0,13,18.39,6
6554374,460234,795,1,15518.64,2,1,0,1,1,5,235.32,93
7053183,460263,627,1,162.34,1,0,1,0,1,14,88.45,9
5925360,460265,645,6,78435.36,3,1,1,0,0,11,31.93,8
4664903,460317,607,8,1310.85,3,1,0,0,5,0,55.68,138
9900294,460437,814,5,33829.11,1,1,1,0,1,26,88.47,11
8966781,460455,632,2,70077.84,2,0,0,1,0,7,46.59,38
1147701,460491,741,3,0,1,1,0,1,2,2,154.22,2
2924714,460554,438,5,57285.89,2,0,1,0,0,24,187.61,3
6805039,460572,694,6,22557.46,2,0,1,0,1,35,108.75,1
8477055,460589,609,0,0,3,1,1,0,1,12,71.59,3
5032368,460663,655,1,30409.19,3,1,1,0,0,18,113.91,5
5090740,460745,617,0,37994.42,1,1,1,0,0,14,120.61,0
1669029,460857,779,1,51337.96,1,1,1,0,0,11,206.36,5
6384429,460971,705,5,145426.14,4,1,1,0,0,23,86.42,2
7398370,460987,778,3,40231.89,4,1,1,0,1,30,39.39,5
2902100,461076,733,8,35772,2,0,1,0,1,6,226.03,0
7473923,461083,463,7,0,1,1,1,0,1,14,34.6,3
5304875,461145,650,1,14395.16,2,0,1,1,1,13,93.65,5
5745083,461249,484,1,26134.52,3,1,1,0,2,17,69.53,9
1414493,461260,536,1,42402.01,4,1,1,0,1,11,18.95,0
9671603,461264,629,2,81767.8,1,0,1,1,1,21,30.85,4
7290752,461551,634,5,0,1,1,0,0,1,1,85.72,25
9628674,461724,641,6,0,2,1,1,1,1,25,49.24,0
9535166,461792,579,0,59517.97,1,1,0,1,1,11,29.48,20
8475204,461838,764,1,66396.23,2,1,1,0,2,13,67.05,1
9167227,461888,638,1,0,1,1,0,1,0,3,233.56,71
1735708,461899,694,2,11474.91,2,1,1,0,1,21,22.72,4
5973336,461939,437,2,0,1,1,1,1,1,18,39.09,9
4229821,461996,595,7,31757.4,1,0,1,1,1,37,100.43,2
6373956,462066,554,2,40416.3,2,1,0,1,5,10,37.35,6
9621722,462147,792,10,84901.2,1,1,1,0,1,6,144.08,0
2381527,462351,584,10,0,2,1,0,1,1,11,76.21,0
2609881,462479,620,5,0,2,0,1,0,0,21,20.27,2
3808418,462544,752,0,66267.72,4,1,1,0,0,28,86.98,1
9945709,462659,733,10,17454.58,2,0,0,0,3,8,85.72,8
1122986,462814,725,6,16890.29,3,1,1,0,1,22,121.86,1
2098434,462831,712,3,51442.72,4,0,1,0,1,25,56.77,7
4536326,462974,620,2,153.48,1,1,1,0,1,21,42.35,4
4576485,463188,741,8,0,4,1,0,0,2,0,134.54,16
8117053,463251,737,9,0,2,1,1,1,1,30,214.59,8
2743602,463546,675,1,0,1,1,0,1,1,10,30.17,5
4449052,463625,665,1,12700.31,2,0,0,0,1,6,111.81,140
8302077,463656,503,6,49704.47,1,1,1,0,1,35,212.26,1
2209981,464032,709,1,34954.61,4,1,1,0,0,16,23.79,5
3579573,464069,742,1,53842.79,1,1,1,0,0,17,31.76,3
1398508,464158,725,0,11793.91,1,1,0,1,2,7,91.65,98
8704520,464189,618,0,51090.46,2,1,0,0,0,13,31.77,39
6565260,464301,787,1,0,1,1,0,0,0,6,389.62,30
1635626,464354,656,1,18673.16,1,1,1,0,0,8,15.23,4
2468357,464552,728,5,24301.58,2,1,0,0,3,5,112.97,39
2228898,464663,687,0,0,2,1,1,0,1,17,24.33,5
1910467,464750,554,6,57155.79,1,0,0,0,3,2,78.5,0
3986212,464825,590,1,44536.66,1,1,0,1,1,8,63.84,12
5226314,464831,570,0,0,3,1,1,0,2,15,22.73,7
2181822,464863,730,7,34366.99,1,0,1,0,1,15,49.87,4
4819259,465004,662,1,34093.25,1,1,0,1,1,8,36.01,11
5339392,465219,780,3,41969.66,2,1,1,0,1,18,104.62,5
7838943,465227,688,0,38595.75,1,0,1,0,0,6,43.41,1
7510106,465249,656,1,10233.83,1,1,1,0,0,6,73.57,1
8568632,465509,500,2,1641.53,2,1,0,0,3,8,98.87,37
7785511,465549,715,2,58370.27,3,1,1,0,0,22,23.89,3
8264954,465648,703,6,33052.79,2,1,1,0,0,24,47.62,2
6308382,465746,532,10,67529.79,2,0,0,0,0,6,69.29,5
1283383,465962,378,1,22549.18,2,1,0,0,1,12,98.42,113
7534756,465973,741,5,60759.3,3,0,0,0,1,4,180.31,16
2984841,466346,850,0,7779.25,2,1,1,0,1,19,56.39,4
9973031,466375,730,1,19427.63,2,1,1,0,0,27,46.52,3
1098967,466566,629,6,65524.54,1,1,1,0,0,18,375.91,2
2060950,466634,539,0,18395.54,2,0,1,0,0,3,119.27,2
1763646,466643,566,0,0,1,1,0,0,1,3,127.46,50
2217848,466704,696,1,32703.82,2,1,1,0,0,20,147.17,0
7001212,466749,775,0,0,2,1,1,1,1,8,44.33,5
9436204,466813,675,7,0,2,1,0,0,2,0,395.14,24
2780658,466960,684,0,0,1,0,1,1,1,5,41.96,6
5862651,467121,590,0,0,2,1,1,0,0,27,147.47,4
6055825,467335,617,4,13218.73,2,1,0,1,0,8,44.19,19
2451316,467506,570,3,30581.67,1,0,1,0,1,18,41.41,2
5723078,467544,738,5,56959.79,4,1,1,0,1,21,69.3,18
8342987,467663,558,4,52071.24,1,1,0,1,0,9,28.45,32
7399057,467856,619,5,19180.37,2,0,1,0,1,7,188.18,4
7628900,468074,620,4,36607.12,1,1,1,0,0,29,17.78,27
1517059,468145,613,2,50190.23,3,0,0,0,1,6,63.91,0
8952193,468154,698,2,21658.89,2,1,1,0,0,24,124.49,0
3622672,468203,530,4,59103.23,2,1,1,0,0,27,66.36,6
9950103,468247,704,2,127938.69,2,1,0,1,1,7,27,0
4688734,468292,740,6,11075.3,3,0,1,0,0,25,156.06,4
3288101,468512,555,10,123996.51,3,0,0,1,0,0,27.95,21
7559766,468591,604,0,32998.39,2,1,1,0,0,10,66.87,3
5948917,468611,775,1,8085.85,2,1,1,0,1,21,17.62,13
3417186,468623,749,10,103191.42,3,1,1,0,0,14,57.94,5
6000558,468727,548,1,0,2,1,1,0,0,18,53.14,4
7260091,468765,738,2,72819.7,2,1,0,0,2,4,49.83,8
1187069,468845,652,0,53055.04,1,1,1,1,0,16,161.35,22
3371859,468900,488,0,13203.92,1,0,0,1,1,5,540.67,43
3067542,469007,722,10,64623.89,2,1,1,0,1,10,24.14,2
1700837,469038,463,1,66345.55,2,0,0,1,3,6,87.63,15
1084386,469082,611,10,12543.62,2,1,0,0,1,7,22.05,22
7611593,469283,674,6,64500.18,1,0,1,1,1,16,12.38,3
2428191,469348,644,0,50461.83,2,1,1,0,1,38,71.37,2
6111869,469412,724,5,29737.16,2,1,1,0,0,24,28.75,9
4524102,469435,850,0,46645.02,2,0,1,0,1,31,263.25,8
6768873,469438,619,3,25432.7,1,1,1,0,0,25,50.86,10
4552356,469685,573,0,62905.52,2,1,1,0,1,10,146.39,16
7923193,469844,649,1,0,2,1,1,0,1,16,151.45,1
9599207,469954,715,3,38042.71,1,1,0,0,1,0,72.44,19
3390000,470037,615,5,22296.01,1,1,1,0,0,22,23.81,3
3700366,470040,609,3,2281.57,1,1,1,1,0,21,38.8,2
4086885,470057,559,5,25990.53,2,1,1,0,0,19,20.18,2
4704207,470248,564,4,44989.64,2,0,0,0,3,7,46.51,42
5240303,470281,512,6,60690.63,1,1,1,1,0,13,24.77,3
4260252,470711,655,0,147.55,2,1,0,0,2,9,355.22,4
2923047,470771,664,2,47404.42,2,1,0,0,0,8,51.63,21
4042682,470774,703,2,109.09,1,0,1,0,2,22,89.29,0
1912484,470858,773,1,12283.02,1,1,0,0,0,7,30.01,7
8738745,471015,697,10,0,2,1,0,1,0,3,66.03,13
2227162,471042,595,2,40389.33,1,1,0,1,1,10,46.61,80
5876342,471106,523,4,49430.63,3,1,1,0,2,20,39.73,1
2130159,471136,771,5,40053.58,1,0,1,0,0,16,130.14,4
5205840,471371,556,2,62871.62,3,1,1,0,2,13,60.01,0
2647562,471496,555,3,678.28,1,1,1,0,2,27,79.8,1
4312117,471507,652,10,28579.61,4,0,1,0,0,28,24.14,1
9173698,471658,640,1,41599.74,2,1,1,0,0,12,232.08,0
6550757,472039,504,2,951.06,1,1,1,0,0,1,218.48,2
6991787,472060,624,5,32580.66,2,1,1,0,1,16,34.57,3
3151093,472253,667,0,843.37,1,1,1,0,1,13,31.27,3
4934808,472358,676,3,70055.54,4,0,0,0,1,8,54.55,46
2678477,472390,763,1,184491.38,2,1,0,0,0,8,46.42,95
5783807,472528,575,0,88223.35,3,0,0,1,4,8,274.82,0
2171198,472541,638,0,39788.35,1,0,1,0,1,27,60.43,18
4246367,472566,627,1,7026.02,1,1,1,1,0,26,44.97,0
6331563,472640,706,3,35649.4,2,0,0,0,0,5,33.73,5
9151398,472787,621,2,19415.66,2,1,0,0,4,14,198.77,17
8560584,472899,707,1,12.02,1,0,0,0,1,6,108.23,29
6508733,472932,766,0,16091.55,2,1,0,1,2,9,53.8,84
6128383,473023,764,6,60359.66,2,0,0,0,1,5,205.34,20
3556763,473095,733,4,13317.87,1,1,1,1,1,19,198.13,2
7115185,473321,583,0,30166.01,2,1,0,1,1,4,64.74,15
6307189,474158,653,2,50525.86,2,1,1,0,0,22,478.91,10
8185805,474175,627,2,1438.86,1,1,0,1,1,1,82.88,95
3829301,474314,600,2,13285.69,1,1,0,1,3,4,46.96,44
1081065,474440,790,3,0,1,1,1,0,0,19,107.13,1
6254872,474486,472,0,0,3,1,1,0,2,5,59.89,0
5130133,474795,485,2,7142.56,2,1,0,1,2,8,95.51,29
4716584,474894,784,6,20095.6,2,1,1,0,1,21,24.58,5
8316947,475075,680,1,28661.4,3,0,1,1,0,23,84.32,1
5641917,475190,548,2,0,1,1,1,0,1,16,30.3,0
7031174,475308,764,3,37979.91,4,1,1,0,0,12,29.08,2
3253277,475351,820,7,29598.09,1,1,1,0,1,6,53.87,3
6562703,475479,643,3,25571.79,4,0,0,0,1,2,15.54,10
9052291,475565,638,1,31859.28,1,0,0,1,1,6,307.44,37
8765307,475623,643,2,109775.76,4,1,1,0,0,29,57.65,0
8471866,475644,447,4,48566.46,2,0,0,0,1,4,31.74,79
7018685,475691,660,3,53777.7,3,0,1,0,0,15,29.2,5
6124966,475815,627,6,2729.44,2,1,0,0,2,3,132.16,44
9170024,475876,667,2,0,2,1,1,0,0,1,432.81,0
2825908,475911,681,5,1632.7,1,1,1,1,0,10,62.28,16
3948933,476009,546,4,14987.89,3,0,0,0,0,0,111.07,51
2375290,476018,795,3,0,1,0,0,1,1,10,82.78,32
5707954,476096,715,4,11031.22,1,1,0,0,5,9,19.77,85
3348838,476105,655,1,39228.61,1,1,1,1,0,17,698.51,0
4295580,476167,417,10,88774.45,1,1,0,0,2,10,17.59,15
5416344,476211,590,1,39860.88,2,0,0,0,2,6,195.35,32
2282825,476224,565/850,1,"$18,338.43 ",3,1,0,1,1,12,55.44,31
2265001,476353,578,3,29806.37,2,1,1,0,1,33,58.34,3
1312564,476395,455,10,11479.14,1,1,1,0,0,18,99.68,12
9509040,476417,769,1,0,1,0,1,0,1,18,100.64,0
1523352,476479,671,0,29299.43,2,1,0,0,2,0,29.27,105
7797028,476556,493,0,62815.72,3,1,1,0,1,21,201.93,7
4569531,476695,744,6,0,1,1,0,0,2,10,32.02,15
1614990,476701,755,2,27516.25,1,1,1,0,1,30,60.92,0
5372416,476710,753,1,14564.55,3,0,1,1,1,25,38.52,7
8920589,476712,739,10,0,1,1,1,1,0,19,93.86,0
3493647,476948,721,2,41436.8,2,0,1,0,1,27,281.8,3
7137418,476993,493,0,0,2,0,0,1,1,0,18.69,4
7585029,477017,598,1,11482.2,1,1,1,0,0,20,37.43,1
4746463,477114,561,1,8271.81,1,1,1,1,0,27,6.05,3
5882155,477214,787,0,0,2,0,1,1,1,13,28.2,3
3246154,477400,745,2,56794.98,3,1,1,0,0,13,57.63,6
8796391,477496,850,7,0,1,1,0,0,0,8,114.8,82
9407451,477617,672,1,41660.65,2,1,1,0,1,6,36.23,5
9563292,477685,754,4,19831.82,1,1,0,1,0,7,177.78,33
2519244,477712,767,3,86797.65,4,1,0,0,3,10,46.75,1
7656950,477717,570,0,8784.96,2,1,0,1,3,7,53.86,71
7104651,477789,670,0,17037.38,1,0,0,1,2,3,82.05,10
9424968,477808,637,4,11732.62,1,1,0,0,1,0,7.35,3
1177698,477880,612,0,2215.58,3,1,0,0,2,3,86.88,113
5007754,477934,635,0,26490.99,2,1,0,1,1,10,15.15,49
3782393,477943,622,7,33550.29,2,1,1,0,0,27,38.37,0
9625782,478120,782,3,27164.36,2,1,0,1,2,8,92.44,26
3355029,478221,631,8,27360.3,2,1,1,0,0,18,11.99,1
8486336,478323,664,1,13739.28,3,0,0,0,2,7,116.23,34
3671308,478356,612,1,9568.63,2,0,0,1,3,0,179.46,36
4005557,478411,496,2,39572.95,3,1,1,0,1,33,40.36,0
3452813,478427,639,7,53485.94,2,1,0,0,1,11,69.3,149
9111841,478458,829,6,0,2,0,0,0,0,8,112.98,3
7019590,478496,502,3,54120.76,2,0,0,0,1,6,39.23,27
1678132,478638,493,1,33559.76,2,1,0,1,3,11,41.76,74
4671175,478666,509,0,38099.3,1,1,1,0,0,23,602.55,8
9181277,478799,679,0,4587.19,3,0,1,0,1,13,32.68,10
4888118,479052,646,0,47691.68,3,1,0,0,0,8,103.3,17
2054635,479167,746,4,52053.26,1,1,0,1,1,9,41.3,45
5435176,479201,684,10,112434.15,3,0,0,0,0,3,83.23,10
7198093,479353,751,3,42088.55,2,0,0,0,1,1,19.64,27
4926181,479358,460,3,0,3,1,0,1,1,5,72.71,17
1718206,479404,543,0,42922.51,2,1,1,0,0,32,90.64,13
4469093,479430,549,0,15237.8,3,1,1,0,0,19,167.93,2
9688672,479481,636,0,48090.76,4,1,0,1,1,15,80.02,43
7060792,479580,582,5,12995.37,1,1,1,1,1,19,62.81,5
7511121,479625,648,0,165249.58,3,1,1,0,1,24,256.72,2
8879825,479742,772,3,0,4,1,0,0,1,2,16.35,132
8627651,479781,782,3,9080.86,1,1,0,1,3,6,10.45,39
1779091,479818,701,8,61835.41,2,1,1,0,0,36,133.75,8
1669489,479867,708,1,8076.35,1,1,1,0,0,22,98.82,3
6437011,480133,587,0,6038.89,1,1,1,0,0,17,27.14,17
2731828,480211,672,0,16726.21,2,1,1,0,0,8,79.07,15
9747185,480303,780,1,0,2,1,1,0,0,12,31.6,1
5588489,480573,808,0,60753.36,1,0,0,0,0,3,22.27,62
5417710,480612,550,0,52576.6,2,0,0,0,2,8,78.98,65
3916715,480805,850,0,3995.55,2,1,0,0,2,7,29.84,10
7319298,480941,763,3,0,4,1,1,0,0,22,19.9,1
7350486,480959,746,0,37863.45,3,0,0,0,3,5,70.41,38
7128662,480992,753,3,0,2,1,1,0,1,22,24.67,5
2305896,481104,580,5,31753.58,2,1,1,0,0,7,65.99,0
9668165,481540,629,2,45783.03,2,1,0,0,2,11,173.96,19
5220919,481574,549,10,29041.59,1,1,0,0,0,2,143.21,27
7313749,481657,592,0,49114.07,2,1,0,0,0,2,69.59,55
4739628,481671,717,7,9138.56,3,1,1,0,1,25,23.72,6
9663280,481760,527,2,1105.68,1,1,1,0,0,11,33.18,0
7808902,481884,631,3,48904.42,1,1,1,0,0,26,48.99,3
6920646,481913,344,1,25231.3,1,1,0,0,3,10,297.47,13
6788681,481995,580,3,34092.9,2,1,1,0,1,19,51.25,0
9168181,482199,687,0,1155.43,1,1,0,1,5,7,58.93,3
9088465,482364,702,10,54240.02,2,1,0,1,1,8,73.29,5
1110690,482554,652,2,26506.77,2,0,0,0,1,4,113.12,37
9419427,482584,446,2,27190.88,2,1,1,0,1,22,48.28,3
3331501,482614,639,5,50888.38,2,1,1,0,0,26,75.99,4
8380275,482746,822,0,41658.84,1,1,1,1,0,4,35.6,10
3778404,482812,672,1,27213.89,3,0,0,0,1,11,109.02,20
4858604,483010,617,10,38512.75,2,1,0,0,3,0,16.14,4
2293325,483041,729,2,0,3,0,0,0,1,4,421.13,212
9632570,483102,551,1,48104.53,3,1,0,1,1,12,75.59,53
5711201,483162,452,0,80598.24,3,0,1,0,1,25,15.42,6
4548668,483329,648,10,0,2,1,0,1,4,0,80.39,16
3520615,483349,560,4,2872.94,2,0,0,0,2,8,102.03,9
4135756,483366,615,6,3317.04,1,0,0,0,1,5,19.32,171
3640018,483405,628,9,42089.83,3,1,0,0,2,3,10.29,22
7077092,483542,680,4,954.63,3,1,1,0,0,0,426.12,5
2985251,483545,638,3,38974.94,3,1,1,0,1,10,77.83,8
4864570,483551,654,3,75150.43,1,1,1,0,0,17,53.95,0
7956063,483561,811,2,0,1,0,0,0,2,7,48.6,78
6540252,483588,503,0,63218.47,2,1,1,0,1,12,23.59,7
2901507,483629,626,3,19055.86,3,1,1,0,0,12,46.45,0
9078508,483699,662,4,28844.51,2,1,1,0,0,29,36.77,8
9033176,483713,655,4,0,2,0,0,0,2,12,121,6
9036641,484123,756,4,0,2,0,1,0,0,33,154.78,2
4535025,484150,542,2,1146.56,1,1,1,0,0,19,36.25,4
3705263,484232,709,1,86898.13,1,0,0,0,1,6,67.99,3
7893744,484398,718,7,26708.29,1,1,0,1,1,6,162.8,130
1376582,484682,651,3,49658.42,2,0,1,0,1,19,41.61,2
5088109,484774,618,0,59803.14,3,1,1,0,0,18,49.66,14
1723841,484795,490,0,26765.92,1,1,0,1,3,4,56.86,51
3145556,484914,766,6,0,2,0,1,0,0,16,76.15,0
3703298,484945,813,7,0,2,0,1,0,2,11,23.04,4
3260294,485178,621,10,47128.95,2,0,0,1,3,3,28.07,54
9600719,485191,528,10,115502.81,3,1,1,0,1,14,69.25,1
1657513,485397,488,6,82235.94,3,1,0,1,0,0,204.84,11
3463987,485415,511,3,0,3,1,1,1,0,27,202.01,3
1938047,485416,805,10,0,2,1,0,1,2,3,8.95,55
3790745,485548,728,5,35466.95,1,1,0,1,1,4,88.79,41
5332877,485604,673,4,0,2,1,1,0,1,15,178.5,0
4020528,485709,543,0,65578.49,2,1,1,1,0,11,101.45,1
9667792,485896,548,2,39.17,1,1,1,1,1,18,167.25,3
7802428,486028,674,0,47721.01,1,1,1,0,0,17,36.84,1
1312392,486162,660,1,100377.81,2,1,0,0,1,4,124.29,82
5755579,486244,627,6,49543.47,2,1,1,0,0,6,102.36,0
2438621,486251,667,2,40183.9,1,1,0,0,1,1,313.72,43
4633834,486473,515,1,85308.29,3,1,1,0,0,13,203.41,2
8536381,486482,699,2,48616.76,2,1,1,0,0,5,26.96,19
8909005,486490,723,1,21889.61,1,1,1,1,1,27,92.41,3
9081054,486649,718,10,42221.02,2,1,0,0,0,5,57.4,3
3861635,486814,491,6,0,1,0,1,0,3,12,125.32,12
4680314,486831,611,1,0,1,1,0,1,2,8,171.22,77
7891524,486839,540,3,24951.28,4,0,1,0,2,28,39.25,5
3394312,486945,850,0,0,2,1,1,0,1,14,75.37,5
4051509,486996,601,3,7378.32,1,1,1,0,0,6,512.1,3
9569884,486999,566,3,35648.9,2,1,0,0,0,7,135.94,126
5437920,487151,507,1,20486.24,1,1,1,0,0,9,71.91,8
3813903,487158,710,3,17349.8,1,1,1,0,1,10,25.06,0
6749069,487345,565,0,36965.45,2,0,1,0,0,13,92.95,12
8607966,487380,627,1,960.64,1,1,1,0,0,18,56.93,4
2154992,487477,752,3,47503.68,2,1,0,1,1,1,215.18,4
4855635,487728,596,4,0,1,1,1,0,1,20,51.16,0
7345333,487896,634,2,65993.14,2,1,1,0,0,8,108.82,7
7466977,488028,777,1,55508.46,2,1,1,0,1,24,62.86,1
3218169,488162,604,1,372.44,1,0,1,0,0,18,97.64,1
2821504,488196,797,2,71656.69,4,1,1,0,1,11,77.21,1
1277874,488368,522,7,0,1,0,1,1,0,14,39.24,1
4394845,488414,578,2,0,2,1,1,0,0,0,133.84,0
9769641,488528,749,0,9859.28,3,1,0,0,0,1,197.83,24
9461748,488539,568,5,261.42,2,1,0,0,1,4,57.67,14
8042991,488571,605,0,224.92,1,1,0,1,1,3,73.66,73
3509220,488712,635,10,9974.68,2,0,0,0,1,0,31.95,26
2615622,488848,546,1,0,1,1,1,1,1,27,356.91,4
3976650,488984,756,0,12869.98,3,1,1,0,1,23,71.42,0
8983760,489033,639,1,20270.38,3,0,0,1,3,6,37.2,203
1654924,489043,735,5,38618.26,2,1,1,0,0,7,24.7,6
9915915,489102,767,7,7413.24,1,0,0,0,0,6,26.97,3
9444462,489227,576,6,34286.44,2,0,1,0,0,13,16.3,2
2971598,489244,733,0,13562.57,3,1,0,1,0,3,243.21,12
2563468,489438,537,1,22859.54,2,1,1,0,2,26,52.22,3
9090660,489439,745,0,20581.46,2,1,1,0,1,8,269.63,7
3186555,489518,589,10,0,2,1,1,0,1,16,191.42,11
1020136,489633,727,0,0,2,1,0,1,1,10,67.57,26
8239315,489737,734,10,54835.95,2,1,0,0,3,10,12.28,87
9758448,489776,637,3,48783.18,2,1,1,1,2,32,42.15,5
8057906,489906,491,2,41056.69,3,1,0,0,1,7,66.09,29
7213902,489933,739,0,70390.3,2,0,0,0,3,11,11.05,0
1728773,490084,607,3,18815.13,2,0,1,0,2,29,29.53,5
9888846,490321,690,2,0,3,1,0,0,0,7,67.99,7
8196691,490394,580,0,10073.66,1,1,1,1,1,15,125.57,1
4850140,490532,679,1,49615.15,3,1,1,0,1,22,107.69,2
9088689,490559,586,3,23750.91,1,1,1,0,1,18,69.52,1
7396087,490586,581,1,25925.36,1,0,0,0,1,12,47.39,48
6880713,490722,665,4,20586.08,4,1,0,0,0,9,38.33,3
2639417,490748,740,0,41269.36,2,1,0,1,0,7,80.49,35
8138527,490917,692,1,48938.28,1,0,1,1,0,9,102,9
3246185,490923,679,0,34272.8,1,1,0,0,0,6,60.87,86
5270103,490963,664,3,0,2,0,1,0,0,21,82.1,0
9005101,491172,560,0,16938.03,2,0,1,0,0,13,9.01,1
4900918,491225,697,5,31552,1,1,1,0,0,9,166.67,3
2406225,491255,627,5,74487.42,2,1,1,0,0,23,36.05,1
5752426,491326,621,6,74637.08,1,0,1,0,1,21,237.45,5
7855954,491329,667,8,80028.72,1,1,1,0,0,11,73.64,9
5325249,491435,616,10,57428.23,3,1,1,0,0,19,69.92,1
4171246,491439,769,10,115.52,2,0,0,0,1,4,42.15,22
1091762,491559,672,5,43230.59,3,0,1,0,0,20,124.46,1
1119354,491627,771,0,91426.89,2,1,1,1,0,16,45.52,12
9766777,491738,537,1,12447.26,2,0,0,0,0,7,98.53,98
2976835,491774,697,1,60518.91,1,1,1,0,0,5,119.81,4
9720156,491794,561,10,51166.91,1,1,1,0,0,15,137.17,3
1120696,491979,573,10,81.14,1,0,0,0,1,8,39.56,9
7291957,492052,696,1,39340.37,2,0,1,0,1,13,194.78,0
4446353,492073,803,5,10958.32,2,0,1,0,1,0,32.92,7
6299951,492077,698,0,23089.87,3,1,1,0,0,20,73.92,0
7859282,492124,769,10,16409.06,2,0,0,0,1,11,240.89,52
7077878,492127,550,10,66837.44,1,1,1,0,0,5,234.92,11
2788169,492292,599,5,73625.81,1,1,1,0,0,22,82.36,4
3596753,492393,578,10,0,1,1,1,0,1,26,61.83,16
8148295,492408,98.50%,7,1681123/100,2,0,1,0,1,25,40.5,9
5255251,492483,568,1,53054.86,2,1,1,0,1,25,84.21,10
5383935,492650,550,2,129605.46,3,1,0,0,1,0,90.97,35
9994347,493049,605,2,100103.35,3,0,1,0,0,12,270.39,27
8106183,493124,781,4,63331.78,1,1,1,0,0,23,75.77,8
7134489,493172,742,2,1632.26,1,1,1,0,1,12,164.3,0
5623138,493247,707,8,0,2,1,0,1,1,3,59.03,49
7668174,493282,650,0,28984.26,2,1,1,0,0,28,78.49,1
4417412,493396,662,1,0,2,1,0,0,1,9,190.09,112
7932818,493417,601,3,0,2,0,0,0,0,14,124.95,41
9094465,493468,559,4,0,1,0,1,0,1,19,59.11,10
3998417,493537,650,1,45344.4,2,1,0,0,0,5,81.68,15
7211142,493580,651,4,1067.04,2,1,0,0,1,2,22.24,24
9116148,493663,586,2,19478.26,1,1,1,0,2,26,15.11,1
5257682,493696,658,7,13867.22,3,1,1,0,1,18,26.68,1
6144785,493774,535,3,0,1,0,1,1,0,16,23.82,0
6777340,493892,673,2,22244.78,2,1,1,1,1,10,19.98,1
7679508,494220,516,5,29042.94,3,1,0,0,0,10,10.35,18
3316405,494322,752,0,119125.59,1,1,1,0,1,20,77.38,2
2997927,494401,682,6,0,1,0,1,0,0,19,24,3
4854922,494468,629,1,75146.5,3,1,1,0,1,9,46.94,8
8492618,494552,565,1,0,2,1,1,0,1,19,34.87,1
3714471,494609,661,3,29347.65,2,1,1,0,1,15,31.14,1
2682396,494747,752,3,0,1,0,1,0,0,20,90.57,1
4598010,494763,787,3,117545.62,4,1,0,0,0,10,67.45,117
9528589,494900,692,3,19648.71,1,0,1,0,0,37,86.84,4
7720296,494956,661,3,17218.9,2,1,1,0,1,16,14.28,14
6678044,494976,694,3,33912.74,2,1,0,0,3,11,71.15,20
1873301,495019,508,0,48573.88,2,1,1,0,1,20,42.95,6
3696736,495129,595,6,57666.14,3,1,1,0,1,24,221.3,10
7528076,495303,671,6,25987.55,1,0,1,0,1,18,94.32,5
1088762,495397,731,3,38129.09,1,1,1,0,2,18,34.11,3
2528212,495489,741,10,27309.96,2,1,0,0,1,0,81.67,18
3438206,495490,613,0,24656.35,2,1,0,1,0,8,167.26,113
8913286,495521,589,0,1349.4,1,1,0,1,0,3,57.05,7
8304421,495533,683,8,0,1,1,0,1,0,9,58.78,70
2478755,495833,745,0,26094.64,2,0,1,0,1,17,61.49,8
2075091,496119,796,2,402.07,1,1,1,0,1,16,152.49,4
5413951,496583,621,0,40359.97,2,1,0,0,0,10,49.99,82
4720687,496737,670,4,49108.87,3,1,0,0,3,3,7.68,6
7221581,496764,634,2,0,1,0,1,0,0,5,327.91,13
2342843,496905,761,6,27426.63,1,1,1,0,0,0,10.51,4
1633429,496922,714,1,39932.46,2,0,1,0,0,23,53.92,3
7447920,497030,669,0,28875.17,1,1,1,1,2,12,29.91,7
7721705,497073,725,2,16965.35,3,1,0,1,2,0,13.01,11
9741022,497108,619,0,21647.18,1,0,0,1,0,7,9.9,115
5806156,497316,643,1,16423.05,1,1,0,0,4,10,31,26
1964069,497346,621,3,14687.65,2,1,1,0,1,33,70.28,9
3940561,497382,653,1,46470.98,1,1,0,1,2,1,155.34,161
9294125,497399,658,8,0,1,0,0,0,2,0,50.72,97
8364728,497455,530,1,73781.48,1,1,0,0,3,2,43.46,15
1179690,497519,710,10,22610.05,2,1,1,0,0,22,172.17,5
4384085,497542,477,10,67814.85,1,1,0,0,2,7,60.06,1
9693169,497562,617,4,17912.07,1,1,1,1,0,18,31.79,5
5798393,497687,708,10,64947.41,4,1,1,0,0,8,44.13,2
4267304,497700,644,0,35278.24,2,1,0,1,1,3,93.62,22
1563871,497859,664,4,37277.14,2,0,1,0,0,20,42.49,2
9565571,497887,539,0,41544.83,2,0,1,0,1,16,17.95,0
9653916,498138,634,4,49095.49,1,1,0,0,2,0,47.71,30
4886793,498197,643,1,0,2,1,1,1,2,15,259.17,2
3843451,498249,596,0,19053.32,2,1,1,0,1,24,856.43,5
1605005,498290,679,0,56.01,1,1,1,1,1,11,42.46,4
7035435,498343,715,0,6564.76,1,1,1,0,0,23,114.59,1
5014060,498382,638,0,27204.15,4,1,1,0,1,9,45.49,10
1004819,498458,597,6,71529,1,0,1,0,1,16,17.84,0
3641484,498468,789,2,1646.23,2,0,1,0,0,23,146.7,3
2456980,498535,759,6,17812.39,2,1,1,0,1,20,77.02,3
5629452,209150,729,1,0,2,0,0,0,1,3,328,72
7701385,498658,685,2,43424.15,2,0,1,0,0,14,52.48,0
6924499,498676,850,10,0,2,0,1,0,0,27,7.16,6
7629401,498724,668,2,55520.19,2,0,1,0,2,25,92.06,5
7802338,498851,567,5,23044.31,1,1,1,0,1,12,80.99,5
4360650,498855,538,2,52411.36,2,0,0,1,1,9,24.36,27
9686281,498858,680,5,117509.8,4,1,1,0,0,16,45.34,1
1257807,499095,657,10,0,1,1,1,0,0,0,71.11,0
2151205,499152,615,9,164571.86,4,0,1,0,2,24,61.32,2
2512732,499194,773,1,99826.67,4,1,1,0,1,20,42.51,4
5773013,499226,715,4,0,3,1,1,0,0,8,60.42,5
6840069,499371,612,1,0,1,0,1,0,0,3,300.74,2
6829664,499385,596,10,0,2,0,1,0,1,27,80.59,1
5639031,499407,719,2,44695.55,2,0,1,0,0,22,288.15,3
4796608,499534,577,0,0,3,0,0,1,3,6,13.65,40
4263591,499581,696,0,0,1,1,0,1,2,3,29.86,66
8629590,499669,680,2,63166.4,2,1,0,1,3,0,102.4,6
7777264,499749,706,2,95478.94,3,0,0,0,0,1,153.83,10
1078038,499755,653,3,32999.62,1,1,0,0,1,3,20.07,27
5380657,499889,801,0,45151.84,1,1,0,1,3,2,241.02,16
3936596,499898,740,2,14427.6,2,1,0,0,3,2,152.26,7
7830585,499941,688,10,28698.73,2,1,1,0,0,14,16.83,10
9493265,499974,639,10,9848.22,2,0,0,0,1,6,101.58,48
2786185,500080,649,3,47433.6,3,0,0,0,0,7,24.68,4
2214435,500099,781,6,36526.83,2,0,1,0,1,22,70.13,4
9441777,500112,672,1,45859.32,2,0,1,1,1,2,12.41,12
5936726,500118,638,4,63970.04,1,0,0,1,0,15,76.92,19
6703681,500156,655,5,30037.43,2,0,1,0,1,15,27.68,4
2963085,500209,671,0,55502.69,2,0,1,0,2,17,58.69,1
9611521,500422,789,1,0,1,1,0,0,0,4,65.23,22
5323377,500560,808,8,100.87,1,1,1,0,0,19,100.13,6
5196677,500773,544,6,0,1,1,0,0,2,10,91.62,27
8428425,501058,709,6,50822.88,2,1,1,0,0,13,91.22,9
7326357,501066,690,8,0,2,1,0,0,2,4,63.73,29
9113963,501078,535,5,44846.27,1,1,1,0,1,25,35.2,15
5081447,501124,626,3,539.47,1,1,1,0,3,20,64.26,3
6698561,501126,484,1,0,2,0,1,0,0,18,19.42,10
8698199,501261,610,2,33660.76,2,0,0,0,1,8,123.75,17
8729606,501312,664,2,45155.63,1,0,1,1,1,9,81.66,5
1458868,501320,448,1,33726.19,3,0,1,0,0,9,58,3
9086117,501384,648,0,17745.62,3,1,0,0,2,8,17.57,3
2950658,501393,599,10,0,3,0,0,0,2,4,162.39,12
5325497,501451,539,4,17539.41,2,0,1,0,1,34,167.65,2
2133372,501557,711,0,69889.27,4,0,0,1,2,12,39.9,21
7420191,501574,621,0,45395.24,4,1,1,0,0,14,23.98,4
4697401,501583,561,0,0,2,1,0,0,3,12,66.55,22
4857587,501620,754,0,155.17,1,1,0,1,1,4,55.94,71
6297082,501641,755,5,19882.9,3,1,1,0,0,12,209.26,0
7919359,501650,743,0,45619.05,3,1,0,0,2,7,33.34,97
6923972,501677,642,7,32826.3,1,0,0,0,1,2,135.97,48
9665502,501779,665,10,0,3,1,0,0,2,8,20.75,29
9986747,501936,498,2,67715.43,2,0,1,0,1,21,62.11,0
1163128,502181,733,3,0,2,1,1,0,1,37,115.95,4
5418274,502206,741,3,0,3,0,1,0,0,14,32.99,0
5165071,502219,631,10,0,2,1,1,0,0,6,105.92,0
5819919,502233,731,5,74723.78,1,0,1,1,2,20,371.1,1
2560439,502349,634,1,84510,3,1,0,0,1,11,53.46,13
7692945,502460,653,2,35829.48,2,1,1,0,0,0,277.73,2
6737688,502491,600,8,33374.36,3,1,1,0,1,12,57.02,4
2275551,502594,483,1,45263.15,2,0,0,0,0,3,573.15,6
3994493,502630,582,0,0,3,1,1,0,0,13,12.13,5
8995273,502686,795,0,56814.61,2,0,1,0,1,17,101.91,2
6265911,502744,661,0,18507.06,1,0,0,0,2,7,127.08,23
6931382,502810,$626.00 ,1,"$4,183.36 ",1,1,0,1,1,1,18.36,39
4666931,502824,628,0,18822.85,2,0,1,0,0,17,117.57,0
5514342,502995,624,8,36052.69,2,1,1,0,1,14,175.31,2
4066614,503097,693,6,361.63,1,0,1,0,1,18,51.49,11
4190481,503159,596,1,32982.85,2,1,0,0,1,2,64.13,32
9371819,503277,669,0,0,1,0,1,1,0,32,388.11,0
4349848,503348,640,2,49117.28,3,0,1,0,1,18,33.79,3
4940319,503380,619,1,40457.41,1,1,1,0,1,18,127.57,2
5061034,503402,672,3,24480.2,1,1,1,0,1,30,73.5,6
5452763,503457,726,0,5513.85,2,1,0,1,5,4,38.77,70
4469169,503489,701,2,782.6,3,1,0,1,0,1,71.77,7
4845464,503572,610,0,0,2,1,0,1,3,11,170.56,59
4401858,503575,618,4,103.25,1,0,0,0,3,6,171.65,9
5189194,503906,660,1,40386.17,2,0,0,0,2,10,45.08,115
6973148,503951,672,6,13526.45,2,1,1,0,0,12,5.47,3
3617171,504048,619,1,31304.5,3,1,0,0,0,10,125.25,73
2789949,504186,718,3,0,1,0,1,0,0,13,208.39,0
3011227,504452,739,1,26814.48,2,1,0,0,2,7,139.52,64
2316802,504620,593,0,57084.32,2,1,1,0,0,10,38.9,0
9265544,504630,585,0,34542.03,3,1,1,1,0,26,298.99,1
1111126,504684,680,2,22257,3,0,0,0,0,8,31.83,6
1709057,504832,678,0,60752.23,2,1,0,0,1,7,155.85,1
9091518,504924,638,3,0,1,1,0,1,0,8,55.98,12
7227644,505116,713,0,0,1,1,1,1,0,3,37.77,6
6291817,505298,649,4,17195.77,1,1,0,0,0,3,166.53,67
9260100,505341,541,0,0,1,1,0,1,3,5,58.45,1
5609255,505343,404,0,1170.45,1,0,0,0,2,4,230.08,29
9234347,505426,600,5,64835.32,1,1,1,1,1,14,18.12,6
4068080,505629,657,10,21033.1,2,0,1,0,0,17,39.96,0
9575399,505674,559,3,51985.06,3,1,0,0,2,8,33.59,23
5702093,505785,799,0,46883.15,2,1,0,0,1,11,15.2,20
7675310,505910,833,0,12947.39,3,1,0,0,0,6,33.7,48
4726098,505977,665,7,45353.03,1,1,0,1,0,6,166.69,64
3151610,506145,751,0,19217.44,1,1,1,1,1,19,26.4,1
1908455,506216,598,2,25190.09,2,1,1,0,0,17,50.2,13
9820377,506224,628,5,49931.42,2,1,1,0,0,11,16.19,8
8099712,506235,765,1,59467.84,2,0,0,1,1,0,149.35,90
9024879,506281,644,10,60949.48,2,0,1,0,1,18,5.65,28
1546310,506313,694,0,57895.9,2,0,1,1,0,19,48.38,3
9430135,506351,669,0,377.23,2,0,1,1,1,10,45.69,0
6826541,506380,626,3,0,1,1,0,1,1,3,11.33,197
7605473,506415,515,7,129759.84,2,1,1,0,1,19,25.03,14
3932663,506637,798,1,131606.57,2,0,1,1,0,20,29.31,2
8670476,506881,617,10,53992.45,2,1,0,0,1,10,92.21,7
3019442,506945,673,3,28906.27,2,0,1,0,1,15,329.88,3
9694039,506951,689,10,33275.37,1,1,0,1,0,7,71.31,2
8718703,507135,516,5,32431.96,1,1,1,0,1,19,25.35,11
6295749,507247,560,10,0,3,1,0,0,0,8,62.17,3
1141240,507286,699,2,125255.6,3,1,0,0,2,10,140.87,86
1198306,507290,536,2,50508.74,2,1,0,0,1,6,396.03,21
4535838,507333,656,0,680.94,1,1,1,0,2,11,31.1,7
7365745,507466,662,0,35063.59,2,1,1,0,0,23,5,9
2690268,507475,635,4,0,3,1,1,0,1,22,91.13,11
6459913,507517,501,4,17857.34,2,1,1,0,0,8,464.82,7
7066680,507523,636,4,16025.01,3,1,0,0,3,0,301.25,22
5357055,507524,636,0,105073.21,2,0,1,1,0,13,63.83,16
4139896,507652,494,3,513.43,1,1,0,1,1,9,48.47,30
5409875,507723,691,5,94164.26,2,1,1,0,0,7,17.37,2
4978534,507746,713,3,0,2,1,1,0,1,11,77.63,1
5519920,507777,593,4,143971.93,3,1,1,0,0,23,46.8,2
8907862,508004,655,3,44457.2,1,1,0,1,2,3,63.59,55
6756203,508024,598,0,55209.42,1,1,1,1,0,27,20.34,37
7139188,508060,636,9,32257.23,2,0,1,0,0,15,164.72,0
4085559,508396,537,5,27001.08,2,1,0,0,4,4,13.9,29
9367972,508422,524,4,24880.67,4,1,1,0,1,20,230.33,2
8112581,508489,692,1,34139.1,1,1,1,0,0,21,49.2,4
4532148,508548,762,5,64581.39,1,0,0,0,0,9,7.43,0
8031212,508654,688,2,66026.91,4,1,0,0,2,4,39.38,13
7246319,508783,555,1,57894.21,3,0,1,0,0,9,169.48,0
7124992,508926,667,1,78106.94,1,1,0,1,1,5,97.38,54
7720828,508930,651,6,6734.84,2,1,0,1,6,1,1184.97,0
5691405,509018,789,10,35165.98,2,0,1,0,0,22,528.15,6
8561977,509054,614,1,0,2,1,1,0,1,33,32.2,6
4018040,509386,826,1,0,3,0,1,0,0,22,14.03,9
3200150,509420,684,7,0,2,1,1,1,2,22,46.82,6
4834713,509451,773,4,40037.92,3,1,1,0,0,15,100.87,19
2675536,509660,579,2,12201.2,2,1,1,0,1,33,189.62,5
5528994,509711,659,5,6068.36,1,1,0,0,2,3,213.38,46
4956154,509985,579,8,0,1,1,0,0,2,8,82.32,5
8251427,510133,834,2,95448.33,3,0,1,0,0,21,323.13,9
7390162,510154,732,1,56783.03,1,1,0,1,2,9,35.79,220
4289394,510339,651,0,36439.79,1,0,1,0,0,24,6.85,10
3446851,510623,581,4,61880.91,4,1,0,0,3,7,173,21
3509000,510780,750,1,0,2,1,1,0,0,18,61.66,30
8935405,510954,753,2,0,1,1,0,1,1,1,404.75,14
1163448,510997,730,1,300.11,2,0,1,0,0,29,70.57,0
3962978,511122,625,10,2484.14,1,1,1,0,0,18,380.03,4
8071943,511484,588,8,0,2,1,0,1,3,3,36.9,8
9381860,511564,619,0,7949.39,2,0,1,0,1,14,33.11,7
3256060,511612,511,6,0,1,0,0,1,2,0,17.26,15
9673937,511707,727,0,23422.19,2,1,1,0,1,10,46.91,1
9958741,511776,665,1,14585.92,1,1,1,1,0,25,5,3
6297024,511929,615,2,0,2,0,1,0,1,32,96.95,3
9164132,511967,603,10,52831.69,2,1,1,0,1,16,160.37,3
6033738,511981,696,2,42374.37,3,0,0,0,0,9,172.03,63
5210645,511987,685,10,0,2,0,0,0,2,1,48.43,53
1800429,512022,679,3,0,2,1,1,0,0,2,120.92,1
7684074,512040,624,10,10805.18,2,0,1,0,1,24,105.02,1
2660521,512042,653,8,16175.67,2,1,0,1,1,4,176.94,63
3740422,512151,668,0,61581.59,2,1,1,0,1,10,89.06,2
2007243,512160,646,10,13940.22,1,1,0,0,1,9,48.38,145
4614941,512344,535,3,0,1,1,0,0,1,11,303.43,1
5266272,512509,603,2,0,3,0,0,0,2,14,69.7,65
8995004,512842,661,2,102967.91,1,0,0,1,2,3,168.42,57
2615677,513037,735,5,20255.53,2,1,1,0,1,19,60.73,2
8547311,513160,740,5,0,3,1,1,1,1,14,103.06,0
6614605,513224,706,3,85525.88,4,1,1,0,0,14,43.64,9
5358202,513296,540,0,57246.03,2,0,1,0,0,11,6.34,1
7055937,513420,601,3,39981.63,2,0,1,0,1,3,26.44,10
7044941,513474,583,4,0,2,0,1,0,2,0,153.02,21
5323737,513477,614,10,0,2,1,0,1,2,0,49.27,66
6773715,513507,454,2,20182.87,2,0,0,1,1,10,102.48,51
1332781,513697,543,0,30623.82,1,0,1,0,1,24,312.01,1
7908201,513741,498,0,29404.21,2,1,0,0,4,13,389.36,13
3034027,513927,683,4,233.47,1,1,1,0,0,14,40.32,16
6890320,513982,756,2,0,1,1,1,1,0,20,22.29,3
4337963,514186,703,1,12450.23,2,1,1,0,0,16,88.48,0
3928275,514306,550,2,0,3,1,1,0,0,19,33.36,5
5774942,514337,548,1,26572.9,1,0,0,1,0,9,258.08,116
6957741,514463,458,0,56586.19,1,1,1,0,1,11,96.13,5
6454109,514521,519,0,30834.92,2,0,1,0,0,17,38.61,8
9563838,514664,591,3,683.37,2,1,1,0,0,10,27.64,6
9178787,514798,850,0,33153.51,1,1,1,0,3,14,80.77,10
8498243,514812,761,2,22170.95,3,0,0,0,2,7,90.53,15
2315459,514828,739,3,14482.75,2,1,0,0,2,2,62.05,6
7393310,514850,636,0,13261.17,1,1,1,0,0,13,64.4,2
5807067,514913,608,5,19360.07,3,1,0,0,1,6,43.3,32
8780468,514991,709,10,45939.21,1,1,0,0,0,8,156.27,30
3430151,515011,630,1,35929.7,1,1,1,0,1,16,37.79,0
3811450,515018,561,2,28315.41,1,0,1,0,1,35,61.13,0
6660436,515032,680,3,28073.74,1,1,0,1,2,0,111.5,15
8076906,515035,672,5,20989.1,1,0,1,1,3,11,66.92,7
7790959,515182,629,0,13723.82,1,1,1,0,0,30,221.46,0
2196955,515287,793,0,0,2,1,0,0,2,8,14.55,14
2327277,515492,542,1,28122.54,1,0,1,0,1,8,136.55,0
3717900,515594,697,0,3663.53,3,0,1,0,0,21,142.91,1
6765079,515712,659,0,10007.51,2,1,0,0,1,5,119.22,57
4828861,515898,561,0,0,2,1,0,1,1,4,52.89,16
6259356,515922,698,1,1678.42,3,1,0,0,0,4,11.52,14
6316334,515973,682,1,41552.37,2,1,1,0,0,0,190.09,4
5888148,516059,520,8,1215.02,1,1,1,0,0,17,268.05,0
5487442,516176,496,0,0,2,0,0,1,3,0,14.27,6
7634639,516224,631,2,47647.77,4,0,1,0,0,31,9.94,1
5550787,516278,547,0,12169.69,2,0,1,1,0,20,89.88,1
8464156,516297,687,3,8284.46,2,0,0,0,0,0,33.06,15
7092894,516332,526,0,12380.7,2,1,0,0,0,8,45.54,30
9739850,516359,586,0,54074.15,2,1,1,0,0,8,6.43,0
8554590,516379,664,2,29399.13,2,0,1,0,2,18,5,8
7945583,516444,708,8,0,1,1,0,0,2,5,11.04,16
3807132,516656,555,0,24968.57,2,0,1,0,0,20,189.05,6
4085098,516716,600,10,0,3,0,1,0,0,10,22.86,0
1387572,516760,773,10,35121.12,2,1,1,0,0,9,44.05,7
3097821,516774,650,6,62386.73,2,0,1,0,2,13,156.08,7
4936391,516791,765,2,67534,2,1,0,1,3,4,31.14,75
5221936,517035,610,1,27781.35,3,1,0,1,2,7,48.14,113
2343263,517196,627,0,2077.28,2,1,0,0,2,4,6.58,0
4532803,517206,742,5,28892.07,3,1,0,0,0,3,46.3,147
3800292,517307,638,2,0,1,1,1,0,1,22,128.51,1
7661319,517368,623,0,33756.25,2,1,0,1,1,13,210.99,216
2728209,517375,515,0,25167.31,1,1,0,0,0,2,181.59,36
2603125,517469,570,2,45001.78,1,0,1,1,0,14,33.22,1
2070258,517479,540,1,14541.36,2,1,0,1,2,4,12.7,36
8938740,517500,544,3,87985.76,2,1,0,0,0,7,97.18,57
1903041,517568,657,4,31122.07,2,0,1,0,0,12,37.26,8
1442329,517584,624,2,38870.03,3,1,1,0,0,21,71.43,0
7660764,517643,564,0,0,3,1,1,0,0,4,34.25,2
9790972,517754,681,1,0,3,1,0,0,3,5,45.17,45
2396723,517821,685,5,0,3,1,0,0,3,5,146.94,7
2743629,517885,659,1,106890.31,4,0,0,1,0,0,322.5,49
5403218,518084,523,5,687.34,2,1,0,0,1,9,135.17,4
3605071,518098,839,1,17373.14,2,1,0,1,0,3,17.22,44
2414508,518114,694,4,24752.38,3,1,0,1,1,1,84.62,36
7540534,518309,582,2,0,1,0,0,0,3,2,485.17,5
6190378,518373,506,1,0,2,1,1,0,0,8,73.71,3
4847954,518582,552,3,24271.98,2,0,1,0,0,29,20.77,7
5150624,518801,758,0,70230.92,2,1,0,0,1,1,120.94,12
5767670,518836,575,0,31860.53,3,1,0,1,1,3,68.37,23
8434998,519029,718,1,31530.56,2,1,1,0,2,13,460.42,2
3120836,519066,709,3,182869.53,2,1,1,0,0,18,374.15,11
3202464,519093,701,0,57711.79,2,1,1,0,0,25,51.62,5
9837269,519218,653,4,82087.81,2,1,1,0,2,20,101.47,5
3862327,519453,651,3,55279.69,2,1,1,0,0,14,17.29,1
1479346,519692,629,10,17270.88,2,1,0,0,0,6,58.41,9
1589802,519902,698,6,19986.16,1,1,1,1,0,10,268.41,2
6986802,519904,540,7,42783.41,1,1,1,0,0,31,23.6,8
6455972,520018,733,0,34101.43,3,0,0,0,0,4,52.27,26
8988550,520040,665,3,0,2,1,0,0,1,5,366.34,14
8838205,520051,487,1,71766.05,2,1,0,1,1,1,42.74,56
5570355,520075,680,3,62190.27,1,1,0,1,3,4,113.92,41
8463259,520106,842,1,42353.69,1,0,0,0,1,0,72.77,8
3266851,520172,455,1,0,1,1,0,1,5,8,39.72,0
3970181,520245,603,0,16751.6,2,1,1,0,0,20,36.73,3
8659527,520252,788/850,5,52.20%,1,1,0,1,0,11,61.69,1
8297709,520274,620,5,59719,2,0,1,0,0,11,72.79,4
9782198,520286,608,1,26792.09,3,0,1,0,1,15,117.64,1
9955411,520304,564,4,35762.19,1,0,0,0,0,5,98.99,60
6195254,520400,713,3,25372.95,1,0,1,1,0,18,205.1,13
6824517,520521,544,7,972.03,4,0,1,0,0,25,130.89,7
9080774,520651,629,3,0,1,1,1,1,1,15,46.54,3
4810582,520884,671,2,49756.99,2,0,0,0,2,0,35.16,41
2502467,521063,538,2,6378.16,2,1,0,0,2,10,23.87,62
8413185,521126,577,10,0,2,1,1,0,1,23,55.01,0
6165171,521233,707,3,8852.07,2,1,1,0,3,14,57.65,9
7136825,521536,468,5,16780.66,2,1,1,0,1,15,150.33,8
7915632,521805,709,5,25400.33,2,1,1,0,1,21,191.47,2
5358838,521818,691,3,24925.81,1,1,1,0,2,24,59.11,5
3612506,521947,457,1,1597.47,1,1,1,0,0,14,19.72,7
6093108,522060,517,0,0,1,0,1,0,0,22,11.86,6
1177097,522179,644,5,16530.69,2,1,1,0,0,25,95.63,4
1001549,522419,644,1,41881.24,2,1,0,0,1,4,74.26,19
9779789,522548,731,2,31570.99,3,0,0,0,1,3,63.99,4
3286742,522842,547,1,0,2,1,0,1,2,7,52.97,25
6769431,522866,580,4,0,3,1,0,0,1,2,27.97,2
5811072,522979,457,0,70742.51,1,0,0,1,1,3,115.21,5
8871835,522986,663,0,1799.67,1,1,0,0,1,6,122.52,8
9977469,522988,747,5,825,2,1,1,0,1,18,56.44,9
1139537,523013,735,1,40969.23,2,1,0,0,1,7,395.6,60
9253243,523037,666,10,67478.54,4,1,1,0,0,15,58.5,3
9003857,523389,664,9,491.42,3,1,1,0,1,19,41.39,1
6026630,523533,679,0,52922.74,2,1,0,0,0,3,8.93,94
1153219,523579,730,2,0,1,0,0,1,0,9,22.63,5
8221506,523727,790,0,1185.89,1,1,1,0,0,27,22.32,1
5914425,523808,684,2,9482.96,4,1,1,0,0,9,18.66,9
4879150,523831,414,10,39772.48,2,1,1,0,1,18,43.58,6
1121097,523956,725,2,0,3,1,1,0,0,20,129.38,1
7268704,524035,709,0,31992.01,2,1,0,0,0,5,34.05,51
4163696,524045,446,0,48510.54,2,0,1,0,2,19,23.97,6
7907781,524068,626,3,48850.53,3,1,1,0,0,31,112.49,0
8333427,524094,838,4,103152.73,3,1,1,1,0,25,88.94,11
7622840,524252,799,2,0,2,1,1,0,1,6,47.02,7
5192561,524434,554,2,96267.62,1,1,0,0,0,3,35.88,44
3739207,524533,680,5,0,1,1,0,1,2,0,101.36,22
7538471,524707,695,1,14524.75,2,0,1,0,0,16,27.81,0
7347794,524723,850,10,5125.66,2,1,1,0,1,37,202.27,5
4700926,524814,667,10,0,2,1,0,0,1,4,5,92
5412076,524965,610,0,34828.73,1,1,1,0,1,22,30.5,3
2328918,525051,527,10,0,1,1,0,0,1,0,51.34,64
8084001,525110,603,5,0,2,1,1,0,1,28,18.28,13
5019180,525146,689,0,38093.84,2,0,1,0,0,2,147.72,3
9667278,525151,792,4,67752.24,3,0,0,0,2,5,86.16,17
5561139,525187,702,5,28224.45,2,0,0,0,0,5,46.99,12
5776085,525205,664,0,1900.41,2,1,0,1,1,1,29.31,13
9924543,525392,624,10,0,1,0,0,0,1,6,56.23,9
5510085,525505,762,0,0,3,1,1,0,0,14,20.01,8
7927377,525556,653,1,42795.75,2,1,1,0,0,0,174.72,1
4154127,525750,649,10,41226.3,3,0,1,0,1,15,246.34,0
2148634,525756,678,0,81929.8,4,0,1,0,0,21,87.01,8
4060284,525800,730,2,0,1,0,1,0,0,9,54.97,1
3292170,525818,638,2,25231.68,3,0,1,0,0,15,28.29,2
5858602,525942,590/850,7,22.45%,2,1,1,0,1,15,111.34,5
2851472,526117,609,3,84385.36,3,1,1,0,0,21,24.92,1
8639388,526156,719,0,0,2,1,1,0,0,10,96.33,0
8596173,526170,520,0,38503.3,3,1,0,1,1,12,95.3,11
5565653,526259,566,5,32331.72,3,1,0,0,2,0,43.02,71
9254323,526369,543,1,36370,1,1,1,0,0,3,8.32,0
4150584,526673,620,0,50122.69,2,1,0,1,1,5,47.51,20
6379509,526833,638,0,0,1,1,1,0,0,20,144.24,3
1325400,526911,527,10,1940.22,1,1,0,1,3,3,37.32,62
3552641,526949,826,3,0,1,1,0,0,3,7,64.15,8
1832687,527398,696,7,38498.02,1,1,1,0,1,17,27.97,1
9975319,527433,614,5,48850,2,0,0,1,0,15,27.25,34
1371294,527809,733,0,0,3,1,1,0,0,3,48.57,3
4119515,527865,669,2,52641.39,2,0,1,0,1,2,19.63,18
2715864,527940,595,2,87074.79,1,1,1,0,0,28,121.88,2
5733096,528090,558,1,31324.75,2,1,0,0,1,3,204.27,71
5516344,528129,647,4,35578.87,2,0,0,1,1,10,113.6,15
3097809,528184,582,10,0,2,0,1,0,3,32,46.15,18
8355410,528231,586,2,2441.86,2,1,1,0,1,0,22.94,14
1137641,528361,578,2,21549.69,2,1,1,0,1,22,90.66,2
4905912,528436,577,0,35736.77,4,1,1,0,3,17,78.32,10
2513254,528497,707,0,37324.11,2,1,1,0,1,16,45.67,0
3528052,528625,749,3,110003.2,2,1,1,0,3,33,58.14,0
1247041,528705,611,7,30204.96,1,1,1,0,0,15,283.33,5
9280890,528728,703,1,28052.45,2,0,1,0,0,19,30.87,4
4643811,529008,669,4,0,1,1,0,1,6,6,38.73,37
6736345,529016,623,6,68161.47,2,1,0,1,1,2,43.15,13
8050508,529068,796,5,328.92,1,0,1,0,0,14,45.56,0
6227389,529088,695,9,75661.88,2,1,1,0,2,10,194.37,7
9361693,529161,746,6,62007.39,1,1,1,0,2,28,28.47,2
7231009,529322,754,8,0,1,0,1,1,0,7,154.99,0
8779334,529399,733,2,13238.91,3,0,0,1,1,5,58.15,20
1532460,529660,740,0,68344.54,2,0,1,1,0,22,218.69,6
6540652,529711,733,10,282,1,1,1,1,0,14,41.19,0
2345920,529893,648,3,13184.71,1,1,1,0,0,31,172.61,5
3450947,529954,607,0,70025.56,2,1,0,0,2,0,46.79,15
1940167,530074,685,3,12675.9,1,1,1,0,1,15,69.13,7
5471188,530311,778,1,0,2,1,1,0,0,15,82.39,1
7583744,530720,676,6,18884.07,3,1,0,0,3,5,123.94,50
2197636,530728,678,1,466.32,2,1,0,1,0,7,49.12,3
8887754,530749,633,9,31780.85,2,0,1,0,0,12,27.85,0
4046805,530764,555,3,26043.46,2,0,1,0,1,9,34.71,27
4224451,530794,512,7,70659.89,1,1,0,1,1,8,132.51,12
5195637,530816,623,2,8336.5,2,0,1,0,1,13,80.76,4
7401806,530849,730,2,14013.44,2,0,0,1,1,0,23.24,69
1211652,530859,635,3,8953.11,3,0,0,0,0,14,63.8,46
3046175,531071,644,4,60357.25,2,0,1,0,0,2,84.32,5
5176895,531225,742,8,0,1,1,1,1,2,34,29.58,4
7455837,531228,484,10,0,2,0,0,0,1,3,53.44,48
8431651,531262,683,0,585.29,2,1,1,0,1,19,58.79,2
5146693,531319,753,1,54771.96,4,1,0,0,1,7,80.39,13
1562209,531589,762,1,30276.2,2,1,1,0,1,17,278.76,5
4341683,531641,565,6,0,1,0,1,0,0,15,171.38,8
8731522,531694,673,1,49662.05,1,1,0,1,4,2,130.55,181
2576392,531709,686,2,124721.5,4,1,0,1,1,6,107.83,30
9743263,531712,628,2,101538.22,2,1,1,0,0,27,29.03,3
4497162,531736,523,3,10390.22,1,0,0,1,2,2,528.97,53
8932696,531762,662,0,26937.75,2,0,1,0,0,10,74.86,3
7528399,532005,624,0,78380.77,3,1,1,0,0,26,35.64,3
6236326,532046,771,0,11517.6,1,1,1,0,1,18,130.05,6
6420100,532067,524,1,27464.32,2,1,0,1,2,7,141.58,38
3661058,532227,674,1,41527.47,2,0,1,0,0,14,22.12,1
1707762,532322,727,5,358.11,1,0,1,0,1,14,55.88,7
9739692,532368,495,10,43545.42,2,1,1,0,1,10,401.69,11
3049194,532373,845,1,0,2,1,1,0,1,4,123.45,0
5249882,532424,641,5,0,2,0,0,1,1,10,74.69,43
9073692,532459,718,5,35997.32,4,0,0,0,2,3,123.08,44
6013251,532637,709,0,63250.89,2,1,1,0,0,20,39.01,32
4334029,532699,645,2,11445.95,2,1,0,0,4,5,40.59,45
7046955,532723,758,10,83673.91,1,1,1,0,1,16,50.15,0
1873883,532794,490,1,45747.98,2,1,1,0,0,28,63.8,3
4653880,532961,651,0,0,3,1,0,1,0,13,94.58,3
2894625,533007,682,2,1468.49,1,1,1,0,0,8,71.74,17
4958849,533020,654,2,11083.4,3,1,1,0,1,22,660.04,4
8284023,533108,633,1,0,2,0,0,0,3,1,84.07,18
6444432,533121,784,0,12225.73,1,1,0,0,1,6,141.23,24
1252794,533174,761,5,43498.28,2,1,0,0,0,8,33.22,31
3807840,533301,590,0,62766.9,3,0,1,0,0,20,77.41,11
5632190,533321,696,3,42793.13,2,1,0,1,0,10,68.99,26
3007387,533377,662,0,31049.11,1,1,1,0,0,17,201.75,3
7640561,533525,680,0,7516.12,4,0,1,0,1,8,28.04,1
5078362,533648,716,1,38946.4,2,1,1,0,0,22,95.64,1
1149818,533649,672,7,54779.98,3,1,1,0,3,15,132.08,1
1704531,533672,708,1,13678.16,2,1,0,0,2,4,31.69,21
8973718,533856,661,6,64666.15,4,1,1,0,1,28,38.02,9
3600333,533911,642,7,37477.58,1,0,0,0,1,3,114.49,3
7231035,533914,561,1,23988.21,3,0,1,0,0,5,171.28,1
2501223,533973,499,2,32145.86,2,1,1,0,2,21,62.43,8
5172867,534037,705,4,40596.09,3,0,0,1,0,4,19.23,40
3645741,534061,708,2,22819.64,2,1,0,0,3,3,141.22,69
9387252,534096,620,3,48633.04,1,1,1,0,1,22,90.41,4
2533463,534098,665,3,19229.86,2,1,1,0,0,22,21.99,1
6677780,534130,746,1,41922.24,2,0,0,0,1,5,17.96,18
2007511,534152,706,4,115457.38,3,1,1,0,0,17,54.76,5
2002860,534153,670,4,78428.66,1,0,0,0,1,4,129.94,42
6964596,534303,433,3,20771.95,2,1,1,0,1,20,183.22,3
3582322,534346,706,1,23670.65,2,1,0,0,0,7,50.16,10
9998515,534572,800,8,15747.32,1,1,0,1,2,8,19.65,10
2801733,534574,815,4,0,2,0,1,0,2,9,78.08,14
3111034,534603,569,1,1228.52,1,0,1,0,1,23,261.17,0
9184645,534753,509,10,26053.77,3,1,0,0,3,9,132.16,10
4903632,534773,603,1,37167.84,1,0,1,0,0,22,30.88,4
6314007,535020,450,0,58195.08,3,1,0,0,0,4,32.31,39
6827024,535037,593,2,85623.14,2,1,1,0,1,17,84.8,1
8360481,535050,608,10,12564.48,2,1,1,0,1,25,75.5,1
4237420,535098,612,4,0,1,1,0,1,2,0,206.25,1
1358241,535320,540,2,23410.68,1,1,0,0,0,5,878.27,11
7337911,535352,744,8,14392.3,1,1,1,0,1,17,251.53,1
7009053,535604,825,1,6749.93,2,1,0,0,2,7,180.66,101
3260430,535612,600,2,26751.69,2,0,0,0,1,3,100.05,51
5205984,535673,653,5,66053.43,4,1,1,0,0,6,40.84,11
1662507,535686,593,10,6922.35,1,0,1,0,2,14,270.4,24
9142018,535810,850,3,57333.14,1,0,0,1,1,9,85.49,1
8340032,535820,758,1,0,2,0,0,0,0,6,46.1,38
5944490,535970,601,8,120.42,1,1,1,0,0,8,64.26,2
9222379,536045,678,3,69442.92,2,0,1,0,0,7,88.04,3
4183910,536056,691,2,19058.45,3,1,1,1,1,29,14.41,4
4131076,536135,699,0,0,2,1,0,1,2,2,93.53,0
6832845,536158,730,2,55544.46,1,1,0,1,4,13,70.74,53
6430463,536181,714,1,41672.83,2,1,1,0,0,23,43.24,1
8858359,536196,752,10,39455.26,1,1,1,0,0,13,176.49,10
5619177,536236,578,1,0,1,0,1,1,2,14,107.22,16
3690116,536390,662,6,10744.13,3,1,1,0,0,13,120.65,2
2155557,536440,672,1,0,3,1,1,0,0,21,24.24,5
9911007,536476,744,0,576.02,1,1,1,0,0,12,142.56,6
3600895,536548,815,2,17721.5,3,1,1,0,0,30,103.76,1
8539415,536740,482,3,25758.77,1,0,0,1,1,7,311.27,41
5960564,536754,772,7,0,2,0,1,0,1,12,102.1,2
5418267,536774,543,10,1175.17,1,1,1,0,0,15,91.46,1
7159129,536801,668,3,2309.15,1,1,1,0,0,27,21.28,3
8618181,536802,644,4,0,2,1,0,0,2,8,40.95,2
1012076,536822,662,1,25181.96,1,0,1,0,0,21,36.31,3
9488562,537017,627,5,34154.82,3,1,1,0,0,11,19.88,3
7359295,537020,567,3,12980.47,1,1,1,0,1,15,46.6,3
4112748,537211,736,9,2645.93,2,0,1,0,0,40,35.51,0
1314067,537503,770,10,37950.26,1,1,1,0,0,23,150.13,5
7108168,537605,447,0,0,2,1,1,0,2,23,428.13,7
5006173,537757,711,6,0,1,1,1,1,0,5,31.32,3
6380354,537862,569,0,35155.75,1,1,1,1,1,3,46.29,0
2062698,537983,549,2,39397.21,2,1,1,0,1,5,18.54,8
7501017,538065,628,5,74788.45,1,1,0,0,0,5,6.8,5
4185480,538184,752,5,52088.07,2,1,1,0,0,19,70.96,1
9792431,538446,501,6,48774.77,1,1,0,1,1,4,24.43,27
9347489,538539,691,2,41487.7,1,1,1,1,0,10,244.47,0
3585897,538555,546,5,0,2,0,1,0,1,17,45.82,1
5750117,538620,606,0,30303.06,4,1,1,0,0,4,149.59,3
6412330,538897,652,1,0,2,0,1,0,0,27,7.01,3
7875379,538967,528,2,0,1,0,1,0,2,15,81.48,3
6402667,538997,616,2,58402.11,2,1,0,0,2,8,162.15,1
2853280,539001,751,6,61083.38,1,1,1,0,1,29,130.19,18
2614912,539122,583/850,6,$0.00 ,1,1,1,0,1,10,93.28,2
9777848,539128,721,3,20357.02,2,1,1,0,1,13,102.13,1
2118702,539170,589,5,1775.17,1,0,1,0,0,23,81.34,9
1734460,539375,621,5,74020.14,4,0,1,0,0,16,69.54,13
3177250,539422,532,0,0,4,1,1,0,2,11,113.29,4
3997061,539450,763,10,32719.04,2,1,0,0,1,1,37.18,89
1524686,539486,424,1,47589.43,1,0,1,1,1,21,149.59,6
4390323,539589,646,10,44707.35,2,1,0,0,2,0,70.18,139
2796087,539599,643,0,51630.39,1,1,1,0,1,30,53.48,12
9143162,539605,735,6,61722.29,2,1,0,0,3,10,183.76,43
4214793,539740,473,6,160.29,1,0,0,0,1,2,33.62,15
2656810,539898,777,0,53269.74,1,1,0,1,0,5,58.09,33
1533803,539963,739,5,14919.71,2,1,1,0,0,15,27.47,0
7519606,539976,480,3,4110.97,1,0,0,0,0,0,44.61,3
9219319,540038,692,1,48126.75,1,0,0,0,0,0,43.95,86
9821818,540186,657,6,45844.18,1,1,1,0,0,8,140.28,1
5293936,540208,545,1,79946.21,2,1,0,1,1,3,533.49,65
1823520,540218,777,0,26683.48,3,1,1,0,1,6,46.14,26
7146400,540226,683,1,44921.71,2,1,1,0,0,15,48.06,4
4703113,540463,675,6,40192.99,2,0,1,0,0,24,103.14,2
2189067,540552,643,0,0,4,1,1,0,0,13,138.23,0
1219548,540656,649,1,67697.74,2,1,1,0,0,10,21.96,1
4502044,540781,591,0,16569.04,2,1,1,0,0,23,60.65,4
9244416,540869,718,0,92728.41,3,1,1,0,1,11,96.52,0
2341452,540897,661,1,175090.76,2,1,0,1,0,7,181.89,18
8852729,541119,635,1,0,1,1,1,0,0,13,49.66,1
2018380,541307,793,2,13552.7,3,0,0,0,0,5,298.09,0
7055334,541315,762,1,122021.98,3,1,1,0,2,8,89.61,0
7978536,541409,850,6,0,1,1,1,0,0,12,105.88,0
7191944,541467,551,2,18389.67,2,1,1,1,0,24,8.82,7
1978112,541557,763,0,0,3,1,1,0,0,8,54.31,1
5459646,541996,691,10,5715.04,4,1,0,0,1,6,132.77,18
9875496,542042,803,2,0,1,1,1,1,0,6,90.75,3
1682046,542226,799,2,158223.5,3,1,0,0,3,5,52.67,14
2180916,542306,508,10,44664.22,1,1,1,0,0,2,41.88,8
6098672,542374,605,10,52851.71,1,0,1,0,0,11,182.59,3
2307538,542417,611,5,32168.25,1,1,1,1,1,28,44.98,12
4622201,542666,592,0,121937.45,4,0,0,0,0,5,29.7,17
9715516,542750,639,0,0,2,1,1,0,2,12,378.19,16
2629390,542828,650,2,0,3,1,0,1,0,12,34.31,50
2698275,542904,688,0,0,1,1,1,0,0,10,36.52,9
4875838,542983,842,10,50440.98,2,0,1,0,0,18,75.31,0
9919792,543143,659,1,0,3,1,1,0,0,19,96.01,7
7464782,543473,514,3,132054.23,2,1,0,0,1,1,50.03,10
4178618,543481,614,10,88842.75,2,1,1,0,1,24,35.23,3
4240006,543555,472,2,41511.42,1,1,1,0,1,24,287.27,4
9828037,543588,775,0,20228.58,2,0,0,0,1,9,11.2,30
5173551,543681,609,2,14207.36,1,1,0,1,0,5,82.24,48
4001408,543692,647,2,45313.4,3,1,0,1,1,7,47.24,67
7965641,543732,546,3,53890.75,1,1,1,0,1,17,43.42,0
2770234,543814,618,0,0,3,1,1,0,0,11,126.05,6
7005628,543940,641,1,85088.38,1,0,0,1,3,4,39.87,12
8696054,543973,620,8,28195.1,2,0,1,0,0,29,60.41,0
8165129,544114,700,10,37834.98,2,0,0,1,1,8,28.2,33
2746548,544136,550,6,51302,2,0,0,0,1,8,72.1,90
3798595,544150,614,10,40109.62,4,1,0,1,1,4,48.8,126
4026551,544151,695,6,47608.91,3,0,1,0,1,13,163.45,0
7737011,544154,538,0,15470.33,3,0,0,0,1,1,35.51,34
9467339,544278,703,0,115083.86,3,1,1,0,1,9,52.14,18
6662526,544393,660,2,11486.96,2,0,1,0,1,20,174.09,1
3653760,544536,735,0,37268.29,1,1,1,0,1,33,202.46,2
9957363,544611,523,4,63165.41,1,1,1,1,1,14,25.3,10
8432510,544726,464,5,39812.31,2,1,1,0,2,20,73.99,0
6911017,544730,602,2,0,1,0,0,0,3,4,54.22,4
6287423,544815,655,10,42656.09,2,1,0,0,1,0,103.38,129
6446792,544920,686,6,20313.94,2,0,0,0,4,3,14.71,16
7236418,545120,714,5,74539.18,3,1,0,0,1,5,158.23,7
7917972,545405,609,0,0,1,0,0,1,1,0,468.43,23
8224069,545790,515,2,19916.39,2,1,0,0,2,7,69.87,38
6426605,545798,608,0,70136.01,3,1,1,0,0,28,66.52,0
5038654,545807,747,4,30499.43,3,1,0,0,0,2,37.38,2
4589118,546157,525,0,36112.94,2,0,0,0,1,6,40.86,35
7292514,546173,526,10,46039.04,1,1,0,1,2,8,22.6,0
5262908,546376,698,5,3293.23,1,1,0,1,1,3,67.54,73
7039941,546383,664,3,26517.72,2,1,1,0,0,7,78.03,1
8590070,546590,628,1,0,2,1,0,1,0,9,94.6,31
8507800,546688,543,2,0,2,1,0,0,3,0,28.96,67
7662074,546768,738,1,640.03,1,1,0,1,2,4,54.47,101
1003282,546815,655,1,44730.45,2,1,1,0,1,18,233.97,4
1581546,546915,804,2,11022.48,3,1,1,0,0,25,106.6,6
5772818,546980,688,3,71877.97,1,1,1,1,0,33,70.51,0
1273509,547080,480,0,0,2,1,1,1,1,6,102.34,4
9684044,547180,698,7,16345.42,3,1,1,0,1,18,125.81,0
3266362,547181,743,0,0,4,1,1,0,1,30,51.17,10
6064062,547389,612,0,71289.48,3,1,0,1,2,9,39.91,35
1110206,547470,561,4,0,2,0,1,0,0,29,49.17,10
6038767,547494,769,1,20368,4,1,1,0,1,21,74.09,5
4722641,547724,663,7,46396.04,2,1,1,0,1,22,66.43,9
4604128,547798,723,3,0,1,0,0,0,1,6,221.65,29
6283223,547820,549,10,0,1,1,0,1,1,0,69.34,1
1364088,547952,618,0,21522.8,4,1,1,0,0,18,59.31,0
5629792,548081,664,4,80552.24,1,1,1,0,0,34,114.67,7
9577712,548324,581,5,122517.67,2,1,0,1,3,6,73.75,46
3595683,548377,816,0,52261.45,1,1,0,0,2,8,13,37
2581875,548462,510,1,1600.21,1,0,0,0,0,4,38.3,5
1633110,548479,658,5,0,3,1,1,0,2,18,36.3,3
8723723,548580,512,4,27479.67,3,1,0,1,3,3,571.82,50
6966913,548906,553,7,118664.11,4,1,0,1,1,2,183.1,12
3619042,548965,737,0,51868.91,1,1,0,1,2,9,83.23,20
3322104,549112,686,0,19477.43,3,0,1,0,1,20,182.57,2
5445763,549186,620,4,0,3,0,1,0,2,9,49.95,2
7158628,549245,532,1,51560.61,2,1,0,0,1,3,32.02,2
5191903,549323,665,2,167.57,2,1,0,0,3,0,66.81,32
4908993,549433,420,4,65894.21,2,1,1,0,0,11,89.93,5
5299058,549660,850,4,0,4,0,0,1,3,9,212.54,25
6038238,549793,698,7,19514.79,2,1,0,1,0,3,13.41,30
2541912,549865,626,5,6925.26,2,1,1,0,0,14,94,6
7707501,549956,704,0,0,3,0,0,0,1,6,54.17,97
4647992,550081,549,2,24995.94,2,0,0,1,4,1,52.31,3
2295227,550089,710,6,0,4,1,1,0,0,25,86,0
6447428,550137,597,3,0,4,1,0,1,2,4,28.58,43
9095563,550179,576,4,28126.76,3,1,1,0,0,5,98.37,7
3900822,550246,414,10,4445.72,1,1,1,0,1,16,38.24,6
9191918,550268,563,0,12452.24,2,0,1,0,2,2,390.08,3
2599943,550418,636/850,10,0.63%,2,0,1,0,0,30,17.87,4
6039762,550513,485,1,15431.47,2,0,0,0,2,7,86.98,163
1626991,550664,684,6,15384.24,2,1,1,1,1,14,15.14,9
7401281,550770,550,2,15865.68,2,1,1,0,1,22,44.93,7
2316632,550797,565,1,15093.05,2,1,1,0,1,10,46.72,0
1938227,550955,626,2,26336.29,2,0,0,1,0,10,386.66,9
6610127,550956,770,5,0,1,0,1,1,0,15,100.33,7
6837300,550961,545,1,33313.21,2,1,1,0,0,11,31.7,6
8286418,551096,609,0,0,1,0,0,1,3,6,90.37,1
7988074,551344,630,0,26866.68,1,0,0,1,3,3,52.3,2
3022334,551365,752,0,0,2,0,1,0,2,18,63.06,4
4803691,551488,814,1,0,3,0,1,0,1,21,61.06,4
1191837,551504,666,3,26352.13,2,1,0,1,2,6,95.64,87
7417066,551524,683,6,35983.65,1,0,0,0,0,6,32.92,9
1908116,551533,647,1,0,1,1,0,0,0,2,130.44,62
6113416,551574,645,1,0,4,1,0,1,1,5,27.13,2
9797692,551607,692,1,62679.46,2,1,1,1,1,23,83.88,10
1690923,551860,815,1,9080.54,2,1,1,0,1,22,95.79,8
6357242,551914,752,0,0,1,1,0,1,2,6,43.55,8
3509536,551989,671,0,1572.32,1,0,0,0,0,6,41.27,8
6483324,552091,729,5,52553.51,1,0,1,0,0,19,259.73,13
9428900,552202,600,2,0,1,1,0,0,1,1,22.7,5
4704361,552248,732,5,44342.56,2,1,0,0,0,0,97.59,10
3570227,552275,660,0,13655,3,1,1,0,1,20,75.22,0
1847581,552457,633,8,33978.67,1,0,0,0,2,4,27.59,16
7591477,552686,751,0,0,2,1,0,1,1,7,64.65,2
8476199,552760,502,4,16124.97,2,0,0,0,2,5,91.32,8
9467953,552825,700,2,941.64,1,1,0,1,0,0,43.34,74
2511341,552855,596,3,19132.37,2,1,1,0,0,21,162.83,2
4725978,552917,580,2,0,3,1,0,0,0,4,27.15,26
8246678,553014,665,0,20912.81,2,1,0,0,4,3,100.84,36
5861752,553125,757,9,133335.77,3,0,0,0,2,0,46.55,7
7615632,553214,674,3,41610.84,1,1,0,1,1,6,58.46,72
3483236,553633,599,10,0,3,1,0,0,1,10,42.17,49
3217764,553834,633,2,0,1,0,0,1,3,9,72.85,111
6639966,553873,733,9,40636.32,1,1,1,0,2,18,265.08,1
2384877,554059,499,2,2453.59,2,1,1,0,1,19,91.72,4
8983516,554197,790,0,22125.67,1,1,0,0,2,13,164.91,20
1827302,554582,709,8,33698.48,2,0,1,0,2,11,89.23,0
7697318,554730,608,0,85791.3,3,0,1,0,0,7,46.92,4
5404991,554779,721,7,84593.72,3,1,0,0,1,1,96.25,71
2427388,554987,761,3,113932.71,2,0,0,0,1,13,174.21,23
7686174,555052,544,8,0,2,1,0,1,0,3,8.46,15
9419194,555251,490,1,17913.64,2,1,1,0,2,37,12.01,9
8289551,555292,684,3,0,1,1,1,0,1,24,85.41,11
3187332,555342,639,4,0,2,1,0,1,1,4,51.3,46
3262755,555401,776,3,21323.08,2,1,1,0,2,16,51.14,3
9068540,555589,589,3,31862.88,2,1,0,1,0,13,53.47,33
4323709,555596,568,0,39907.97,1,1,1,1,0,20,355.9,3
9184951,555673,657,0,46080.69,4,0,1,0,0,18,309.26,0
7632348,555786,516,3,29692.74,1,0,1,0,1,20,185.73,1
4290000,555791,667,0,0,2,0,0,1,2,0,29.98,0
9795418,555844,719,0,0,2,1,1,0,1,23,42.2,0
5131319,555851,$691.00 ,8,0/100,1,1,1,0,0,5,21,0
5065372,555884,654,0,49506.75,3,1,1,0,0,24,45.87,2
2201986,556068,681,5,0,1,1,0,0,1,12,13.43,30
5467052,556106,760,0,55071.3,2,1,0,0,2,0,165.84,18
8215305,556112,465,4,24798.73,2,1,1,0,2,11,13.69,6
6425946,556329,590,7,33368.54,2,1,1,0,0,15,15.72,1
2503148,556379,724,0,19657.96,1,1,1,0,1,7,55.99,22
2887937,556501,699,1,57270.1,2,1,1,0,1,22,47.6,10
7938755,556526,573,0,8453.24,3,0,1,0,0,2,8.99,6
8105832,556542,770,5,0,2,0,1,0,0,15,26.34,2
7128174,556641,606,2,59622.04,4,1,1,0,0,7,110.54,2
6843636,556732,809,2,117672.07,4,1,1,0,0,25,35.76,2
4195887,556839,701,2,43451.98,2,0,0,1,0,6,222.76,11
6381096,557007,616,5,12015.18,4,1,0,0,1,8,293.97,21
6780168,557037,643,9,72677.31,2,0,0,0,2,8,141.77,0
1406123,557058,585,2,67768.43,2,0,1,0,1,10,149.12,1
6114011,557239,813,5,0,3,1,1,0,1,11,32.46,0
3839632,557309,765,1,30814.2,1,0,0,1,0,9,83.71,9
6867267,557409,714,8,0,1,1,1,1,2,12,90.78,4
8419054,557592,554,0,55352.36,3,1,1,0,1,25,191.49,2
3446428,557925,627,0,331.57,1,1,1,0,0,13,39.99,10
8389750,557949,648,5,46186.76,2,1,0,0,4,11,571.91,81
1752920,558089,792,4,38007.25,1,0,1,0,0,17,53.93,3
4917305,558176,565,2,13779.38,3,1,0,1,2,8,63.95,5
4350161,558320,744,8,25892.23,2,1,0,1,2,9,107.81,20
7271672,558339,620,10,10753.63,2,1,1,0,0,11,116.13,3
3617098,558723,814,0,8962.65,1,1,1,1,0,1,36.83,3
2439727,558737,722,2,136844.2,3,1,0,1,1,11,27.41,82
2885284,558752,481,0,0,3,0,0,1,1,1,42.48,146
1914996,558933,67.20%,0,"$45,701.71 ",1,1,1,0,1,23,136.76,3
5077673,558936,617,1,51178.99,2,0,0,1,3,3,55.4,80
3477610,558976,538,2,39819.49,1,1,1,1,1,24,14.88,0
5826554,559022,699,7,0,2,1,0,1,2,4,47.44,137
1230406,559023,801,2,18567.95,1,1,0,0,1,4,16.02,67
6759137,559259,664,5,68891.33,2,1,0,1,0,10,101.17,44
2866934,559381,701,1,0,2,1,0,0,1,4,82.82,46
6119031,559398,560,0,0,1,1,1,0,1,26,23.38,9
8550780,559447,807,5,2218.27,2,1,0,1,0,9,96.99,71
8905261,559450,602,1,0,2,0,1,0,0,19,61.13,1
1381650,559457,736,0,1434.81,2,1,1,0,2,19,172.45,0
6567967,559469,549,6,36906.81,2,0,1,0,0,20,59.69,3
4506598,559507,758,0,0,2,1,0,1,0,7,16,29
4554677,559713,567,9,0,2,1,1,0,0,9,12.86,10
4419219,559753,777,10,44925.74,1,1,1,0,0,13,5,11
9778944,559969,626,6,1021.26,1,1,1,0,0,12,172.24,4
5339561,560030,629,2,0,1,1,0,0,0,5,28.13,112
9103837,560285,560,5,0,2,1,1,0,0,0,154.49,6
3371416,560295,707,0,459.68,1,1,0,1,1,5,39.61,48
1308508,560398,782,5,61025.24,2,1,1,0,0,7,40.77,3
7318411,560485,624,10,634.77,1,1,1,1,1,11,66.01,0
9838222,560623,504,0,77491.33,3,0,1,0,0,22,146.43,0
1729507,560767,618,5,629.42,1,1,0,0,0,9,262.61,17
5285846,560905,763,6,39410.55,3,1,1,0,1,21,38.19,1
3857489,560959,716,1,35365.27,3,1,1,0,3,26,81.19,2
2008479,561097,680,5,157138.33,4,0,1,0,2,2,104.54,5
5764956,561101,568,1,30563.56,1,0,0,0,1,10,49.92,66
4367121,561124,685,1,50609.15,2,1,0,0,2,9,50.74,32
5551347,561239,578,0,121419.03,2,1,1,0,1,10,26.32,7
1890622,561267,566,1,18282.09,3,1,1,0,0,18,58.44,1
8800748,561477,736,0,0,2,1,1,1,3,24,176.37,0
1139824,561567,687,2,46054.93,3,0,0,1,1,0,102.64,17
2117325,561607,563,5,49357.25,1,1,0,0,5,7,129.2,80
7520383,561694,736,1,16093.98,1,0,0,1,0,8,62.47,11
5551832,561859,588,5,31584.39,2,0,0,1,1,0,27.63,5
7043474,561865,617,0,0,2,1,0,1,1,5,39.11,14
2810117,561976,549,6,31150.37,2,1,0,0,2,8,189.07,5
1320081,561999,537,0,0,1,1,1,1,1,20,29.99,5
5907261,562094,710,6,57433.79,2,1,0,0,1,0,239.09,10
7484783,562236,616,4,54509.79,2,1,1,0,1,32,23.55,5
4878365,562462,673,3,28683.33,1,1,1,1,1,7,26.92,9
7387106,562543,689,0,32509.08,2,0,1,0,0,21,24.68,3
9531890,562721,767,5,32637.98,2,1,1,0,2,33,79.55,0
2671072,562806,511,0,35509.22,2,0,1,1,0,30,142.73,5
6292472,563031,638,2,81034.12,1,1,1,0,2,29,166.78,27
9131281,563173,524,0,0,1,0,1,1,1,10,93.77,3
9918107,563187,609,0,20594.62,2,1,1,0,0,10,52.4,2
2476741,563246,687,0,55227.62,1,1,1,1,1,13,82.27,9
4127564,563298,590,8,44376.57,1,1,1,0,0,30,417.86,24
4336572,563303,797,6,55191.79,1,1,1,0,1,1,72.29,1
9399526,563324,590,2,40097.1,2,1,0,0,2,2,19.63,3
8683734,563339,577,3,78591.39,2,1,1,0,1,3,57.85,9
1360516,563513,691,0,0,2,0,1,1,0,15,93.4,16
1666934,563516,537,4,0,1,1,1,1,0,13,90.84,3
5150551,563638,688,1,53640.04,1,1,1,0,0,23,28.51,2
9882115,563688,613,0,70003.99,2,0,0,0,0,6,27.79,3
6115834,563690,608,4,24094.08,1,1,1,1,0,13,339.08,2
6596369,563711,550,1,1143.85,1,1,0,0,4,0,22.48,62
9219709,563864,732,2,42453.79,2,0,1,0,0,27,68.64,7
7600153,563873,696,2,345.57,1,1,1,0,1,12,436.89,3
3634111,564071,626,10,43570.64,4,1,1,0,1,3,47.94,3
1308234,564226,550,1,165683.93,3,1,1,1,0,15,184.35,0
6818001,564276,720,0,3777.19,2,1,0,0,0,0,88.81,9
6904121,564478,499,0,0,2,0,0,1,3,4,28.87,60
6962255,564523,573,0,2835.69,2,1,1,1,1,23,369.9,2
6072192,564531,707,1,72465.58,1,1,1,0,0,27,45.01,0
4962858,564586,613,8,12747.71,2,0,1,0,0,20,73.33,0
9409604,564635,583,10,15934.27,2,1,1,0,1,17,19.01,1
5628469,564637,644,3,67593.85,2,0,0,0,4,1,80.52,1
2040350,564656,725,3,0,2,1,1,0,2,11,310.84,2
5323142,564687,693,1,454.99,2,1,0,1,1,4,28.11,108
7495644,564920,750,4,56392.68,2,1,1,0,0,12,84.23,7
1494355,564971,670,1,10579.28,3,1,0,1,1,3,33.66,52
5700872,565108,505,3,132391.73,2,1,0,0,3,0,63.68,12
4784649,565198,508,1,0,1,1,1,0,1,18,60.31,8
3545240,565230,780,0,96014.21,2,1,0,0,2,7,76.43,27
6734220,565330,782,0,0,2,1,1,1,0,8,199.37,1
7590872,565412,708,7,149659.59,2,1,0,0,0,3,90.4,85
3302852,565471,605,2,0,2,1,1,1,0,12,46.69,5
2472955,565504,747,0,52093.02,2,1,1,1,0,24,53.8,3
7412371,565765,739,4,0,1,1,1,0,1,26,6.79,3
9736195,565776,688,0,0,3,0,1,1,0,31,235.5,9
4815608,565897,665,4,55340.98,2,1,1,0,0,34,23.87,7
8001691,566297,677,1,22649.39,1,0,1,1,0,23,251.05,5
5032585,566339,549,7,0,2,0,0,0,1,0,176.77,69
3562705,566428,342,2,52510.54,1,1,1,0,0,10,38.67,8
8154895,566453,603,7,0,3,0,0,0,3,12,171.73,39
6240913,566509,700,4,39843.1,2,0,1,0,0,30,185.25,13
6524481,566686,524,2,0,2,1,1,0,0,19,5.19,0
8535808,566732,661,3,12771.87,3,1,1,0,1,3,43.81,2
3210769,566843,560,3,32874.73,2,1,1,0,1,19,100.17,2
4468811,566991,575,1,19892.09,2,1,1,0,0,16,36.52,7
3324928,567122,544,10,44453.03,3,1,0,1,0,1,17.15,5
4394202,567200,578,1,39506.42,3,1,0,0,3,13,45.55,40
3317095,567262,745,2,18094.67,2,1,1,0,1,13,223.72,4
6184132,567315,626,0,51613.75,2,1,0,0,2,8,41.67,44
9787997,567429,732,7,0,1,1,0,1,1,10,18.24,43
3269160,567432,770,4,66163.61,2,0,1,0,1,2,26.77,3
8215281,567493,493,0,35164.62,2,1,1,0,3,13,66.64,0
3435253,567541,518,1,33736.05,4,0,0,1,1,5,118.36,2
3651604,567574,469,10,40116.2,2,1,0,1,0,9,52.71,31
6326702,567576,724,0,63176.07,3,1,0,1,1,0,29.4,66
2137730,567604,666,0,0,1,0,1,0,0,21,31.21,5
9941610,567676,620,0,23996.73,2,1,1,0,2,23,44.61,17
2986209,567773,705,0,93777.58,1,0,0,0,1,11,189.17,46
4089276,567896,672,0,35984.83,2,1,1,0,3,17,105.33,1
6328403,567935,807,3,0,2,1,1,0,1,25,21.28,4
3441467,567951,731,4,34869.96,1,1,0,1,2,7,66.73,151
1494648,568127,583,1,26430.19,2,1,0,1,2,4,12.79,19
6346688,568238,687,4,75825.74,1,0,0,0,1,3,75.63,19
7946441,568288,774,0,721.98,2,1,1,0,0,8,83.65,1
7899659,568325,470,0,15835.45,1,0,1,0,0,22,76.8,15
6089336,568349,710,1,19789.36,2,0,1,0,0,12,77.39,0
8432381,568436,664,10,162839.04,2,1,0,0,1,2,11.74,0
5593537,568449,731,3,186194.6,3,1,0,0,1,6,22.84,3
3549416,568640,644,1,20933.84,2,1,0,0,3,3,97.91,20
4153002,568784,576,4,7290.68,2,0,0,1,3,8,87.78,67
2791327,568849,623,0,0,1,0,1,0,1,12,23.81,2
3206973,568881,573,1,38771.83,4,1,0,0,1,0,134.73,18
4099531,569237,715,2,30019.71,2,0,1,0,2,19,338.63,0
1439533,569865,784,1,163729.74,1,1,0,0,0,8,71.03,2
5477211,569945,724,4,58993.04,3,1,0,0,2,8,101.35,47
4874049,570050,777,10,19828.45,1,0,1,0,1,22,104.39,2
4895376,570325,774,1,26452.49,2,1,0,0,0,6,122.01,23
4874066,570392,705,0,30718.4,3,1,0,0,2,11,232.77,32
1437625,570405,466,6,1485.87,1,1,1,1,0,9,52.4,3
7027405,570616,495,2,9292.22,1,1,0,1,3,9,33.33,58
2333376,570622,600,0,50790.35,3,1,1,0,0,11,151.01,4
8996058,570646,674,0,31715.51,1,1,1,1,1,3,28.8,0
3249600,570711,551,4,0,1,0,1,1,1,21,167.01,1
9427608,570735,505,3,16352.62,2,1,1,0,0,27,13.78,24
8864546,570852,429,2,0,3,1,0,1,2,7,61.31,31
7273997,570880,622,1,19363.14,1,0,0,0,0,6,49.79,43
4086613,570988,671,2,7023.16,2,1,0,1,4,7,150.21,0
7500504,571023,631,0,0,4,1,0,1,0,7,112.75,9
9245088,571029,713,1,12513.71,1,1,1,0,1,24,59.15,7
8949832,571132,666,3,45506.46,1,1,0,0,1,6,30.63,58
3307080,571145,730,5,44559.26,2,0,0,0,1,7,55.48,73
3747879,571213,591,9,10856.54,2,1,1,0,1,20,329.55,1
4242361,571228,553,1,0,2,1,1,0,0,18,35.73,6
4796232,571404,685,0,58534.29,3,0,0,1,1,8,171.87,120
1540722,571413,667,0,18783.85,3,0,1,0,0,28,13.31,2
7854988,571435,532,5,0,2,1,1,0,0,22,176.93,8
1251897,571578,602,0,52227.39,1,1,0,1,0,3,52.7,16
5527477,571579,641,1,85636.06,3,0,1,0,0,12,144.68,6
7929728,571635,565,2,5495.75,2,1,0,1,1,14,112.84,38
4733840,571706,567,1,59330.16,2,0,0,1,3,13,58.41,30
4402982,571778,732,10,1453.08,2,0,1,0,1,28,183.45,2
4431982,571832,669,4,162726.89,3,1,1,0,0,10,80.5,4
2109583,571907,619,1,19578.58,1,1,1,0,1,18,201.85,20
3970879,571923,646,0,9359.05,2,1,1,0,0,15,60.65,0
8369982,571932,534,2,38655.36,2,1,1,0,1,14,6.01,0
9219877,572161,592,6,0,2,1,0,0,1,9,60.99,0
6450844,572230,677,0,101039.9,4,0,1,0,0,17,98.92,2
8676330,572298,800,5,0,3,1,1,0,2,9,18.71,2
5140345,572387,649,6,26975.65,2,0,0,0,1,4,158.37,17
8173194,572388,527,5,42865.6,1,1,1,0,0,23,97.92,0
7792537,572398,719,1,29163.24,1,1,1,0,1,21,139.79,2
1701728,572407,623,0,36839.18,1,0,1,0,0,28,167.7,2
7381619,572436,60.80%,2,29.92%,4,1,0,1,2,8,93.42,70
6249548,572536,799,4,32995.43,2,0,1,0,0,11,30.57,0
7612751,572623,648,2,53866.28,1,1,1,0,0,0,147.98,0
9995261,572700,623,5,42109.97,1,1,1,0,1,33,43.92,2
9811906,572788,606,10,0,1,0,1,0,0,11,17.92,0
1646123,572908,811,3,46766.37,1,1,1,1,0,7,37.8,1
9735042,573039,709,1,14580.95,1,1,1,0,0,2,243.66,0
2834023,573041,719,2,0,1,0,0,0,1,0,351.96,57
8576751,573209,574,2,24789.16,2,1,1,0,0,7,169.86,10
8665517,573417,786,0,66729.88,1,1,1,1,0,21,51.6,2
1711620,573489,765,5,46708.36,1,1,1,0,1,16,28.51,11
5122525,387743,665,4,24052.74,1,1,1,0,0,11,112.72,11
9702386,573639,658,8,0,1,0,0,1,0,10,62.58,0
7637254,573858,521,8,282.47,1,1,0,0,5,3,37.9,35
1658532,573866,725,10,19741.99,2,1,1,0,0,16,16.97,3
7499457,573869,378,3,9785.89,2,1,0,1,1,1,38.43,13
9659168,573933,797,3,0,2,1,1,0,0,4,71.86,2
1827040,573947,653,3,16538.33,1,1,1,0,0,17,338.75,3
4185160,573962,664,2,42409.39,1,1,1,0,2,27,19.94,6
5885179,574001,683,10,5473.2,1,1,1,0,1,20,34.81,14
8374490,574012,702,7,0,2,1,0,0,0,3,66.09,2
7678001,574167,763,3,77609.73,2,0,0,0,0,6,123.6,20
6109570,574379,557,1,1273.51,1,1,1,0,0,8,240.31,3
5796850,574386,578,2,56218.6,2,0,0,0,3,9,556.79,7
8740121,574419,685,0,22784.78,1,1,1,1,0,0,27.89,10
3793181,574425,696,7,32511.9,2,1,1,0,0,9,157.8,5
8087739,574514,613,9,60088.26,2,1,0,0,0,7,312.51,68
5939543,574579,521,3,31331.75,2,0,0,0,0,4,60.39,5
1915141,574751,726,6,21513.98,1,0,1,0,0,15,55.04,3
9673311,574760,790,0,0,2,1,1,1,1,16,11.47,4
3386384,574843,760,1,7211.61,2,1,1,0,1,23,50.01,0
8777564,574978,731,0,79791.79,2,1,1,0,1,14,96.35,0
8578236,575159,850,1,59317.94,3,1,1,0,0,32,180.62,0
2517344,575301,593,10,0,2,1,0,0,3,7,31.17,84
9399643,575394,698,1,122291.21,2,0,0,0,2,1,135.94,0
2898704,575435,491,0,312.92,2,0,1,1,1,13,212.6,3
4016063,575458,518,5,0,2,1,0,0,1,1,145.47,25
3270069,575470,733,10,57107.68,1,1,1,0,3,12,30.68,4
7594565,575497,622,9,0,3,0,1,0,0,28,19.06,3
7938373,575528,605,4,0,3,1,1,0,0,15,263.42,3
6426773,575575,560,0,0,1,0,0,1,3,7,429.57,6
8564609,575679,602,5,49799.46,3,0,0,0,0,8,175.82,29
1417955,575682,688,10,22060.64,3,1,1,0,2,6,123.11,0
4001084,575718,683,2,24744.3,2,1,0,0,2,2,77.61,31
8611499,575755,786,8,26438.13,1,1,1,0,0,3,42.24,4
4387856,575763,688,5,30444.47,1,1,0,1,2,0,53.99,83
8628318,575779,605,2,0,1,1,0,1,2,3,47.08,6
2512963,575786,794,2,81324.56,4,1,0,1,1,2,109.76,46
5195684,576086,744,0,26644.59,1,0,1,0,1,16,17.73,6
6437072,576089,765,10,48010.35,2,1,1,0,0,20,303.47,0
3751363,576136,715,3,0,1,1,1,0,0,15,141.83,12
3072728,576419,573,3,96661.49,1,1,1,0,0,24,20.55,1
2529935,576467,594,1,977.28,2,0,0,1,1,2,25.69,10
2915369,576535,653,3,2944.73,3,1,0,0,4,5,35.33,47
8539654,576728,656,5,127962.42,2,1,0,1,0,10,373.68,15
7089179,576769,662,4,32763.42,2,1,1,0,1,13,28.21,8
2431206,576782,660,1,45775.1,4,1,1,0,0,27,149.21,6
9788196,576786,564,3,0,1,1,1,0,1,26,92.79,17
7443916,576805,671,2,47488.24,3,0,0,1,1,3,53.5,2
9584338,576849,689,3,24332.04,1,1,1,0,0,12,58.41,1
3682671,576877,575,1,0,4,1,1,0,1,15,37.9,5
7353173,576919,687,0,21616.42,2,1,0,0,2,10,15.36,2
7385526,576935,485,7,28923.39,1,1,0,0,0,8,42.34,3
1736621,577079,664,1,0,4,1,0,0,0,14,497.58,13
3866974,577092,720,2,0,3,1,0,0,1,9,240.85,16
6623607,577110,544,3,4316.7,2,1,1,0,1,21,44.52,2
3518087,577309,773,4,37685.78,1,1,1,0,0,20,10.05,5
3719990,577450,504,6,1131.22,1,1,0,0,1,7,119.09,46
3426109,577456,564,1,37924.71,1,1,1,0,0,20,169.05,2
4000886,577461,571,2,20718.39,3,1,1,0,0,20,256.36,3
1860847,577463,687,0,0,2,1,1,0,0,21,103.79,10
8039412,577538,741,7,49338.98,3,1,1,0,0,12,64.56,3
6168426,577714,603,0,13947,2,0,1,0,0,13,90.48,8
6192855,578073,484,2,84340.1,3,1,1,1,3,26,179.7,0
8486970,578160,616,1,29445.17,2,0,1,0,0,11,15.52,17
5844933,578180,655,0,16982.36,1,0,1,0,0,36,145.26,7
4031576,578344,705,3,0,1,1,0,0,0,0,38.57,5
2972228,578368,666,1,79107.9,2,1,0,0,4,4,65.5,75
3207395,578621,421,1,64594.23,2,1,1,0,0,14,61.75,0
4403286,578634,692,0,60900.23,3,1,0,0,0,4,144.44,166
1059272,578693,663,3,36295.84,2,0,1,0,0,18,59.24,4
5246497,578715,597,3,12308.28,2,1,1,0,0,16,66.94,4
1204812,578720,628,7,33207.31,3,1,0,0,1,0,42.82,21
8694746,578933,778,3,34663.94,3,1,1,1,0,23,39.95,4
9348805,578938,625,2,20499.39,3,1,1,0,0,16,95.19,3
9365828,578975,672,3,96048.42,3,1,0,0,1,9,152.57,1
1096478,578987,587,1,87971.42,4,1,1,0,1,11,136.32,1
9278999,579027,699,2,17940.65,2,1,1,0,0,28,21.47,2
4990936,579094,706,2,32902.64,1,1,1,1,1,19,17.23,10
4638539,579123,501,5,37764.07,3,1,1,0,0,6,927.53,9
8981122,579187,811,9,98109.71,4,0,0,0,1,10,348.98,37
8612468,579247,731,1,60940.46,1,1,1,1,0,16,81.23,2
7881198,579318,575,0,30835.55,2,1,1,0,0,24,392.53,14
8413438,579404,666,0,48691.09,1,1,0,0,2,7,125.28,23
2332193,579434,717,3,21924.23,1,1,0,1,3,5,118.25,15
1110277,579441,732,1,39756.1,3,0,1,1,0,11,109.51,2
5105605,579536,626,0,49083.08,1,1,1,0,2,26,85.31,0
5665960,579605,766,3,70050.6,2,1,1,0,0,27,59.45,0
4483580,579770,850,1,86451.72,3,1,1,0,0,18,112.93,0
1820721,579776,729,0,16535.23,2,1,0,0,1,3,49.88,10
4101100,579798,507,2,43072.26,2,1,0,0,0,17,137.31,44
3487325,579911,743,4,24165.3,3,1,1,0,0,14,290.43,2
1923819,579975,673,10,78053.92,2,1,1,0,2,19,216.01,7
6855581,580101,737,6,46631.59,3,1,1,0,1,20,40.54,10
1616077,580102,739,2,312.36,1,0,0,1,1,10,50.97,42
3438977,580115,699,0,15084.97,1,1,0,1,0,8,73.74,25
1544120,580233,713,0,118168.15,3,1,1,0,1,24,43.3,4
6007018,580292,622,10,47.67,2,0,0,1,0,6,77.14,2
6555122,580412,677,5,15125.25,3,1,1,0,1,17,188.46,7
2471406,580547,673,10,47641.66,2,1,0,1,3,1,47.04,78
1822609,580636,799,8,13680.26,2,1,1,0,0,16,125.98,1
2826831,580718,778,0,51314.91,1,1,1,0,1,2,48.24,2
7995376,580728,850,0,52581.24,3,1,0,0,2,4,91.22,51
3990511,580854,803,1,44195.75,2,1,0,1,1,4,94.56,9
3706755,580921,729,6,27449.83,1,0,1,1,1,24,106.67,3
5771113,581003,813,4,17705.54,2,0,1,0,0,33,90.29,5
3976601,581137,751,8,58133.2,2,1,1,0,1,6,64.52,3
8639301,581141,491,5,82.62,2,1,0,0,0,9,202.13,1
7042962,581206,500,8,23233.79,2,1,0,1,1,6,69.95,9
1601296,581294,722,3,0,2,1,0,0,2,13,99.87,35
2562399,581395,567,1,0,3,1,1,1,1,31,274.83,16
6021328,581532,761,0,3020.39,1,1,1,0,0,25,72.71,0
6416051,581592,738,0,20979.94,1,1,1,0,0,17,80.84,0
7183568,581682,625,6,59631.18,2,0,1,0,1,5,69.54,8
7357547,581741,503,0,57820.62,3,1,1,0,0,17,58.66,4
2135258,581894,420,5,44296.34,2,1,1,0,1,14,70.36,7
8169304,581906,620,6,18156.89,2,1,0,0,1,0,32.22,26
2089275,581966,708,0,29937.21,3,0,1,1,0,28,746.93,4
5912917,581992,626,1,0,2,1,0,1,1,0,75.76,45
8898995,582071,488,0,855.19,2,0,1,0,0,20,180.17,1
3257303,582087,550,4,48440.88,1,0,0,1,1,1,27.75,2
3047210,582418,688,10,2199.5,1,0,1,0,1,33,140.44,1
5603979,582446,659,2,0,1,1,1,1,1,7,44.91,5
6523202,582662,541,1,7755.49,2,0,1,0,1,15,60.12,1
9842477,582732,561,5,99212.77,4,1,1,0,0,13,48.51,12
7941705,582992,661,3,27334.09,1,0,0,0,0,6,383.45,53
9802102,583000,636,3,54964.18,3,1,1,0,1,25,47.16,12
4520621,583100,715,2,24052.47,2,0,1,0,0,8,60,4
4507293,583214,522,10,0,1,0,1,0,3,23,330.97,0
1976175,583220,665,1,19200.67,2,1,1,1,1,10,33.13,0
2833787,583367,563,1,60076.49,1,1,0,1,2,8,44.01,21
9874251,583388,613,0,521.25,1,1,0,0,1,0,92.46,16
2470854,583507,735,10,0,3,0,0,0,2,7,101.42,164
9114518,583550,577,2,53788.19,3,1,0,1,1,11,23.63,38
5818203,583646,691,8,0,1,1,1,0,0,17,19.96,10
8164770,583671,850,0,25723.82,1,1,1,0,0,20,134.08,0
6309796,583757,412,0,0,3,0,0,0,0,3,43.17,17
5356372,583863,664,7,69821.69,1,1,0,0,0,0,283.44,6
9814602,584045,581,0,41152.81,1,1,1,0,0,12,60.34,7
6936673,584106,583,9,1169.58,1,1,1,0,0,17,261.68,4
3176225,584125,604,6,47190.31,4,1,0,1,2,4,52.57,5
9328158,584172,697,0,44030.44,1,1,1,0,3,14,37.46,0
9719216,584417,616,0,34822.54,1,1,0,1,2,14,51.94,22
9350710,584487,655,0,0,3,0,0,1,4,5,100.73,68
9262853,584498,637,5,0,2,1,0,0,2,1,25.3,2
4018342,584714,786,1,48232.17,3,1,1,0,1,32,27.58,9
4904421,584838,606,7,10546.93,2,1,1,0,0,12,69.41,2
5873580,584935,650,1,0,1,1,1,0,1,12,29.47,3
4247321,585100,640,2,1761.72,2,1,1,0,0,10,39.79,1
1026523,585188,679,0,29519.91,2,1,1,0,0,10,83.69,0
2983186,585242,745,8,98692.76,2,1,1,0,0,10,42.05,1
1402431,585331,791,2,30769.53,1,1,1,0,1,19,67.68,4
8799486,585394,652,3,58.47,1,1,1,1,0,17,9.38,20
2978465,585494,570,2,85.08,1,1,0,0,1,6,52.73,33
4478434,585517,747,0,35625.28,3,0,1,0,0,17,262.86,0
7956372,585556,631,4,5656.59,1,1,0,0,2,5,21.47,24
7946457,585854,741,3,8392.69,2,0,0,0,1,7,79.78,113
1763232,586097,64.50%,1,"$52,709.12 ",2,1,0,1,1,6,131.87,60
6600104,586208,594,3,44201.18,2,0,1,0,2,20,109.84,1
6866154,586279,574,5,18611.6,3,0,1,0,0,31,61.63,3
4562439,586288,633,3,20882.64,4,1,0,0,3,9,55.76,13
1189536,586462,640,3,0,3,1,0,1,2,12,96.18,4
4375360,586490,744,1,251.21,1,1,0,1,2,2,36.26,50
5724912,586554,700,3,70192.45,2,1,1,0,1,30,334.67,2
5268417,586765,667,2,34936.77,1,0,1,1,0,20,97.22,7
2138100,586768,690,10,15589.96,1,1,0,0,2,4,101.28,68
6163566,586819,671,3,0,2,0,0,1,0,0,316.29,19
6037929,586830,564,1,0,2,0,0,0,1,12,38.11,6
9500841,586849,538,3,48494.75,2,1,1,0,1,13,576.71,10
6434540,587002,657,5,9525.92,2,0,1,0,1,30,40.27,1
1102865,587115,796,6,187.01,1,1,0,1,0,6,39.46,35
2909863,587192,568,6,63285.58,1,1,1,0,0,24,95.38,0
6591559,587213,650,1,35330.41,1,0,0,0,0,2,128.55,124
6727097,587274,850,6,22608.22,2,1,1,0,1,25,223.81,5
7644605,587282,735,2,17561.77,2,1,1,0,2,23,299.91,6
1488508,587455,640,1,0,1,1,1,1,1,24,159.54,1
3946567,587467,492,2,57405.59,3,1,1,0,1,26,60.91,4
4255041,587521,676,1,418.18,2,0,1,0,0,20,28.85,1
6545118,587546,812,1,53212.55,1,1,1,0,0,10,267.64,14
6669639,587575,614,10,40330.11,1,0,1,1,1,24,25.81,11
9038102,587623,615,2,74328.51,3,1,0,0,0,6,31.28,45
8960796,587648,671,8,85792.88,2,1,1,0,0,18,124.02,5
1596568,587686,701,3,44757.1,1,0,0,1,4,7,96.54,55
3277572,587853,546,1,72899.94,3,1,0,1,1,3,110.68,57
9078154,587957,712,9,24468.45,1,0,0,1,2,13,73.04,12
3606949,588002,776,1,39796.47,3,1,1,1,0,16,57.18,9
8727886,588003,507,2,33603.65,2,1,1,0,1,24,121.57,0
6622207,588148,624,4,266.21,1,0,0,0,1,4,76.91,11
8758960,588316,526,2,34168.65,1,0,1,0,0,7,44.54,3
7944979,588461,738,2,101694.29,3,0,1,0,0,5,98.57,2
1939897,588557,668,4,0,2,1,1,0,1,18,100.2,1
9742158,588640,386,1,22780.35,3,0,0,0,1,1,109.55,31
6022154,588694,717,10,11071.77,2,1,1,0,1,9,20.32,2
6293259,588899,808,1,41871.42,1,1,0,1,1,1,180.54,28
9990666,588983,734,10,131053.99,2,1,1,0,0,9,10.98,8
1314043,589131,634,8,9927.83,3,1,1,0,0,30,30.43,0
4494064,589368,651,0,69277.25,2,1,1,0,0,0,51.24,0
6565326,589491,711,3,0,1,1,1,0,0,20,42.75,4
6932348,589554,676,0,63320.15,2,1,1,0,0,23,20.91,10
2110870,589638,711,7,17097.36,2,1,0,0,1,0,70.29,69
3504920,589710,570,5,75930.08,3,1,1,0,2,22,43.4,5
5705338,589887,495,7,54697.92,2,1,1,0,0,22,725.44,0
1522998,590094,706,5,35943.55,2,1,0,0,1,0,48.15,49
6690033,590110,654,3,91851.5,3,1,0,1,2,0,45.74,26
7295495,590755,705,0,0,2,1,1,0,1,14,34.27,0
9963616,590785,652,2,0,1,1,1,0,1,23,159.4,2
3784505,590795,631,10,40028.57,1,1,1,0,0,18,32.87,9
7535837,591022,684,2,16469.02,1,1,1,0,0,13,21.72,0
4143696,591081,613,1,0,2,1,1,0,0,30,75.71,2
2960327,591147,687,4,53036.23,2,1,0,0,3,5,129.66,15
6172103,591465,621,0,840.01,1,1,0,1,2,4,159.92,12
6276424,591534,617,4,191914.1,2,1,0,1,1,6,289.65,77
1530633,591644,660,8,79026.55,2,1,1,0,1,29,74.84,8
5554970,591699,684,4,0,4,1,1,0,0,19,99.98,8
7943579,591798,592,0,29391.95,1,1,1,0,0,4,90.31,8
2456225,591897,526,1,0,4,0,0,1,2,5,14.16,180
9339189,591989,590,1,909.9,1,0,1,0,0,23,50.6,0
4986975,592025,643,1,11419.57,2,1,1,0,1,19,79.38,3
7234137,592085,535,1,27915.08,2,0,0,0,2,6,28.56,1
8581730,592198,636,8,236.84,1,0,1,0,0,23,185.1,6
6077267,592296,642,2,37608.72,2,1,1,0,0,19,208.38,4
4626225,592489,579,1,14905.25,3,1,1,0,0,17,245.83,1
9809723,592738,722,2,0,2,1,0,0,5,9,23.59,12
6072059,592841,604,4,1151.85,2,0,0,0,1,4,8.1,92
3936226,592972,645,2,69323.13,3,0,1,1,0,2,76.34,7
2882928,592984,663,4,508.79,1,1,1,0,0,10,140.67,3
7278297,593002,573,3,0,2,0,1,0,1,28,265.14,4
1627384,593152,538,6,0,1,0,1,1,1,26,100.57,2
4390648,593355,674,5,0,1,1,1,0,1,7,103.3,2
2553639,593393,499,0,0,2,0,1,0,0,16,46.54,6
8445293,593403,620,10,30056.5,2,0,1,0,1,7,208.16,0
9489182,593446,729,5,39452.48,2,1,0,0,0,0,92.31,37
1418336,593515,500,2,46439.32,2,0,0,0,0,10,289.68,14
9097744,593554,543,0,80580.44,3,0,0,0,0,4,231.26,44
9389519,593602,613,2,37137.28,1,1,0,1,1,7,193.07,15
3584996,593649,567,0,43912.27,2,1,1,0,0,25,225.41,9
4191222,593687,585,0,0,1,0,1,1,1,8,32.17,4
6706197,593699,690,9,68249.33,3,1,0,1,2,2,142.46,101
9111313,593821,700,3,37148.3,2,1,1,0,1,23,10.25,0
9785019,593869,631,5,0,2,1,1,0,0,14,44.01,1
6206955,593894,521,1,128613.07,2,0,1,1,1,18,130.61,3
6491819,594078,739,2,26958.69,2,1,1,0,2,24,55.39,5
3404091,594109,696,1,5363.45,2,1,0,1,2,8,64.79,66
2648387,594241,600,0,28125.2,1,1,0,1,0,9,108.93,63
9659503,594312,693,0,0,1,0,0,1,2,8,33.51,55
3226624,594379,593,1,15144.43,3,1,1,0,2,26,228.19,1
4442468,594514,665,0,113077.3,4,0,1,0,2,14,103.24,0
1613249,594580,636,0,22899.56,2,0,0,1,3,0,89.59,33
8706923,594596,667,3,1137.72,2,1,1,0,1,10,62.37,23
7502651,594681,607,3,87246.68,4,1,0,0,0,8,102.71,11
9763492,595002,646,2,8647.5,1,1,1,1,1,17,29.81,6
2943405,595036,616,0,61987.03,1,1,0,1,3,2,39.23,2
1068952,595158,507,2,64656.86,4,0,0,0,1,8,38.84,61
6217400,595351,708,6,7697.23,3,1,0,1,2,4,191.45,33
1738700,595401,818,7,4943.04,2,0,1,0,0,4,102.78,2
2460891,595404,582,0,19314.04,4,1,1,0,0,21,97.2,1
6591674,595631,658,1,55379.08,2,1,1,0,0,27,93.74,5
8832877,595793,613,2,7698.7,1,1,1,1,0,25,34.41,2
1774096,595948,723,1,22549.43,4,1,0,0,0,6,91.36,121
2729778,595951,529,7,264.18,1,0,0,1,1,10,179.43,9
9733844,595962,566,10,35610.43,1,1,1,1,1,10,5.65,21
6242557,596025,623,3,60995.99,4,1,1,0,0,20,40.72,3
1377156,596116,660,0,10727.92,4,1,1,0,1,15,74.29,6
6236888,596144,624,8,303.22,2,1,1,0,0,25,63.67,14
4520626,596171,392,0,31413.55,1,1,1,1,1,1,34.48,3
6383479,596249,711,2,0,1,1,0,1,4,6,127.53,77
4364763,596395,580,0,7895.68,2,0,0,0,1,7,51.87,44
4230379,596489,511,7,111.84,1,0,1,0,0,27,66.02,18
5807802,596520,725,5,1505.24,1,1,1,0,1,11,106.35,1
5641409,596564,573,9,19639.49,2,1,1,0,1,3,167.92,0
9930106,596574,506,2,30096.37,1,1,1,0,0,0,20.89,2
6354444,596756,657,1,548.89,1,0,0,0,0,5,15.13,11
8400692,596864,770,3,19429.4,2,1,0,0,4,0,72.14,47
2973853,597012,763,1,0,1,1,1,1,1,23,162.89,4
5574378,597126,654,0,18129.49,2,1,1,0,0,21,167.99,2
3505186,597305,730,0,35480.43,3,1,0,1,1,12,174.6,20
3642344,597440,611,3,9918.98,2,1,0,0,1,7,42.86,15
5590865,597457,422,6,33989.44,2,1,0,0,2,6,190.4,75
2920326,597549,760,0,22980.33,2,1,1,0,0,22,379.75,1
1255965,597635,579,1,0,3,1,1,0,1,21,65.51,8
9624506,597643,770,2,29488.15,2,0,0,1,1,6,42.53,1
2717572,597732,623,8,0,2,1,1,0,2,17,126.96,0
4465793,597889,708,0,20192.58,1,1,0,0,0,7,71.13,23
6877363,597923,836,7,29100.16,2,1,0,0,1,0,131,147
6343290,597938,578,0,20802.26,1,1,1,1,1,8,34.68,3
5547499,597960,484,2,27324.9,1,1,1,1,0,23,48,5
3374929,598216,782,0,25648.91,3,1,1,0,0,12,28.76,3
5752443,598302,743,2,54635.05,3,0,0,0,0,1,77.88,12
5107483,598357,671,3,96170.42,4,1,0,1,0,13,32.79,55
3873517,598369,755,2,49009.98,2,1,1,1,1,12,145.25,2
2195257,598424,579,1,55463.24,1,0,1,0,1,14,27.94,6
6224048,598598,575,9,73683.18,1,1,0,1,1,8,24.42,76
6683095,598733,620,0,16383.43,2,1,1,0,1,30,134.46,6
8443172,598807,711,7,0,1,1,1,0,0,12,159.02,0
1851044,598820,628,1,0,1,1,0,1,2,2,102.26,22
3182279,598844,786,0,36092.68,1,1,1,0,0,36,34.34,18
1486416,598969,845,0,5210.21,2,1,1,0,1,6,28.35,9
8897632,598985,594,1,50557.51,1,1,0,1,1,6,66.45,13
1846511,599127,521,0,12327.14,2,1,0,0,2,11,57.58,17
2777158,599135,829,0,7736.27,2,1,0,0,1,13,23.34,8
7435734,599219,591,4,99310.14,2,1,0,1,3,0,11.72,20
1902612,599284,666,2,0,1,1,1,0,1,10,18.08,8
2444846,599292,677,3,5.89,1,0,1,1,0,14,264.98,9
8154907,599365,669,4,18148.11,4,1,0,0,1,1,107.2,22
7575272,599380,533,8,2524.28,1,1,1,0,0,12,435.97,0
4002836,599397,746,10,18188.46,2,0,1,0,0,14,29.49,2
8479891,599401,532,1,56578.17,2,0,0,1,0,13,116.84,47
6966385,599687,605,0,18325.59,1,0,0,1,3,4,634.69,94
6241884,599704,585,0,37563.47,2,1,1,0,1,16,695.13,0
6575607,599753,601,1,71043.35,3,1,0,1,1,15,86.32,34
4324357,599948,564,4,102507.97,3,1,0,1,1,8,62.01,34
9950391,599968,722,0,0,2,0,0,0,0,2,16.3,10
2317776,600149,627,1,7466.8,3,1,1,0,0,24,51.01,4
8813071,600241,690,0,31040.94,1,1,1,0,0,10,27.37,1
3211157,600318,626,0,0,2,1,1,0,0,24,52.51,3
2558874,600590,729,1,91407.47,3,1,0,0,0,0,122.83,42
8856366,600641,561,3,20289.59,4,0,1,0,3,26,125.85,2
2631802,600646,734,6,50337.73,2,0,1,0,0,27,74.35,8
8643434,600905,750,0,99937.95,1,1,1,0,0,30,64.41,4
6207508,600935,792,4,19017.21,2,0,1,0,2,20,226.73,3
8808058,601207,762,0,69766.1,3,1,1,0,0,5,6.49,2
8894449,601365,682,2,4722.73,1,1,0,1,1,6,43.25,10
4887183,601410,665,1,17516.42,1,1,1,0,1,11,84.76,1
4754647,601476,669,2,0,3,1,0,0,1,0,8.83,255
3411249,601554,687,5,0,1,1,0,1,1,0,536.82,63
5329406,601608,607,8,15257.62,3,1,0,1,0,10,70.96,10
7097668,601736,554,0,1649.46,1,0,0,1,1,12,47.41,53
7577959,601776,675,3,5547.8,2,0,1,0,0,13,233.25,0
4076154,601903,626,10,124673.93,1,1,0,0,1,0,27.34,58
6541983,601916,741,2,68088.02,1,1,1,1,1,5,83.43,3
6448586,601968,503,5,0,4,0,0,1,0,4,195.73,29
8604827,602073,640,2,948.78,3,1,0,1,0,8,35.78,53
9179005,602184,686,6,5722.23,4,0,1,0,0,18,6.12,2
1507747,602248,620,2,8421.12,2,1,1,0,1,25,191.29,3
2096646,602278,673,5,54760.68,3,1,1,0,0,12,48.04,0
8974787,602290,671,0,16870.87,2,1,1,0,0,27,211.12,4
2893930,602300,809,6,42456.4,1,0,0,1,0,7,117.99,8
6896198,602351,850,6,105937.8,3,0,0,1,2,17,20.63,26
9030449,602381,811,3,37387.34,3,0,1,0,0,27,30.93,0
8738351,602514,545,3,97946.12,4,1,0,1,1,4,14.95,19
3865574,602550,753,2,0,4,0,1,0,0,7,50.19,14
5735492,602681,808,10,33660.01,2,1,0,1,1,6,31.3,16
6848796,602780,744,10,0,1,0,0,0,0,0,78.49,54
3137316,602985,692,2,100172.09,2,1,0,0,0,5,179.8,17
9521981,603088,604,2,35901.26,3,1,1,0,1,12,54,2
2726915,603110,692,5,29685.99,2,0,0,0,1,6,87.62,8
7806281,603268,603,10,19315.65,1,1,0,1,4,9,9.86,76
2794848,603660,655,1,19542.95,2,1,0,1,2,8,325.74,30
6467186,603704,656,10,24546.42,1,1,1,0,0,19,107.24,3
2189907,603787,518,7,96580.44,3,0,1,0,2,13,71.03,0
6068701,603935,622,2,20072.44,3,0,1,0,2,20,108.22,5
9937987,604012,615,2,0,4,1,0,0,3,9,18.56,15
8733874,604283,536,5,37731.25,3,1,1,1,2,9,195.1,0
7724584,604605,579,0,51892.31,1,0,1,1,2,22,90.7,7
7936404,604740,623,4,34342.66,4,0,1,0,0,16,11.6,11
5002629,604884,762,1,51481.14,1,1,0,1,0,5,25.72,1
5088457,604906,609,5,16606.78,2,1,0,0,0,4,88.34,19
3667917,604923,556,3,0,2,1,0,1,1,1,11.18,11
9092903,605048,765,1,30583.29,3,0,1,1,2,19,73.97,5
7439371,605065,665,1,29831.89,3,1,1,0,1,8,100.14,9
2108301,605139,728,2,0,2,1,1,1,0,7,56.61,5
6716235,605254,684,2,3619.99,2,1,1,0,0,9,36.65,1
4493656,605339,727,2,0,3,1,1,0,0,26,28.88,5
8233471,605382,601,3,0,2,1,0,1,1,5,114.89,8
8304023,605483,612,1,16929.76,1,1,0,0,0,5,152.7,53
6741177,605529,633,1,50263.32,1,1,1,0,2,22,128.76,0
4962012,605543,537,5,0,2,1,1,0,0,1,230.19,18
3903892,605612,683,5,36454.58,2,1,0,0,2,11,108,17
2306851,605666,654,0,43775.09,1,0,1,0,0,27,32.5,1
9164301,605719,719,4,150262.88,3,1,0,1,2,4,160.26,23
2918019,605806,740,10,0,1,1,0,1,1,11,83.08,25
8766314,605904,638,10,63001.72,3,1,1,0,0,19,48.83,0
6458938,605937,666,5,0,1,0,0,0,2,6,226.55,93
2638360,605972,836,1,38276.2,2,1,1,0,0,11,132.56,6
8469488,606109,570,1,16718.37,1,1,1,1,2,21,63.54,1
3955709,606121,611,2,42359.99,1,0,0,1,0,3,77.44,118
6167981,606186,692,5,37417.24,4,1,1,1,1,14,184.27,1
7808088,606222,583,1,152.56,2,1,1,0,0,24,149.84,0
2167822,606384,635,10,571.15,1,0,1,0,0,14,34.31,5
2824432,606390,576,5,51763.63,2,1,1,0,1,19,131.6,1
7357071,606404,727,0,73613.56,1,1,1,1,0,19,489.45,0
6492998,606489,593,1,25895.76,2,0,1,0,1,27,75.91,8
9292896,606545,467,4,37817.02,1,0,1,0,0,18,22.95,3
2031500,606676,696,0,67914.7,1,1,0,1,2,8,43.46,62
2518891,606680,638,4,42199.5,2,0,1,0,0,26,103.49,0
4650919,606743,747,2,63397.98,1,1,0,0,1,7,92.76,18
3330636,606957,581,0,27211.56,4,1,0,0,2,7,28.55,100
1003092,606983,731,0,0,3,1,1,0,0,22,130.72,0
3461642,606990,651,2,26748.85,2,0,1,0,1,32,75.85,2
3503436,607122,678,5,26200.56,1,0,1,0,0,10,50.76,0
8599649,607157,736,7,0,2,1,0,1,3,4,139.15,60
9912993,607259,541,2,41243.77,2,1,0,1,0,4,36.59,20
5890613,607699,761,1,49007.63,3,0,0,1,1,5,196.41,1
7542823,607719,552,7,64005.38,2,0,0,1,2,4,16.66,94
8502096,607753,533,1,44793.31,2,1,1,0,2,20,31.86,0
4282741,607774,573,3,14584.34,2,1,1,0,0,27,48.7,1
4450430,607868,768,0,78757.75,1,1,1,0,1,14,187.6,1
6311628,607938,648,1,29770.58,1,0,1,0,1,10,22.61,1
6028724,607993,737,2,62948.39,2,0,1,0,1,27,131.19,4
6109503,608136,672,4,47204.88,1,0,1,0,1,15,212.53,4
8293509,608149,569,2,0,2,0,0,0,0,11,42.98,73
6775801,608205,670,5,0,1,1,0,1,1,5,396.48,14
2497994,608223,769,8,4351.32,1,1,1,0,2,20,94.15,2
1136218,608257,712,0,14254.51,2,1,0,1,1,6,56.59,29
9563491,608307,655,5,513.1,1,1,0,0,1,10,91.08,16
7781307,608473,696,2,9074.51,2,0,1,0,0,0,62.57,1
3140029,608623,520,1,382.79,1,1,1,0,0,8,68.95,0
5935599,608876,663,2,87246.57,1,1,0,1,0,1,43.4,23
2047075,608913,518,10,81678.71,3,1,1,0,0,7,22.95,0
7194532,608947,640,2,76815.07,3,1,1,0,0,17,17.79,5
1891328,608993,636,4,0,3,1,0,1,1,3,63.78,14
1014148,609172,646,4,23073.78,1,1,1,0,0,5,16.76,2
7027124,609231,538,1,18011.46,2,1,1,0,0,27,27.15,2
2840432,609232,812,2,17944.57,2,0,0,1,1,1,181.75,1
5734685,609253,657,2,47623.62,2,1,1,0,1,35,97.32,3
1523193,609462,629,3,48822.55,2,1,0,0,1,10,59.39,44
4946691,609597,671,2,34571.16,4,1,0,0,4,7,97.76,6
8242984,609845,643,0,41174.25,1,0,1,1,1,15,71.71,0
7614724,609892,678,9,460.65,1,1,1,1,0,20,178.2,1
6337290,610135,714,8,53532.01,3,0,0,1,1,0,46.36,11
7422144,610258,621,1,52231.83,2,0,1,0,0,9,57.89,5
7812097,610268,712,1,30109.29,3,1,0,0,0,13,104.02,7
7401599,610271,644,1,72976.52,3,1,1,0,1,24,182.06,0
8301277,610310,675,10,70958.45,1,0,0,0,1,8,35.98,59
4543617,610311,738,7,46758.96,3,1,0,0,1,6,77.24,8
3909338,610343,638,0,89677.46,3,0,0,1,1,6,63.32,10
8967020,610451,695,9,34591.64,2,1,1,0,0,12,109.6,3
3333188,610511,700,2,25393.76,1,1,1,0,0,16,185.61,0
4157922,610622,671,0,0,2,1,1,0,1,21,45.96,0
7452434,610626,620,0,125611.84,3,1,0,0,0,1,141.94,17
7044627,610856,604,2,8462.99,2,1,1,0,0,13,35,3
8000050,610866,679,0,41925.5,2,1,0,1,3,3,66.73,61
3588175,611174,583,0,16378.76,3,0,1,0,1,10,168.62,8
5839738,611187,696,7,38274,2,1,0,1,2,11,21.74,25
3106365,611233,661,4,341.54,1,1,0,1,4,5,126.77,1
3252801,611265,665,0,116912.16,2,1,0,0,0,0,104.39,9
1194661,611329,619,0,0,2,0,0,0,2,9,309.96,8
2203698,611540,439,1,21540.83,2,1,1,1,1,6,25.17,7
1263533,611552,694,0,52388.44,4,0,0,0,1,5,53.7,2
3415850,611559,622,1,63219.06,2,1,1,1,0,30,77.6,2
9165493,611650,626,2,0,1,0,1,0,0,26,46.14,7
8327199,611751,698,2,3570.75,1,1,1,0,0,26,49.6,1
3277939,611833,675,1,44052.03,2,1,1,1,0,19,66.04,15
2420416,611945,688,1,1995.61,1,1,1,0,2,27,92.6,3
3302174,611994,717,0,0,2,1,1,0,0,24,76.11,1
7976896,612036,779,0,52280.41,2,0,1,0,1,16,63.65,5
8650891,612262,600,0,14540.35,2,1,1,0,1,12,17.95,10
8142130,612311,681,1,84015.95,1,0,1,0,1,21,63.48,5
4016499,612340,578,4,0,1,0,0,0,1,8,95.23,19
8623472,612356,597,1,19362.07,1,1,1,1,1,18,145.23,7
9546564,612438,336,6,42127.11,3,0,1,0,2,22,48.4,12
8115631,612530,565,2,85070.83,1,1,0,1,1,2,88.34,332
8550515,612573,614,3,47217.36,1,1,1,0,0,22,52.1,0
7454441,612643,651,9,2306.54,3,1,0,1,1,6,112.1,4
6961066,612756,626,2,21017.04,1,1,0,0,3,2,29.83,31
4787304,612855,561,0,173.89,1,1,0,1,3,4,105.55,58
4117056,612977,608,2,6450.27,2,1,0,1,0,14,38.64,94
8126489,612997,575,0,29783.24,2,1,0,1,0,6,93.88,7
1124654,613117,640,3,3729.42,2,0,1,0,1,15,140.01,4
9357686,613234,597,1,25263.51,2,1,1,0,2,14,39.56,0
4972005,613261,610,5,27794.14,2,1,0,0,1,2,14.9,116
9417612,613358,716,6,37478.03,2,1,1,0,0,26,112.5,11
5517272,613425,661,0,67693.31,2,1,1,1,0,26,131.62,0
7892714,613426,611,7,195.72,1,1,1,0,0,6,21.3,0
7156735,613641,687,6,27885.51,2,1,1,0,0,20,22.16,3
1561397,613707,693,5,49908.1,4,1,1,0,1,15,47.88,2
1635269,613731,538,10,45665.23,1,0,0,1,2,5,75.19,5
9107893,613742,569,0,52416.92,2,1,1,0,0,16,29.39,3
7183722,613898,496,7,22166.56,1,1,1,0,0,13,48.5,2
2898583,613989,701,0,41441.5,3,1,1,0,1,25,233.36,0
9078781,614013,751,10,23692.72,3,1,1,0,0,3,309.42,1
2343236,614084,765,6,38289.2,1,1,0,0,1,4,145.53,89
3383832,614259,592,3,56345.81,1,1,0,1,0,2,80.19,46
9831661,614379,530,1,0,1,0,1,0,0,21,30.34,1
5687895,614426,532,1,0,3,0,0,0,2,4,390.85,29
8800337,614435,724,1,15959.7,1,0,1,1,0,28,116.1,7
9672974,614514,741,8,0,1,1,1,0,1,6,43.5,1
2312558,614646,693,7,22186.91,4,1,1,0,0,29,62.84,2
9780469,614663,622,2,54320.05,1,1,0,1,1,7,33.62,166
2483883,614723,795,2,31461.14,1,0,1,0,0,4,79,13
5114298,614796,495,1,41522.01,1,0,0,1,1,5,59.42,29
8926422,614858,579,3,0,3,1,1,0,0,24,226.04,0
2309997,615060,695,1,312.95,1,1,1,0,1,8,85.44,8
6242875,615276,632,6,0,3,1,1,0,1,5,28.98,13
1885405,615318,578,5,0,1,0,1,1,2,15,135.58,8
6763748,615500,654,1,76654.62,2,1,0,0,1,13,755.16,35
9976368,615530,684,0,0,1,1,0,1,2,10,98.31,16
1180915,615607,691,0,35898.99,2,1,1,0,1,27,26.75,4
8866313,615611,703,3,69350.1,3,1,1,0,0,27,190,5
8617439,615633,424,0,89435.03,1,1,0,1,1,7,92.53,70
9601059,615827,632,2,46059.32,1,1,0,0,0,6,27.78,10
8872413,615895,634,1,0,3,1,1,0,1,9,87.98,3
6561881,615929,615,7,23023.96,1,1,1,0,0,17,68.59,0
8063478,615959,695,1,0,1,0,1,0,0,20,156.86,4
6920923,616137,652,10,79001.29,3,0,0,0,1,7,82.16,9
5942868,616256,513,7,21115.84,1,1,0,1,0,12,439.86,38
5852112,616342,544,1,32597.57,2,0,1,0,1,21,103.13,4
3810320,616428,535,1,34660.76,2,1,1,1,2,14,43.86,1
1592675,616554,677,1,22022.07,2,0,1,0,1,12,81.78,13
6101462,616596,671,6,39227.42,1,0,1,0,2,13,28.09,8
5369510,617033,690,3,0,2,0,1,0,1,18,44.05,0
2030419,617077,746,9,31085.46,1,1,1,0,0,0,102.39,2
8938316,617326,574,0,4983.96,2,1,1,0,2,8,106.07,5
3836678,617437,792,0,0,2,1,1,1,1,20,74.11,12
1866037,617488,609,10,32628.28,4,0,1,0,1,31,15.93,5
5894806,617555,617,10,556.79,2,0,0,0,3,5,82.91,9
1457985,617781,705,5,0,2,0,1,0,1,20,111.48,11
5811968,617904,634,10,63208.18,2,1,0,0,3,12,139.75,59
9132926,618019,597,1,16211.42,1,1,1,0,1,21,75.17,15
2384290,618105,700,4,0,2,0,1,0,1,24,12.07,0
3127708,618119,671,3,0,2,0,1,1,0,14,20.06,12
9482495,618306,644,0,24957.51,3,1,1,1,1,24,172.24,2
2289534,618317,720,0,45255.95,2,1,1,0,2,14,69.96,17
5661529,618382,469,2,30957.12,2,0,1,0,1,15,130.05,10
5228713,618392,535,4,19576.56,1,1,0,0,1,1,160.75,91
3223631,618746,575,1,12196.08,1,0,1,0,0,6,53.54,2
5713926,618927,533,2,44561.16,4,1,1,0,0,20,68.91,1
5617376,618934,579,1,65023.62,2,0,0,1,0,4,168.28,44
5311001,619013,445,4,55790.22,2,1,0,0,1,9,153.32,29
1238286,619344,495,0,0,2,0,0,0,2,0,86.67,101
2871488,619373,669,2,29675.26,2,1,0,1,0,6,23.26,22
3929534,619389,666,6,29051.84,1,1,0,1,1,7,80.08,33
3535634,619447,575,0,43119.87,2,0,1,0,2,33,35.64,5
8493596,619536,726,5,11016.79,2,1,0,0,0,17,123.1,106
7203657,619696,573,8,49235.14,2,0,1,1,0,15,101.6,8
3942713,619886,695,0,0,2,1,1,0,0,20,76.95,0
5383091,619920,827,6,123.46,2,1,1,0,0,17,205.54,0
4962709,620039,633,6,55963.21,4,0,1,0,0,20,28.15,0
9135582,620226,599,2,49096.96,3,1,0,1,1,8,77.21,0
4033474,620248,756,10,0,3,0,0,0,0,3,71.39,110
9848116,620287,594,8,26894.46,2,1,1,1,0,23,114.69,3
1555166,620306,850,4,0,3,1,0,0,4,7,14.96,14
6752034,620438,632,10,50686.41,4,1,1,0,0,12,136.28,2
2416021,620465,621,1,0,2,0,0,0,0,7,128.32,23
3433874,620509,627,1,46799.79,2,1,0,1,3,4,77.12,68
3586212,620526,592,5,14007.84,2,1,0,0,1,7,31.1,36
9320631,620856,762,1,11990.79,1,1,1,0,1,18,161.78,0
7928115,621199,722,7,0,1,0,1,1,0,11,115,10
7428475,621292,697,2,15091.88,1,0,0,1,1,5,24.18,36
4992095,621433,675,1,12639.05,2,1,0,0,0,1,55.08,6
8385078,621530,567,1,20872.02,3,1,1,0,1,25,48.26,2
3806547,621533,591,5,44322.85,1,1,1,0,0,27,8.16,6
4537589,621546,656,3,6090.53,2,0,1,0,0,25,183.97,5
6789409,621682,776,0,0,2,1,0,1,3,7,36.32,11
1911435,621691,457,2,0,2,0,1,0,1,9,42.83,5
5435820,621718,606,3,46542.12,3,1,1,0,1,15,354.83,0
2946062,621800,687,0,372.49,1,1,1,0,1,13,69.82,9
1881193,621841,664,0,0,2,1,0,1,1,10,30.1,7
3811868,621877,727,0,0,2,1,1,0,0,5,80.37,7
8784878,621917,454,3,5176.8,2,1,1,0,0,27,143.73,11
7689827,621919,711,2,0,1,0,1,0,0,18,26.13,12
8989846,622230,639,3,0,3,0,0,0,2,7,61.7,0
6056101,622355,653,2,41014.33,2,1,0,1,4,0,29.99,1
8990421,622469,639,10,9875.55,1,1,1,1,0,19,5,7
9934217,622584,578,0,0,2,1,0,1,0,12,143.34,39
4920186,622605,779,0,0,2,1,1,0,1,27,107.91,3
7371999,622669,623,1,16724.92,2,0,0,0,1,6,44.37,12
7544296,622707,695,3,1718.97,3,1,1,0,2,19,47.69,8
8962291,622864,774,0,22299.11,4,1,0,0,0,7,70.77,29
5406118,622987,634,10,62547.67,1,1,1,0,0,25,100.53,2
3435210,622998,765,8,70867.59,2,0,1,0,1,14,35.29,1
9899342,623059,797,3,11.85,4,1,1,0,0,20,367.82,5
8293631,623125,691,1,28010.18,2,0,1,0,2,13,105.92,6
1199028,623238,578,10,36441.35,1,1,0,0,3,4,113.28,25
5845129,623285,799,2,4351.29,1,0,1,1,0,22,235.81,3
8529960,623481,744,0,96160.54,3,0,1,0,0,7,191.67,0
7408965,623555,734,0,51777.88,4,1,1,0,1,9,28.63,4
6296376,623557,554,2,55635.97,2,1,0,1,3,4,17.43,49
9896176,623850,659,5,1459.66,1,0,1,0,1,3,319.94,16
1688161,623866,$775.00 ,9,"$16,333.06 ",2,1,1,1,1,14,251.24,3
2633502,623879,661,3,0,3,1,1,0,0,18,99.01,8
9913623,623956,752,0,998.24,1,0,0,1,0,7,34.01,72
6936250,624108,611,2,28489.49,2,1,0,1,1,0,21.7,106
8244164,624139,620,2,27027.53,3,1,1,0,0,15,332.21,1
5573311,624170,710,3,0,3,0,0,0,2,6,13.12,43
6619820,624203,585,1,0,1,0,0,1,1,2,13.09,187
5535319,624344,602,1,26452.34,2,0,0,0,1,7,175.31,78
5480989,624369,621,10,0,1,1,0,0,2,11,56.9,47
2648810,624563,763,1,68095.2,1,0,1,0,0,25,40.58,2
5283960,624776,656,8,0,1,1,1,0,1,17,24.53,1
7562471,624783,536,2,32526.24,2,1,1,0,1,20,39.27,8
8736118,624788,659,5,0,2,0,0,0,3,6,15.73,3
5056679,624902,750,5,69175.9,2,1,0,0,2,12,14.08,1
4270310,624970,671,2,0,4,1,1,0,0,20,51.29,8
9723352,624977,620,0,41748.83,2,1,0,1,0,9,168.68,5
6660743,625119,790,5,791.01,2,1,1,0,1,21,21.41,0
4018500,625387,558,3,60984.97,2,1,1,0,0,14,238.84,13
6255795,625465,714,1,49963.05,1,1,1,1,1,14,362.26,8
1177469,625600,607,1,68855.18,3,1,1,0,2,14,120.85,1
1142206,625721,696,0,0,1,1,1,0,0,10,86.01,8
2140044,625808,668,2,15521.06,3,0,0,0,3,4,143.27,1
1200679,626100,762,0,23697.93,2,1,1,0,0,29,362.01,11
7899609,626169,585,1,46044.84,2,0,1,0,2,38,72.56,6
2639113,626195,737,4,16379.34,2,1,1,0,2,33,83.8,1
9812472,626199,707,4,84039.16,3,0,1,0,0,9,174.13,0
2743274,626214,710,2,0,2,1,1,0,1,20,74.42,3
8481668,626392,596,5,86752.18,2,1,1,0,0,6,39.24,1
6897466,626428,586,6,38,1,0,1,0,0,18,110.68,1
4681195,626491,662,1,118.56,1,1,0,1,2,3,217.13,22
5752935,626560,678,0,10907.63,2,1,1,0,1,30,129.72,0
5226115,626611,712,1,40005.26,2,0,1,0,0,16,190.87,2
4239337,626690,601,0,47783.2,1,0,1,0,2,8,75.66,2
1571126,626725,778,1,0,2,1,1,1,0,23,81.2,1
1397627,626797,540,0,174441.41,4,0,1,0,2,24,82.04,0
2542518,626806,576,5,17239.75,2,0,0,1,1,8,26.07,78
1954320,626883,585,1,20633.72,2,1,1,0,1,16,19.06,4
4637715,626930,709,1,0,2,1,1,0,1,27,94.07,10
3043299,626986,474,0,0,2,1,1,0,0,20,34.59,5
3012881,627262,570,1,123270.95,2,1,1,0,0,25,92.28,6
2449322,627276,515,9,37948.7,1,0,1,0,0,21,92.7,0
3179482,627290,621,5,0,2,1,0,0,1,8,42.36,26
7307535,627335,748,8,51876.81,2,0,0,0,1,13,30.77,24
4099902,627611,799,0,22728.73,2,1,1,0,0,24,23.27,13
2859671,627778,716,0,9319.61,2,0,1,0,3,18,76.62,6
4091420,627786,677,2,6739.23,2,0,1,0,2,23,129.78,0
5250268,628027,732,0,38741.49,2,1,0,0,3,1,50.22,46
5942041,628313,511,2,23695.61,3,0,0,0,2,5,59.75,2
8834214,628370,585,10,73956,1,1,1,0,0,24,401.7,6
2270273,628373,683,0,34702.7,1,1,1,0,1,19,697.35,3
8607523,628597,834,0,78966.92,2,1,1,0,1,21,41.3,0
5636946,628689,656,1,37796.19,2,1,0,1,1,8,40.1,35
8163592,628705,666,2,520.79,2,0,1,0,0,36,30.52,25
6425820,628709,768,3,0,4,1,1,0,0,19,89.51,12
5317391,628750,521,0,138013.16,3,0,0,0,2,8,14.06,0
3717339,628859,813,1,65516.85,2,0,1,1,0,19,174.21,1
2241464,629057,704,0,17839.3,2,1,1,0,1,25,20.55,4
5652111,629146,489,2,37397.27,2,1,1,0,0,26,252.45,3
2046686,629208,602,1,0,3,1,1,0,0,20,107.69,2
7422301,629247,634,0,1392.16,1,0,0,1,1,13,68.87,61
7519465,629298,687,0,40012.45,2,1,1,0,1,7,58.79,4
6581020,629663,735,3,0,3,1,1,0,1,11,87.8,0
2007616,629678,523,3,5497.83,2,0,0,0,2,8,95.1,5
5332524,629903,632,1,0,2,1,0,0,1,2,32.71,192
5440339,629959,666,3,18688.02,2,1,1,0,1,19,84.93,10
3985161,629979,840,0,74999.71,1,1,1,0,1,23,178.3,7
8391619,629990,634,0,57634.34,2,0,1,0,2,21,497.53,1
2164313,629996,770,0,5357.12,1,0,0,0,2,3,45.5,24
9249722,630041,587,3,76511.95,3,1,1,0,1,14,16.23,9
4366669,630108,684,0,0,2,1,0,1,3,3,43.49,0
7587312,630126,652,6,1646.33,1,1,1,0,0,23,357.78,2
3993762,630155,579,4,31421.44,1,0,0,0,1,3,7.16,22
9255351,630299,635,10,38640.32,2,1,0,1,0,6,32.17,106
2819161,630458,608,3,2324.22,1,0,0,0,0,8,47.55,30
3413781,630535,627,10,25115.91,2,1,1,0,1,23,503.38,1
8235234,630538,619,2,36903.73,1,1,1,0,0,13,13.3,2
4663917,630573,730,9,31761.97,2,1,1,0,0,18,36.47,4
2782574,630829,535,10,0,4,1,1,0,1,21,36.69,1
8408511,631219,750,1,16604.41,2,1,0,0,0,4,97.55,6
5345236,631221,597,6,18303.4,2,0,0,1,2,7,116.72,99
2732870,631302,535,5,40614.3,1,0,1,0,1,26,17.92,13
1584868,631413,675,10,87556.66,2,1,1,0,1,19,72.03,1
2223386,631553,567,0,156210.27,4,0,1,0,1,14,44.6,0
2181322,631699,616,2,123388.78,3,1,1,0,2,31,75.76,2
5204309,631756,638,10,16574.23,1,0,1,0,0,21,43.29,4
8480659,631815,688,4,1583.39,2,1,0,0,3,8,79.02,18
1314820,631958,697,2,14418.32,2,0,1,0,1,24,79.62,2
9350043,631971,754,0,85995.72,3,1,1,0,0,12,55.39,3
3497360,631981,591,10,2814.56,1,1,1,0,0,13,98.61,1
1014556,632060,629,0,0,4,1,1,0,1,9,37.96,0
1634776,632195,617,0,95516.5,3,1,0,0,2,3,28.7,14
7551231,632280,544,2,18595.24,1,1,0,1,0,11,16.65,6
5470062,632323,758,9,22960.15,3,1,0,1,2,2,66.48,49
3543551,632342,581,0,31785.4,3,0,1,0,2,15,455.18,2
6533643,632351,549,0,88272.81,2,1,1,1,1,16,9.73,1
7565434,632401,541,5,84399.89,2,0,0,0,1,4,200.26,37
1062138,632496,741,1,21162.48,2,1,1,0,0,29,37.04,12
9646691,632623,663,0,45665.61,2,1,0,0,0,7,15.04,46
9232235,632929,630,10,62199.97,3,0,0,0,1,5,65.17,56
9021848,633025,567,3,52821.41,2,1,0,1,0,8,154.69,11
8315833,633030,625,0,0,1,0,1,0,0,27,114.69,4
7776531,633036,660,1,6775.36,2,0,1,0,0,25,169.67,0
2176077,633188,689,0,53722.46,1,1,1,1,1,18,88.3,0
4789081,633243,733,7,0,2,0,1,0,2,1,45.42,2
1055488,633447,595,5,69463.48,3,0,0,1,1,0,23.3,44
7449562,633469,771,2,26486.86,3,0,0,1,2,2,123.66,1
9087731,633541,636,2,0,2,1,0,0,0,7,49.38,7
3033459,633590,725,1,77468.72,2,1,1,1,1,13,31.87,5
9980912,633853,499,6,49663.81,1,1,0,1,0,12,101.77,39
7021650,634150,635,1,38430.71,2,0,1,0,0,28,99.34,1
6594190,634160,614,3,55566.61,4,1,0,0,4,6,46.32,0
6080612,634273,624,4,70264.33,1,1,1,1,1,22,21.39,14
7721201,634277,674,3,62929.32,2,1,0,0,4,13,47.31,61
1926012,634473,850,10,11437.31,2,1,0,0,0,6,21.11,96
2521139,634723,693,3,0,3,1,0,1,2,10,124.12,45
7129645,635167,686,10,57753.38,2,1,0,1,1,8,38.59,26
9969540,635205,576,2,0,1,0,0,1,1,8,80.69,55
6705306,635218,671,2,0,2,1,0,1,0,10,41.49,2
2349840,635239,597,2,43602.68,3,1,1,0,0,22,36.67,1
8711468,635280,688,1,17390.32,2,1,1,0,0,17,82.41,1
5864699,635348,527,2,0,2,1,1,0,1,19,18.04,1
4407796,635482,563,0,117651.81,3,0,1,0,1,23,55.38,6
3963163,635593,561,5,7381.28,1,1,1,0,0,21,23.43,8
1659867,635617,738,3,0,1,1,1,1,0,18,5,3
7445196,635618,638,1,37238.3,2,1,0,0,2,2,46.85,69
4204501,635638,757,10,48151,3,1,0,0,1,6,63.47,26
6014212,635740,603,5,28395.09,3,1,0,0,1,0,119.05,178
7544871,635962,690,1,6852.73,4,0,1,0,0,32,113.97,4
2791270,636004,624,3,58139.55,2,1,0,0,2,11,36.3,1
7027401,636107,600,1,1171.77,1,0,0,0,1,8,138.8,0
9162175,636141,784,8,355.03,1,1,0,0,1,3,98.85,26
2423756,636265,568,1,0,1,1,1,0,1,25,161.4,2
8348147,636361,557,0,17945.68,2,1,0,1,1,5,263.11,19
4178686,636435,632,5,91548.19,4,1,1,0,2,24,111.31,0
3347853,636521,671,1,0,2,1,1,0,0,22,66.48,8
1598917,636561,746,0,20713.01,1,1,0,1,1,5,27.87,8
4239558,637179,746,10,138.64,1,0,1,0,0,7,78.86,3
1425547,637234,655,0,60227.31,3,0,1,1,0,29,148.96,4
5001116,637333,645,0,53977.27,2,0,1,0,1,12,122.11,1
9207960,637450,529,0,60882.32,3,1,0,0,2,6,57.89,80
7522436,637544,665,9,3573.68,3,0,0,0,1,0,79.34,32
2056840,637566,715,2,158094.22,2,1,0,0,1,3,137.8,11
6162867,637727,626,4,8463.29,3,1,1,0,0,23,91.69,6
9383308,638009,671,4,64089.08,2,1,1,0,1,16,115.17,2
9958027,638169,619,0,48518.91,2,1,1,1,1,23,99.06,3
8538125,638179,643,1,0,2,0,0,1,2,1,20.14,10
1275453,638214,623,9,0,1,1,1,1,0,25,20.53,0
1621473,638220,711,4,0,2,1,1,0,3,3,45.49,0
6692259,638289,733,10,0,1,0,1,1,0,20,120.58,7
1940437,638401,514,4,54196.3,2,0,0,1,0,2,230.9,28
6665977,638807,617,0,4914.13,2,1,1,1,0,13,152.82,4
1718308,638857,615,2,43279.52,2,0,1,0,0,17,478.49,11
7803292,639031,739,5,40637.46,1,1,1,0,0,20,40.87,17
2982850,639111,725,0,57713.25,1,1,0,0,1,0,78.7,17
4551370,639131,643,3,0,1,1,0,1,1,0,38.88,67
9776491,639292,703,0,67283.71,2,1,1,0,2,20,11.34,3
8690178,639403,631,3,57670.66,3,0,1,0,1,8,24.7,1
3499027,639535,594,1,0,1,1,1,0,0,22,41.37,1
4908850,639593,604,8,17854.91,1,1,0,1,1,0,25.14,0
2208521,639728,746,6,62837.59,3,1,1,0,0,14,56.63,4
1618704,639740,595,2,20469.45,4,1,1,0,1,28,15.47,6
3375493,639915,537,0,0,3,1,0,0,2,8,57.66,34
9202292,639995,524,0,29146.52,2,0,1,0,0,14,48.62,3
1319824,640299,614,0,3726.16,3,1,0,0,1,5,175.61,54
8905753,640310,826,0,37690.73,1,1,0,0,1,4,28.55,52
1768424,640410,658,3,56287.25,2,1,0,0,4,1,30.28,4
5071537,640418,541,3,98628.59,2,1,1,0,0,12,18.31,1
3190059,640490,681,5,75439.33,2,0,1,0,0,13,89.73,1
1241008,640546,713,0,36032.71,2,1,1,0,0,6,11.84,9
3889858,640659,629,1,0,2,1,0,1,1,2,63.1,14
1838156,640828,613,10,128714.58,3,1,0,1,1,4,92.08,17
6156264,640869,640,4,9611.56,1,1,0,1,2,9,20.32,21
2632292,640970,728,1,5990.21,1,0,1,1,0,19,21.69,1
8653507,641058,686,8,41891.74,1,1,1,0,0,18,71.77,7
3863692,641198,655,4,0,4,1,1,0,3,24,236.09,4
2073030,641218,624,1,38909.43,2,0,1,0,0,11,57.25,1
2783941,641455,604,10,89118.47,3,0,1,0,0,6,18.82,5
2915617,641590,671,0,0,1,1,1,0,0,16,90.48,4
9340683,641593,703,7,0,2,1,1,0,1,26,116.12,5
4700592,641704,599,9,0,2,1,1,0,1,33,23.76,0
2058811,641722,738,1,32934.62,2,1,1,0,1,18,36.82,2
4399754,641737,641,5,35089.81,4,0,1,0,1,3,29.4,6
8150641,641760,585,4,0,1,0,0,1,3,0,51.85,85
6659678,641922,672,1,59218.99,3,0,1,0,0,19,57.19,3
7744585,641975,504,1,43602.96,1,1,1,1,0,17,167.41,2
6439759,642060,577,1,0,1,1,1,1,0,19,67.95,2
3026728,642081,619,2,33450.28,2,1,0,1,5,9,91.75,29
3304005,642121,696,6,37677.34,2,1,0,1,5,7,34.96,16
6395382,642347,725,0,65796,2,1,1,1,1,37,12.32,0
4577436,642421,453,1,356.82,3,0,0,1,1,1,170.82,40
1764815,642491,86.40%,0,14.49%,2,1,1,0,0,23,90.43,3
3909968,642717,605,7,39968.73,2,1,0,0,3,10,183.78,51
6628818,642752,696,0,0,4,0,0,1,3,8,61.3,76
2060687,642892,592,3,26222.46,2,1,1,0,0,38,38.27,0
3025773,642895,570,0,0,3,1,1,0,0,12,299.13,2
5595168,642899,489,1,33121.84,2,1,0,0,2,4,2145.16,23
3369560,643042,736,9,39114.77,2,1,0,0,1,2,66.43,2
7965133,643118,654,3,85345.78,3,0,0,1,2,0,112.02,51
3819425,643269,685,5,42189.69,1,1,0,0,1,8,39.68,41
7206350,643323,664,1,14578.72,1,1,1,0,1,5,39.63,4
3768343,643377,494,6,54819.17,2,1,1,1,0,19,57.93,6
8359513,643623,561,2,6248.86,3,1,0,1,2,5,50.45,117
5087678,643878,724,10,438.62,1,1,0,0,3,9,15.2,15
1682814,643899,543,2,0,4,1,1,0,0,26,9.03,13
3237592,643998,617,2,24719.35,1,0,1,0,0,25,33.84,3
2677182,644103,762,6,8942.74,2,1,1,0,1,18,242.02,11
7310431,644173,516,6,30887.44,3,0,0,1,2,3,442.43,137
3646667,644315,538,0,72213.44,3,1,1,0,1,24,44.34,3
1262233,644500,631,0,32401.64,2,0,1,0,0,8,56.45,5
9169958,644559,694,3,167.95,1,1,1,0,0,12,44.52,1
2354300,644676,762,10,99808.91,1,1,1,0,0,37,54.16,0
1106528,644719,850,3,37198.21,2,1,0,0,2,6,486.15,29
1121198,644932,411,1,13652.17,2,1,1,1,3,18,27.02,1
4010048,644951,603,3,0,2,1,0,0,0,7,22.55,14
2495541,645007,560,6,14134.58,2,1,1,0,1,16,120.03,3
5760225,645009,602,2,40999.65,1,0,1,0,1,19,52.24,3
7983050,645175,552,7,37941.42,3,0,1,0,2,14,22.08,0
8986164,645209,709,3,227.76,1,1,1,1,1,31,103.27,2
3128901,645561,683,0,32243.81,2,1,1,0,1,31,25.36,2
4458794,645583,526,1,0,1,1,0,1,1,14,210.73,5
3400615,645617,757,0,18265.6,1,0,0,0,2,7,76.36,77
5545782,645865,590,0,0,4,1,1,0,0,8,52.94,4
9775941,645895,763,6,570.82,1,1,0,1,0,14,176.11,32
8556779,645928,788,1,31798.51,2,1,0,1,0,8,72.38,3
7912738,645940,705,4,18657.97,1,0,0,0,1,7,74.1,4
5014011,646012,691,3,60992.28,2,1,0,0,2,0,116.9,34
3928445,646230,773,5,0,1,0,1,0,0,24,77.76,1
1631179,646240,693,1,66441.41,1,0,0,1,3,13,42.59,43
4019906,646313,719,0,0,4,0,1,0,1,7,84.89,2
9386722,646384,583,3,9986.51,2,1,1,0,2,18,54.71,8
2476750,646417,766,10,74439.9,2,1,0,0,3,3,16.48,102
6053293,646428,713,1,36098.73,3,1,0,0,0,5,280.19,22
6836014,646453,605,3,31794.2,2,1,1,0,2,14,119.22,1
8026061,646571,654,2,0,3,1,1,0,1,18,46.78,6
1076672,646622,680,0,83227.02,3,0,0,1,1,10,60.81,25
4953366,646699,609,2,0,1,1,1,0,0,27,101.48,8
4219595,646781,650,1,823.41,1,0,1,1,0,16,86.77,3
2971454,647091,546,3,229.37,1,1,0,1,2,11,29.21,57
9895263,647114,770,0,86814.14,2,0,0,1,2,2,37.14,1
2605308,647341,803,3,8256.34,1,0,1,0,2,24,178.08,3
7071696,647403,680,1,13899.39,3,0,0,0,1,8,122.45,15
9515120,647718,480,3,26113.2,3,0,1,0,0,27,88.84,10
4678843,647923,718,7,5796.32,2,1,1,0,0,12,30.74,8
8788252,647945,572,10,46027.93,2,1,1,0,0,25,19.16,0
4491484,647957,717,6,21462.97,3,1,1,0,0,15,45.01,1
5637668,647967,674,8,43961.44,1,1,1,1,0,32,129.49,0
1890350,648102,642,0,0,1,1,0,1,2,3,57.36,21
4250065,648122,692,3,59444.94,2,1,1,0,1,20,107.17,10
2890441,648141,684,5,32161.45,2,1,1,0,0,16,40.43,8
3503452,648177,726,5,22035.54,1,0,1,0,0,9,33.5,4
8959326,648410,496,8,63677.88,2,1,1,0,0,35,51.71,4
9346913,648496,812,9,76622.96,4,1,1,0,1,15,107.94,2
3958222,648513,629,8,16939.83,1,1,0,0,2,3,42.05,2
3680321,648530,726,1,35127.06,1,1,0,1,1,7,14.73,3
1723359,648558,671,4,620.54,1,1,1,0,2,18,36,1
1906432,648615,707,4,13292.83,1,0,1,0,0,15,50.17,12
7110145,648684,568,4,0,3,1,1,0,0,0,13.99,3
5782589,648736,609,10,0,1,1,1,0,1,20,408.08,8
4516332,648779,681,1,21686.59,1,1,1,0,2,30,33.43,17
8292580,648887,681,4,2323.85,2,1,1,0,0,9,160.49,0
5217486,648913,575,2,30500.83,2,0,1,0,2,27,10.57,2
6608533,649063,659,0,37865.36,3,0,1,0,1,13,69.29,0
8602555,649249,754,4,106.69,2,1,0,1,1,7,21.31,10
1726746,649262,518,1,39589.22,1,1,1,0,0,10,8.81,1
2751895,649300,526,5,0,3,1,0,0,0,6,107.2,3
1880075,649395,566,4,0,1,0,0,1,2,4,55.2,64
3950904,649414,649,0,99828.18,4,1,0,1,2,0,10.22,71
3651565,649435,711,4,5552.18,3,1,1,0,1,20,260.73,2
1487633,649525,725,5,11940.67,3,1,0,1,1,4,164.28,58
9137979,649526,535,5,4879.06,3,1,1,0,0,23,149.58,4
9638650,649577,642,10,381.42,1,0,1,0,0,19,8.95,0
2947249,649697,700,1,34611.13,2,1,0,1,3,6,34.09,69
2188825,649713,611,5,0,1,1,1,1,0,11,40.07,5
4947676,649753,608,4,0,2,1,0,1,1,10,13.25,112
8462856,649787,654,10,46426.07,1,1,0,0,3,5,33.21,22
6468907,649855,494,2,0,1,0,1,0,2,8,24.62,2
8030765,649857,752,2,51574.31,2,1,1,0,0,20,10.42,0
4334495,649939,527,0,55060.67,2,1,0,1,2,6,20.37,65
6464086,650121,617,1,48721.39,1,1,1,0,0,17,33.97,3
4859820,650131,682,2,6214.67,1,1,1,0,3,18,6.55,1
2847722,650311,623,4,0,2,1,1,0,1,21,23.03,7
6471590,650607,647,10,0,2,1,1,0,0,21,30.74,3
4821548,650744,667,3,0,3,1,1,0,1,25,240.91,0
2645243,650779,706,0,12623.31,1,1,0,0,0,6,31.76,45
4978185,650912,529,0,11018.66,1,0,1,0,2,13,232.98,0
7922203,650916,596,1,0,2,0,1,0,1,22,39.43,2
4354702,651002,560,1,882.97,2,1,1,0,1,21,67.84,1
7300387,651033,477,2,2679.42,2,1,0,0,1,9,106.88,51
4702106,651231,642,1,34116.84,4,1,1,0,0,28,74.82,2
2233623,651273,773,2,42458.72,4,1,1,0,1,19,113.67,13
8901905,651356,665,7,59950.87,2,1,1,0,0,14,59.56,2
9127012,651363,732,10,58779.37,3,0,0,0,0,4,9,40
1911663,651499,446,3,0,1,1,1,0,2,18,17.25,5
8312602,651613,711,1,0,2,1,0,1,1,2,296.85,27
3431711,651640,468,0,48395.88,2,1,0,0,0,9,33.69,43
4626649,651752,654,0,19503.63,1,1,0,1,0,3,54.83,6
8633480,651860,602,8,5074.07,1,0,0,1,5,2,151.18,11
3987363,651963,483,1,41593.86,2,0,0,1,0,11,288.48,35
7498324,651978,784,3,43831.64,2,1,1,0,0,18,52.57,0
7266039,652021,591,3,0,2,1,0,0,0,4,98.34,17
3288489,652029,649,1,21494.68,2,1,1,0,1,25,83.22,9
8679606,652108,687,0,2145.29,2,1,1,0,1,7,83.67,2
4257379,652266,554,0,1680.22,1,1,1,0,3,3,78.52,0
7016144,652329,620,3,17819.03,2,1,0,0,1,2,164.06,15
5524723,652388,488,7,0,2,1,1,0,1,17,117.69,5
4392535,652530,576,7,1280.99,3,0,1,0,1,23,31.3,12
6635321,652654,583,8,0,2,1,1,0,0,25,28.2,2
3134259,653007,668,5,28526.68,1,1,0,1,2,9,213.84,44
1538457,653081,639,8,26534.78,1,0,0,0,3,2,37.75,65
2000789,653306,627,2,22990.77,1,0,0,0,3,13,25.21,61
5707756,653349,530,10,74517.97,1,1,1,0,0,12,360,1
3290115,653408,539,10,10890.78,1,0,0,1,1,5,82.95,18
2864104,653815,644,1,28659.41,3,0,1,0,1,23,159.9,0
8810369,653829,746,1,17462.5,2,1,1,0,1,17,207.98,5
8693677,653948,626,6,14098.12,1,1,1,0,3,6,18.64,0
8016631,654531,564,2,608.35,1,1,0,0,1,9,66.78,68
3872281,654634,771,2,0,1,1,1,1,0,17,207.44,1
6764248,654640,788,3,0,2,1,0,0,0,0,56.05,111
4688530,654718,812,2,5998.65,1,1,1,0,3,13,72.71,1
5951988,654816,778,8,0,2,0,1,0,0,15,72.73,0
3630468,655132,628,1,565.57,1,1,0,0,2,5,21.38,42
3851044,655134,702,0,29149.37,2,1,0,1,1,4,37.26,1
4853765,655149,569,0,26263.01,3,1,0,1,3,15,134.72,19
2450798,655178,808,8,66769.14,2,1,1,0,0,11,174.23,1
7907115,655550,687,3,21435.36,2,1,0,0,1,8,43.71,3
9753827,655552,596,10,0,2,0,1,0,1,24,27.51,0
9207638,655575,542,6,770.89,2,1,1,0,1,20,271.83,3
4631304,655736,643,9,0,3,1,1,0,0,13,123.4,0
8943827,655953,745,4,84047.32,3,1,1,0,0,18,74.43,3
8763873,656011,496,0,46210.08,2,0,0,0,1,13,91.6,2
5683710,656116,850,0,5355.65,1,0,1,0,1,26,56.47,1
1243334,656127,632,10,40977.59,2,1,1,0,0,9,39.27,1
8182500,656208,747,8,24894.14,3,1,1,0,0,14,142.83,6
5138170,656251,533,0,0,3,1,1,1,2,8,50.74,6
5157921,656268,586,1,17455.28,1,1,0,0,0,3,162.16,2
6491114,656278,698,8,840.34,1,1,1,0,0,16,190.11,4
8285484,656329,664,1,45187.32,3,0,0,0,1,1,37.62,35
4731363,656379,570,4,13716.25,2,1,0,0,2,14,22.46,5
3499296,656639,589,8,0,1,1,1,0,0,14,78.53,7
1085187,656710,577,8,1372.52,2,0,1,0,0,18,78.17,0
8009048,656711,559,0,48986.09,1,1,1,0,0,1,77.33,3
1741958,656829,647,3,32180.52,1,1,0,0,3,1,76.06,5
1672073,656837,593,10,55816.27,3,0,1,1,2,13,135.36,4
8896240,656921,560,9,34600.06,2,1,0,0,1,4,234.78,16
9459346,656926,621,6,108855.18,2,0,1,0,1,12,45.62,6
1564059,656932,668,1,47116.81,1,1,0,1,2,3,22.39,8
8142021,656937,696,8,1401.18,2,1,0,1,1,5,67.28,31
9910743,656968,574,4,16282.25,2,1,0,1,2,5,50.4,12
7615594,657062,553,4,585.13,1,1,0,1,0,8,41.14,60
9040805,657101,812,3,51170.36,2,1,1,0,1,14,46.27,0
2644153,657244,659,8,14988.03,2,1,1,1,1,8,16.08,0
8590706,657381,708,2,0,2,1,1,0,1,9,53.1,4
9309504,657487,611,2,22980.47,2,1,1,0,1,16,71.12,4
5035113,657742,762,0,0,2,1,1,0,1,16,94.67,3
2394044,657772,710,6,24656.75,4,1,0,0,0,7,179.37,8
1208423,657783,595,0,46797.86,2,1,1,0,0,12,46.79,0
7821919,658065,536,2,115626.9,3,1,0,0,1,4,181.25,2
4657541,658131,693,1,16367.86,4,1,0,1,2,5,418.31,8
3226537,658136,771,1,31590.15,2,1,1,0,1,20,67.71,0
7013049,658198,592,5,25840.82,1,1,1,0,0,15,108.98,12
5962539,658388,634,4,36827.87,2,1,1,0,0,4,38.27,4
5010801,658453,694,3,42071.68,3,1,1,0,1,8,314.71,2
2522188,658582,665,5,17.17,1,1,1,0,1,19,242.96,5
1267263,658623,807,7,61120.35,3,1,0,0,1,6,32.11,24
9049422,658624,733,0,27897.69,1,0,1,0,0,24,136.85,1
6114309,658739,680,3,36715.49,1,1,1,0,0,22,23.6,5
3714601,658850,608,10,20760.9,1,1,1,1,0,9,15.38,0
8705487,659024,726,0,144111.82,2,1,1,0,1,24,64.93,1
1409590,659106,517,9,56454.1,1,0,0,0,3,11,58.83,1
8630962,659381,751,10,442.14,1,1,0,0,1,0,43.48,27
3325723,659392,605,10,146089.81,3,1,1,0,0,18,84.35,0
7800818,659399,694,1,57177.19,1,0,1,0,0,25,30.63,1
4102874,659543,652,2,28572.68,1,1,1,0,0,30,138.59,8
7214624,659572,594,0,25334.81,3,1,1,0,0,22,102.24,3
8789590,659614,566,0,68526.78,2,1,0,1,1,3,23.44,27
1022878,659711,668,3,75036.57,2,1,1,0,3,13,382.78,1
2186125,659713,758,0,5046.11,2,1,1,0,0,13,42.86,1
7457202,659835,574,3,50904.22,2,1,1,0,0,29,14.71,6
6585238,659837,762,1,150.65,1,1,0,0,2,0,191.92,46
9907365,659876,694,1,24831.31,1,0,1,0,0,14,141.27,2
1548852,659921,696,2,69777.82,2,1,1,0,2,22,38.13,8
5975954,659951,714,1,20156.49,2,0,1,0,1,13,87.24,3
8145454,660069,609,2,31393.36,2,1,1,0,0,24,265.18,2
5526314,660081,596,0,40698.66,1,0,0,1,2,7,74.31,22
4475340,660086,618,5,17990.08,1,1,0,1,4,7,80.58,25
2358267,660226,584,6,0,1,0,1,0,0,0,102.87,3
6632022,660324,626,3,22158.44,2,1,1,0,0,16,87.86,3
1919587,660384,599,0,34589.11,2,0,1,0,1,2,184.63,1
9635845,660596,850,1,64501.55,1,1,1,0,2,36,218.84,14
7106747,660605,534,10,26815.27,2,1,1,0,0,22,197.57,15
1865076,660708,538,2,41929.19,2,1,1,0,1,28,208.45,0
2861709,660814,588,3,0,1,0,0,0,1,14,26.41,86
7424918,660957,708,2,930.12,3,1,1,0,0,10,47.89,0
7133596,661023,675,0,18467.81,2,1,1,0,1,9,186.11,0
8807325,661091,579,0,25034.33,2,0,0,1,0,1,96.31,79
1685757,661147,712,0,40196.84,1,1,0,1,2,9,28.1,34
7133266,661307,677,2,22307.17,3,1,1,0,0,13,56.77,5
7147725,661527,706,10,0,2,1,1,0,1,6,33.82,3
3940499,661652,610,9,67355.26,2,1,1,0,0,23,76.26,0
2124172,661654,668,0,34879.48,2,0,1,0,0,16,86.73,5
4434507,661671,699,9,6402.8,1,1,1,0,0,17,13.34,1
3322064,661762,602,5,18193.05,4,1,1,0,2,7,151.95,4
6619187,661894,486,0,52061.86,2,1,1,0,0,15,128.84,14
5003592,661916,599,1,17860.48,2,1,1,1,1,16,38.59,4
2905181,661957,584,4,107312.42,3,1,1,0,0,11,26.79,6
9027788,662093,702,1,42327.5,1,0,0,1,1,3,47.34,72
4519758,662146,621,4,51083.3,2,1,1,0,0,37,40.09,3
4782209,662203,566,7,14937.52,2,1,1,0,2,7,49.78,8
6376490,662262,547,0,0,3,1,0,0,3,13,37.14,34
6917519,662275,713,5,47717.01,2,1,0,1,3,7,31,1
5485520,662336,740,6,15776.75,1,1,1,0,1,0,18.9,2
9448435,662407,732,1,65295.57,2,1,0,1,0,3,176.06,119
8095573,662445,657,6,0,2,1,1,0,0,36,246.6,2
5649727,662625,593,10,23470.28,2,1,0,0,2,15,53.14,14
1913687,662628,728,0,142755.24,2,1,1,1,1,0,100.61,4
2063158,662636,850,1,32751.2,4,1,0,1,3,7,69.52,18
7254777,662728,706,1,15782.07,2,1,0,0,1,4,226.38,1
6791940,662761,669,0,12115.42,3,1,1,0,0,19,71.2,2
8590191,662968,701,3,0,1,0,1,0,0,14,37.31,0
9157533,662986,744,4,23409.95,2,1,1,0,0,23,84.24,1
9412936,663051,638,1,93190.21,2,1,1,0,0,6,52.35,4
9836267,663054,627,2,33370.64,1,0,0,1,1,7,16.21,27
3058722,663123,665,10,0,2,1,1,0,0,17,71.42,1
8888040,663244,641,3,0,1,0,0,0,0,13,43.09,57
9923876,663356,764,8,3632.21,1,0,0,1,1,3,55.61,7
9939831,663463,619,10,0,1,0,1,1,0,10,59.18,7
5903382,663483,684,10,56947.19,2,1,1,0,0,21,74.87,2
8582938,663628,653,3,70105.94,2,0,0,0,0,2,137.24,101
7176462,663658,580,0,58904.39,1,1,1,1,0,18,110.98,1
2101048,663723,622,2,168909.04,4,1,1,0,1,12,166.8,1
4160048,663750,669,0,173322.16,3,1,0,1,2,4,287.23,158
8681853,663772,683,4,73060.3,2,1,1,0,0,17,818.54,9
2464797,663876,752,3,72086.44,2,0,1,0,0,16,57.87,3
2345036,663996,580,5,23543.34,2,0,1,0,2,20,67,4
7554564,664032,624,3,15063.79,2,1,1,1,1,12,63.58,5
3999964,664058,673,3,0,2,1,1,0,0,23,62.57,16
5838090,664107,529,1,38215.57,2,1,1,0,1,21,32.6,5
2290961,664139,610,1,24410.8,2,1,0,0,4,6,213.19,46
2834838,664315,678,6,0,2,1,1,0,2,10,18.79,8
3764318,664365,788,4,22735.76,3,0,1,0,0,4,45.88,13
5629550,664593,522,8,48698.89,2,0,1,0,0,18,56.94,11
2879460,664607,654,3,124504.47,4,1,1,0,1,22,346.97,2
3482256,664739,600,1,688.11,1,1,1,1,1,19,144.47,9
9327014,664742,561,5,31449.32,2,1,1,0,0,28,30.51,12
3524938,664781,649,10,41450.26,2,1,1,0,0,13,192.79,6
4426849,664939,553,10,0,2,1,1,0,2,41,16.19,9
9735688,665136,568,0,2538.9,4,1,0,0,1,9,26.26,5
1380679,665158,629,0,0,2,0,0,0,3,2,47.44,25
5918567,665389,658,9,0,1,1,0,0,1,9,10.27,44
7988325,665427,662,1,5897.05,2,1,1,0,2,25,62.95,2
3215051,665482,647,0,17888.58,1,1,0,0,6,9,26.86,20
8950805,665484,622,0,39591.63,2,1,0,0,0,4,23.05,57
6816664,665492,611,5,53520.88,2,1,1,1,1,34,284.07,4
8048611,665497,596,7,271.61,1,0,0,0,2,8,74.17,62
8446735,665579,554,7,1175.42,1,1,0,0,0,7,54.96,18
1360413,665610,676,5,15169.64,4,1,1,0,1,23,57.31,5
5890840,665621,71.90%,0,"$53,642.27 ",3,0,0,0,3,10,82.13,25
4171911,665847,653,10,86433.83,1,1,1,1,0,21,90.14,0
2056117,665883,513,2,11338.09,2,1,0,0,0,1,170.1,20
1369713,665892,473,1,0,2,1,1,0,1,22,93.87,5
4897818,665940,602,4,12968.98,1,1,1,0,0,32,361.33,0
9717785,665979,529,3,1106.9,1,0,0,0,2,0,14.13,151
6635087,665990,696,1,0,2,1,0,0,0,6,105.56,8
7907041,666157,631,0,42404.23,3,1,0,0,1,8,412.46,25
6751103,666211,635,7,56332.95,2,1,1,0,1,17,36.11,10
6474513,666362,618,1,20958.53,2,1,1,0,1,18,17.8,1
9156216,666366,730,2,69754.59,2,1,0,0,0,0,91.8,5
9894713,666390,819,4,28196.57,2,1,1,0,0,20,419.51,1
8470161,666432,605,3,13323.6,2,0,0,1,0,13,139.82,19
8684083,666456,740,8,4865.29,1,1,0,1,1,7,135.04,14
6101655,666479,572,0,10127.04,2,0,0,1,2,5,93.92,0
3213824,666809,658,8,30202.98,3,1,1,1,1,23,232.33,0
6142132,666820,678,2,534.03,1,1,0,0,1,9,38.6,7
3881270,666836,630,3,20829.19,3,1,1,0,0,4,28.83,2
5362201,666843,684,0,63267.41,2,0,1,0,0,31,269.57,0
4804769,666847,682,8,0,2,1,0,0,2,8,71.88,10
9124251,666893,606,1,22497.22,2,0,1,0,1,2,284.66,1
7239485,667036,596,2,0,1,0,1,1,3,13,233.15,1
5834292,667296,590,1,0,2,1,1,0,1,19,83.84,1
1793880,667451,744,10,13798.14,3,1,0,0,1,3,44.77,28
3488704,667460,687,3,0,2,1,1,0,0,19,27.29,4
6924385,667650,493,0,100789.3,3,0,1,1,0,16,40.85,4
5771138,667750,776,0,28801.3,3,1,1,0,0,15,33.14,0
8649177,667776,542,2,26164.33,1,0,1,0,1,25,118.08,0
3791109,667851,643,0,0,1,0,1,1,1,7,130.37,4
3697606,667915,737,1,0,3,0,1,0,0,16,196.13,1
9981123,668373,776,1,19415.22,2,1,1,0,0,12,40.38,11
5785643,668458,447,1,105483.04,2,1,1,0,0,10,26.1,2
4058159,668471,620,9,57515.13,2,0,1,1,0,22,22.03,18
3942041,668507,763,3,41786.86,2,1,1,0,0,18,282.14,0
3575047,668532,589,4,0,2,1,0,1,2,1,39.16,1
3705405,668573,649,2,27896.81,1,0,0,0,1,9,6.71,104
4991389,668784,488,6,33559.31,1,1,1,0,2,19,35.8,1
2961547,668843,658,4,23337.27,1,0,0,0,4,2,37.14,4
1690406,668882,615,2,39212.27,1,1,1,1,0,21,121.73,8
6312100,668950,524,3,48786.15,2,0,0,0,0,0,18.51,7
3121873,668969,722,0,60779.28,2,0,1,0,1,16,74.77,16
8396883,669097,438,5,15132.38,1,1,1,0,1,6,39.86,6
5368907,669408,521,2,51638.29,3,1,0,1,2,4,106.82,30
7202069,669460,492,3,49877.14,2,1,0,0,1,16,23.04,44
4095339,669488,557,10,49074.3,1,1,0,1,2,11,68.55,49
4441935,669576,666,0,48008.04,1,0,1,0,0,31,128.44,1
1581986,669578,630,0,0,2,1,0,0,4,10,142.64,56
6317433,669605,706,2,13811.13,1,1,0,0,0,6,107.03,26
6768795,669691,672,3,24112.34,2,1,1,0,1,16,23.11,1
3482092,669827,692,9,11930.78,2,1,1,0,1,27,71.91,2
7256474,669868,690,1,16906.73,1,0,1,0,1,14,58.62,15
8523391,669902,631,6,55550.62,2,1,1,0,0,9,22,1
3727935,670027,608,1,33192.38,2,1,1,0,1,20,225.94,3
9953043,670053,733,0,38866.59,2,1,0,0,0,5,21.67,14
6059333,670065,525,10,30637.66,3,0,1,0,0,21,52.37,1
3038264,670143,752,6,52344.11,1,0,0,0,2,7,14.24,65
1418175,670511,735,2,0,1,0,1,0,0,15,60.52,7
7787429,670557,850,0,46817.35,2,1,0,1,2,1,118.6,32
9378825,670792,636,0,57291.36,2,1,1,0,0,22,29.11,8
3439136,670892,722,9,30861.54,3,1,1,0,0,16,106.43,2
8684648,670913,799,10,59581.08,3,1,0,0,0,7,60.29,87
6372365,670968,583,0,96183.98,3,1,1,0,1,5,36.24,2
3618139,670977,602,9,50539.02,2,1,1,0,0,22,255.4,1
1072046,671015,650,4,18601.56,2,1,1,0,0,18,111.32,3
9512910,671412,764,6,0,4,1,1,0,0,13,96.05,3
6557966,671598,562,3,49761.42,1,1,1,0,1,20,21.14,1
5958621,671858,659,1,113156.04,3,0,1,0,0,16,79.15,8
8950901,671971,633,1,30410.21,2,1,1,1,1,9,60.55,1
5862493,672079,702,0,21630.43,3,1,0,1,1,6,55.85,41
3467651,672092,542,1,0,2,0,1,0,0,11,12.76,2
8417300,672130,678,0,43854.59,3,1,0,0,1,5,144.35,20
6682181,672133,605,10,25855.55,1,1,1,0,0,23,179.18,1
2884343,672233,645,7,0,2,1,1,0,1,19,8.4,9
9035971,672401,653,0,39889.53,2,1,1,0,0,15,53.85,3
1672446,672536,617,0,1591.89,1,0,1,0,0,8,148.81,7
3339134,672547,475,1,0,3,1,1,0,1,18,99.75,6
2960855,672661,655,5,13888.95,2,1,1,0,2,7,30.31,0
6168761,672696,485,2,4549.63,1,1,1,0,2,14,60.72,0
1416001,672808,676,0,33952.73,3,1,0,0,1,9,127.7,54
7738231,672892,837,1,21463.67,4,0,1,0,0,25,31.11,6
4697107,672896,580,0,46916.11,1,0,0,0,1,7,46.66,7
8482180,672949,719,3,69070.6,4,1,0,0,1,4,95.33,43
6996068,672967,641,5,39019.17,1,0,0,1,0,2,194.7,61
2551575,673095,621,3,58476.47,1,1,0,1,0,5,150.27,49
6475520,673108,458,10,27777.95,2,1,0,1,0,2,23.63,53
1923311,673149,620,0,9592.01,4,0,0,0,1,3,419.25,8
4274069,673167,649,7,16465.7,2,1,1,0,1,26,95.58,6
9832094,673619,770,6,35849.6,2,0,1,0,1,20,26.92,0
4726955,673867,685,2,8400.06,3,1,0,1,3,14,60.65,42
5662844,673896,666,7,42999.3,2,0,1,0,0,26,46.17,19
4283564,673929,512,2,0,3,1,1,0,0,17,210.52,5
1378303,674122,626,0,0,2,0,1,0,0,31,24.69,2
2402399,674213,549,0,11476.1,1,0,0,0,1,4,101.35,29
8473546,674251,551,3,48236.79,2,1,1,0,0,8,85.85,4
2465941,674295,579,6,0,3,0,0,0,0,5,48.3,47
9586369,674416,752,3,44364.99,2,1,1,0,0,15,109.93,0
7617330,674485,497,10,107284.42,2,1,1,0,2,8,63.65,13
4262330,674553,680,1,22988.18,2,1,1,0,0,27,16.02,6
9228643,674566,662,0,41591.21,1,0,1,0,0,37,103.43,4
6331091,674765,832,6,27486.11,4,1,1,0,1,30,22.07,0
9582482,674779,652,5,105263.29,3,1,1,0,1,34,50.09,6
1940322,674842,788,0,46235.55,1,1,0,0,1,8,158.88,4
7057663,674993,545,10,87253.16,1,1,1,0,0,20,27.28,2
7669916,675074,707,3,50502.23,3,0,1,0,0,18,24.16,0
3482120,675191,650,3,0,2,1,1,0,0,16,62,5
8174616,675210,668,0,35055.1,1,0,0,1,1,4,71.9,77
7201361,675458,670,0,11974,2,1,1,0,0,10,38.88,8
7477894,675462,640,2,33443.88,2,0,1,0,0,6,39.72,7
7255068,675512,647,0,31035.47,2,1,1,0,0,15,9.44,18
1204527,675547,578,1,2576.87,1,1,0,1,0,5,232.47,17
5775640,675771,683,3,40592.37,2,1,1,0,0,15,27.47,3
6786800,675898,721,10,10067.94,1,0,1,0,2,33,105.89,10
6894759,675914,698,2,1781.78,2,0,0,0,2,7,37.5,46
6168814,676051,648,2,1440.73,1,0,1,1,0,27,137.61,1
8475525,676276,569,0,0,1,0,0,1,0,5,595.98,9
2469661,676289,629,3,0,1,1,1,0,0,28,81.95,9
4618764,676363,665,7,0,3,1,1,0,2,29,51.52,1
8452780,676365,484,4,19529.43,2,1,0,0,4,6,48.65,103
7972774,676429,67.90%,1,11722550/100,3,1,1,0,1,16,75.29,1
8423991,676510,543,0,29682.57,2,1,1,0,1,13,25.5,9
5842475,676566,617,2,2189.16,2,1,1,0,1,27,78.47,0
3747945,676680,658,7,53645.42,1,1,0,1,0,4,52.15,46
8110724,676710,719,1,0,3,1,1,0,1,23,202.01,3
7949018,676713,735,7,0,2,1,0,0,3,12,22.52,123
3341557,676802,639,1,17470.61,3,1,0,0,1,6,48.74,17
2444148,676818,602,2,1629.85,2,0,1,0,0,29,83.82,3
3409867,676820,635,0,89.62,2,1,0,0,1,5,166.48,33
4486033,676843,568,4,41184.17,1,1,1,0,2,15,197.14,1
6087374,676884,718,1,61469.14,1,1,0,0,1,3,41.86,146
8962686,676967,696,2,131216.85,4,1,1,0,0,8,41.76,4
9813089,677057,615,3,57759.84,3,0,1,0,0,13,58.04,0
6627359,677079,668,1,27283.2,1,1,0,0,4,15,278.29,28
2109238,677086,611,5,0,3,0,0,1,4,4,101.87,69
7304414,677124,508,10,22293.21,3,1,0,0,0,6,40.35,39
2483915,677210,751,2,35047.63,1,0,0,1,1,11,66.45,105
1111046,677236,587,0,24477.39,2,1,0,1,1,1,15.91,143
7869609,677321,564,0,26410.7,1,1,0,0,1,1,268.59,2
5585697,677390,657,4,0,3,1,0,0,2,5,385.06,11
7954391,677438,633,4,35210.93,2,1,1,0,1,23,134.52,2
3934217,677596,513,0,43522.4,2,1,1,0,0,19,216.06,3
8753086,677599,752,1,0,2,1,1,0,0,26,125.95,5
3297254,678043,499,10,11942.39,2,1,1,0,3,19,10.02,3
4342987,678083,656,0,35471.81,2,1,1,0,0,10,104.11,2
4120669,678115,787,9,4358.12,1,1,1,0,0,16,17.36,1
7405029,678116,699,0,0,1,1,0,0,2,7,15.53,49
5856386,678255,699,2,0,3,1,1,0,1,26,102.68,9
9230660,678388,562,4,102479.75,3,1,0,0,1,9,60.59,47
1708550,678440,693,3,5530.21,2,1,0,1,1,0,21.37,32
6066600,678443,728,7,51864.84,4,1,1,0,0,6,133.58,8
6098837,678469,676,3,0,2,0,1,0,1,16,123.83,0
9289630,678478,710,4,19343.85,2,0,0,0,1,4,149.96,42
8775431,678719,748,0,32700.6,3,1,0,1,1,1,79.04,130
4766824,678727,800,5,0,2,1,0,0,3,8,42.94,52
1450300,678805,690,8,27062.38,1,1,1,0,0,3,99.86,2
1041048,678856,560,2,0,1,1,0,1,0,10,152.87,12
3584093,678866,409,9,48923.67,1,0,0,1,2,5,32.17,5
5406989,678870,653,1,37094.47,2,1,1,0,1,12,115.54,0
6036006,678897,647,2,59538.7,1,1,0,1,1,6,112.76,25
8927925,678923,704,1,84516.83,3,1,0,1,0,10,80.47,36
3083343,678944,731,2,26224.07,3,1,0,0,0,6,187,25
5826621,679077,712,2,36370.87,1,1,1,0,1,35,99.81,0
7998729,679364,590,2,49407.36,1,0,0,0,2,7,138.22,30
4009367,679549,583,1,134192.58,1,1,1,0,0,19,86.62,1
9252486,679606,91.60%,0,105.42%,3,1,1,0,1,19,53.68,5
5106228,679720,595,6,0,2,1,1,0,0,25,35.86,7
1477187,679902,557,0,0,1,1,1,0,1,20,28.31,0
3002438,679958,756,1,13329.74,2,1,1,0,1,8,54.74,9
5650930,680096,753,3,51338.24,2,1,1,0,1,4,85.96,3
9272010,680097,523,4,27033.38,1,1,0,0,4,1,158.45,3
2119456,680099,652,0,21368.47,2,0,1,0,0,23,34.63,6
7069317,680189,460,6,55582.07,4,0,1,0,1,27,40.54,15
9061215,680238,741,2,36564.31,2,1,1,0,0,21,124.85,1
8316015,680278,608,0,51767.45,1,1,1,0,0,20,464.27,29
5327037,680290,595,0,28679.62,2,0,0,0,2,13,37.73,44
8986637,680358,673,7,85122.12,1,0,1,1,0,27,79.33,14
3006281,680412,669,3,59189.26,2,1,1,0,1,23,47.25,4
7261294,680472,595,5,43795.17,3,1,1,0,2,15,213.85,3
9598757,680493,587,1,17753.26,1,1,0,1,2,5,40.85,9
1294357,680557,754,10,34803.39,1,1,1,0,0,26,34.73,7
5354311,680828,676,2,34479.29,2,0,0,1,1,10,11.96,19
3732123,680933,654,4,18312.44,1,0,1,0,0,19,219.04,1
1981641,681028,777,0,0,3,1,1,0,1,25,75.9,4
3451774,681070,742,9,0,2,1,0,0,1,0,48.25,77
6363359,681128,561,2,93814.11,2,0,1,0,0,10,57.27,19
8735034,681141,649,1,0,2,0,1,0,1,15,135.85,3
3273269,681242,736,3,57557.57,3,0,1,0,0,9,26.79,2
6995933,681343,723,0,65214.7,2,1,1,0,1,17,32.72,14
3739867,681409,663,0,35767.85,4,0,0,1,4,3,179.48,39
1887318,681456,735,5,0,2,1,0,0,1,0,32.17,45
5574649,681478,613,8,23511.72,2,1,0,0,1,0,181.56,21
7059317,681489,659,5,36230.74,2,1,0,0,0,13,200.56,167
8038277,681542,660,1,8574.98,2,0,1,0,1,16,125.25,0
6972425,681687,652,0,35518.57,2,1,1,0,0,20,167.18,0
1817300,681866,92.10%,2,"$58,542.29 ",2,1,0,0,1,0,65.1,3
5862980,681868,807,0,66354.43,1,1,0,0,0,5,67.98,0
5893311,681896,631,1,0,2,1,1,1,0,18,160.96,1
9885420,682032,754,0,3112.1,2,1,0,0,0,6,113.23,0
2288937,682051,707,3,472.44,2,0,1,0,1,13,38.24,9
9621249,682144,621,1,56877.23,2,1,1,0,0,16,9.62,1
4251673,682145,632,1,0,1,0,1,0,0,16,49.32,1
4074382,682316,626,1,59031.83,1,1,1,0,1,24,136.14,12
2585592,682401,564,2,23163.99,4,0,1,0,2,11,174.01,24
3804075,682765,530,10,0,1,0,1,0,0,30,20.04,0
6412444,682789,823,2,82417.38,3,1,1,0,0,25,91.57,0
6305130,682851,713,10,41475.86,2,1,1,0,0,42,27.5,0
6051155,682959,748,9,0,1,1,1,0,1,4,221.97,1
5554325,683165,624,4,47944.17,2,1,0,0,1,5,7.85,45
7082121,683286,796,0,0,4,1,1,0,0,26,88.52,29
2607817,683347,693,0,18653.97,1,1,1,0,0,11,89.62,2
9966085,683390,553,5,45062.85,1,1,1,0,0,6,7.73,2
6899361,683397,544,2,0,1,1,0,1,0,3,73.09,66
3411179,683635,764,7,70445.39,4,1,0,0,3,7,444.73,97
1216386,683761,648,3,41859.93,1,1,1,0,0,18,139.61,9
3297630,683783,699,2,0,1,1,0,1,2,5,20.76,4
9693462,684004,722,4,70990.25,4,0,1,0,1,23,86.95,5
5721406,684041,692,0,0,1,1,1,0,0,31,128.21,12
7258139,684194,766,7,23087.01,2,1,0,0,1,4,114.67,11
9135255,684357,736,0,0,3,1,1,0,0,10,18.82,2
7912120,684384,821,4,35009.71,2,1,1,0,1,19,146.06,13
6709506,684413,514,10,48594.49,2,1,1,1,0,32,63.49,0
3735175,684482,720,10,58625.87,2,1,1,0,2,12,100.92,5
2718286,684572,614,1,36024.68,1,1,1,1,0,17,20.18,1
4655356,684632,699,5,53478.55,2,1,1,0,0,18,155.32,0
3593001,684646,572,1,0,2,0,1,0,2,6,172.88,3
9445363,684791,694,1,0,2,1,0,0,0,2,40.41,60
4709668,684801,573,0,13123.31,4,1,0,1,1,1,50.18,55
4161109,684929,676,1,13016.92,2,1,1,1,3,24,552.75,1
9818990,685066,595,1,7777.89,2,1,0,1,1,5,93.31,13
9927083,685098,551,0,29019.58,2,1,1,0,0,25,18.45,2
2912044,685126,792,4,32795.63,3,0,1,0,2,3,30.72,5
8001908,685181,615,5,682.18,1,1,1,0,1,10,158.8,0
8725762,685193,550,1,0,3,1,1,0,0,11,45.79,4
2281784,685196,623,10,34741.6,1,1,1,0,2,15,251.22,8
2955647,685253,410,0,99129.77,4,0,0,1,0,9,187.74,5
3201710,685365,659,1,12993.5,1,0,1,1,0,23,148.67,1
1291577,685466,688,5,0,4,1,1,1,0,11,64.27,0
9044980,685472,759,10,7872.96,4,1,0,0,1,6,61.16,26
6841992,685549,657,3,0,3,1,0,1,0,6,166.94,47
6227335,685616,598,1,43892.23,3,1,1,0,0,16,66.62,0
7082891,685766,749,6,28134.24,2,0,1,0,1,15,84.87,12
3332267,685864,679,0,28309.78,2,0,0,0,3,9,178.35,38
8414487,685934,711,10,0,2,1,1,0,1,15,276.53,19
9776515,685941,673,1,36777.5,3,1,1,0,1,27,239.07,1
6738565,685997,736,1,44770.43,2,1,0,0,3,7,45.27,22
3889156,686072,528,5,19393.1,1,1,0,0,1,2,68.79,4
6111753,686075,512,7,25512.75,2,1,1,0,0,11,61.19,0
1482504,686179,602,3,38223.83,2,1,1,0,0,17,50.29,4
2989725,686187,611,0,8413.93,3,1,0,1,2,6,168.25,10
4730545,686252,630,0,21008.45,1,0,1,0,0,15,24.86,1
3159470,686273,674,2,42823.58,1,1,1,0,0,18,651.23,3
3388393,686464,645,0,24088.93,3,1,0,1,3,12,75.63,23
4801288,686716,799,0,0,3,1,0,1,2,5,124.93,2
6157791,686810,477,0,28760.63,2,1,1,0,0,24,63.74,1
3102926,687044,631,1,57524.56,1,1,0,1,1,8,218.18,19
4520547,687080,621,0,7453.1,2,1,0,0,1,2,150.3,6
3184699,687234,618,4,818.2,1,1,0,1,1,6,177.49,16
2318772,687360,512,0,118476.05,3,0,1,1,4,5,76.32,8
8127046,687569,533,5,69932.68,1,1,1,0,0,24,86.46,2
2874387,687638,548,3,22239.11,2,1,1,0,0,19,95.15,6
2304181,687713,824,1,38714.57,1,0,0,1,1,7,63.06,20
1315519,687783,485,1,3704.19,3,1,1,0,0,22,129.9,2
9124448,687923,687,0,60613.76,2,1,0,1,1,9,117.41,10
8235132,687997,623,1,0,3,1,0,1,1,11,534.66,142
1713315,688132,610,1,0,1,1,0,1,2,7,20.62,26
4294223,688153,588,7,27531.64,3,1,0,0,1,4,37.99,26
2808875,688215,657,9,44587.11,3,1,0,0,1,7,14.66,17
1550170,688426,720,2,0,1,0,1,0,2,20,28.76,5
9614751,688508,674,1,49209.06,1,1,1,0,1,26,85.35,3
1994305,688534,646,0,0,1,0,1,1,0,22,136.33,5
8869895,688602,574,1,66752.61,4,0,0,0,1,0,36.64,12
2995183,688637,555,1,69721.27,3,0,1,0,0,20,71.34,16
5244844,688678,544,2,9262.08,2,1,1,0,0,8,93.91,6
1726143,688730,670,0,0,1,1,0,1,3,5,56.56,80
2111446,688861,571,3,0,1,1,0,1,1,9,45.64,21
6060776,688866,645,1,112.78,2,1,0,1,2,10,77.3,20
1172342,688933,664,7,7684.08,2,1,1,0,0,19,189.23,0
2619061,688956,532,7,0,4,1,1,0,0,20,102.39,0
3076911,688967,605,5,22545.4,1,1,0,0,1,7,32.48,74
4446060,689107,462,5,59699.3,3,1,0,1,2,4,72.35,16
4355853,689179,537,0,36295.66,2,0,1,0,1,20,153.55,5
4100124,689275,736,9,106.65,1,1,1,1,0,23,47.31,2
6897756,689318,660,0,25920.5,4,1,1,1,0,13,65.78,10
1490886,689444,617,8,0,1,0,1,1,0,11,18.68,1
2523024,689485,850,0,52567.34,2,1,1,0,2,6,61.57,0
3442040,689593,662,1,83.8,1,0,1,0,0,16,99.96,0
5653591,689648,658,0,17345.69,1,1,1,1,0,26,467.7,7
6835728,689704,692,3,55019.69,4,0,0,1,0,1,21.34,3
6908990,689849,653,0,0,2,0,1,1,0,12,102.12,0
3693705,689964,838,10,2051.27,1,1,0,0,1,4,126.68,6
9399251,690016,587,1,13153.97,1,1,1,0,0,20,214.17,0
5057108,690180,660,3,72791.37,3,1,1,0,0,20,87.79,4
9470971,690268,721,1,0,1,1,0,0,2,2,43.37,34
2146505,690341,536,0,0,1,1,1,1,2,25,47.54,2
2662717,690462,701,5,69202.43,2,0,1,0,0,18,32.4,0
1234617,690500,641,10,10884.88,1,1,1,0,2,19,27.18,2
9872441,690525,641,3,41488.02,2,1,0,1,3,12,62.9,105
4640623,690579,707,1,52516.32,3,1,1,0,0,17,20.45,7
4213634,690653,815,0,129980.42,4,1,0,1,1,12,67.61,5
5728772,690882,714,7,0,1,1,1,1,2,17,47.22,9
3881880,690982,753,2,0,3,0,1,0,0,28,62.42,5
1072627,690984,704,3,13452.86,2,1,1,0,1,10,23.12,1
2655671,690996,619,10,20562.15,1,1,0,0,2,5,34.43,7
4590582,691088,690,10,2928.6,1,1,1,1,0,16,64.55,2
9458992,691119,427,4,28932.32,3,1,1,0,0,34,34.01,1
8964404,691194,769,4,50206.87,1,0,1,0,0,4,13.07,1
7148229,691240,709,7,0,3,1,1,0,0,19,50.38,1
4105895,691303,634,1,0,1,1,1,1,0,25,89.71,4
8376368,691353,589,6,0,3,0,0,1,7,8,146.54,5
2800606,691364,804,7,32518.82,2,1,1,0,0,14,13.21,22
4034134,691380,683,8,68825.67,1,1,1,1,0,16,59.9,24
6952931,691573,850,1,477.47,2,1,0,1,1,10,6.88,51
7368883,691655,744,2,68733.39,2,1,1,0,2,19,60.58,9
8115080,691807,675,5,41525.32,1,1,1,1,0,14,167.41,6
4594921,691912,787,6,0,3,1,0,1,2,11,47,32
9627700,692002,764,3,0,2,0,1,0,1,24,48.62,3
4817726,692099,640,6,21642.49,1,1,1,0,1,15,98.24,3
7838023,692282,587,3,0,2,1,1,0,0,12,508.96,5
2893232,692354,601,0,0,2,0,0,1,3,6,44.79,66
6272748,692385,607,3,27976.25,2,1,1,0,1,24,218.22,5
3073922,692447,593,4,0,1,1,0,1,1,3,47.51,46
8816533,692458,494,1,0,3,1,1,1,1,21,182.86,4
2850798,692683,510,5,40617.74,3,0,0,1,0,6,93.95,102
9719581,692862,764,4,929.11,2,1,0,1,1,9,35.81,196
3280231,692960,613,0,0,1,1,1,1,0,22,81.57,10
9318412,693022,701,1,16697.91,1,1,1,1,0,15,8.74,5
7060776,693024,541,6,2351.72,1,0,1,0,1,10,200.92,1
5836389,693127,711,0,49651.55,3,1,0,1,5,9,35.56,5
1681298,693128,546,0,16139.52,2,1,1,0,0,17,30.01,0
2379891,693297,763,0,70444.28,2,1,0,1,2,8,183.25,16
6504863,693343,629,1,35160.91,3,1,0,1,2,5,55.07,256
9283126,693418,662,1,30222.88,1,1,0,1,0,8,57.14,42
2941503,693419,610,3,51299.7,4,1,1,0,0,15,36.77,2
7455555,693423,441,5,39256.23,4,1,1,0,0,11,77.97,21
5758210,693566,840,4,0,1,1,1,0,0,14,161.66,16
8666277,693643,503,4,68452.96,2,1,1,0,1,24,80.57,2
6234607,693830,681,1,107304.59,2,1,1,0,0,12,214.11,0
8448343,693868,744,5,20599.13,1,1,1,0,1,11,69.83,2
4789527,694116,563,1,64654.33,3,1,1,0,0,24,355.1,3
7833061,694223,664,2,108799.15,1,0,1,0,0,16,206.78,4
5875279,694229,586,2,46547.92,1,0,1,0,0,14,74,12
8180005,694316,573,10,27677.45,2,0,0,0,1,6,380.03,49
4167286,694397,486,10,69390.62,1,1,1,0,0,17,120.97,15
2167847,694423,626,5,4463.99,1,1,1,0,1,16,75.05,2
8980532,694587,707,1,45906.15,2,1,0,0,0,7,55.7,31
7164643,694731,609,5,39930.89,2,1,0,1,1,2,22.53,134
4008109,694764,823,2,46425.63,2,1,1,0,0,3,167.98,19
1214510,694798,693,7,82002.82,1,1,0,1,2,7,48.16,5
9248490,694799,741,1,10945.54,2,1,1,0,1,20,162.5,11
2764491,694849,729,1,10494.98,1,1,1,0,0,16,42.92,1
7649981,694916,632,5,0,3,1,1,1,0,9,116.34,4
8349399,695048,594,10,36863.09,4,1,1,0,3,10,30.13,0
9768819,695164,538,1,74103.92,2,0,1,0,1,16,139.85,3
2426162,695225,662,1,77513.61,3,1,0,1,2,5,29.05,8
3000143,695361,589,0,113.58,1,1,0,0,2,8,115.19,71
3405308,695370,458,4,30011.47,1,0,1,0,1,15,125.02,0
7623837,695403,680,0,38647.52,3,1,1,0,2,14,35.11,6
7721360,695417,634,0,28785.39,2,1,1,0,0,17,17.05,0
2706614,695551,687,0,126789.84,2,1,1,0,1,20,155.58,6
3830705,695748,744,6,30291.52,3,1,1,0,0,13,1015.49,4
2085660,695990,683,0,52149.15,2,0,1,0,0,22,174.58,10
7102041,696251,559,2,88662.92,3,1,1,0,0,23,272.87,6
4340115,696289,595,1,28640.76,1,1,0,0,2,2,61.16,13
6681296,696296,667,3,300.2,4,1,0,0,1,0,18.6,85
4359863,696557,648,6,3003.9,4,0,1,0,1,16,54.77,3
7782844,696580,748,3,40356.55,2,1,1,0,1,13,67.78,8
3059607,696707,785,2,1598.39,2,1,1,0,1,13,120.45,1
4906904,696750,586,4,33278.61,2,1,1,0,0,21,43.52,17
8125354,696856,656,1,33012.55,1,1,1,0,0,29,146.59,20
9373678,697062,578,1,64676.86,1,0,0,1,1,0,182.86,8
5672762,697347,678,0,53204.62,2,1,0,1,1,0,587.61,54
5579723,697467,657,3,10839.79,1,1,1,0,0,25,45.33,5
7714837,697530,572,8,72671.66,1,0,1,0,0,8,111.15,1
6974321,697717,797,1,29723.59,2,0,0,0,2,4,81.86,20
8983040,697766,509,2,30624.85,2,1,0,1,1,8,162.15,4
7785437,697856,563,3,37533.22,1,1,1,0,1,20,14.01,2
9129112,697978,620,0,43845.36,1,0,1,0,1,6,131.91,17
9580111,697983,550,10,50457.64,2,1,1,0,0,19,36.68,8
5679008,698087,764,1,0,1,1,0,0,6,4,228,41
3472527,698128,605,1,71028.18,2,0,0,0,0,6,256.92,44
8627505,698199,587,0,32753.69,1,1,1,0,2,11,111.69,19
2812554,698357,534,0,63394.9,2,0,1,0,0,23,167.41,6
3050009,698384,675,6,93503.27,4,0,0,0,1,0,22.23,2
5205877,698388,568,0,10359.27,1,1,0,1,0,3,82.49,18
9209786,698717,509,2,0,2,1,0,0,2,6,226.03,123
9342869,698749,543,0,49632.27,2,1,0,0,1,3,641.44,102
4872547,698782,751,4,0,3,1,1,0,0,15,144.52,8
3258353,698967,630,1,23231.43,1,1,0,1,2,0,118.73,28
1498677,699083,641,1,22221.01,2,1,1,1,0,17,62.16,0
2671067,699098,631,0,0,2,1,0,0,2,12,98.53,19
1886716,699121,635,4,19938.89,1,1,0,1,2,5,49.36,59
2144687,699166,688,10,23745.71,2,0,1,0,2,22,132.52,2
9357316,699198,715,2,29742.98,1,1,1,1,0,10,37.47,3
1448771,699245,494,1,0,3,1,0,1,1,7,229.95,2
4004727,699298,636,7,10845.83,2,1,1,0,0,23,80.03,6
7419516,699378,533,1,0,1,1,1,0,0,17,116.43,7
6485409,699405,744,6,54357.16,3,1,1,0,0,20,43.97,0
3562495,699425,741,8,0,2,0,0,1,3,10,28.78,9
6079345,699544,578,5,0,2,0,1,0,0,24,457.43,0
2616210,699573,654,6,18228.93,2,1,1,0,0,21,36.47,10
2283746,699704,705,1,18042.42,1,1,0,0,0,3,65.19,1
9723295,699716,541,10,33115.42,2,0,0,0,0,2,74.26,32
9257536,699743,542,0,36387.19,1,1,1,0,0,17,33.95,0
8818548,699809,612,2,48696.77,2,1,0,0,0,6,98.53,75
4387852,699829,612,3,0,1,1,1,0,0,16,127.83,1
5925168,699929,557,1,45052.41,2,1,1,0,1,9,148.59,6
9353359,700056,558,0,103319.37,4,1,1,0,0,29,39.31,5
9225036,700067,701,1,55380.54,1,1,0,1,1,0,32.29,24
9469050,700076,566,2,0,3,1,1,0,1,12,92.31,13
5390014,700081,541,10,97498.34,3,1,0,0,0,2,100.91,77
6764913,700383,707,0,41552.35,3,1,1,0,2,35,13.07,3
1296459,700495,712,0,0,2,0,0,1,2,1,41.4,58
1530135,700521,657,1,145812.59,4,1,0,0,1,15,12.8,19
8221021,700534,572,6,69192.91,2,1,1,0,0,4,52.33,2
2998738,700538,715,9,0,1,1,1,0,0,19,22.34,1
7436241,700556,684,3,78226.7,3,0,1,0,1,21,285.59,2
8551685,700660,585,1,970.54,2,1,1,0,1,23,6.23,0
6277427,700687,743,2,31047.14,3,0,0,0,0,6,24.75,17
7313879,700705,694,1,39702.2,2,1,0,1,2,6,26.9,54
8424860,700727,417,9,238.09,1,0,0,1,2,4,129.58,105
8711752,700870,638,2,15510.41,1,1,1,0,0,21,337.94,3
1603663,701253,644,3,0,2,1,0,0,2,2,32.37,40
1551295,701334,547,6,0,1,1,1,0,2,11,29.06,5
3967372,701344,618,5,217.21,2,1,1,0,0,1,64.63,0
6084244,701568,650,1,23336.18,2,1,1,0,2,19,52.91,6
3753883,701581,689,1,2639.6,1,1,0,1,0,7,25.55,8
9245659,701761,654,3,21741.35,1,0,1,0,2,10,115.23,0
8225630,701790,484,3,0,4,0,0,1,2,5,33.51,0
3256338,701800,616,7,312.9,2,0,1,0,1,26,49.83,10
6242203,701846,563,10,25910.82,2,1,1,0,0,20,171.65,5
7527687,701949,653,0,36915.11,1,1,1,0,1,1,73.43,7
9178136,701969,560,2,10374.47,2,1,1,0,1,32,60.97,1
2835125,701987,727,1,0,1,0,1,1,2,20,32.63,1
9230125,702022,561,1,0,2,1,0,1,2,10,33.85,7
8882244,702042,844,2,67697.18,3,0,1,0,0,24,76.65,2
8984462,702080,727,10,27922.76,2,1,1,0,0,18,105.92,0
3622462,702427,732,1,31364.23,2,0,1,0,0,22,574.56,3
9500764,702553,505,3,92525.92,1,1,1,1,0,9,23.33,4
1935113,702593,650,0,52386.39,2,0,0,0,3,2,16.27,78
7566347,702727,839,1,0,2,0,0,1,2,7,149.6,14
5418967,702733,585,6,26040.19,1,1,0,0,3,7,71.05,32
9299539,702819,581,2,10719.81,3,1,0,0,1,10,87.18,37
7338393,702826,746,0,38577.18,4,0,0,1,3,2,393.38,78
6918393,702833,785,2,42776.66,1,0,0,0,0,4,91.77,4
5772070,702891,705,1,70.37,1,1,1,0,0,27,42.94,0
6376808,702980,743,9,56566.65,1,0,1,0,0,2,16.58,2
2030523,703080,802,1,1171.33,2,1,0,0,3,9,62.94,38
1472228,703139,550,0,43196.99,1,0,1,0,1,11,36.21,4
1756962,703171,525,2,63975.87,3,1,1,1,1,20,30.69,1
3150806,703178,592,0,8118.7,2,1,1,0,2,18,23.36,0
7147341,703198,638,0,59.57,3,1,0,1,1,12,40.05,18
6853181,703634,539,5,0,2,1,0,0,2,4,22.42,101
1451304,703655,683,3,54459.2,3,1,1,0,1,32,13.53,2
6725334,703656,696,2,41407.07,1,0,1,0,0,22,88.06,5
7384961,703727,599,1,0,1,1,0,1,3,10,64.94,62
2633262,703766,759,4,62626.95,2,1,0,1,2,3,64.61,0
8183134,703853,588,0,45250.11,3,0,0,1,0,8,144.13,136
6790539,703867,719,0,0,3,1,1,0,1,19,49.16,3
6995607,703869,569,1,67355.9,2,1,0,1,2,13,83.5,37
7911031,703945,600,3,40979.96,1,1,1,0,0,6,161.66,3
6893320,703998,662,4,0,3,1,0,0,1,9,34.11,2
1947061,704095,766,6,171787.33,3,1,0,1,0,0,25.58,45
5097480,704106,704,2,0,1,1,1,1,1,18,45.8,6
5154272,704201,533,10,34636.61,1,1,1,0,1,30,70.64,3
4936305,704223,628,1,590.78,1,0,1,1,0,17,51.72,2
6236161,704238,478,0,0,1,1,0,0,0,2,125.13,4
2425085,704272,575,2,23045.23,2,0,1,0,2,16,67.34,0
2098911,704277,614,5,31784.61,1,1,1,1,0,10,38.13,10
6115582,704349,544,1,0,2,1,0,0,3,6,575.82,13
2920509,704570,754,6,10241.75,4,0,0,1,1,1,124.8,85
6663891,704596,474,1,443.1,1,1,0,1,1,11,98.97,87
3848423,704660,603,1,78661.47,1,1,1,1,0,15,348.79,1
1330712,704663,596,0,0,1,1,1,1,0,13,91.3,1
6471332,704677,679,3,58323.82,2,1,1,0,2,23,112.66,2
1627092,704788,830,0,51054.64,1,0,0,1,1,13,20.51,11
8732776,704875,699,3,37384.12,3,1,0,0,3,0,143.51,46
8087921,705050,762,0,49808.11,2,0,0,0,1,5,76.28,33
9636236,705393,717,0,9868.4,2,1,1,0,2,22,39.38,29
8066104,705397,797,0,31331.76,2,1,1,0,0,21,26.62,16
5473122,705445,850,0,2614.12,2,1,0,1,2,3,66.18,82
1342293,705474,751,0,57455.18,2,1,1,0,1,25,273.94,0
8880256,705526,562,4,11670.34,2,1,1,0,0,19,34.69,1
1373065,705615,637,10,12616.87,4,0,1,0,1,0,35.16,0
6310229,705693,569,10,19618.63,2,1,1,0,0,12,64.88,17
7337385,705711,647,3,30847.42,4,1,1,0,1,16,112.04,12
7548160,705748,531,2,3517.71,2,0,1,0,0,11,61.08,4
6409332,705822,472,10,55886.05,2,1,0,1,0,2,62.14,8
2639564,705991,795,5,32013.23,1,0,1,0,1,29,39.15,1
9193298,706005,684,3,0,1,1,1,1,1,25,33.03,0
2678672,706007,495,0,74955.07,1,1,1,1,1,17,211.3,4
4454568,706012,651,2,0,2,0,1,0,1,13,37.6,4
6636598,706063,794,1,14691.88,2,1,1,0,0,41,39.2,13
9333769,706135,596,3,74190.84,3,1,1,0,1,13,51.48,0
9435056,706174,605,8,36699.48,2,0,1,0,1,27,51.95,0
6696526,706204,783,4,44757.69,3,1,0,1,2,0,89.57,39
3795540,706224,692,6,167.19,1,1,1,0,2,15,97.15,1
6025126,706403,685,10,647.8,1,1,0,1,3,16,16.8,40
7095738,706574,850,1,0,1,1,1,1,1,17,76.01,0
8314717,706658,687,4,0,3,1,0,0,1,0,171.03,13
4384948,706739,617,7,17172.01,3,0,0,0,2,4,38.12,49
9337466,706794,764,2,8912.95,2,1,0,0,1,2,69.45,124
2263679,707021,633,10,48094.87,1,1,1,0,1,7,126.26,8
9989803,707040,561,1,0,2,1,0,1,1,6,61.96,73
4591668,707090,720,6,69477.13,2,1,1,0,0,16,97.63,0
5821026,707275,619,0,47568.8,2,1,1,0,0,7,386.64,0
5448564,707314,706,10,88897.73,4,1,1,0,1,16,72.75,1
1797443,707488,666,0,0,3,1,1,0,1,3,149.27,0
5988206,707615,608,2,0,1,0,0,1,0,10,63.83,8
7744899,707616,577,0,12480.02,1,1,0,0,0,15,76.79,11
4789737,707727,729,4,18982.85,3,0,0,1,1,6,188.62,47
2542796,707784,470,10,3211.98,3,1,0,0,2,6,20.19,28
2589366,707924,480,0,26891.24,1,1,0,0,0,0,46.74,4
6651204,708093,649,2,49126.75,1,1,1,0,0,11,112.87,4
5586302,708158,659,1,0,2,1,0,1,1,0,232.05,35
2128599,708299,548,1,9308.1,1,0,1,0,0,11,31.75,3
9909769,708455,639,3,41182.31,3,1,1,0,2,33,12.21,4
8973680,708502,575,6,0,2,1,1,0,0,25,210.94,9
8165647,708519,614,5,51109.59,2,1,1,0,0,13,82.29,3
4518839,708717,577,3,0,1,0,1,0,0,18,153.66,0
6827003,708792,620,10,59364.68,2,1,0,1,2,0,182.66,30
2286168,708798,500,2,43735.28,1,1,1,1,0,12,218.95,0
6064152,708851,462,10,696.23,2,1,0,0,1,3,55.43,0
9466446,708979,742,2,6954.6,2,1,1,0,1,19,104.84,4
6031638,708982,563,4,32943.89,2,0,0,1,2,2,63.29,33
8263032,709231,561,0,60130.09,3,0,1,0,2,24,16.07,0
6257190,709254,736,2,620.7,1,0,1,0,0,11,33.72,1
4356734,709303,518,5,0,2,1,1,0,0,21,92.16,3
7951039,709805,612,6,31086.28,1,1,0,1,1,10,40.48,1
7749490,710156,697,3,29458.61,2,1,1,0,1,8,438.08,2
5215523,710169,747,6,35329.97,3,0,0,0,2,5,48.64,9
9646460,710224,683,1,0,2,1,1,1,2,20,61.35,2
8603914,710256,621,2,0,2,0,1,0,1,31,42.71,0
4029979,710434,627,2,24681.01,2,1,1,0,1,23,23.27,9
1312111,710527,498,1,0,1,1,0,1,3,8,59.88,77
9660803,710610,582,2,100899.51,4,1,1,0,2,17,10.09,1
4129604,710754,620,0,56092.32,1,0,1,0,0,14,271.91,5
9375247,710805,628,6,15080.97,2,1,0,0,3,7,21.95,8
4572755,710948,715,4,1116.3,1,1,0,1,3,3,65.99,28
8839914,710981,549,10,10833.12,2,1,0,0,1,10,263.85,20
5495219,711033,617,3,88806.11,1,1,1,0,0,16,37.03,2
9937547,711046,557,2,22038.38,4,1,1,0,1,27,122.42,1
8276689,711116,772,3,0,4,1,1,0,0,16,27.54,1
2004647,711248,639,1,0,2,1,1,0,0,9,62.35,8
9762229,711324,396,0,63129.65,3,0,1,0,1,6,200.11,6
4366315,711344,828,4,0,3,1,0,1,2,1,29.61,15
7111514,711474,538,2,37523.12,2,1,0,0,1,5,129.54,87
8759239,711484,677,0,22168.39,2,1,1,0,0,8,103.07,1
3478727,711680,578,0,0,1,1,0,0,1,7,164.42,91
5032805,711868,635,8,20551.45,2,1,0,1,1,4,28.27,61
3524512,711878,627,8,0,1,0,1,0,0,42,57.12,0
6037789,711922,718,1,57468.16,2,0,1,0,1,23,61.92,5
8304611,712011,477,6,55636.29,2,1,1,0,0,7,57.69,1
7883025,712024,593,5,61965.09,1,1,0,1,0,6,114.76,25
6346113,712056,613,1,19591.75,2,0,1,0,0,19,268.25,0
2080914,712353,562,1,71350.18,2,1,0,0,1,0,118.96,25
4415137,712356,644,6,681.96,2,1,0,1,4,4,87.88,38
7919567,712401,490,10,30845.04,4,0,1,0,1,18,26.04,0
5478422,712451,700,4,122.4,1,1,1,0,0,8,20.9,0
5815809,712546,715,3,0,3,1,0,0,2,0,47.31,40
3694157,712553,538,0,1401.78,1,0,1,0,0,26,13.5,2
5302460,712554,692,0,917.38,2,0,1,0,1,11,22.08,0
4961601,712879,691,4,28509.49,1,1,1,0,0,24,1265.78,2
7809300,712955,792,4,79162.34,2,1,0,0,1,7,132.96,4
5001087,712982,643,0,52358.94,2,0,1,0,1,8,77.75,6
2905196,713099,431,3,0,1,0,1,0,1,14,44.4,4
3515949,713110,534,1,12008.84,2,1,1,1,1,16,19.09,0
4219816,713513,707,5,42948.74,1,1,1,0,0,13,42.27,4
1464798,713543,613,6,42510.49,1,1,1,0,0,26,54.09,2
5120259,713762,588,6,32495.44,1,0,0,0,0,3,177.52,4
6210006,713799,472,1,0,2,0,1,1,0,12,611.43,1
8787307,713805,634,1,0,1,1,1,0,1,19,71.61,4
9143364,713886,$660.00 ,8,6154783/100,1,1,1,0,0,20,21.18,11
8317096,714015,645,0,0,3,0,0,1,1,9,10.1,4
8080306,714054,600,0,27597.23,1,1,1,0,2,4,27.11,10
1620819,714334,787,4,63108.57,1,1,1,0,0,14,90.07,23
4388838,714483,720,6,0,1,0,0,0,1,4,340.91,7
3673591,714549,637,2,7669.06,3,1,0,0,1,0,104.03,19
5575347,714590,813,0,0,3,1,0,1,3,3,36.94,12
3288926,714867,558,2,45599.66,2,1,0,0,3,6,12.38,4
1488919,714923,667,3,11878.24,3,1,1,0,1,5,40.3,7
5335179,714953,741,5,22797.46,3,1,0,0,1,5,166.58,39
5660240,715104,787,1,21713.53,1,1,0,0,1,8,135.24,20
3952542,715332,691,0,12610.28,1,1,1,1,1,23,30.36,1
1708541,715336,523,5,20512.89,2,0,1,0,2,6,67.59,6
9151075,715388,573,0,51737.27,2,1,1,0,2,21,38.12,2
1334013,715429,637,6,27437.73,2,1,1,0,2,18,47.55,13
1928237,715448,764,2,90834.16,2,0,0,0,1,4,48.64,28
2408104,715519,537,6,0,2,1,0,1,1,6,26.67,98
6266448,715551,603,5,14641.06,3,0,1,0,4,19,60.97,6
5999260,715643,$574.00 ,1,844874/100,2,1,1,0,1,21,76.52,4
2066723,715870,841,1,61928.41,3,1,1,0,0,17,31,0
7828441,715895,604,1,36834.6,1,1,1,0,0,11,52.92,3
7097414,716113,616,1,30860.18,2,0,0,0,0,8,159.84,102
2515088,716118,617,7,74103.09,2,1,0,1,0,2,74.5,16
7658793,716126,574,0,0,2,1,1,1,0,18,6.68,2
3358208,716225,537,10,47341.66,1,0,1,0,0,1,98.16,0
4960113,716338,693,4,31555.07,2,1,0,0,1,10,58.26,2
2877913,716482,712,0,48260.07,2,1,1,0,0,9,74.46,15
9392777,716493,457,2,0,4,0,0,1,1,17,33.37,117
3024047,716886,728,9,15040.4,3,1,1,0,1,14,17.26,4
9756994,716966,602,0,105166.29,3,0,0,0,1,2,166.98,120
9812402,717024,577,10,0,2,0,0,0,0,5,47.97,46
5224638,717113,610,8,72582.81,1,1,1,1,0,15,56.65,19
9329067,717181,670,0,30220.38,2,1,1,1,0,19,47.37,0
2514123,717265,625,3,91508.36,3,0,1,0,0,18,227.19,5
4994266,717322,664,4,72589.4,3,1,0,0,2,8,69.93,21
3051464,717413,666,0,45069.91,4,1,0,0,2,14,43.33,42
6258152,717457,556,4,11537.3,3,0,0,1,1,0,38.85,8
6524500,717466,688,3,94471.8,2,0,1,0,0,1,85.56,0
7542286,717476,743,0,1032.22,1,1,1,0,0,24,49.13,3
4958384,717558,645,4,491.98,1,0,0,1,0,0,28.8,17
8094564,717661,507,3,0,2,0,1,0,0,22,187.38,4
4657573,717889,710,7,41973.65,1,1,1,0,0,17,82.17,1
3420581,717942,572,5,7418.64,2,1,1,0,0,14,66.17,2
2792041,718213,583,8,0,3,1,1,1,0,31,223.18,2
3938600,718226,692,10,0,1,1,1,0,2,18,55.73,8
4592146,718241,565,2,22408.91,4,1,0,0,0,1,84.84,63
5606139,718337,546,0,37476.1,1,1,0,0,2,2,106.56,65
8373173,718372,786,1,21344.39,2,0,1,0,0,3,49.18,0
7851404,718439,679,1,26965.37,1,1,0,1,1,0,72.21,50
5266545,718697,777,3,76465.43,1,1,1,0,1,21,288.53,0
1938272,718831,633,10,2373.65,2,1,1,0,1,17,39.92,2
9226851,718836,705,0,35047.23,3,1,1,0,0,16,230.29,0
9950140,718849,659,7,11478.96,2,1,1,0,0,27,88.62,5
7286506,195191,688,4,14641.02,2,0,0,0,2,6,161.15,22
2895176,718990,552,2,44554.34,1,1,1,0,0,13,66.18,4
6309820,719176,613,6,0,3,0,0,1,1,11,19.03,9
8109870,719221,692,0,78744.46,2,0,1,0,1,17,79.32,3
8966730,719284,846,0,6073.73,1,1,0,1,0,8,351.33,93
5133011,719446,601,0,37789.5,1,1,0,1,0,1,94.36,6
5659599,719489,527,0,46108.32,2,1,0,0,3,8,425.87,17
3431212,719531,566,2,0,1,1,1,0,0,27,57.11,5
7090096,719677,821,7,0,2,1,1,1,0,15,85.15,13
8972898,719752,497,2,1988.8,1,0,1,0,0,17,21.82,1
7169641,720148,556,0,28989.97,3,1,1,0,3,15,17.07,2
6170258,720298,806,1,40841.96,2,1,1,0,1,23,39.93,4
1353566,720317,606,5,38926.06,1,1,1,1,1,27,79,0
1584005,720407,602,3,98784.42,3,1,1,0,0,7,32.73,7
1917249,720432,802,10,0,2,0,0,1,0,3,33.11,12
5021093,720515,689,2,21411.39,2,1,1,0,1,0,163.72,5
5244348,720517,473,10,3433.38,1,1,1,0,1,12,40.6,2
7454030,720556,661,0,32877.56,2,0,1,0,0,17,93.24,6
6188664,720644,705,0,56753.78,1,0,0,1,3,8,55.72,54
7087698,720647,601,1,1115.35,1,1,0,0,1,5,23.42,3
3047722,720859,798,2,58190.13,2,1,1,0,0,16,116.28,5
9974312,720928,673,2,0,1,1,1,1,1,34,49.97,0
4965830,720970,591,0,0,1,1,1,0,0,13,27.5,9
8422287,720995,664,5,0,3,1,1,1,2,19,170.96,1
7517462,721121,568,1,66768.58,1,1,0,1,2,13,54.14,10
1131971,721254,714,1,102.53,1,1,0,1,2,15,45.62,47
7593035,721301,618,0,2772.42,3,1,1,0,0,18,216.8,8
5287143,721497,680,2,0,2,0,1,0,0,22,113.29,1
6048065,721549,607,2,58782.92,2,1,0,0,1,7,83.52,87
2514149,721748,693,4,0,2,1,0,0,3,3,145.37,71
4950370,721894,733,0,428.14,1,1,1,0,0,18,318.5,0
5989928,721946,693,2,822.84,1,1,1,0,0,0,101.44,13
4529699,722503,577,6,59032.9,2,1,1,0,0,9,23.44,1
3688166,722518,754,0,0,1,0,0,1,3,15,100.31,54
8362611,722565,$701.00 ,1,"$31,642.83 ",2,1,1,0,0,28,32.5,0
6321470,722571,751,0,467.38,1,1,1,1,1,18,75.2,11
7816395,722615,517,3,0,3,0,1,0,1,11,128.67,3
1568440,722650,633,4,22298.07,2,1,1,0,1,32,53.3,5
5597569,722651,536,1,71794.78,2,1,0,0,1,3,83.65,99
2343763,722656,579,0,20257.44,2,1,0,1,1,3,210.59,35
9249220,722665,532,0,122375,3,1,0,1,3,0,63.37,38
8903600,722725,602,0,53299.99,1,1,1,0,0,22,106.57,4
7928341,722774,604,2,7647.35,2,0,1,0,0,17,38.96,9
6582152,722780,692,2,0,2,0,0,1,0,8,25.89,33
8086125,722795,748,0,48959.84,2,1,1,0,0,8,84.71,9
2684358,722886,648,7,105129.87,4,1,1,0,1,9,16.83,2
3690114,722899,500,6,9221.86,1,1,1,0,1,29,55.64,1
5378351,722937,733,0,47865,3,0,0,0,0,7,27.85,6
9494883,722999,724,1,40706.58,3,1,1,0,4,19,103.27,9
2113457,723155,644,10,0,1,0,0,1,0,4,194.89,10
6903169,723266,699,0,25929.38,1,1,0,0,0,5,90.79,11
8061035,723398,696,0,28709.5,4,0,1,0,0,7,79.96,0
6482263,723870,747,1,4828.75,4,1,1,0,0,14,152.83,0
8604470,723879,719,10,28002.44,2,1,0,0,2,4,187.03,40
1458871,723939,727,3,54288.81,1,1,1,0,1,10,401.67,1
1874073,723945,729,1,6559.14,1,1,1,0,1,22,38.78,3
4082639,723948,772,2,82413.53,2,1,0,0,0,2,262.9,24
8439100,723952,557,9,38990.61,2,1,0,0,1,1,209.41,78
3283248,724041,690,0,72149.83,3,0,0,1,1,1,63.52,53
1051603,724103,623,2,233.63,1,1,0,0,0,0,141.07,14
7721990,724145,621,0,1491.14,2,1,0,0,2,6,74.84,57
4356706,724377,710,4,0,2,0,1,0,0,29,36.15,7
6126237,724473,832,2,1919.93,2,1,0,1,1,8,52.86,2
6263378,724540,569,1,75399.37,2,1,1,0,0,25,34.98,1
2379624,724702,735,0,101107.82,4,1,0,0,2,7,41.39,25
2859388,724756,601,5,0,3,1,0,0,2,4,51.91,56
3647821,724834,466,0,0,1,0,0,1,1,4,38.75,12
5187652,724932,684,6,0,2,1,1,1,0,14,58.2,7
9663182,725030,729,0,17629,2,1,1,0,0,2,29.1,1
3182597,725078,455,0,1220.57,2,1,1,1,1,21,27.91,1
7883963,725084,581,1,16008.06,3,1,0,0,0,1,109.17,10
6358628,725113,608,4,16452.34,2,0,1,0,0,12,28.28,5
8574743,725173,601,3,0,2,1,0,1,2,5,59.16,20
9025640,725185,566,3,14136.69,2,1,0,0,3,8,5.42,20
3239922,725236,701,0,40948.26,1,1,1,1,0,37,7.73,10
5373482,725329,634,8,0,1,1,0,0,0,7,129.08,2
3910495,725339,786,6,0,2,0,0,1,0,11,31.96,43
6495887,725376,669,0,36133.7,2,1,1,0,0,10,63.42,6
5727774,725380,642,3,17656.45,4,0,1,0,0,0,49.04,0
4333024,725397,649,10,470.92,1,1,0,1,2,2,204.13,13
2415979,725510,649,9,48990.24,2,1,1,0,1,21,146.4,2
7954096,725550,619,7,0,2,1,1,0,1,11,107.19,11
7167297,725637,734,0,46255.7,1,1,0,1,0,7,35.4,1
4051595,725726,818,0,45060.19,1,1,1,0,3,7,129.1,18
7601736,725780,531,0,129118.98,2,1,1,0,0,22,77.71,1
7330379,725850,690,8,0,1,0,0,1,1,9,120.12,41
4766269,725874,648,0,47397.82,2,0,0,1,2,10,62.85,51
1347869,725905,609,3,21862.66,2,0,1,0,1,19,185.67,21
1385374,725920,651,4,23078.05,2,0,1,0,0,17,137.28,12
4837070,725969,640,1,312.33,1,1,1,0,0,26,37.68,2
2492779,726003,641,0,0,2,1,1,0,0,17,89.25,3
8758202,726111,568,0,2911.31,2,1,1,0,0,11,195.62,2
4326354,726121,608,8,0,1,0,1,0,1,22,32.09,10
5391992,726152,535,0,13992.7,3,1,1,0,0,11,17.39,0
3831255,726258,701,2,26535.28,2,1,0,0,3,5,24.85,5
1835219,726410,597,0,0,2,1,0,1,1,5,56.75,5
7728249,726495,612,10,38764.37,2,0,0,0,1,9,40.33,2
8195804,726543,566,2,0,2,1,1,0,0,11,30.95,0
5364723,726612,560,5,0,2,1,1,0,0,22,32.36,2
3504019,726667,735,2,26431.11,4,1,1,0,1,23,81.92,4
2494200,726822,625,10,61529.6,1,1,0,1,4,8,256.43,21
7172675,726928,794,5,74883.82,2,1,1,0,2,35,130.87,1
3854188,726962,646,1,41402.34,1,1,0,0,2,4,138.01,35
2968815,726979,644,5,36112.46,2,0,1,0,0,26,71.42,4
1236808,727086,733,3,0,2,1,1,0,0,10,525.8,3
9822092,727094,720,2,21870.76,2,1,1,0,1,22,137.1,4
8300752,727320,690,3,47286.36,2,0,0,0,2,4,105.17,12
8611954,727354,687,8,42836,4,1,1,0,0,16,34.25,2
9290445,727761,577,0,53179.13,2,1,0,0,3,4,13.67,59
2988307,728038,681,2,40859.88,2,0,1,0,2,28,209.41,2
4766215,728437,690,5,33640,2,0,0,0,4,3,81.77,5
4408213,728471,663,0,43938.11,2,1,1,0,0,3,119.44,3
4196800,728492,469,7,50997.39,2,1,0,0,0,5,301.93,62
5466142,728500,764,0,43614.13,2,1,1,0,1,27,86.19,0
5831200,728636,850,1,110.23,1,1,0,0,3,10,76.79,123
9290765,728950,749,1,43195.61,2,0,1,1,1,24,29.42,8
7410129,729057,616,3,100725.26,4,1,0,1,0,3,129.62,36
3184382,729094,770,1,0,2,1,0,1,2,3,123.54,14
8236157,729153,631,0,0,1,1,0,1,1,4,26.04,35
4466272,729180,639,6,36315.38,2,1,0,0,0,6,60.42,154
4616607,729252,651,2,35614.22,4,1,0,1,0,7,68.23,65
5747402,729371,591,10,90319.78,2,1,1,0,0,28,124.61,10
4176986,729402,601,0,17418.62,1,0,1,1,1,0,202.66,22
8018429,729575,546,0,32769.71,2,0,0,1,2,8,103.48,4
4026104,729577,677,5,20530.89,2,1,0,0,2,10,191.92,10
7853897,729718,561,2,22520.7,2,1,0,1,3,11,56.89,11
3448514,730025,669,7,0,3,0,1,0,0,21,41.45,3
1482732,730193,576,10,17600.18,2,0,1,0,1,7,10.5,0
5868629,730343,689,0,0,1,1,1,0,0,14,83.63,1
5392266,730421,604,4,0,2,0,1,0,0,7,81.49,4
4950793,730889,760,1,31748.17,1,1,0,0,2,6,80.9,127
8566133,731262,572,10,17375.73,1,1,0,0,0,3,70.74,35
5166084,731264,791,2,60664.4,4,0,1,0,0,21,23.17,11
7201492,731559,631,3,3368.71,1,0,1,0,0,9,92.49,13
8686718,731650,713,3,0,2,1,1,0,0,16,57.38,0
2438456,731661,583,4,82205.9,1,1,0,0,1,7,90.37,14
1173144,731718,705,9,70380.03,4,0,1,1,3,10,28.19,1
8866528,731728,511,0,35534.21,1,0,1,0,0,14,28.21,6
3234807,731792,723,1,27706.54,2,1,1,0,0,28,13.41,14
6423167,731894,739,3,56758,2,1,1,0,1,13,18.65,7
7669861,731977,661,1,8523.91,2,1,1,0,1,24,13.61,7
4560421,732063,592,1,15930.28,2,0,1,0,0,7,44.57,1
7433986,732209,576,0,6341.36,4,1,1,0,0,14,10.5,9
8101643,732512,571,4,6829.33,3,1,0,1,2,6,52.14,10
5298752,732556,654,3,28634.22,3,1,1,0,1,14,18.61,2
2225669,732590,625,1,33888.5,1,1,1,0,1,23,89.22,3
2598523,732608,701,2,0,1,1,0,1,4,2,53.95,1
1985700,732697,545,8,46234.11,2,1,0,0,1,13,201.54,2
1874304,732789,777,0,18791.87,1,0,0,1,1,9,237.93,124
6584506,732958,565,1,41617.89,2,1,1,0,0,17,14.28,1
4939985,733039,674,10,38252.26,2,1,0,0,0,7,145.36,63
8900934,733052,762,2,58839.87,3,1,0,0,2,10,25.18,34
6944195,733152,739,4,34456.87,2,1,1,0,0,16,68.3,1
1763562,733553,574,3,0,3,0,1,0,0,20,143.37,0
1089942,733561,778,0,34362.32,2,1,1,0,0,25,22.9,0
5255656,733760,820,0,10649.07,2,1,0,0,0,2,85.7,32
9464810,733790,626,0,58300.89,2,0,0,1,3,3,50.58,32
7391073,733801,787,0,0,2,1,1,1,0,14,802.28,7
6075231,733941,760,1,0,3,1,1,1,0,8,30.3,4
7621913,734035,543,3,19264.5,2,0,1,0,2,23,100.75,3
7222689,734059,549,0,0,2,1,0,0,1,5,61.36,38
3218589,734086,573,2,33147.53,3,0,1,0,0,21,314.38,7
1689962,734155,600,1,27635.75,1,1,0,1,0,12,75.84,10
4009366,734210,732,2,0,2,1,0,0,6,7,82.4,72
5366969,734356,603,7,59057.42,1,1,1,1,0,12,263.33,3
3849886,734366,750,2,17872.56,1,1,1,0,0,22,127.3,0
9451467,734394,710,7,270.76,3,0,0,0,0,6,88.45,12
9268480,734487,657,5,0,2,0,0,0,3,10,62.77,202
6690441,734534,570,0,26618.79,1,1,0,0,2,0,112.22,2
8853160,734565,708,2,45890.06,1,1,1,0,0,14,85.91,0
3213242,734775,605,9,46388.56,1,0,1,0,0,30,35.04,3
2504043,734792,682,0,19100.43,2,0,1,0,0,3,28.56,5
6323702,734836,769,10,16424.58,3,0,1,0,0,24,78.16,4
9899034,734924,803,0,30022.1,2,1,0,0,2,3,16.5,12
8263354,734992,769,0,47463.14,3,1,1,0,0,19,147.36,0
3378937,735022,589,9,60911.27,3,1,1,0,0,22,104.81,0
5368887,735053,548,0,29412.79,2,1,1,0,0,20,109.64,5
2960284,735111,763,2,1335.53,1,0,1,0,0,22,23.7,2
6255791,735163,684,6,0,3,1,1,0,0,22,25.63,1
1740918,735324,538,2,0,2,1,1,0,0,15,43.86,3
3145327,735388,785,10,38306.36,2,1,0,1,1,15,10.64,11
9375364,735605,563,5,71369.56,3,1,0,1,1,4,180.2,43
5714408,735656,645,1,0,3,1,1,0,0,25,20.28,0
7049733,735710,769,0,22165.87,2,0,1,1,0,33,33.14,1
8215646,735770,751,6,0,2,1,1,0,1,28,34.06,6
5746702,735818,665,4,17594.06,4,1,0,0,1,3,111.08,7
5416038,735863,584,10,21494.79,2,0,0,0,3,1,14.75,19
5425123,735988,639,0,59845.98,1,0,0,0,3,0,311.21,10
9673362,736030,791,1,0,2,0,0,0,4,11,39.24,7
6251441,736059,850,2,90000.82,2,1,0,0,3,4,69.61,34
8311097,736095,531,6,58521.22,1,0,1,0,2,27,91.58,22
3767969,736129,678,2,105446.16,1,1,0,1,0,9,94.22,43
6293931,736130,627,2,53757.8,1,0,1,1,0,23,393.74,3
9242223,736408,614,4,443.25,1,0,1,0,0,26,40.96,3
3537801,736553,571,5,0,1,0,1,0,0,21,14.72,3
8381800,736565,617,2,37249.86,2,1,0,1,2,3,77.52,61
1892920,736745,724,0,31853.52,3,1,1,0,1,32,36.06,11
4169550,736818,541,1,52754.36,2,0,1,0,0,18,79.59,3
3493443,737086,694,1,0,1,1,0,1,0,1,130.31,36
1915485,737107,687,2,17937.68,1,0,0,1,1,6,88,9
4856420,737460,654,0,30079.18,1,1,0,1,0,9,28.09,29
4072601,737517,596,0,9492.35,1,1,1,0,1,13,48.03,3
1601668,737846,753,8,0,1,1,0,0,3,3,173.64,47
8889444,737894,637,8,6057.57,2,0,0,1,2,7,266.99,59
5365833,737967,612,10,123392.65,3,1,1,0,0,16,30.02,7
3743996,738221,767,3,24535.56,2,1,0,1,4,1,115.44,31
8837188,738407,703,2,70970.6,1,1,0,1,0,3,20.89,41
8322078,738419,649,5,37163.25,2,1,1,0,1,32,6.03,2
2946560,738448,850,3,7103.12,3,1,1,0,1,29,136.21,5
9303225,738457,629,4,40334.4,3,1,1,0,1,24,39.5,1
1684371,738543,557,10,33268.77,3,1,1,0,0,12,172.22,3
8407471,738551,572,4,0,2,1,1,0,0,16,102.89,12
6981414,738576,536,0,37906.85,1,1,1,0,0,29,98.87,0
9140297,738577,599,3,0,2,1,0,0,1,2,61.29,29
8679933,738584,710,5,65816.99,4,1,0,0,1,1,19.85,29
9270975,738613,676,2,93417.51,3,1,0,1,2,0,23.84,45
2887283,738635,558,2,0,2,0,1,0,1,0,229.38,5
3483929,738720,692,4,2960.85,1,1,1,0,1,18,36.36,0
3074573,739008,630,0,17450.43,2,1,1,0,1,10,110.64,4
6865386,739037,745,6,30420.61,3,1,0,0,4,6,30.26,22
2569976,739098,606,0,33301.99,2,1,0,1,1,8,32.67,70
4418084,739244,697,0,9949.48,1,1,0,0,1,0,26.72,17
5766683,739427,850,1,10314.88,3,1,1,0,0,22,41.39,4
4030887,739705,490,3,31049.4,2,1,1,0,1,16,34.61,0
3823521,739711,607,1,33135.87,2,1,0,1,0,3,100.11,9
9535203,739717,635,0,23441.37,1,1,0,0,1,5,100.01,56
5576682,739905,611,4,1578.15,1,0,1,0,2,31,11.77,8
4563416,739947,634,4,0,1,1,0,1,1,4,43.28,13
1069218,739966,634,4,55807.31,3,1,1,0,1,19,37.03,18
9825074,739979,736,4,283.28,3,1,1,0,0,21,39.24,9
4029442,740140,699,4,120503.26,2,1,1,0,0,10,163.88,3
7986351,740195,630,2,22864.03,1,1,1,0,2,17,137.1,1
2289085,740255,692,0,30346.35,1,1,1,1,0,22,766.24,3
5129836,740524,636,3,198663.42,1,0,0,0,2,8,39.1,55
9356912,740632,666,5,32751.16,1,1,0,1,1,10,403.03,22
2582179,740725,638,2,15868.25,3,1,1,0,0,29,75.56,16
6513962,740774,508,10,986.96,2,0,0,0,2,3,51.14,22
1435572,740916,602,6,10494.24,1,0,1,0,0,14,79.91,3
5769447,740967,832,0,33475.97,1,1,1,0,1,9,14.15,0
3046668,741003,706,6,45265.63,1,1,0,1,1,10,51.85,16
7613071,741018,685,2,143.12,1,1,1,0,0,6,79.73,1
7267268,741055,548,5,30675.02,2,0,0,0,1,10,22.82,24
2779557,741079,586,0,0,2,1,1,0,0,25,19.51,12
6428072,741181,579,5,1678.24,3,0,0,0,1,11,19.09,33
3579924,741194,734,2,65376.09,2,1,1,0,0,3,215.34,5
1484433,741209,775,2,0,2,1,0,1,0,3,43.66,63
2360015,741233,782,10,19544.32,3,1,1,1,1,15,17.94,1
8721431,741390,698,0,31823.38,3,0,1,0,0,17,37.7,2
9050632,741599,756,10,27846.16,1,0,0,1,2,8,73.65,4
8617787,741603,715,6,0,1,1,1,0,1,9,635.97,14
5518413,741674,600,0,42170.94,3,1,1,0,0,19,92.81,0
1097397,741709,720,1,869.16,2,0,1,0,0,10,204.63,3
6526866,741780,643,10,0.13,1,0,0,0,0,1,43.44,32
1735630,741784,622,1,3538.26,2,1,0,0,3,0,424.99,5
8601790,741804,618,0,50731.2,2,1,1,0,0,17,46.3,0
6451176,742039,569,1,1466.01,1,1,0,1,0,7,32.11,46
3169632,742053,646,6,71647.34,3,0,0,0,1,2,44.96,15
4546147,742108,679,4,6996.86,2,1,0,0,0,1,107.29,28
1816752,742191,679,1,24855.86,4,1,0,0,1,7,193.4,25
5747180,742198,540,5,20748.83,2,1,0,1,1,5,115.86,29
6421907,742254,799,5,61561.54,2,1,1,0,2,24,38.32,3
1931723,742412,566,10,0,2,0,1,0,0,36,223.03,1
2186553,742439,694,1,16746.95,2,1,0,0,0,9,285.2,5
7398678,742544,672,0,5159.5,1,1,1,1,1,15,27.8,1
2552748,742686,572,2,19492.75,2,1,0,1,0,3,47.26,14
7691735,742818,727,0,19569.53,3,1,1,1,1,15,35.8,1
5280939,742848,569,4,0,2,1,1,0,0,13,48.73,13
3986525,742865,675,6,22062.42,3,1,1,0,1,35,39.1,6
5027876,742917,736,2,32341.27,2,0,1,0,2,17,29.72,1
7692721,743003,469,0,23446.9,2,1,0,0,2,5,155.33,10
2496331,743052,608,3,9341.13,1,0,1,0,0,13,36.17,1
1344134,743378,543,0,6551.72,2,1,1,0,0,8,14.36,1
4493397,743453,593,10,80783.59,2,1,1,0,1,33,70.4,6
3733691,743473,560,0,103,1,1,0,0,1,12,107.2,23
7517997,743512,529,1,86045.14,3,1,0,0,0,2,14.8,62
7751088,743520,790,8,5465.46,2,0,1,0,0,12,116.25,6
5780430,743644,642,2,31325.4,3,1,0,0,1,3,32.77,73
3585950,743684,830,5,21778.76,1,1,0,1,2,3,38.06,25
3023365,743789,676,3,45685.44,1,1,0,1,2,0,133.4,72
6008781,743790,662,4,40236.6,2,1,1,0,2,27,28.77,0
9235014,743852,467,0,36746.54,4,1,1,0,1,26,132.57,8
8253770,743863,637,1,78281.93,3,1,0,0,2,10,45.73,116
6202636,743937,609,1,35901.9,1,0,1,0,0,27,91.82,2
3202624,743966,646,5,51114.9,1,1,0,0,3,7,32.28,6
7023763,744129,700,4,0,2,1,0,0,0,2,25.19,5
2612483,744274,670,0,16981.15,2,0,0,1,0,9,23.4,7
7164902,744328,757,10,48880.11,2,1,0,0,0,7,90.43,63
9600893,744333,525,6,0,1,1,0,0,2,7,21.24,17
4353283,744481,766,3,27785.56,2,1,1,0,0,11,36.85,4
9214511,744610,750,3,71451.31,3,1,0,0,3,2,174.93,5
8473283,744674,558,1,15719.82,2,1,0,1,2,0,172.09,24
7511061,744718,663,8,26748.46,1,1,1,0,0,20,124.07,3
8993331,744793,747,5,25967.97,2,1,1,0,0,27,126.74,5
5504336,744883,534,10,32639.72,2,0,1,0,0,14,40.05,17
8097946,744986,509,2,0,2,1,1,0,3,29,33.35,8
2513679,745073,704,1,105675.89,1,1,0,1,2,3,252.3,58
8088983,745197,729,0,0,2,0,1,1,1,13,190.41,13
7177975,745239,673,0,17629.43,1,0,1,0,0,17,26.29,3
4126532,745270,750,2,0,1,1,0,0,1,8,22.83,1
8283088,745414,454,1,18104.5,1,1,0,0,0,5,10.73,47
8147380,745474,538,1,0,2,1,0,1,0,12,31.12,6
2559399,745512,782,0,58113.09,3,1,0,0,3,10,21.59,18
1678438,745533,685,4,101563.4,3,1,0,1,0,6,89.66,31
9612440,745558,737,0,0,2,1,0,1,0,4,80.18,44
6733527,745584,620,10,38945.09,3,1,1,0,0,13,190.19,4
8776656,745710,545,10,34303.29,1,1,1,0,0,15,79.88,6
4761958,745830,646,9,7385.36,2,1,1,0,1,22,137.45,5
3601637,745915,629,2,0,1,1,0,0,1,10,92.84,33
9310128,745919,734,0,57.02,2,1,1,0,0,13,115.84,9
9846268,745972,639,6,0,2,1,0,0,0,8,108.8,81
9802632,746002,704,0,0,3,0,0,0,2,3,25.16,66
2408784,746036,732,1,32914.33,1,0,0,1,0,9,31.66,134
5877187,746081,570,0,33895.95,2,1,1,0,0,24,139.41,0
8855414,746154,630,0,0,1,0,1,1,0,22,199.7,4
8337608,746253,619,1,35467.29,2,1,1,0,0,13,27.75,1
2328472,746281,597,8,50621.9,2,1,1,0,2,12,410.79,3
9012989,746447,688,2,100.59,2,1,0,0,2,8,69.43,2
3493203,746467,749,2,5975.42,1,0,1,0,0,12,49.93,3
3143956,746624,550,0,30288.48,2,1,1,0,1,17,53.83,0
6040020,746781,808,7,0,1,1,1,0,0,8,45.82,6
5171713,746850,706,10,65778.77,1,1,1,1,0,20,150.25,2
9776028,746901,668,10,38638.59,1,0,1,0,0,15,16.23,4
8176148,746910,646,1,0,1,1,1,0,0,15,34.15,4
5957359,746915,508,2,6933.94,2,0,0,0,2,1,105.86,80
1800747,746947,551,1,12071.07,2,0,0,0,2,9,36.57,71
2284002,747033,768,0,0,2,1,1,0,0,12,70.89,7
1756566,747351,594,3,32325.88,3,0,1,0,0,11,90.28,13
9613666,747453,668,10,0,1,1,1,0,2,26,16.29,9
2805768,747703,533,0,25626.75,2,1,1,0,0,13,39.57,1
9567311,747736,657,1,29526.66,2,0,1,1,1,16,258.93,5
8128865,747847,645,7,22845.48,4,1,1,1,0,12,58.31,3
7929315,747850,689,0,24769.61,1,1,1,0,0,14,50.91,8
2585184,747983,698,5,43610.7,2,0,1,0,0,18,55.91,3
8795642,748052,424,3,1538.7,2,1,1,0,1,16,37.76,0
5251016,748127,656,7,69043.98,2,1,1,0,0,17,43.56,0
6963589,748133,656,5,0,3,1,0,0,3,3,174.69,10
5275844,748151,712,2,48896.92,4,1,0,0,0,3,112.78,20
2371865,748270,648,1,0,3,1,0,0,2,5,103.28,4
9446398,748276,717,9,26807.23,4,1,0,1,1,5,48.4,1
1272943,748314,430,3,36422.16,2,1,0,0,0,2,179.84,11
2911520,748386,815,0,1163.82,2,1,1,0,0,14,67.63,14
8765820,748410,573,1,1372.79,1,1,1,0,0,5,183.91,3
4012385,748458,576,3,48131.87,3,1,0,1,1,6,55.89,61
4056945,748564,806,9,0,3,0,1,0,0,19,11.24,13
7592730,748645,677,10,0,2,0,1,0,0,31,37.27,9
1759315,748665,529,6,0,3,1,0,0,1,8,23.43,10
2397383,748696,683,6,1289.79,2,0,1,0,1,15,366.6,2
7983542,748985,695,10,77811.02,2,1,1,0,0,26,14.99,7
5993696,749137,720,4,0,1,0,0,0,0,9,71.36,53
6267145,749208,514,0,27772.33,2,1,1,0,0,17,47.52,5
8633602,749253,759,0,0,4,1,0,1,0,11,134.53,25
8548873,749342,527,4,36030.25,2,0,1,0,0,14,9.69,3
5447210,749468,628,0,0,1,0,0,1,0,6,18.59,18
6726640,749485,612,2,0,2,1,0,0,1,10,19.64,48
4140556,749498,709,1,25923.58,1,1,1,1,0,23,25.67,1
4541139,749609,657,3,0,2,0,1,0,3,13,27.4,8
4105251,749641,535,3,1030.37,2,0,0,0,1,4,232.87,18
2312322,749813,609,0,897.1,1,1,1,0,1,12,162.5,1
5350628,749838,813,2,38946.54,1,0,1,0,0,12,57.26,27
2783932,749840,680,0,77090.01,3,1,1,0,1,17,147.61,6
8277938,749863,506,1,7104.09,2,1,0,0,1,4,71.86,19
9965341,749871,646,0,7907.09,4,1,1,0,1,12,113.47,3
1300567,749887,850,0,0,1,1,0,1,1,8,10.3,35
1098097,750318,476,3,8983.03,3,1,0,0,2,2,81.13,19
7625890,750324,665,4,63857.6,2,0,0,0,2,0,233.1,6
2957536,750403,579,2,22388.86,2,1,1,0,2,25,31.01,4
1223214,750594,597,1,33905.46,2,1,1,0,0,24,68.4,15
3881241,750706,691,0,22660.33,2,1,1,0,0,19,238.69,7
9004743,750803,545,2,0,2,1,1,0,1,21,183.59,3
8720254,750810,590,3,38338.76,1,1,0,1,2,7,88.13,4
7796309,750817,534,0,40395.16,1,0,1,0,0,24,104.4,6
9165848,751034,763,1,0,1,1,0,1,3,0,41.57,1
6080140,751051,691,5,68196.49,1,0,1,0,0,14,90.1,14
7052024,751114,618,4,115915.04,1,1,1,0,1,31,138.8,8
7626953,751168,703,0,46876.61,1,1,1,0,0,17,73.49,7
6077736,751194,523,2,565.06,1,1,1,0,0,7,96.71,4
2470273,751303,719,0,467.8,1,0,1,1,0,13,78.27,12
3098653,751332,662,8,0,2,0,0,0,1,12,293.05,73
3266835,751517,584,10,211.63,1,0,0,0,2,3,69.29,21
1232799,751924,677,9,0,1,1,1,0,1,29,78.49,5
4201127,752011,596,6,87962.29,3,1,0,0,0,0,51.28,60
2877580,752483,658,0,34366.44,2,1,1,0,0,24,52.48,0
1266510,752801,520,1,0,1,0,0,1,2,0,50.13,85
4157826,752878,676,10,41400.68,2,1,0,0,2,11,76,20
1449886,752966,676,1,39257.35,2,0,0,0,3,5,103.55,7
4510288,753004,744,1,15334.56,2,1,1,0,0,4,21.86,7
9071807,753050,601,0,18104.43,1,1,1,1,0,22,36.82,3
3435283,753064,569,2,349.5,1,1,1,0,1,12,79.34,1
5056398,753205,669,2,36013.54,1,1,0,0,1,8,93.56,38
8311317,753306,512,0,37587.32,3,1,1,0,1,11,98.72,1
4203013,753323,727,6,0,3,1,1,0,0,19,41.39,1
2444410,753404,573,2,0,1,0,1,0,0,27,18.69,18
6048564,753425,601,2,78.77,1,1,1,0,0,12,22.15,22
8774990,753453,775,0,9491.06,3,1,1,0,1,24,106.48,0
3485807,753484,752,0,120298.35,2,0,1,0,1,16,88.32,5
8952217,753516,640,5,3000.52,1,1,0,0,0,0,24.96,4
8077958,753518,705,6,96186.15,2,1,1,0,0,17,15.22,1
1366025,753523,593,2,0,1,0,1,0,0,21,59.14,2
2953854,753534,70.50%,2,3431009/100,2,0,0,0,1,6,52,9
3786787,753898,630,0,0,2,1,0,1,1,6,27.66,2
3557220,754280,619,0,32212.02,3,0,1,1,2,14,45.94,5
8470322,754487,553,2,0,1,1,1,0,0,11,50.24,5
9137735,754643,553,5,89485.42,2,1,0,0,1,6,43.24,37
8910276,754644,628,6,18034.57,2,1,1,1,0,4,119.28,3
1329299,754813,658,8,37980.04,2,0,0,0,3,6,155.87,9
8541631,754858,642,10,42062.45,1,1,1,0,1,21,118.31,11
5070650,755087,738,0,0,2,1,1,0,0,28,276.1,0
4377898,755383,593,10,39066.28,3,0,1,0,0,21,143.23,0
5946450,755395,703,0,75596.74,1,1,1,1,1,8,90.5,12
7572195,755420,702,1,6261.85,2,0,0,0,2,0,265.4,32
1854332,755455,723,1,35407.22,1,0,1,0,1,19,117.95,0
6601074,755498,635,3,115574.51,4,0,0,0,3,1,89.36,68
1132108,755584,639,2,40596.5,1,1,1,0,0,21,38.98,5
2722408,755602,712,2,38722.26,3,0,1,0,0,11,42.33,2
8244199,755674,542,2,26811.59,1,0,1,0,1,0,98.12,4
7974052,755698,575,1,40343.5,1,1,1,0,0,18,34.23,4
9316519,755700,413,2,0,1,1,1,0,2,5,69.13,6
5878387,755744,646,10,66496.59,1,0,1,0,1,15,37.75,13
1621045,755788,719,0,38577.38,3,1,1,0,0,0,43.61,1
9178834,755843,601,8,0,2,1,1,0,0,22,22.15,3
7705523,755900,581,1,58076.18,2,1,0,0,2,6,76.73,52
9155420,755910,535,0,21385.68,4,0,1,0,0,11,34.65,0
9612679,755993,709,8,0,2,0,0,0,3,3,81.81,50
9185628,756190,536,1,0,1,0,1,1,2,8,40.68,5
4890733,756401,514,7,83863.75,4,1,1,0,1,21,46.13,2
2018455,756596,748,5,0,2,1,0,0,0,7,153.35,155
9863551,756883,555,0,41662.54,2,1,1,1,0,36,56.04,1
1319096,756895,521,1,126928.25,4,1,0,1,0,0,58.23,81
8080061,756912,656,2,22474.49,1,0,1,0,2,34,97.52,5
6299086,756944,661,3,67240.43,3,1,1,0,0,1,112.92,20
2065530,757057,631,1,76376.16,3,1,1,0,1,30,40.98,0
5493758,757128,720,0,31958.03,1,1,0,0,2,5,41.18,133
7998405,757193,722,3,0,3,1,0,1,4,3,190.95,34
8941293,757246,476,7,0,2,1,0,1,1,0,49.29,25
2961940,757258,597,10,118042.01,2,1,0,1,2,3,55.59,4
9301178,757386,370,2,52839.37,1,0,1,1,1,14,84.12,17
6817736,757629,698,1,45004.03,2,0,1,1,0,22,6.22,11
8521651,757658,652,5,19799.42,2,0,1,0,1,17,18.75,4
8318725,757667,664,0,0,1,0,0,1,1,0,120.35,102
1349082,757685,743,5,35345.27,1,1,1,0,2,19,28.78,2
3706725,757694,581,6,46981.53,2,1,0,0,1,2,14.18,15
5832019,757711,834,1,37553.14,2,0,1,0,0,19,8.79,12
4224602,757776,688,5,33563.71,3,1,0,0,1,0,170.95,14
8872548,757924,742,0,42962.2,1,1,1,1,0,29,10.93,1
6768801,757937,720,0,0,2,0,1,0,0,13,360.56,5
8350277,758015,649,2,0,1,1,0,0,0,5,37.2,52
4894044,758309,675,1,0,1,0,1,0,0,10,99.84,2
9516717,758452,663,1,71513.15,4,0,0,1,2,0,136.15,22
4685993,758589,668,1,0,1,1,1,1,1,22,11.47,0
6690043,758765,634,2,7905.43,2,1,1,0,2,5,33.37,5
8859576,758775,849,4,27608.13,1,1,0,1,0,9,130.23,79
3200475,759104,755,7,49007.13,3,1,0,0,0,3,56.72,13
5922335,759172,635,1,20210.86,4,1,1,0,1,18,69.44,7
7549342,759176,612,4,19887.77,3,1,1,0,1,22,111.05,0
7993768,759531,717,0,7633.03,2,1,0,0,0,5,176.06,6
7044085,759580,673,4,37664.54,1,1,1,0,0,42,203.25,8
8924295,759726,565,3,50147.82,2,0,0,0,0,2,32.98,62
3718341,759827,624,1,37450.25,1,1,1,0,0,20,24.53,9
4476383,759868,727,6,717.85,2,1,0,0,2,5,26.07,81
5738845,760021,772,0,141025.7,3,1,0,1,1,0,125.58,1
2446060,760047,747,3,21101.89,2,0,1,0,1,19,41.25,0
9101545,760093,666,3,0,1,1,1,0,1,26,339.73,3
3165880,760120,647,0,90468.36,2,1,1,0,1,10,19.67,6
3907342,760351,739,8,62557.66,2,1,1,0,0,20,88.82,5
4346789,760356,695,8,74.84,1,1,0,1,3,1,20.4,66
3622515,760458,559,4,0,2,1,0,1,1,4,141.06,5
9257506,760626,636,7,7544.39,3,0,0,0,4,0,5.41,20
2692883,760830,812,6,19249.61,2,1,1,0,2,24,124.21,0
7979059,760914,642,2,41871.09,4,1,1,0,0,14,56.37,5
9283332,760929,615,2,66991,2,0,1,0,1,24,503.46,2
6094433,761249,573,1,845.23,1,1,1,1,1,12,97.87,9
4937929,761282,680,2,20170.02,2,1,1,0,2,20,100.38,8
4513701,761286,642,5,43464.76,4,0,1,0,0,21,140.36,6
1789356,761297,547,1,384.8,2,1,0,1,3,1,138.57,11
1304180,761338,678,2,78554.45,1,1,0,1,0,5,24.81,13
7019442,761393,757,2,45368.17,2,0,1,0,0,14,104.88,12
5375632,761532,610,1,28284.93,1,1,0,1,1,1,47.58,40
6990202,761685,577,1,127122.26,3,1,1,0,2,30,73.96,1
3660958,761701,692,10,11552.95,1,1,0,1,0,8,45.7,69
3931227,761759,850,3,76056.1,4,1,0,0,1,11,378.02,59
9446974,761820,556,2,169.24,2,1,0,0,1,3,13.01,53
1536367,761938,553,0,0,2,0,1,0,1,11,72.66,6
2068131,762055,705,1,68910.83,4,0,0,1,2,0,64.38,41
6666248,762308,642,3,44483.1,2,1,1,0,3,23,13.24,1
8224612,762398,669,2,40520.97,2,0,1,0,0,2,122.16,2
2912087,762423,708,0,25055.43,2,1,1,0,1,23,28.9,31
4803231,762550,755,9,63539.65,2,1,0,0,2,12,70.59,46
3024809,762652,489,1,56047.69,2,0,1,0,1,10,87.78,15
4759700,762722,646,0,25471.77,1,1,1,1,0,22,21.36,4
9159855,762903,705,5,112060.88,3,1,1,0,0,22,71.5,2
5325537,762904,643,7,690.87,3,1,0,0,1,0,30,29
6709692,762985,639,2,64398.86,1,1,0,1,1,6,62.4,2
6959954,763121,459,1,48447.53,1,1,1,1,0,13,238.91,4
1783099,763311,639,2,35179.86,3,1,1,0,2,10,95.12,5
5487758,763393,733,0,43251.38,2,1,1,0,0,13,68.09,4
3536352,763508,646,0,0,2,1,0,1,0,6,64.66,28
9646766,763529,693,10,23455.45,2,1,0,0,1,1,94.45,3
2747213,763646,594,5,35337.32,2,1,0,0,0,3,88.24,15
1845941,763653,814,0,47402.14,2,1,1,0,1,10,9.55,11
8345513,763686,694,6,40792.84,3,1,1,0,1,35,13.09,3
8669463,763829,719,1,52637.79,2,0,1,1,1,18,44.89,0
2861110,763928,706,0,3389.03,2,1,0,1,0,10,46.56,70
2776570,763984,547,1,14228.84,4,1,1,0,0,21,45.67,4
2709062,764000,635,1,5674.89,2,1,1,0,0,22,48.8,14
1704130,764001,602,2,0,2,1,1,0,1,25,144.05,7
9511177,764100,719,1,0,1,1,0,1,3,10,297.6,34
2768504,764170,633,6,543.12,1,1,1,0,1,13,5,1
3802571,764259,523,0,0,1,0,1,1,0,24,94.09,2
2980707,764343,766,4,0,1,0,0,0,0,7,70.77,2
4445809,764406,650,9,0,2,0,1,0,0,7,404.43,0
7067286,764441,654,5,0,2,0,1,0,0,14,79.93,11
3634568,764442,709,3,104607.5,3,1,1,0,0,33,103.62,4
5901010,764469,825,2,49408.41,1,0,1,0,0,27,32.42,1
8407441,764532,624,6,0,2,1,1,0,0,28,174.2,4
9487536,764575,640,5,41820.82,3,1,0,0,1,1,361.48,84
9361613,764678,593,0,52776.93,1,0,1,0,0,6,98.55,1
2665880,764693,644,4,648.05,1,1,1,0,0,12,33.26,3
3588652,764845,688,4,129777.91,2,1,0,0,0,0,12.24,39
7102492,764873,717,10,40914.41,2,1,0,0,2,0,26.4,153
6613782,764926,521,1,16261.86,2,1,1,0,1,11,25.36,5
3311438,765046,593,0,0,2,1,1,0,1,11,78.33,17
3063320,765095,599,7,42373.46,1,1,1,0,0,36,34.24,17
4387157,765105,677,1,45249.28,2,0,1,0,0,24,53.2,2
8367017,765213,694,3,135356.1,2,1,1,0,0,39,71.91,9
7975124,765320,427,10,76273.45,1,0,1,0,0,22,21.57,2
1110521,765620,560,2,5326.22,1,1,0,1,0,7,28.72,68
5115720,765678,573,2,83275.55,2,1,0,0,0,9,29.88,8
8946752,765822,417,1,0,1,1,1,1,1,16,173.51,0
6726400,765905,567,0,63371.11,1,1,1,1,0,17,27.48,0
5811005,766158,687,10,23433.35,1,0,1,0,0,9,83.79,0
9472875,766269,712,0,2615.09,2,0,0,1,3,9,16.17,38
3873296,766275,656,4,16938.27,1,1,0,1,2,6,14.59,38
2429986,766371,601,6,44402.62,2,0,1,0,2,18,25.98,5
5463001,766459,526,3,81317.91,1,1,1,0,0,25,60.68,2
7248445,766549,653,0,25779,1,0,0,1,2,4,49.85,33
7962689,766563,649,1,31472.42,2,1,1,1,0,11,522.27,1
7050592,766738,637,9,33883.8,3,1,0,0,0,8,215.4,66
5117989,766764,641,4,42920.33,2,0,1,0,0,28,249.65,0
3543614,766833,678,0,15380.3,3,1,0,1,0,5,77.54,37
9886057,767033,731,0,35606.6,2,1,1,0,0,21,40,2
8075324,767090,699,10,89154.48,3,1,0,1,2,6,159.65,6
4828258,767542,493,1,27362.12,2,1,0,0,1,4,52.04,15
3315160,767678,690,0,26199.27,1,0,1,1,1,27,52.02,5
8194453,767782,665,2,38765.63,2,1,0,0,3,3,37.46,5
7935859,767814,708,3,22461.56,1,1,1,1,1,17,48.18,1
7867070,767830,631,10,0,4,1,1,0,0,23,155.43,1
8696599,768061,640,0,6629.9,2,1,1,0,1,11,77.45,10
9659648,768169,710,10,43326.06,4,1,1,0,1,14,52.16,14
7069566,768387,641,4,12860.49,2,1,0,0,0,7,95.54,11
1499339,768470,458,2,53703.43,2,0,0,1,2,10,160.79,9
8425238,768480,660,1,7163.9,3,1,1,1,2,19,148.02,1
3442499,768507,548,10,107555.66,2,1,0,1,2,2,102.27,23
1166911,768545,595,1,6612.04,1,0,1,0,2,15,17.08,2
9679670,768595,788,10,30153.95,3,0,1,1,0,18,33.63,1
2167378,768636,550,0,10376.75,2,1,1,1,1,24,30.91,9
2422342,768676,444,6,501.32,1,0,1,0,0,9,511.13,3
6675793,768706,608,2,364.21,1,1,1,0,1,26,35.81,7
6281544,768854,78.70%,3,63440/100,2,0,1,0,1,27,34.54,1
7738583,768891,620,8,52120.19,1,1,1,0,1,13,44.16,0
3756910,768933,712,6,0,1,1,0,0,0,6,66.03,3
8282524,768990,514,0,40827.83,1,0,1,1,1,17,42.55,1
2031267,769018,645,2,0,2,1,0,0,1,3,123.9,13
7597913,769077,584,6,31869.95,2,1,1,0,2,20,176.06,10
1622329,769078,719,6,0,1,1,1,0,0,19,88.18,5
3532555,769180,720,3,38532.82,1,1,1,0,0,28,65.01,17
1969887,769191,624,3,10128.9,1,0,1,0,0,18,8.95,4
9720433,769320,672,3,47184.73,1,1,0,0,3,5,50.93,107
5961432,769536,600,4,106256.26,2,1,0,1,0,9,92.07,55
8034775,769567,605,0,19883.62,2,0,1,0,0,26,58.65,0
7744488,769646,679,4,94.12,1,0,0,0,1,3,41.12,44
6105693,769737,570,0,30404.27,2,1,1,0,0,10,158.27,2
6262932,769752,728,4,10053.36,1,1,0,0,1,9,320.1,11
6774002,769809,530,9,14962.98,2,1,0,0,3,3,52.13,33
1132577,769883,614,1,0,1,1,1,1,1,15,76.84,1
5693941,769952,519,0,0,2,1,0,1,2,7,53.14,8
9854875,769975,760,5,24335.27,2,1,1,0,0,11,10.15,5
3463932,769987,564,10,0,2,0,0,1,2,11,67.26,43
7776956,769989,484,4,103761.19,2,1,1,0,0,9,18.92,0
8485810,770030,585,6,36407.58,2,0,1,0,0,15,85.22,3
4441570,770147,774,0,22745.92,2,1,0,1,1,9,91.92,25
8417942,770153,669,6,28314,1,0,1,0,0,22,187.34,23
6792344,770318,625,2,0,2,1,1,0,0,16,26.14,0
7786479,770487,641,1,36746.14,1,1,1,1,1,17,157.05,0
4310073,770532,585,9,105444.34,4,1,1,0,1,17,104.91,2
6058857,770556,632,5,43287.57,2,1,1,0,1,14,111.35,1
2413999,770593,697,3,14109.01,1,1,0,0,2,8,59.12,42
1620256,770718,714,1,93577.23,2,0,0,0,0,10,10.91,11
6611860,770864,825,1,0,4,0,1,0,0,8,83.89,3
7543005,770872,411,2,0,2,1,1,1,0,25,127.66,5
3114023,770905,569,4,33842.9,3,1,0,1,1,3,396.03,28
9732032,771088,722,0,18463.03,1,1,0,1,2,9,30.1,18
5763519,771237,555,5,0,1,1,0,0,0,4,60.5,3
4585870,771394,611,0,23474.64,2,0,1,0,0,20,123.11,9
2557253,771425,659,3,66149.84,1,0,1,1,0,26,67.66,1
9584425,771440,850,1,466.38,1,1,1,0,0,16,126.39,1
6238726,771590,824,0,0,3,1,1,0,1,32,355.83,7
9746564,771652,497,0,78.53,1,1,1,0,0,14,125.75,3
6716146,771697,626,0,426.34,1,0,0,1,2,5,78.18,75
3684813,771712,645,3,45678.91,2,1,1,0,1,17,14.08,10
1392951,771736,662,6,349.43,1,1,1,0,0,20,53.68,8
1467937,771967,614,3,0,1,1,1,1,1,27,48.61,0
5340101,772036,632,0,25483.85,2,1,1,0,1,21,139.1,7
5049009,772097,669,3,40840.43,1,0,0,1,2,5,25.88,97
6099302,772124,590,0,105326.74,1,1,1,0,0,13,85.4,1
8092498,772324,717,1,22768.43,2,1,0,1,3,3,7.62,39
9477100,772464,596,0,0,2,0,0,1,2,8,76.16,2
2852907,772550,567,1,19966.87,2,0,1,0,0,12,22.75,2
2005722,772561,727,2,0,2,1,1,1,0,17,40.43,0
7257547,772580,547,2,0,2,0,0,0,2,15,88.59,20
5357990,772612,555,0,0,1,1,0,1,0,9,9.94,13
9514426,772642,631,2,30830.87,1,0,1,0,2,8,82.84,10
6947075,772687,640,4,19510.42,3,0,1,0,0,21,102.91,3
3077237,772741,475,1,1790.76,2,1,1,0,1,28,70.81,1
1800824,772865,518,3,46113.63,1,1,0,1,0,0,44.76,67
3092954,772875,759,0,0,1,1,1,1,0,14,122.6,2
8528555,772925,575,9,0,1,1,0,1,1,7,52.52,11
5998957,772985,741,1,24411.93,3,0,0,1,0,0,263.43,79
1087466,773045,645,1,32176.51,2,1,1,0,0,22,32.11,18
8602547,773088,720,0,36688.41,2,1,1,0,1,23,203.19,1
6687145,773440,667,0,34520.38,3,1,0,0,1,8,109.46,40
4961055,773452,601,0,40157.6,3,1,0,1,3,7,80.69,5
9947098,773459,667,10,0,1,1,0,0,2,9,46.18,41
4923148,773462,740,7,63207.3,2,1,1,0,3,29,94.28,4
6877681,773540,626,2,28843.13,2,0,0,1,0,7,78.08,68
6019770,773870,711,0,25220.68,2,0,0,1,1,6,313.99,31
5773713,773918,625,0,40858.07,3,0,0,0,1,2,122.64,4
3348331,773962,541,7,63891.81,1,1,1,0,2,21,37.23,3
7336179,773971,761,0,36996.74,1,1,1,0,1,28,44.82,10
9718559,774020,635,0,4385.14,2,0,0,1,0,3,235.44,4
5154597,774079,685,8,73989.08,3,1,1,0,2,32,92.6,11
2765414,774225,768,1,61735.27,2,1,1,0,0,22,27.37,1
6500359,774396,482,0,0,2,0,1,1,0,19,38.35,0
9664623,774558,710,2,45916.84,1,1,1,0,0,15,58.18,10
4230541,774565,656,3,0,3,1,0,1,0,11,21.67,129
7061063,774567,593,5,0,2,1,1,0,1,15,16.29,1
8622050,774588,487,6,0,2,1,1,0,0,11,97.33,11
2643963,774591,807,0,23480.05,1,1,1,1,0,14,12.31,0
3458755,774652,563,2,35651.39,2,1,0,1,2,9,199.52,54
8141928,774661,556,1,0,2,0,1,0,3,15,119.18,2
7913101,774734,817,7,2924.74,1,1,0,1,1,0,87.03,54
2374845,774751,705,8,18521.74,2,0,1,0,1,30,212.99,0
2547674,775636,558,1,91259.24,3,0,0,1,1,13,92.3,23
2043436,775721,670,3,41798.42,3,1,0,0,3,6,218.2,15
8128416,775885,546,1,0,2,0,1,0,1,14,38.17,2
3182100,775933,661,6,10785.03,2,1,1,0,0,17,76.06,5
8990200,775958,633,1,110209.83,2,1,1,0,0,19,50.51,0
4603484,775960,587,3,1158.21,1,1,1,0,1,28,304.56,16
8485391,775981,629,3,149026.77,2,1,1,0,1,20,22.94,6
2309842,775990,720,4,0,3,1,1,0,0,16,184.24,1
7195728,776001,615,0,48549.26,2,1,1,0,1,11,73.24,0
9829103,776149,489,4,0,2,1,0,0,1,0,14.64,2
7757085,776185,683,1,45102.29,1,1,0,1,2,9,91.02,7
9706452,776234,614,3,56681.59,1,1,0,0,0,0,84.75,115
7623350,776320,612,3,0,1,1,0,1,1,4,53.24,6
5424046,776364,652,1,0,3,0,1,0,0,18,177.52,8
9368933,776502,628,3,10105.19,3,1,1,0,1,13,85.26,1
8103845,776604,659,3,216.2,1,1,0,0,1,9,59.78,45
8383316,776796,607,3,49779.69,2,1,1,0,0,25,42,10
9213136,776838,765,6,23367.11,1,0,1,0,0,15,24.37,0
7994796,776856,583,1,0,2,1,0,0,1,8,11.25,11
3732048,776909,580,0,253.3,3,1,1,0,0,4,164.67,3
3421727,776913,777,4,86433.08,2,1,1,0,0,16,174.17,9
9485679,777015,473,0,22691.34,1,0,1,0,1,9,24.87,10
3132786,777255,659,6,0,1,1,1,1,0,14,121.49,19
9132997,777273,659,3,42335.4,2,0,1,0,0,19,43.65,0
8679146,777278,602,5,12092.17,2,1,1,0,1,0,175.94,1
3170723,777308,688,10,17066.53,2,1,1,0,1,15,32.91,2
9609823,777366,708,0,13.67,1,0,0,0,0,8,18.36,7
9877514,777370,668,1,0,1,1,0,1,2,6,100.88,68
2980687,777406,623,3,161364.16,2,1,1,0,1,5,95.42,3
4567549,777486,608,1,10888.43,2,1,1,0,0,19,64.14,0
8640887,777513,562,5,27727.6,1,1,1,1,0,22,623.31,1
8941588,777558,650,5,57049.15,4,1,0,0,1,8,45.45,2
1547061,777568,716,0,0,2,0,1,0,0,19,105.75,4
3631333,777737,756,5,49930.19,3,0,1,0,0,27,74.7,1
7196363,777968,749,5,0,3,1,0,0,0,4,213.03,12
2992563,778120,658,3,38184.03,1,1,1,0,0,19,19.57,0
7855503,778159,764,8,0,3,1,0,0,1,1,99.72,37
2851133,778324,532,2,54835.47,3,1,1,0,2,12,165.47,9
3027802,778428,594,1,28385.51,1,1,0,1,1,12,136.29,15
7200623,778506,712,0,0,2,0,0,1,0,10,23.57,57
5858523,778553,593,0,28038.2,4,1,1,1,1,5,131.67,5
1675822,778636,760,2,39430.36,2,1,1,0,0,32,83.5,0
9770751,778700,782,0,27889.04,2,1,1,0,0,25,17.54,6
3572022,778720,568,1,57239.91,2,1,0,1,2,16,91.08,17
2975386,778748,704,4,0,3,1,0,0,3,3,105.25,13
7232188,778787,676,0,22989.09,2,0,0,0,3,0,55.54,94
6115785,778818,850,2,13265.48,2,1,0,0,5,0,256.17,104
7282392,778827,627,10,0,2,0,1,0,3,14,128.46,2
6087859,778998,528,1,56128.39,2,1,1,0,0,9,59.05,14
5932187,779091,638,0,0,2,0,1,0,0,12,30.71,6
9152477,779094,680,3,24405.84,2,1,0,0,0,10,19.69,38
1469389,779099,624,1,40893.33,3,1,1,1,1,8,113.97,8
3396950,779112,605,6,32883.77,1,1,1,0,2,13,27.07,2
3384710,779172,732,1,36161.39,1,1,1,1,0,9,99.09,0
8075907,779259,655,3,0,1,0,0,1,0,3,32.79,6
1816229,779378,708,4,31446.7,1,1,1,0,0,9,16,3
6119801,779414,850,0,21904.27,4,1,1,0,1,8,261.94,4
5756043,779445,705,6,8997.29,3,1,0,1,2,0,31.64,98
4616856,779514,667,0,691.9,2,1,1,1,1,24,43.88,8
4071524,779658,806,3,0,3,1,0,1,4,6,71.57,8
9200596,779776,688,7,27778.03,1,0,1,0,2,17,154.18,5
1034993,779885,615,1,32823.09,1,0,0,0,2,5,25.43,4
3052321,779956,657,5,71.57,1,1,1,0,0,18,33.49,6
6849358,780027,504,0,443.16,1,0,1,0,1,28,182.19,7
2133544,780081,688,0,3809.38,1,1,1,1,1,9,68.36,4
1749647,780233,621,6,0,3,1,1,0,0,28,87.74,4
8005748,780301,671,3,4304.63,1,1,0,1,1,2,55.81,12
9072800,780364,697,9,43470.44,1,1,1,0,1,12,32.96,0
6195935,780432,601,1,66768.44,2,1,0,0,3,0,6.27,75
8589583,780566,630,3,48073.79,2,0,1,0,0,32,44.23,15
6667733,780663,591,3,193.49,1,1,1,0,0,22,75.69,9
7330138,780714,501,2,49206.87,2,0,1,0,0,14,23.03,8
8972995,780768,724,3,1962.37,3,1,0,1,1,8,72.02,118
3228175,780776,693,5,38891.93,2,0,0,0,0,4,182.68,66
3324018,780840,610,8,0,1,1,0,1,1,11,125.02,39
9468532,780956,748,4,532.05,1,1,0,1,1,7,43.14,6
8733225,780999,538,1,33316.24,1,0,1,1,0,21,37.37,0
8548562,781113,532,2,32766.84,1,1,1,0,1,25,275.3,3
8534223,781121,657,2,1349.62,1,0,1,0,0,11,159.9,0
3499513,781403,771,1,80.95,1,1,1,1,0,25,14.86,2
6456223,781406,804,0,32612.5,1,1,1,0,0,8,13.56,0
2498456,781433,693,1,38229.74,2,1,1,1,0,22,96.52,0
7872422,781446,658,0,117.13,1,1,0,1,1,4,123.7,139
7496727,781453,637,7,15564.62,2,1,1,0,1,19,51.96,0
4906109,781463,729,0,0,2,1,1,1,0,22,99.37,3
7633663,781533,742,1,0,2,1,0,1,3,5,81.94,25
6687440,781571,574,2,48326.4,4,1,1,0,0,31,84.39,3
1768727,781595,478,6,0,2,1,1,0,0,8,55.38,4
8433920,781664,641,0,49992.93,2,1,0,0,0,12,44.55,7
5653581,781725,540,7,78627.01,1,1,1,0,0,15,144.95,9
2485285,782054,758,0,25717.24,1,1,1,0,1,23,264.85,1
3778554,782139,724,6,0,3,0,0,1,0,0,97.59,37
1416143,782141,689,8,67849.26,2,1,1,0,0,9,43.4,1
6181610,782535,600,6,0,3,1,1,0,0,11,74.47,2
3076710,782591,776,1,7070.13,2,1,0,0,1,16,24.09,65
2428614,782661,590,2,6825.73,2,0,0,0,2,0,515.11,28
4228384,782759,562,5,35084.43,1,1,0,0,1,2,115.2,54
1887084,783112,470,6,29492.2,2,1,0,1,3,7,62.82,20
9753576,783157,653,0,0,1,1,0,0,1,4,40.45,63
4177535,783176,585,1,64513.01,1,1,0,0,2,8,65.98,21
8983198,783226,591,2,10271.72,1,1,1,0,0,19,17.91,6
9432879,783238,551,5,0,1,1,1,0,0,25,35.43,0
1313131,783414,712,7,42012.91,2,1,0,1,2,8,8.53,42
3018016,783415,691,1,39833.86,2,0,1,0,0,8,55.81,5
9923120,783501,714,3,0,1,1,1,0,0,13,27.32,11
4015593,783691,541,4,15060.54,2,1,1,0,1,17,107.09,3
1318323,783740,596,5,31416.29,1,0,0,0,0,0,62.56,2
5613105,783823,692,6,45033.73,2,1,0,0,0,4,91.27,25
4452834,783932,656,0,0,1,0,0,1,1,5,109.93,34
5115227,783984,672,3,28124.05,1,1,1,0,1,17,136.52,0
8452933,784167,672,0,76773.2,2,1,0,0,0,10,33.24,70
2420156,784488,619,7,0,1,1,0,0,2,8,38.42,7
9951380,784578,774,2,19829.46,2,1,1,0,1,7,115.25,5
6375942,784607,671,8,890.6,1,1,1,0,0,17,470.77,0
7741049,784733,545,4,41721.22,1,1,1,1,0,24,138.1,6
1754700,784793,672,3,16988.74,2,0,0,0,0,5,140.64,15
9245549,785010,623,5,51003.39,1,0,0,1,0,8,29.24,4
1390292,785073,519,5,87700.35,3,1,1,0,2,28,271.39,12
6703524,785111,662,7,29042.03,1,1,0,0,0,5,16.46,67
8331935,785197,517,0,40287.86,2,1,0,1,0,4,69.44,23
4028421,785280,570,3,51390.22,1,1,0,1,1,8,40.61,2
7961478,785315,788,5,53320.04,2,0,0,0,2,10,195.4,88
1403608,785386,743,5,145554.21,2,0,1,0,0,22,27.42,6
9856721,785424,548,1,0,3,1,1,0,1,6,1711.34,0
6324793,785428,523,0,0,2,0,1,0,2,17,10.94,1
7409080,785436,634,0,78335.37,1,1,1,1,0,22,167.61,4
5314727,785491,826,4,0,2,1,1,0,2,16,5.71,4
2527147,785592,697,2,109267.17,3,1,0,0,1,2,59.24,13
2923417,785611,793,1,0,1,0,1,1,3,18,61.53,3
2666541,785672,723,1,1709.84,1,1,1,0,1,8,316.96,0
3821189,785743,585,1,0,2,1,1,0,1,22,169.96,1
5787407,786041,554,0,37448.21,4,0,1,0,0,10,74.21,7
3416493,786128,533,1,28019.5,2,1,1,0,0,9,311.37,1
4064676,786224,688,5,830.61,2,1,0,1,3,1,111.08,80
5287493,786341,798,10,48169.65,1,1,0,0,0,0,21.4,11
2503717,786385,639,1,58402.03,3,1,1,0,0,13,111.26,6
3587505,786393,750,0,59679.68,1,1,0,1,0,0,36,39
6147152,786406,710,3,21617.5,2,1,0,0,1,3,16.7,40
7832964,786508,596,9,30529.41,1,1,1,0,0,12,23.02,4
3838554,786516,631,2,1632.78,1,1,1,0,0,17,83.39,22
1988408,786563,848,0,0,3,1,1,0,0,19,136.16,15
6457472,786587,822,1,0,1,1,0,1,0,4,129.77,84
4044357,786594,631,3,46863.86,2,1,1,0,0,1,74.64,0
1455856,786641,570,3,41078.36,2,1,1,0,0,20,111.8,5
1981497,786735,658,5,32670.2,3,1,1,0,0,16,25.36,4
6000018,786789,661,3,81772.42,3,0,1,0,0,27,125.02,4
7542102,786837,799,0,18459.94,2,0,1,0,0,16,20.65,3
2656653,787237,527,0,67604.35,2,1,1,0,0,22,52.26,4
6369404,787247,672,6,33926.9,2,1,0,0,0,7,66.98,55
3390091,787277,688,0,33429.34,2,1,0,1,1,0,28.35,13
7926017,787313,683,1,0,1,0,1,0,0,1,32.84,1
6439471,787326,704,5,72333.54,4,1,1,0,0,17,86.54,3
5327419,787351,669,4,10627.91,2,1,0,1,2,5,63.05,61
7300065,787436,580,5,15613.62,1,0,0,0,1,3,260.54,188
3029477,787554,561,2,93658.63,3,1,0,0,2,13,154.5,19
1870370,787584,672,7,0,1,1,0,1,1,10,21.99,84
4398383,787603,562,1,21405.41,1,1,1,0,1,11,39.26,9
5020206,787757,500,4,0,1,1,0,0,0,12,147.17,7
4967662,787836,518,2,258.61,1,1,0,1,3,3,38.36,15
9270822,787923,696,0,51516.55,2,0,1,0,0,17,20.75,2
9533248,787926,558,2,244.67,1,1,0,1,1,10,69.8,28
9462784,787991,649,4,22797.01,2,0,0,0,2,6,40.39,22
7460044,788049,732,3,30343.93,1,0,1,0,1,23,109.72,0
2930745,788108,549,2,850.36,1,1,1,0,1,18,75.26,1
5517895,788201,671,0,159049.76,3,0,0,0,4,8,59.87,119
2017235,788279,738,1,0,1,1,0,0,1,4,91.94,70
6340799,788457,681,3,45285.7,2,1,0,0,1,7,48.66,35
8798444,788500,686,1,58881.53,1,0,0,1,1,9,121.4,25
7829609,788637,617,2,2549.37,1,0,1,0,0,12,88.39,8
2098206,788772,559,1,73144.54,3,0,1,0,0,20,64.17,5
9123050,788784,554,1,74187.8,2,1,0,0,1,1,7.25,54
1484969,788793,500,6,182525.3,3,1,0,1,0,7,49.11,104
7836611,788842,590,3,43763.79,2,1,0,0,2,7,11.21,22
4921514,789023,562,2,68213.66,1,0,1,0,0,20,39.36,8
1312439,789089,754,1,28046.83,4,0,0,0,3,4,35.64,10
5515751,789233,783,2,0,4,1,0,1,0,8,62.69,60
2703045,789237,592,10,893.49,1,0,0,1,0,2,99.43,30
5132498,789275,561,0,0,1,1,1,0,0,13,202.87,8
3106737,789305,566,5,0,3,1,1,0,1,24,75.91,5
6110555,789461,643,10,23389.4,1,1,0,0,0,3,36.89,2
7824064,789472,789,0,20381.08,3,1,1,0,0,14,85,2
8482340,789545,625,2,69015.34,2,1,0,0,1,7,39.9,13
2407748,789558,676,4,65553.29,2,0,0,1,2,6,40.42,5
9395862,789606,724,2,118793.12,3,1,0,0,2,2,100.54,205
4413440,789786,651,3,44566.09,2,1,1,0,0,16,135.71,1
3388522,789880,556,1,8422.97,1,1,0,1,0,5,89.57,6
7263022,789886,674,6,347.25,1,0,1,1,1,20,93.53,5
3821731,790017,617,3,528.23,2,1,1,0,1,19,23.66,1
5113127,790077,810,2,1254.78,1,1,1,0,0,7,15.32,6
8109386,790203,612,0,44549.21,3,1,0,0,1,7,403.32,97
8578973,790266,634,7,1116.91,1,1,0,1,0,11,100.34,54
1701154,790388,745,4,55125.72,1,0,0,0,2,6,61.89,24
1016794,790441,743,1,59456.94,2,1,0,1,1,11,113.06,137
8795567,790658,842,10,40373.15,1,1,1,0,0,11,91.49,1
5852800,790731,483,10,0,4,0,1,0,0,20,99.61,1
3808198,790855,687,1,42421.44,1,1,1,0,0,30,45.65,4
1009108,790897,655,0,515.01,1,1,1,1,0,26,38.02,4
2009569,790909,686,0,26587.31,2,1,0,0,0,7,177.22,32
9089743,790917,620,3,0,1,1,1,0,1,19,51.38,6
5585262,790993,709,1,14640.54,2,1,1,0,0,27,12.34,5
5209218,790995,480,1,39677.39,2,0,1,0,0,20,123.45,5
7377917,791174,596,7,0,1,1,1,0,0,25,144.47,7
6895814,791201,670,2,25412.6,1,0,1,0,1,7,80.96,7
4569422,791308,628,2,5231.48,2,1,0,0,1,6,51.1,104
9561890,791309,619,0,25001.88,3,1,1,0,0,11,80.79,10
5719620,791354,654,0,5036.37,2,1,0,1,0,9,36.46,145
1763107,791423,567,4,10225.38,3,1,0,0,3,5,106.94,3
3708116,791444,663,0,35615.33,1,1,0,0,2,6,51.87,66
9960531,791454,543,0,44010.78,2,1,0,0,3,0,94.97,5
2173318,791505,598,4,39098.67,1,1,1,0,1,20,65.88,7
6043874,791567,571,4,99602,4,1,1,0,0,11,97.71,0
2505169,791691,643,3,0,2,1,1,0,0,16,72.45,0
7632115,791798,691,1,0,2,1,0,0,1,5,26.53,70
3063211,791998,787,2,40032.45,2,1,1,0,0,29,93.6,6
3342942,792094,698,0,11138.48,2,1,1,1,1,7,116.51,3
5688532,792165,760,10,66986.06,2,1,0,1,2,3,25.56,55
8247127,792232,742,1,53919.17,3,0,1,0,2,29,61.45,7
4537478,792267,584,2,826.12,2,1,0,0,2,10,44.69,61
9469478,792282,739,1,62203.14,1,1,1,1,0,19,69.44,0
6340253,792451,650,2,59811.61,2,0,1,0,1,20,55.9,3
6748465,792509,682,5,0,2,1,1,0,1,16,135.45,4
5384902,792561,705,4,29365.12,1,1,1,1,1,18,17.46,9
8595349,792616,765,3,0,1,0,1,0,2,26,54.39,0
5580400,792687,594,1,183841.95,2,1,1,0,2,10,232.37,11
5125991,792759,82.80%,4,3210861/100,1,1,1,0,1,24,25.34,3
6396194,792764,706,0,58985.74,2,0,1,0,2,6,82.87,4
6731597,792818,625,1,30071.49,2,0,1,0,1,10,315.57,1
4533682,792829,536,9,18047.83,2,1,1,0,0,26,295.56,0
8714152,792984,551,3,0,3,1,1,0,1,24,31.34,6
6510598,793024,607,0,0,3,0,0,0,4,5,54.88,46
1266331,793029,811,1,0,2,0,0,1,1,14,30.26,33
3243545,793150,628,9,33330.3,2,1,0,0,1,14,43.35,9
1034351,793169,636,3,92566.93,2,1,0,1,0,6,20.97,55
8994829,793223,666,3,22016.86,2,1,1,0,1,15,49.08,0
1071793,793300,628,6,15983.63,2,1,1,0,0,21,14.13,4
1160702,793384,467,0,34597.86,2,1,1,0,2,15,43.74,1
3911451,793655,645,4,0,2,0,1,0,3,23,115.37,0
7931725,793805,696,0,0,3,1,1,0,0,20,138.56,12
9203667,793856,584,9,23420.57,2,0,1,0,1,22,6.76,6
7589940,793889,629,1,52504.68,3,1,1,0,0,32,34.64,1
2361450,793939,665,0,72111.52,1,1,0,1,0,2,180.86,14
2300622,794022,477,7,2016.39,1,0,1,1,0,17,53.66,8
1519213,794042,758,3,27637.59,1,1,0,1,1,2,13.98,32
8468826,794083,529,0,38176.58,2,1,1,0,1,28,117.18,6
3070570,794093,577,8,44068.04,2,0,1,0,0,17,23.69,12
6922268,794125,391,4,41965.62,2,1,1,0,0,22,22.11,4
7314548,794178,754,2,53450.66,2,0,1,0,2,15,55.47,10
7005668,794180,671,2,90805.88,1,0,1,0,0,18,90.29,0
7488605,794299,688,10,39965.46,1,1,1,0,1,18,63.08,2
3972698,794303,835,2,9423.38,1,1,0,0,2,13,56.13,16
1141455,794395,566,1,3641.14,1,0,1,0,1,27,24.23,0
3093190,794530,699,3,17300.9,3,1,1,0,1,10,47.87,2
8762692,794622,679,3,19734.59,1,1,1,0,1,18,67.38,2
7215633,794663,439,0,27281.24,1,1,1,0,0,9,238.23,0
4237849,794668,641,2,57405.54,2,1,1,0,0,27,113.45,6
8458775,794769,641,1,53341.43,3,1,1,0,0,24,15.45,14
1157090,794799,635,1,0,3,1,1,0,1,21,21.45,1
4716501,794868,624,1,28.42,1,1,0,1,1,7,181,34
1331881,794963,672,0,0,1,0,1,0,0,15,319.59,11
5716653,795186,618,10,24737.02,2,0,0,0,1,5,45,31
7003240,795205,550,2,0,1,1,1,0,0,16,20.12,0
4213032,795556,850,2,28885.87,2,1,0,0,0,6,13.45,5
2509387,795578,649,2,53267.94,2,1,0,0,0,0,114.11,31
6086491,795612,687,0,54762.47,1,1,0,1,1,8,181.23,12
4710242,795613,702,1,508.34,2,0,1,0,0,15,457.89,0
4930196,795650,670,0,52991.94,3,1,1,0,0,33,63.51,1
9284734,795759,770,1,39818.92,3,0,1,0,0,22,26.29,3
7090115,795781,596,10,0,2,1,1,0,0,20,325.21,2
1617335,795847,622,6,57638.55,1,0,0,0,1,0,29.06,170
5710310,795928,765,9,50721.76,2,1,1,0,0,26,90.76,5
9268447,795951,549,1,18992.52,2,1,1,0,0,7,34.43,7
4507886,795978,624,1,0,1,1,1,0,0,16,51.58,1
1119712,796101,524,0,16501.33,2,1,1,0,0,12,51.02,2
4289790,796212,725,0,0,3,0,0,0,1,0,27.86,16
7645223,796353,603,5,15552.34,1,1,1,0,0,2,28.13,1
2861373,796405,537,1,37707.48,3,1,1,0,0,15,96.07,13
5653119,796503,609,1,30408.48,2,0,1,0,0,25,28.6,4
9394071,796643,646,5,0,2,1,1,0,3,5,52.68,6
9288134,796772,698,3,0,1,1,1,0,1,30,159.87,5
3860131,796787,603,2,54301.14,2,1,1,0,1,16,105.51,4
4250925,796889,695,1,0,1,0,1,0,0,18,128.31,18
3944885,796982,457,0,31517.69,3,0,0,1,0,9,63.23,32
2096569,797229,587,2,0,1,1,1,0,1,16,101.81,6
3151617,797416,620,1,73689.55,3,0,0,0,1,4,101.95,14
2091346,797492,720,0,8692.37,2,1,0,1,2,3,23.4,1
3137935,797557,633/850,6,12.94%,3,0,1,0,3,29,79.28,4
5355775,797660,637,10,40135.38,1,1,1,0,0,22,24.71,6
4824620,797860,647,5,65962.74,2,1,1,0,0,17,68.93,3
9775825,798359,636,1,37455.74,1,1,1,1,1,9,29.23,0
5602459,798435,729,2,51733.87,3,0,0,0,2,10,239.51,68
4218734,799080,571,2,1213.21,3,1,1,0,0,31,39.76,0
1387847,799143,652,10,29462.93,3,1,1,0,1,14,86.33,1
9941274,799233,664,5,72283.4,2,0,1,0,1,18,276.04,6
5243311,799287,517,4,39734.17,1,1,1,0,1,10,17,0
8615616,799330,690,0,39923.13,2,1,0,1,2,7,67.06,58
1032798,799396,649,6,0,2,0,0,0,0,7,23.8,10
8165791,799539,609,5,13671.67,2,0,0,1,2,7,86.57,124
1870113,799565,669,0,468.02,1,1,1,1,1,12,38.36,2
6419028,799731,605,1,27245.6,2,0,1,0,1,13,642.19,4
8256954,799891,552,2,0,4,0,1,0,1,16,15.52,0
7826244,800005,735,1,895.22,1,1,1,0,0,8,27.84,25
5597554,800007,420,2,0,1,1,1,1,1,22,75.21,4
3042084,800224,656,1,0,2,1,0,0,0,8,193.22,37
9695551,800280,712,1,0,1,1,0,1,0,4,23.18,1
8828026,800305,611,0,34605.45,1,1,0,0,1,4,97.79,22
9314364,800499,662,0,20325.97,2,1,1,0,1,18,96.35,4
7064491,800596,89.10%,3,32.78%,1,0,1,0,1,18,204.18,1
9678130,800646,666,0,53257.48,1,0,0,0,3,0,27.23,73
1729216,800674,605,4,40379.12,1,1,1,0,1,18,33.98,12
4767293,800722,610,1,32259.92,2,1,0,0,3,2,60.69,24
1787936,801062,776,1,38456.54,2,1,1,0,2,11,114.08,6
5662942,801200,636,4,68032.58,2,1,1,0,0,7,97.59,3
8047472,801364,664,0,0,2,1,1,0,2,23,305.77,2
9932362,801432,498,2,61219.19,4,1,1,0,1,20,44.29,2
8530646,801474,587,5,0,3,1,0,0,1,6,211.23,153
6305659,801520,731,2,0,4,0,0,1,1,2,42.81,13
1086558,801534,642,6,65464.02,1,1,0,1,1,9,39.75,94
7574301,801765,740,3,41355.6,2,1,1,0,0,16,54.46,2
4264982,801978,347,10,0,2,1,0,0,2,6,15.22,29
6615431,802131,579,6,33196.36,3,0,0,1,2,5,215.1,51
2372525,802191,680,1,25720.21,2,1,1,0,0,5,13.7,0
1425670,802258,718,6,43215.44,2,1,0,1,1,12,22.92,0
4785409,802371,733,1,136628.41,1,1,0,0,1,6,24.62,8
8110523,802382,503,1,0,2,1,1,0,0,18,77.11,0
2248902,802448,655,4,54987.39,2,1,1,0,3,19,31.86,1
5194038,802559,758,2,42780.15,2,0,0,1,2,7,295.32,59
4303044,802571,700,4,0,2,0,1,0,0,23,54.23,1
3759542,802615,645,3,32894.86,1,1,1,0,0,41,49.02,18
6523472,802667,797,3,39318.17,2,1,0,1,2,8,25.68,48
6214457,802685,637,9,22952.5,2,1,1,0,1,18,62.17,3
2054349,802695,555,4,34279.17,3,0,0,0,3,5,75.02,61
2622794,802729,616,1,145460.42,2,1,1,0,1,23,97.4,8
1467627,802812,586,1,28716.39,3,0,0,1,0,0,97.88,67
9052500,802897,727,1,0,2,1,1,1,0,16,143.11,8
8246900,803024,614,0,37053.47,3,1,1,0,2,20,22.91,6
1403047,803055,718,3,19100.98,2,1,1,0,1,18,87.48,1
6608665,803204,831,6,19679.91,1,1,1,0,0,18,22.48,2
5201173,803281,451,0,29747.89,2,1,1,0,0,8,116.56,4
5146548,803458,736,0,0,1,1,1,0,0,8,126.39,0
2809265,803571,743,6,104229.32,1,1,0,1,2,10,54.45,5
8945295,803724,580,4,82293.72,3,1,1,0,1,21,87.22,5
4999003,803787,774,6,50917.09,1,0,0,0,0,4,515.31,40
6717708,803904,524,8,34761.77,1,1,1,0,0,28,50.06,21
1913231,803950,552,0,67.43,1,0,1,0,0,5,25.99,1
6596685,803953,577,1,0,1,1,1,0,0,8,35.9,7
9718700,804066,701,0,60137.68,3,1,0,0,2,10,30.03,8
4971899,804091,708,5,29466.66,2,1,0,0,2,5,60.43,2
2223240,804258,638,0,23609.57,2,1,0,1,0,9,115.83,0
8357303,804313,747,1,234847.65,2,1,1,0,1,33,46.3,0
2605088,804314,710,0,13298.05,3,1,0,1,1,0,196.33,74
8490291,804318,726,10,0,1,1,0,1,1,1,26.41,81
3094239,804378,592,0,49204.79,1,0,1,1,1,21,337.1,4
2435034,804505,748,5,0,1,1,1,0,0,12,45.9,9
2018157,804527,755,2,34395.49,1,1,0,1,3,14,204.97,138
1559414,804667,726,1,20486.16,2,0,1,0,3,19,43.54,12
7331639,804737,580,0,0,3,0,1,0,0,12,84.23,9
6255956,804758,663,2,1323.24,2,1,1,0,1,23,305.31,5
2090992,804791,679,0,10110.6,2,0,0,0,0,9,34.19,105
3139695,804938,794,6,0,4,1,1,0,0,25,24.08,2
2040224,805000,679,5,0,2,1,0,0,1,7,476.8,98
8414160,805034,691,5,50879.11,2,1,0,0,0,4,129.53,17
1919204,805139,644,10,33827.64,1,1,1,0,1,18,26.72,6
6057845,805188,564,3,20479,1,0,0,1,1,6,31.94,25
8245056,805200,531,7,26367.43,4,1,0,0,3,0,439.2,5
2103777,805448,543,1,41297.55,2,0,1,0,0,22,104.21,0
2708383,805477,701,9,0,1,1,0,1,3,4,100.08,33
1936000,805483,595,0,53623.88,1,0,1,0,1,7,168.89,2
1875823,805511,680,2,0,1,0,1,0,0,24,117.19,5
5947882,805668,657,0,51171.79,3,1,0,0,1,6,147.26,2
7399761,805893,585,5,23772.53,2,1,1,0,1,14,90.72,0
7739123,806004,525,0,7761.95,1,0,1,1,1,25,84.99,1
2607764,806013,723,1,27990.59,2,0,0,1,0,6,459.66,30
7897247,806033,699,0,20660.36,1,1,1,0,1,17,137.58,14
4910970,806073,558,6,21505.29,2,1,0,0,3,4,6.84,62
1177948,806215,688,0,29172.87,3,1,1,0,3,24,403.9,1
8606978,806309,572,6,59717.68,3,1,0,0,4,8,141.14,11
7441109,806357,496,0,957.77,1,1,0,1,0,5,220.41,33
8788136,806396,478,0,38317.69,2,1,1,0,1,20,66.9,26
8182422,806423,770,1,17135.35,4,1,0,0,1,8,82.71,4
2699161,806537,797,0,54868.25,4,0,1,1,1,29,23.73,3
6697818,806707,514,2,898.86,2,1,0,1,1,0,36.7,13
1435739,806765,728,0,0,2,1,0,0,3,9,655.49,11
8618143,806774,584,5,28668.67,3,0,0,1,2,15,20.44,0
9677392,806848,602,1,28768.23,1,0,1,0,1,0,618.06,2
6506176,806866,696,0,29461.12,4,0,0,0,1,5,85.72,24
4229300,806995,614,10,167197.24,2,1,0,1,2,10,240.38,108
2812049,807053,580,10,0,2,1,1,0,1,8,60.93,0
2722846,807115,739,0,51704.35,1,1,0,1,1,3,17.88,76
1206168,807160,557,1,38636.42,1,1,1,0,0,13,404.2,0
2133208,807166,736,4,42129.47,2,1,1,0,0,13,17.93,3
4248312,807256,556,4,0,1,1,0,0,3,3,24.84,12
3113620,807424,838,9,25848.41,1,0,1,0,0,23,25.72,0
9537891,807617,693,1,80850.78,3,0,1,0,0,11,198.3,4
5299767,807764,558,3,29271.95,2,1,1,0,0,18,87.02,12
6962475,808011,576,2,29877.35,4,1,1,0,0,24,147.83,3
8063325,808029,606,2,64541.1,1,1,1,0,1,24,49.93,12
9076540,808094,783,7,29156.15,2,1,1,0,0,20,362.84,3
8459558,808308,545,0,49102.8,1,0,0,0,0,6,13.61,54
4119277,808340,850,1,3538.53,3,0,0,1,0,1,152.31,102
5079421,808446,390,2,0,2,1,1,0,1,30,119.78,16
3309764,808640,850,1,335.02,3,0,1,0,0,30,99.91,3
1739385,808699,551,2,0,1,1,1,0,1,7,86.91,1
2014873,809083,692,10,78102.92,1,1,1,1,0,9,60.53,4
3142127,809147,693,1,67842.58,3,0,1,0,0,13,261.9,2
6228902,809176,768,1,58293.98,1,1,1,0,1,16,174.87,1
8312318,809217,751,2,44707.43,2,0,0,1,1,2,40.05,53
9608821,809489,632,1,44689.71,2,1,0,1,1,8,68.36,6
7001942,809570,555,4,0,1,0,1,0,0,22,92.84,0
6220872,809589,627,3,17790.92,3,0,1,1,1,27,114.58,2
3443176,809621,723,0,83704.07,2,1,0,0,1,7,72.98,8
3473113,809641,736,2,0,2,1,0,0,1,2,66.59,54
8877301,809731,509,0,3204.99,2,1,1,0,0,26,23.23,6
6178697,809794,619,7,26704.01,1,1,1,0,0,14,12.5,0
6752912,809922,745,0,10719.85,1,0,0,1,0,15,27.48,153
5883242,810029,688,7,145365.97,4,1,0,1,1,12,19.94,28
7187940,810032,742,3,0,1,0,0,1,1,4,144.67,6
1135590,810078,720,5,6544.56,2,0,0,0,2,11,27.34,118
9685239,810091,712,10,8315.45,1,1,1,0,0,20,55.56,2
3425991,810189,630,7,61192.02,2,0,0,0,1,2,106.47,6
1961630,810219,794,10,54018.11,1,1,0,0,1,10,26.36,60
4982698,810250,604,4,0,4,1,0,0,1,3,62.96,21
9507858,810380,697,0,78505.77,1,1,1,0,0,27,22.9,11
1916158,810446,559,10,10469.09,4,1,1,0,1,26,120.37,6
8081010,810526,850,6,70231.72,1,1,1,1,0,23,304.45,8
6768277,810614,723,2,437.55,1,1,1,0,1,21,54.95,12
4278387,810638,714,2,22140.87,2,1,1,0,1,24,47.65,9
4361682,810687,747,0,2779.51,2,1,0,0,3,13,56.22,1
4376603,810859,768,1,94157.74,3,1,1,0,2,13,40.37,4
2147624,810929,673,1,62375.32,1,1,1,0,3,18,54.62,3
6730290,811016,542,1,71094.18,1,1,1,0,1,13,41.15,4
4176859,811027,698,6,0,1,1,0,0,0,5,205.96,3
8981342,811141,587,10,4234.77,2,0,0,0,3,0,53.55,116
8841710,811163,508,10,9617.4,3,1,0,1,1,7,254.17,37
6555698,811256,850,2,53265.67,2,1,1,0,0,26,37.06,1
6631448,811257,740,2,47756.03,2,1,1,0,2,20,58.62,3
6026983,811332,577,0,38932.37,2,0,1,0,1,11,192.14,0
8024541,811346,572,1,0,3,1,1,0,2,0,153.85,1
6513312,811351,630,3,0,1,1,1,0,0,17,160.77,1
3722606,811444,587,4,6723.71,2,1,1,0,0,16,37.37,4
2759055,811451,573,5,0,2,1,1,0,1,11,39.74,0
8621924,811521,678,0,67430.95,1,1,1,0,0,24,579.97,1
1707866,811721,587,3,31434.29,2,1,0,0,1,3,13.4,2
9320336,811875,688,1,55799.01,1,1,0,0,0,12,90.17,55
4681019,812048,684,7,37971.88,1,1,1,1,0,19,177.95,1
1062026,812131,751,3,0,1,1,1,0,0,29,163.73,17
4741740,812296,775,2,17793.21,2,0,0,0,1,5,85.62,8
4863356,812413,608,1,49259.06,3,1,1,0,0,19,97.89,0
8827187,812526,556,7,14587.04,1,1,0,1,2,7,241.24,46
4575870,812565,695,6,41685.14,2,1,1,0,0,27,7.45,2
5010074,812569,694,2,0,2,1,1,0,0,32,25.39,0
9065582,812591,786,4,0,3,0,0,0,3,6,154.58,9
6561900,812597,796/850,7,$0.00 ,1,1,0,0,5,1,88.67,0
7306753,812711,635,5,31892.47,1,1,1,0,0,29,601.59,0
4444636,812730,661,7,0,2,1,1,0,1,8,85.33,6
7716130,813013,601,3,18285.66,1,0,1,0,1,0,118.5,1
4091109,813145,574,0,22736.6,2,0,1,0,0,16,30.54,1
1112833,813269,708,4,0,1,1,1,1,0,8,93.99,1
7087061,813328,775,4,625.76,2,1,0,0,0,5,28.71,0
1165961,813341,600,0,0,1,0,0,0,3,8,98.72,59
2237003,813390,639,1,33368.52,2,0,1,0,0,11,103.91,3
7004341,813449,459,3,64818.02,1,1,0,0,1,7,132.67,96
1503611,813536,637,1,0,2,1,0,1,3,3,90.62,21
2932555,813666,746,1,104184.86,2,1,0,1,1,0,15.81,68
3389108,813763,557,3,44886.16,3,0,1,0,1,0,9.96,0
5875059,813793,518,6,1828.75,1,0,1,0,1,20,13.78,2
8388822,813813,705,8,0,1,1,0,1,0,7,81.95,5
4261548,813824,705,0,0,1,0,1,1,2,21,39.64,7
7038275,813884,590,1,121454.37,1,1,0,0,2,7,44.22,204
1736600,813928,610,3,4927.85,1,1,0,0,1,9,280.24,89
1498041,814138,594,10,52128.95,1,1,1,0,2,14,97.45,5
4340727,814220,600,1,0,2,1,1,1,4,29,131.56,0
4318952,814263,722,0,52714.16,2,1,0,1,0,9,59.63,60
5766421,814281,601,2,0,3,1,1,1,0,26,45.65,2
3921695,814544,702,2,45734.86,2,1,1,0,0,21,164.68,9
4673288,814622,610,3,15815.23,2,1,1,0,0,12,65.83,24
5395611,814703,500,0,24525.93,2,0,1,0,0,17,441.77,5
3924009,814825,732,3,47126.81,1,1,0,0,3,5,66.82,43
6701191,814827,652,3,2199.88,1,1,1,1,1,28,47.64,1
5126595,814919,554,1,0,2,0,1,0,0,20,13.64,3
3995428,814956,715,10,0,1,1,1,0,0,20,69.07,0
4288125,815054,629,3,0,1,1,0,0,1,8,1020.39,3
1360576,815198,575,2,34758.79,2,1,1,0,0,15,54.71,5
3954088,815338,610,10,20833.06,1,1,1,0,0,23,32.52,0
5392083,815706,703,3,38583.8,2,1,1,0,1,23,28.47,1
2697690,815707,532,0,44464.23,2,0,1,0,1,23,246.07,27
1352216,815819,653,7,72142.31,2,1,1,0,0,16,37.12,6
3302564,815894,646,0,41868.39,3,1,1,0,2,8,70.89,4
7357268,816047,744,0,23558.5,2,1,0,0,1,8,78.42,18
2861751,816116,689,1,13277.72,1,0,0,0,3,11,21.24,3
6677129,816289,663,0,73051.02,2,0,0,1,1,9,175.58,29
4527197,816308,605,0,39404.96,2,1,1,1,2,21,115.62,7
6118265,816318,661,0,66342.91,1,0,1,0,1,18,41.62,11
8653827,816400,700,1,14190.77,3,1,0,1,0,8,83.61,160
5029047,816412,500,7,0,1,0,0,1,0,4,59.19,63
7201541,816586,657,0,0,4,0,0,0,1,6,81.23,42
7247000,816712,616,2,108.92,3,1,1,0,0,12,42.15,16
3874940,816751,635,2,45882.1,2,1,1,0,2,9,228.73,1
9840363,817269,612,1,30005.03,1,1,1,0,1,21,57.31,4
8276581,817276,850,0,39289.02,2,1,0,0,0,8,33.97,68
2096852,817303,620,4,0,1,1,0,1,2,4,96.03,11
2987988,817318,623,10,24569.61,1,0,1,0,0,33,180.34,5
3423170,817395,707,10,24451.24,3,1,0,0,0,10,73.72,46
3194370,817497,622,2,0,3,1,0,0,0,8,85.65,51
4181650,817552,591,5,0,2,0,1,0,2,14,37.09,7
4215878,817611,670,2,45393.04,1,1,0,1,1,2,63.17,0
9934785,817644,623,0,33134.45,2,1,0,0,1,0,335.88,16
7345068,817659,682,1,65622.13,3,1,0,1,1,16,90.33,32
7278962,817675,849,0,57473.18,3,1,1,0,2,32,37.01,13
6334342,817712,592,10,25751.76,1,1,0,1,1,10,11.34,74
8206488,817727,566,4,24733.05,2,1,1,0,0,21,20.77,6
5102862,817817,559,7,47890.05,2,0,1,0,1,17,232,0
1775026,817870,721,2,0,1,0,1,0,0,15,44.99,10
4172607,817897,677,3,17710.08,1,0,1,0,1,16,125.51,1
9983668,817923,850,1,24643.25,4,0,0,0,1,4,27.86,7
5935567,817941,652,5,51729.46,4,0,1,0,0,9,20.66,0
3492539,817956,520,0,24774.05,2,1,1,0,0,9,67.48,0
6497568,817999,628,7,82.23,1,1,1,0,0,3,41.28,3
5146852,818113,507,0,146649.43,2,1,0,0,0,7,59.42,89
1893537,818119,702,6,88472.44,3,1,0,0,2,2,74.17,9
5698850,818264,751,2,30756.11,1,1,1,0,1,43,33.44,2
3121622,818430,783,4,3982.49,2,1,1,0,1,16,129.87,1
9527346,818530,630,1,0,1,0,0,0,0,15,60.08,35
9203901,818605,611,0,47474.38,2,1,1,0,2,23,99.94,16
4510423,818651,553,0,37160.14,2,1,0,0,0,7,17.87,19
2365794,818699,655,5,47357.24,4,0,0,1,0,10,78.73,16
8896486,818709,786,3,8640.54,2,1,0,0,2,2,58.67,1
2088389,818791,694,10,48910.21,3,1,1,0,0,25,68.44,4
3809068,818798,685,6,36598.9,3,1,1,0,0,22,64.08,8
9533123,818807,523,1,185.69,1,0,1,0,0,21,33.59,6
7511503,818894,704,0,0,2,0,0,0,1,10,9.06,5
9542262,818987,601,1,19313.16,2,0,1,0,1,10,70.64,7
7279143,819050,765,1,702.9,1,1,1,0,1,17,54.14,1
9364914,819112,620,4,0,2,0,1,0,0,28,17.73,17
9705569,819150,62.40%,0,23.46%,1,1,0,1,0,0,52.36,101
8789112,819195,558,2,45782.61,4,1,1,0,0,14,22.92,10
4003096,819265,706,4,0,2,1,1,0,1,31,40.26,16
6399296,819335,$706.00 ,1,"$26,495.50 ",2,1,0,1,0,1,41.26,99
7272644,819368,617,10,97075.78,2,1,1,0,2,23,104.14,1
9816018,819380,579,10,164282.34,3,1,1,0,1,19,180.24,6
9108379,819400,587,3,49724.47,1,0,0,0,1,10,38.64,97
9301232,819425,686,2,971.7,2,1,1,0,1,19,38.44,3
8948342,819622,546,5,51873.41,2,0,1,0,1,11,144.97,2
5501921,819656,558,3,0,1,0,0,0,0,7,102.77,60
7726758,819678,459,6,65955.21,2,1,1,0,0,17,27.57,3
1614121,819796,508,4,61363.6,2,1,1,0,2,26,101.46,3
4476232,819871,681,3,11187.08,3,1,1,0,0,15,528.77,10
4683039,819916,662,1,39723.98,2,1,1,0,0,25,83.21,0
4405783,819964,767,0,56420.25,2,1,1,0,0,21,258.09,1
8584644,820141,499,0,52831.78,1,0,1,0,0,31,88.1,4
4932320,820184,800,5,13277.84,3,1,1,0,1,24,71.63,1
7642099,820221,451,0,705.14,1,1,1,0,1,11,19.31,2
4667394,820426,521,3,24800.54,2,1,0,0,0,7,200.89,130
6133811,820442,646,1,40165.09,1,1,1,0,1,10,44.27,10
8130700,820539,661,9,57331.62,2,0,1,0,0,19,26.13,2
7326402,820767,499,5,60652.12,2,1,1,0,0,17,79.22,10
3637534,820775,563,5,48104.51,2,1,1,0,0,23,152.74,1
7276479,820892,687,4,78014.6,1,0,1,1,1,12,71.44,1
5270292,821024,580,0,41995.8,2,1,0,0,2,7,25.01,10
2422018,821068,739,1,0,4,0,1,1,0,21,37.88,1
3253688,821175,618,1,0,3,1,0,0,2,12,42.6,33
2409758,821179,693,0,24753.57,1,1,1,0,0,0,24.22,0
5950084,821276,774,2,791.83,1,1,1,0,0,11,69.21,2
8457561,821466,611,0,27768.39,1,1,0,1,2,0,186.44,24
9704367,821568,630,10,0,2,1,1,0,0,12,35.74,5
6898448,821590,690,1,1299.56,3,0,1,0,1,13,66.13,1
4861738,821634,633,5,1018.31,2,1,1,1,0,34,74.1,3
1690263,821673,753,3,59543.39,3,1,1,0,0,19,596.63,0
8805651,821846,672,2,149.56,1,0,1,0,1,2,22.19,1
9594331,821942,713,3,72608.66,4,1,1,0,1,13,9.03,9
6643418,821978,691,2,19421.01,2,1,1,0,0,6,389.41,5
8148811,822040,676,0,27106.41,1,0,1,0,1,16,117.25,2
8569061,822063,564/850,1,4547792/100,3,0,0,1,3,8,84.65,69
8844203,822106,537,4,34248.57,3,1,1,0,3,13,39.44,1
8256240,822131,802,0,1324.36,2,1,1,0,0,23,103.28,0
7861089,822303,768,3,28104.53,1,0,0,0,1,3,8.73,56
7165827,822312,670,0,33589.12,1,1,1,0,1,0,31.09,2
9347387,822608,712,3,59555.19,4,0,0,0,1,6,84.44,21
6318720,822689,500,3,62254.21,2,0,0,0,4,6,47.24,0
5580506,822730,690,2,43086.3,3,1,1,0,0,2,108.79,5
7415119,822742,538,4,0,2,1,0,0,1,2,152.91,70
1414702,822794,453,0,59748.85,2,1,1,0,2,18,103.88,8
4012613,822858,445,3,396.77,3,1,0,0,4,8,79.43,32
8410303,823092,549,2,35127.49,2,1,1,0,1,27,22.1,0
4922352,823108,608,2,35624.52,2,1,1,0,1,30,220.65,8
5456445,823222,584,1,9931.11,1,1,1,0,0,30,37.51,6
2273196,823255,542,10,35498.85,3,1,1,0,1,26,334.36,3
7024579,823270,600,8,38024.92,4,1,0,0,2,4,42.91,176
2382753,823378,771,1,0,3,1,1,0,0,8,58.8,0
5941189,823415,560,0,18469.33,2,0,0,0,1,8,87.51,103
9418218,823468,561,0,0,1,1,1,0,0,8,33.88,5
9603205,823535,666,1,0,4,1,1,0,0,25,123.08,2
2311290,823648,717,6,0,2,1,1,0,0,25,54.56,2
5637641,823688,505,10,79735.9,2,0,0,0,1,5,22.67,24
4820869,823769,630,0,0,1,1,0,1,1,13,229.27,77
2651030,823809,619,10,0,1,0,0,1,1,12,35.82,56
2989574,823811,612,2,26454.14,1,1,1,0,0,21,57.81,7
2197032,823821,622/850,10,19.77%,1,0,0,0,1,2,69.02,95
7043772,823846,617,0,16863.39,2,1,0,0,3,0,96.83,21
1642255,823975,748,2,25881.26,1,0,1,0,2,9,40.14,4
4360587,824016,671,1,28956.67,2,0,1,0,0,14,8.85,1
6599527,824038,491,6,21308.07,1,0,1,0,1,29,104.68,6
4299177,824042,575,1,0,2,1,1,0,0,14,14.78,4
6523752,824056,580,10,0,2,1,1,0,1,27,169,4
5194700,824087,506,2,9714.29,1,0,1,0,1,21,19.71,5
6078724,824141,668,0,0,3,0,1,0,0,25,61.23,0
5604751,824156,651,0,0,1,0,1,0,0,9,71.73,6
4198449,824161,543,3,30806.37,2,0,1,0,3,18,54.6,3
3312992,824304,574,6,28630.71,1,0,0,1,3,5,8.9,18
5381125,824305,732,0,42202.55,2,1,1,0,0,21,134.51,7
1143174,824586,688,3,319.12,1,1,0,0,1,1,12.74,106
6024342,825104,704,0,64558.22,3,1,0,0,2,8,200.42,3
5728578,825272,686,2,399.14,1,0,1,0,2,20,50.03,1
6815525,825309,535,1,100064.45,1,1,1,0,2,19,36.53,3
7774826,825318,788,3,0,2,1,1,0,0,18,60.61,6
7807497,825391,561,10,53895.9,1,1,0,1,0,5,7.3,37
1199493,825423,468,0,72290.25,2,1,0,0,2,6,63.08,82
8918912,825686,721,0,53211.34,1,1,0,1,1,1,16.23,1
9600788,825835,623,1,0,1,1,1,0,1,10,153.67,1
3504521,825846,694,1,0,3,1,1,0,1,26,35.58,9
7669032,825916,725,2,90866.09,4,0,0,1,2,5,64.94,67
4818133,825990,679,4,46191.2,1,0,1,0,0,28,92,5
4807191,826155,644,1,76706.3,1,1,1,0,0,8,72.32,7
4521118,826353,712,5,177.84,2,0,1,0,0,29,95.52,8
8959753,826420,658,2,27314.92,2,1,0,0,0,4,48.94,10
4921224,826490,733,0,289.79,4,1,1,0,0,34,36.44,12
9654113,826501,604,3,24911.47,3,1,1,0,0,21,11.73,2
8864124,826596,850,1,40887.86,3,1,1,0,1,23,616.94,3
8741026,826830,688,0,0,4,1,0,0,6,0,65.92,5
6715319,826847,571,5,31188.86,2,1,1,0,1,25,92.7,1
2440757,826897,733,6,73892.33,2,1,0,0,0,6,13.68,14
6252524,826991,508,10,24035.62,1,1,1,0,0,17,237.47,1
4151542,827117,476,1,0,3,1,0,0,1,5,134.9,57
8193952,827120,661,4,5198.42,1,0,0,1,3,3,869.42,71
8007639,827143,435,3,20228.61,2,1,0,1,2,5,39.24,14
4516248,827146,761,9,412.38,2,1,0,1,2,11,47.69,1
8359842,827157,744,8,108074.35,4,1,1,0,2,5,28.83,0
8549276,827191,625,10,37448.9,4,0,1,0,0,10,135,0
1505062,827213,679,9,0,2,1,0,1,1,5,124.63,7
7286425,827250,577,10,12661.76,2,1,1,0,1,23,73.73,6
3331197,827356,599,0,41121.77,3,1,1,0,0,18,102.67,1
3153282,827369,597,3,7343.63,2,1,1,0,0,0,55.91,1
6126646,827497,706,2,0,3,0,1,0,0,27,27.62,6
1162422,827632,646,0,30750.77,1,1,0,1,2,0,5.89,45
9385256,827659,643,6,0,1,0,1,1,1,16,224.47,1
6950248,827691,584,1,348.49,1,1,0,0,1,4,89.78,34
6701271,827712,787,0,1453.39,1,0,1,1,0,7,355.08,2
4783105,827744,742,8,2225.49,1,1,1,0,0,20,137.58,1
8032125,827774,775,2,28180.57,2,0,1,0,0,16,73.41,9
8142385,827851,555,1,73741.13,4,1,0,0,2,6,26.95,63
7767404,827912,776,10,87470.71,2,1,1,0,0,17,408.39,0
6027078,828038,500,1,0,3,0,1,0,0,5,5.32,3
6470706,828361,542,0,44058.84,1,1,1,0,0,13,33.28,8
1389899,828449,633,3,0,2,1,1,0,1,19,62.96,2
1540377,828716,635,1,118324.09,3,1,0,1,1,5,21.26,12
3334293,828813,649,1,56763.24,1,1,1,0,0,16,44.07,0
3578511,828834,668,10,0,2,1,0,0,3,16,263.07,4
6540684,828961,429,6,48456.67,2,1,1,0,2,10,77.53,7
7557976,829066,767,5,23776.16,2,1,1,0,0,25,74.85,1
7397463,829168,654,0,0,2,1,1,0,0,29,174.24,0
4425984,829169,655,3,0,2,0,1,0,0,14,56.78,0
7553787,829308,776,5,57933.91,4,0,0,1,2,8,8.58,39
2068863,829386,671,6,27306.11,2,1,1,0,0,21,102.76,5
9967263,829417,513,8,52200.33,2,1,1,0,1,21,44.81,2
7483284,829445,615,3,74279.64,3,1,1,0,1,30,54.08,5
4159798,829630,535,0,53205.36,2,1,1,0,1,23,139.26,0
8965447,829685,687,3,103224.2,2,1,1,0,0,19,18.94,1
2822649,829716,546,1,36095.77,2,0,1,0,0,27,35.28,0
6517042,829884,474,0,124015.29,2,1,0,0,2,9,172.52,26
8575505,829928,662,10,55542.46,3,1,1,0,1,13,15.42,8
6111102,829943,605,1,15426.93,2,1,1,0,0,24,62.84,13
2564332,829987,637,10,40026,1,1,0,0,1,4,54.89,20
3876011,829988,634,4,28083.53,2,0,0,0,1,12,27.96,39
2750084,830000,773,0,0,2,0,1,0,0,15,69.96,1
3980239,830119,497,5,28208.49,1,0,1,0,1,9,114.51,0
1537863,830132,613,5,0,2,0,1,1,2,20,83.44,1
9197571,830180,657,8,0,2,1,1,0,1,25,125.09,6
1450275,830302,793,2,42792.97,1,1,1,0,0,9,44.72,5
4132173,830316,562,0,243.85,1,0,1,0,3,13,33.11,0
4338644,830361,664,10,1278.31,3,1,1,0,0,19,64.16,9
2165866,830429,645,5,41077.26,2,0,0,0,0,0,80.82,20
7474228,830494,593,3,0,2,1,1,0,0,3,80.54,7
5761669,830550,604,6,39798.33,1,1,1,1,0,30,183.54,3
4454299,830609,676,1,64300.3,1,1,1,0,2,2,43.39,10
4909752,830729,489,3,60228.71,2,1,1,0,0,28,526.84,6
5883940,830789,681,1,413.76,1,0,0,1,0,1,30.85,47
9797899,830897,643,4,137655.58,3,1,0,1,2,12,44.43,41
2174060,830917,551,2,53535.32,1,1,1,0,1,23,60.73,7
8627990,830943,419,0,26992.05,2,1,1,0,0,26,64.46,8
1963904,831059,524,3,73587.15,2,1,0,1,1,7,138.93,114
7184958,831063,813,7,283.14,3,1,1,0,0,21,82.11,0
9699518,831076,679,1,36210.71,1,1,1,0,1,24,67.6,0
1185339,831105,654,4,130261.4,3,1,1,0,0,16,26.78,19
3882757,831160,660,1,27865.08,1,0,0,1,1,3,73.57,140
6482325,831295,645,3,8679.14,1,1,0,0,0,5,78.05,14
7893107,721276,850,1,25813.28,4,1,1,0,0,22,13.14,0
7561657,831510,428,5,0,1,1,1,0,1,28,5,7
3634617,831514,779,0,28317.02,1,0,1,0,1,23,106.94,3
2857975,831531,709,0,11032.63,1,0,0,1,3,6,31.75,26
3166570,831663,742,3,56595.65,3,1,0,0,1,16,139.21,14
8019808,831758,490,0,35586.39,1,0,0,0,1,0,329.22,2
9023722,831770,650,5,9589.48,3,1,1,0,1,6,251.35,9
2153651,831963,543,6,45875.41,3,0,0,0,2,3,120.71,34
7526217,832052,563,0,49326.81,2,0,1,0,0,30,100.49,0
4464154,832162,491,6,44674.6,2,1,0,0,3,3,70.12,37
3179901,832168,584,7,13886.05,1,0,1,0,0,28,6.82,13
4450687,832377,611,7,24075.49,3,1,1,0,0,19,23.09,1
6196863,832409,558,3,0,2,1,0,0,1,15,157.26,22
8251124,832534,486,1,1300.36,1,1,0,1,1,0,9.71,11
8965487,832614,700,3,142037.47,3,1,1,0,1,10,163.19,8
3663907,832697,616,1,9926.58,2,0,1,0,1,13,38.94,1
6206200,833247,780,2,27437.41,2,1,0,0,3,3,38.75,0
4405319,833281,738,3,14286.82,3,1,0,0,3,6,51.72,7
9430131,833337,662,1,62034.53,3,1,1,1,1,15,108.15,6
8700011,833417,819,1,8148.5,2,1,1,0,1,17,27.95,5
5621132,833442,741,2,29341.29,1,1,1,0,0,13,43.21,16
4384010,833599,786,3,105702.42,3,0,0,0,2,10,426.3,99
1124877,833723,549,6,47294.39,3,0,1,0,0,24,43.05,4
3393974,833842,639,0,19176.65,2,1,1,0,0,25,72,1
8478135,834018,724,10,1131.57,1,1,1,0,0,24,14.32,3
2073239,834061,729,2,4612.54,1,1,1,0,0,16,214.68,18
7698083,834233,767,4,10235.06,2,1,1,0,0,8,207.44,15
5141290,834406,579,0,24971.64,2,1,0,1,1,3,374.14,138
9822408,834435,437,0,41217.85,1,1,0,0,0,7,22.6,20
6517883,834498,656,0,32712.61,1,1,1,0,1,9,69.01,7
9236918,834549,646,2,0,1,0,1,0,1,11,137.2,0
8720951,834591,606,0,39767.85,3,1,0,1,1,9,103.88,58
8762741,834611,613,9,22534.51,2,0,1,0,2,39,148.57,3
1655733,834733,766,10,18572.29,2,1,0,0,0,1,66.69,30
2528449,834750,703,0,36240.74,2,1,1,0,0,19,81.65,4
5830358,834764,639,0,20599.6,2,0,0,1,0,5,35.27,7
8655554,834815,637,4,34306.17,3,0,1,0,0,17,44.77,2
6818033,834861,534,0,62054.67,2,1,1,0,0,18,634.45,0
5990361,834891,653,4,40797.54,4,1,0,0,2,0,104.92,50
7561407,834928,483,4,28366.27,3,0,0,1,0,5,62.57,62
3938131,835132,653,3,0,1,1,1,0,1,19,121.04,4
7963429,835236,589,1,17635.69,1,1,1,1,0,16,155.5,0
5179788,835244,590,3,877.08,1,1,1,0,1,10,43.98,1
4012820,835343,662,0,69148.99,1,1,0,1,3,6,55.21,16
8249042,835363,606,1,0,3,1,0,1,4,10,12.17,32
8681081,835381,514,6,37533.33,1,1,1,1,4,32,130.05,2
7453607,835392,615,2,0,2,1,1,0,0,23,50.88,2
4077684,835395,609,3,95.5,1,1,1,0,1,7,37.59,0
2602797,835499,831,1,5945.11,2,0,0,1,1,11,150.22,9
7602695,835570,650,3,25977.53,1,1,1,0,1,28,43.97,3
1732568,835575,494,4,869.66,2,1,1,0,0,13,51.8,7
5021419,835716,610,0,51066.56,1,1,1,0,1,14,31.03,2
3649663,835869,641,4,41192.76,1,1,1,0,1,3,113.76,1
5593203,835901,709,6,84418.46,3,0,1,0,1,17,40.26,6
5897094,835911,617,10,23312.93,3,1,1,0,0,36,66.18,4
2119776,835962,621,0,82313.89,3,1,0,0,1,4,74.75,4
4644931,836038,742,2,35648.92,2,1,1,0,1,23,58.52,0
9279347,836109,685,10,55848.03,2,1,1,0,2,11,76.66,7
7900102,836201,742,0,15452.44,1,1,0,0,3,8,65.13,7
3033912,836333,707,1,0,2,1,1,0,0,19,23.71,4
7186297,836677,529,2,0,1,0,0,1,1,9,88.78,37
2284021,836833,603,3,6505.46,1,1,1,0,1,0,32.76,0
2765375,836879,694,7,0,4,1,1,1,0,11,80.61,1
9462341,836971,667,6,1189.14,1,1,0,0,4,6,124.34,33
6469592,836984,715,0,21480.61,2,0,1,1,0,13,64.48,7
7880270,836986,690,1,0,1,1,1,0,0,18,22.17,9
8565450,836989,556,7,42387.24,1,1,0,1,2,6,28.47,101
3765541,836996,774,0,0,2,0,1,0,0,28,65.48,0
5240720,837135,655,10,0,2,1,0,0,1,7,22.39,25
4479126,837290,658,5,0,2,0,1,1,1,16,120.84,5
9490354,837449,672,0,64496.79,3,1,1,0,0,8,204.79,8
1748853,837468,724,3,0,1,1,1,0,0,3,45.1,8
8753883,837520,595,9,24864.75,2,0,1,0,1,18,262.83,1
1448251,837606,549,0,24991.51,2,0,1,0,3,27,45.99,0
2228016,837623,672,1,23844.91,1,1,0,0,0,7,85.68,31
8749462,837715,550,1,26685.05,1,0,0,1,2,12,177.37,7
7394729,837733,502,10,34800.58,2,1,1,0,0,7,65.04,0
6765619,837801,786,10,54038.4,1,0,1,1,1,21,10.38,4
7699844,837852,364,3,38454.51,2,1,0,0,2,0,36.65,17
4261550,837880,666,2,33148.36,2,1,0,0,2,6,31.96,67
7655090,837920,635,10,20581.61,1,1,1,0,0,22,96.51,2
1633753,837945,817,4,16889.45,1,0,1,0,0,17,35.38,0
1180143,837952,443,0,13965.72,1,1,1,1,1,18,51.33,15
5204466,837954,418,0,50210.05,1,1,0,1,2,9,141.32,7
2924056,838083,740,3,0,2,1,1,0,1,35,86.99,7
3289764,838094,544,0,29862.33,2,0,1,0,0,11,85.08,0
6488001,838237,588,2,33057.99,3,0,1,0,0,14,37.75,2
8788747,838253,776,1,0,3,0,0,1,1,3,36.61,96
9132910,838315,622,2,44955.2,3,0,1,0,1,28,82.59,2
8740286,838568,560,8,0,1,1,0,1,3,7,75.85,64
2144829,838726,605,8,16774.56,1,1,0,0,2,3,131.91,28
2384936,838761,685,2,30075.14,3,1,1,0,0,13,93.45,4
5065012,838793,600,3,736.68,2,0,1,0,0,23,42.4,1
8343784,838797,543,2,133541.06,1,1,1,0,1,13,166.63,10
3353101,838857,665,9,24666,1,0,0,0,0,3,36.39,0
8898507,838862,578,1,45753.14,1,0,0,0,2,7,111.72,26
5683223,838908,553,1,19753.19,1,1,0,0,1,7,170.63,53
3707281,838927,584,0,18765.16,2,1,0,0,1,6,39.84,10
3862010,838936,678,10,8271.68,1,1,1,0,1,3,17.93,6
1303099,838968,701,3,1106.79,1,1,1,0,0,19,90.35,8
2686363,839113,598,2,0,1,1,1,0,0,25,160.93,1
3973536,839122,818,0,52641.8,1,1,0,0,0,8,133.27,58
5934928,839142,687,0,52658.9,2,1,0,0,0,4,135.39,31
3082914,839233,571,0,1447.98,1,0,1,0,0,25,22.86,8
9970002,839389,596,0,25301.52,2,0,0,0,4,5,18.87,95
7557366,839485,663,9,1638.5,1,1,1,0,0,19,26.11,8
3826178,839525,740,2,44452.87,1,1,1,1,2,25,65.66,10
2301665,839677,708,9,336.02,3,0,1,0,0,34,271.91,13
1188082,839764,504,0,0,2,0,1,0,0,25,228.61,5
5584412,839808,617,0,22594.37,2,0,0,1,1,2,366.5,78
3575243,839883,680,1,4311.49,3,0,1,0,0,21,117.35,0
8393014,839945,591,0,80027.37,2,0,1,0,0,17,186.82,0
7007702,840058,657,8,0,1,1,0,0,1,1,44.56,82
3985341,840282,602,0,641.03,1,1,0,0,1,2,208.08,24
4635160,840532,625,1,49065.87,1,1,1,1,1,17,134.37,1
1577888,840734,711,0,28028.58,1,1,1,0,0,28,110.2,5
9930492,840951,591,5,15681.84,2,0,0,1,3,1,64.01,44
4626672,841071,570,5,14812.09,1,1,0,0,2,2,58.6,21
8416504,841122,494,10,56917.08,3,1,0,0,0,0,31.84,23
1801213,841139,518,10,94294.81,3,1,1,0,2,8,115.42,1
9772377,841296,649,1,0,1,1,1,1,0,21,57.37,5
2724585,841521,706,0,27313.06,3,1,1,0,1,18,20.75,6
7553489,841535,755,1,0,2,1,0,0,0,5,45.25,58
6172822,269811,657,0,38458.92,1,1,1,0,2,11,139.8,1
8448860,841666,610,0,1370.78,4,1,0,1,0,0,116.11,0
1879382,841948,614,0,0,2,1,1,0,0,20,66.34,1
1078278,841978,712,2,18234.12,1,1,0,0,1,4,181.57,37
1816458,841995,744,1,41571.99,1,0,1,0,1,19,47.61,9
7331646,842057,482,3,0,1,1,1,1,0,8,221.62,9
4384602,842225,637,2,36678.34,1,1,1,0,0,16,84.97,1
5189267,842287,683,8,30255.57,1,1,1,0,1,20,267.84,3
7285495,842411,594,2,36102.77,2,1,0,1,3,5,91.85,77
5002042,842464,526,2,136.22,1,1,1,1,2,36,22.09,0
4355203,842470,599,10,45608.88,3,1,1,0,0,21,34.92,1
2533209,842776,603,0,0,1,1,0,1,0,7,132.68,55
1269080,842846,613,5,11346.34,1,0,1,0,0,15,36.37,1
8074662,843007,586,0,0,1,0,1,0,1,20,273.45,2
1468825,843167,706,3,0,2,0,1,0,0,18,123.95,7
1244275,843215,654,0,0,1,1,1,0,1,7,21.15,0
6655878,843266,565,1,0,4,1,0,0,1,9,28.41,33
4223772,843404,646,0,55829.37,1,0,1,0,0,23,10.1,9
2059841,843596,803,1,0,1,1,1,1,1,17,165.11,11
4700514,843788,592,3,0,1,1,1,1,0,19,57.84,6
2620732,843793,706,6,0,2,1,1,0,0,20,159.81,6
3816607,843826,785,3,31814.05,2,0,0,1,1,6,31.4,15
3802587,843963,728,5,17121.55,1,1,1,0,0,23,75.16,0
1738407,844007,522,10,0,2,1,0,1,1,10,66.01,72
7973953,844012,748,5,30985.81,2,1,1,0,0,22,49.7,3
9598324,844031,707,3,29222.98,1,1,1,1,0,12,17.79,3
2806634,844037,614,7,31667.22,2,1,1,0,1,26,97.89,2
6488523,844162,620,5,13166.24,2,0,1,0,0,26,87.74,7
6413664,844163,646,3,62915.33,2,0,0,1,1,8,82.74,121
4180079,844261,640,0,15885.01,2,0,0,0,1,0,199.73,59
4474885,844305,378,1,29113.55,2,1,0,1,1,10,442.49,4
7628072,844321,625,2,0,1,1,1,0,1,17,74.23,6
8178640,844618,580,1,53000.85,1,1,1,0,1,16,12.9,4
3026754,844638,685,10,31141.1,1,1,1,0,0,25,79.65,4
4899161,844715,721,2,37233.05,1,0,0,0,0,4,32.41,80
4586633,844858,685,0,108941.04,3,1,1,1,1,18,106.37,1
2776460,844904,547,3,0,2,0,1,0,1,12,50.89,2
6982358,844943,526,1,0,2,1,0,1,1,10,99.11,13
6425211,845279,519,4,4085.07,1,0,1,0,0,15,20.32,5
3912886,845305,612,0,38413.34,2,1,1,1,0,22,521.14,3
1251567,845635,621,7,21949.96,2,1,1,0,0,23,111.4,1
7746781,845652,620,7,76782.49,2,1,0,1,1,5,28.43,116
6305630,845702,617,2,57581.23,1,1,0,0,0,1,12.52,42
1201014,845951,657,4,69325,1,0,1,0,0,29,314.39,0
7529468,845957,708,0,38946.96,2,0,0,0,0,2,17.54,165
4569653,846030,696,5,59090.7,1,1,0,1,4,8,229.38,8
8696982,846172,661,0,100906.14,1,0,1,0,2,27,27.37,6
4692601,846221,603,3,0,2,1,1,1,1,11,286.15,13
2107569,846247,591,10,50949.22,3,1,0,0,1,8,10.79,32
5671743,846348,729,1,19248.13,2,1,1,0,1,24,35.81,6
7190456,846385,495,4,0,1,1,1,0,0,30,70.27,7
1737173,846420,690,0,31341.52,2,1,1,0,1,27,62.93,7
2129631,846454,780,1,0,2,1,0,0,2,6,66.68,87
4666842,846490,704,0,11549.48,1,0,1,0,2,14,477.05,1
7897060,846606,850,3,0,2,1,1,1,0,17,63.96,2
6058905,846635,759,5,39341.27,2,1,1,0,3,19,109.97,3
9381494,846722,850,2,48273.05,2,0,0,0,0,5,11.92,34
2708148,846746,558,0,12453.97,1,1,1,1,0,12,147.71,4
9995633,846794,408,4,0,1,1,1,0,2,22,112.51,2
3876606,846925,756,1,44934.88,2,1,1,1,0,10,46.16,6
5226854,847006,611,3,40751.75,1,0,0,0,1,3,75.66,50
2589550,847078,645,3,7779.17,2,1,1,0,0,14,114.57,6
6441761,847245,759,1,0,2,0,1,0,0,24,117.19,0
7519046,847251,731,3,0,2,1,0,1,0,8,82.83,25
3230219,847332,644,10,1858.46,2,1,0,0,3,1,5,6
6570816,847362,618,0,61113.75,4,1,0,1,3,6,119.51,87
3941566,847528,615,5,0,2,1,1,0,2,21,93.89,0
6334600,847581,575,7,33800.75,2,1,1,0,0,11,82.36,5
9088805,847748,722,5,0,1,1,0,1,1,7,53.96,36
2132688,848021,606,2,32733.71,2,1,1,0,1,8,222.46,1
6622132,848022,669,5,4634.27,2,0,1,0,1,3,188.91,1
1296097,848023,604,5,58152.01,2,1,0,0,2,14,27.11,0
8531486,848206,748,6,47692.12,1,1,0,1,1,6,39.21,30
7415127,848255,711,7,93374.19,4,1,0,0,1,10,18.63,114
9573595,848344,663,8,103249.28,4,0,0,0,1,11,228.7,78
4899452,848705,621,0,36162.6,3,1,0,1,2,1,37.76,37
9445986,848831,548,10,38.29,1,1,0,1,0,5,19.87,65
1222997,848969,716,3,72032.68,4,1,1,0,0,7,8.74,6
4902479,849003,605,6,0,1,1,1,0,1,0,136.36,1
1355901,849014,672,1,55684.65,4,1,0,0,0,6,160.05,1
3081317,849086,465,5,22421.76,1,0,1,1,0,5,18.03,16
6181620,849398,850,10,13715.91,2,1,1,0,0,34,129.92,18
4966072,849421,746,0,307.73,1,0,1,1,2,23,589.46,4
8189001,849666,657,0,22696.92,2,1,0,1,1,0,45.42,9
5086019,849747,637,1,0,1,0,1,1,2,13,165.85,2
2331937,849937,716,9,0,1,1,1,1,2,5,185.23,6
2005341,849979,729,5,18587.42,1,0,1,1,0,12,83.89,4
3307798,850151,537,5,0,1,0,1,1,1,11,105.58,17
7283463,850432,657,4,0,3,1,0,1,3,0,51.65,71
9367241,850689,650,9,22335.78,2,0,1,0,0,27,147.95,12
5976369,850800,574,2,33579.58,2,0,0,0,1,7,104.1,38
4389195,850827,602,5,0,2,1,1,0,1,11,29.86,1
3544610,850981,543,3,13.1,1,1,1,0,1,16,23.99,0
7304004,851413,682,1,47519.5,3,1,1,0,0,11,86.16,1
4429016,851470,808,0,38496.61,2,1,1,0,2,11,128.66,0
1635969,851606,697,0,55914.93,2,0,1,0,0,27,220.85,0
4994050,851678,731,4,14429.62,1,1,1,0,0,6,95.71,1
8444490,851690,674,7,43968.39,1,0,1,0,0,0,21.79,25
6514500,851742,700,3,112231.49,3,1,0,1,1,2,36.5,43
3252626,851759,807,4,40368.36,2,0,1,0,1,23,209.03,1
5666187,851763,646,7,0,1,1,1,1,0,5,142.41,1
6327414,852037,700,0,176346,2,0,1,0,2,0,409.34,2
1664503,852146,745,0,10471.79,1,1,1,0,0,27,164.55,2
9738796,852204,636,8,71935.01,2,1,1,0,0,14,47.93,12
7960756,852470,651,5,60295.76,2,1,0,1,1,5,37.14,19
5839473,852524,597,2,0,3,0,1,0,1,15,49,11
1397508,852658,704,0,36471.3,1,1,1,0,0,20,10.93,6
4842150,852715,766,3,40098.86,1,1,1,0,1,12,19.93,2
6557792,852787,545,0,23357.79,3,0,1,1,0,13,42.78,9
6750028,853240,630,1,0,3,0,1,0,0,16,18.67,0
5064263,853252,661,2,0,3,1,1,0,1,24,63.67,0
4453043,853258,737,10,7752.89,3,1,1,0,0,11,139.1,1
1907210,853270,590,1,37406.6,4,1,0,0,2,15,57.88,7
5166421,853305,558,1,9080.21,1,0,0,0,4,8,89.36,38
4731991,853448,676,1,31409.2,1,1,1,0,0,17,123.96,5
7400271,853504,617,0,57838.27,3,1,1,0,1,9,472.94,0
9748847,853629,820,0,186.4,1,0,1,1,0,10,11.4,16
6396173,853681,642,3,40486.3,1,0,1,0,0,24,20.36,5
4079382,853789,662,3,23829.74,2,0,1,0,2,12,20.28,2
8421584,853905,847,0,133435.7,2,1,1,0,2,10,27.58,14
1101379,854024,691,8,40505.36,2,1,1,0,0,14,65.93,3
2084091,854213,802,0,66137.36,2,1,1,0,1,21,13.19,4
9248388,854377,511,1,23828.41,2,0,0,1,1,6,152.87,4
2174152,854388,672,4,10769.88,3,1,1,0,0,10,48.32,0
4229034,854500,673,10,0,1,1,1,1,1,20,42.3,5
1874208,854540,695,10,0,1,0,0,1,1,7,37.78,17
3374513,854639,704,3,31575.85,1,1,1,0,1,22,17.95,6
4426243,854701,555,3,103.46,1,0,1,0,0,20,44.43,2
3106564,854717,767,0,38596.09,1,1,1,0,0,9,20.81,6
2539467,854787,559,3,0,2,0,1,0,0,0,33.9,7
3913796,854987,652,2,0,3,1,0,0,0,9,131.86,23
4428815,855053,818,3,24455.1,1,1,1,0,1,31,286.04,7
4964626,855185,736,10,844.37,2,0,0,0,3,0,25.18,22
9513171,855242,362,2,51216.59,2,1,0,0,2,5,13.68,97
2311382,855274,584,0,19836.35,3,1,0,1,0,8,23.76,34
8151117,855276,603,4,0,3,1,0,0,1,9,155,24
8836205,855303,662,10,14426.17,2,1,1,0,0,6,195.15,21
6225481,855408,502,1,10696.28,3,0,1,0,2,23,161.52,3
3754127,855562,782,2,75639.22,2,1,1,0,0,17,119.55,0
4314108,855638,658,0,53661.46,1,0,1,0,1,43,23.27,11
5109158,855731,620,5,3331.48,1,1,1,0,1,24,50.62,2
8113821,855777,690,1,41365.75,3,1,0,1,2,1,53.03,7
3960096,855829,828,0,32034.85,1,1,1,1,0,21,31.86,0
5177013,855855,566,3,29195.4,1,0,1,0,2,13,27.74,1
6085186,855917,629,5,7858.52,2,1,0,0,4,5,19.84,6
5787427,855944,582,3,58302.21,3,1,1,0,2,19,59.5,26
8520742,855948,653,7,37657.66,4,0,0,0,1,15,93.88,10
4378948,856027,550,7,309.74,1,1,1,0,0,9,135.28,2
5561067,856035,517,3,63614.16,1,1,0,0,0,0,98.99,102
9072704,856086,591,10,40904.56,1,1,0,0,1,5,34.78,45
2342445,856157,725,1,46355.83,2,0,1,0,1,11,246.48,0
7032783,856211,578,10,181.72,1,1,1,0,1,16,170.78,1
7681433,856215,738,5,22747.59,3,1,0,1,3,1,14.68,0
7337047,856320,647,6,0,4,0,1,0,4,10,549.1,7
3814647,856321,617,4,22195.84,2,1,0,1,1,4,141.56,104
8897261,856379,743,3,148978.65,3,1,1,0,0,15,13.34,0
8405061,856442,772,1,0,1,1,1,0,0,23,177.93,2
8091683,856445,672,0,601.26,2,0,1,0,1,23,179.28,1
9477402,856609,703,3,13351.05,1,1,0,1,1,7,22.34,53
8271756,856648,585,1,0,1,0,1,0,0,31,84.36,9
3615206,856719,620,2,0,2,0,1,0,2,37,169.04,1
9086630,857065,698,2,35732.58,2,0,1,0,2,19,128.98,0
1332374,857111,733,4,56017.46,3,1,0,0,2,8,16.65,162
7399154,857168,543,7,47075.88,2,1,1,0,1,17,91.47,2
8170536,857273,567,4,0,3,0,0,0,1,10,365.25,120
2396415,857505,683,2,41248.4,2,0,1,0,0,15,14.59,7
6037049,857524,684,4,0,1,0,0,1,0,7,116.85,113
3563536,857537,771,2,7420.24,2,1,1,0,0,5,107.65,0
3947745,857750,765,1,796.31,1,1,0,1,1,2,127.97,134
5316638,857888,644,0,21444.89,1,1,1,0,0,20,56.48,10
7382895,857997,740,1,849.61,1,1,1,1,1,26,44.94,10
8778776,858243,527,2,112987.64,4,1,1,0,0,22,105.71,11
6131265,858414,564,1,15136.13,1,1,1,1,1,8,60.81,4
8610197,858490,629,1,0,1,0,0,0,0,7,78.02,90
5751739,858705,677,3,82.59,1,1,0,1,2,10,66.96,12
7293920,858711,553,4,42303.45,1,1,1,0,2,16,29.69,0
9067229,858724,670,5,57011.38,2,1,0,0,2,14,61.03,12
2206947,858729,699,7,3.8,1,1,0,0,1,17,45.79,124
6590741,858889,668,2,54523.99,1,1,0,0,0,8,50.36,45
3292713,858931,483,0,78436.93,2,1,0,1,0,5,31.74,28
8872850,859143,588,3,16378.5,3,1,1,0,1,29,108.02,1
4283565,859246,686,0,23155.13,2,1,0,1,0,0,65.03,164
3595845,859340,846,2,0,1,0,0,1,2,11,69.26,11
4181393,859359,576,0,28240.28,1,1,1,0,0,11,24.06,2
1070138,859364,668,3,58852.78,2,1,0,1,0,0,207.76,16
1215323,859396,729,8,1030.5,1,0,1,0,0,12,146.31,4
9400348,859489,631,1,32588.59,2,1,1,1,0,5,73.57,13
7279004,859584,691,0,0,4,0,0,0,4,4,79.86,22
9245225,859587,751,3,310.47,1,1,0,0,1,3,147.39,42
7787310,859620,622,0,22421.19,3,1,1,0,0,2,29.51,6
7976304,859687,810,4,66929.55,2,0,1,0,0,26,17.93,8
7621123,859767,438,0,37614.06,2,1,1,1,1,35,217.62,1
7260332,859782,792,0,66120.86,1,1,1,0,0,12,95.94,1
7443078,860053,609,10,19326.14,3,1,1,0,2,14,85.91,10
9213304,860127,531,5,0,3,0,0,1,1,9,45.63,38
6164208,860180,619,10,107592.99,3,0,1,0,4,7,43.45,3
2195114,860242,730,7,0,1,1,1,0,2,10,139.91,0
7858317,860397,639,2,65919.57,2,0,1,0,0,13,163.31,6
1651407,860413,696,1,962.96,2,1,0,0,2,12,70.38,1
3088386,860480,620,0,600.63,1,0,1,0,1,14,45.69,4
7456309,860557,678,2,1400.82,1,1,1,0,0,21,102.48,1
3723988,860835,646,3,66078.47,1,1,1,0,0,13,47.2,10
4258608,861127,740,0,33537.27,4,1,1,0,0,12,34.95,6
8319864,861200,475,0,60786.21,2,1,0,1,2,7,92.69,71
5282525,861253,617,0,7927.86,2,0,0,1,1,10,40.54,40
6848179,861265,692,1,23147.31,2,0,1,0,1,12,244.69,1
9549809,861319,593,6,85918.36,1,1,1,0,1,17,44.97,8
9197714,861411,550,2,0,1,1,1,0,0,16,87.62,0
7177044,861594,468,1,26456.39,1,0,1,1,1,9,26.55,1
1968122,861697,566,3,52142.09,1,0,0,0,1,2,101.15,67
7464817,861842,730,2,26627.5,1,0,1,0,1,32,26.77,5
8114216,861894,534,10,14173.77,2,1,1,0,0,8,44.07,9
5140479,861949,773,2,39860.23,2,0,1,0,0,18,27.43,4
5066006,862120,808,1,33480.56,4,1,0,0,1,2,135.93,60
9014904,862182,607,0,15739.84,1,1,0,1,2,8,41.16,66
1578940,862285,676,0,54099.64,1,0,0,1,1,9,63.34,2
7063525,862398,779,1,24026.57,1,1,0,0,2,7,356.76,26
1474058,862400,688,2,0,1,1,1,0,0,16,71.38,4
3481086,862422,719,0,33951.87,3,1,1,0,1,21,94.74,1
5384401,862427,692,3,34594.84,1,0,1,1,1,17,116.31,5
8641531,862491,631,10,45761.83,2,1,1,0,0,19,127.04,1
3472414,862538,610,0,44375.97,2,1,1,0,0,13,28.36,3
5266245,862540,692,0,41798,3,1,0,1,3,9,103.91,88
5150931,862560,737,6,18783.34,2,1,1,0,0,14,53.72,0
3708302,862569,766,2,38182.25,3,1,0,0,1,10,54.49,2
1206987,862606,554,6,575.68,1,0,1,1,0,22,221.54,0
2958415,862712,812,6,0,1,1,0,1,3,12,114.18,6
2548634,862736,721,5,23502.29,3,1,1,0,0,24,97.1,1
7448284,862760,669,3,14633.65,3,0,1,0,0,27,63.42,14
7671743,862847,517,1,0,2,1,1,0,1,19,210.59,8
2348021,862886,680,0,57887.76,3,1,0,0,1,3,54.23,53
9699607,863119,604,2,0,2,1,0,0,0,7,10.29,28
4167928,863124,494,2,24082.74,1,1,1,0,1,12,205.9,5
8095837,863187,634,0,42772.91,3,1,0,1,0,5,68.17,31
3782058,863214,762,6,29455.89,1,1,1,0,1,6,391.22,1
8161714,863336,489,1,0,1,1,1,0,2,13,22.34,8
5242475,863587,832,5,0,1,1,0,0,1,0,84.97,93
6070402,863611,673,0,24552.53,1,0,0,1,0,7,11.3,27
9399459,863873,664,3,235.24,1,1,0,1,2,2,82.17,59
9945633,863934,712,0,35726.93,4,1,0,0,1,4,139.89,2
7422127,864201,780,5,49805.63,2,1,1,0,0,13,209.6,5
6167027,864234,770,2,20853.02,2,1,0,0,0,9,62.07,5
7905652,864491,540,6,0,1,1,1,0,0,27,87.56,4
2491048,864544,559,0,44067.64,1,0,0,0,2,4,12.93,38
2833314,864605,526,0,0,1,1,1,0,1,22,62.34,0
6777952,864711,729,10,289.9,1,1,1,0,3,26,35.18,6
3394334,864715,531,3,27443.61,1,1,1,0,1,19,38.46,8
5513429,864752,592,4,20061.19,3,1,0,1,0,4,236.99,10
4515255,865054,626,6,86619.51,3,0,1,0,0,11,182.54,5
7676832,865175,619,0,40638.57,3,1,1,0,0,19,325.49,1
6169066,865179,569,2,26877.36,3,0,0,1,0,5,35.81,37
1107714,865344,629,0,7478.8,2,0,0,0,0,0,34.07,31
3825261,865380,645,10,18272.35,2,1,1,0,1,19,36.7,6
9249747,865388,662,5,40094.34,2,0,1,0,1,19,269.89,6
1026484,865416,601,3,13305.77,2,1,0,1,1,11,46.97,0
2625220,865433,547,2,0,4,1,0,0,3,3,217.09,32
2171745,865470,497,7,53.33,1,1,1,0,1,32,34.92,1
8010185,865479,486,0,23705.05,1,0,1,0,1,6,36.57,0
9807400,865618,501,5,38182.91,1,1,1,0,3,19,127.47,0
7993453,865630,653,1,0,2,1,1,1,0,20,13.85,2
5837546,865654,641,7,0,4,1,0,0,0,4,160.92,89
8230134,865979,683,0,30916.17,2,1,1,0,0,32,152.62,1
3862767,865990,619,3,10788.59,1,1,1,0,1,8,54.9,4
3959522,866151,625,1,0,2,1,1,0,1,9,29.39,3
7285607,866260,665,1,257.8,1,1,1,1,0,17,532.43,8
4127273,866288,686,7,36753.66,2,1,1,0,0,10,210.15,0
3253718,866418,646,5,1125.97,1,1,1,0,2,35,28.88,6
4322233,866437,656,2,108809.69,3,1,0,0,0,7,69.81,21
9161633,866536,575,4,32847.01,3,1,1,0,0,17,148.85,2
4053190,866634,594,3,0,3,1,1,0,0,17,12.21,17
9432459,866816,728,2,356.16,2,1,0,1,3,6,50.54,28
2849490,867051,631,4,37008.59,3,1,0,0,0,7,122.5,233
8560833,867115,557,1,0,2,1,1,0,0,5,15.75,1
4566389,867333,777,3,18259.3,1,1,0,0,0,0,174.92,50
4114489,867460,694,1,72680.18,2,0,0,0,2,2,144.49,10
4371228,867541,850,0,13752.61,2,1,1,0,1,0,112.75,4
1989554,867562,515,0,12995.3,1,0,1,1,0,26,224.84,0
4065690,867926,614,10,49152.55,1,1,0,1,1,7,28.89,80
4219293,867934,568,10,271.86,1,1,1,1,0,17,29.8,2
5351203,867979,706,1,0,3,1,0,0,3,12,26.66,30
7858398,868020,673,3,0,3,1,0,0,1,8,87.17,35
8394229,868043,510,1,6644.69,2,1,0,0,3,4,96.25,5
2831995,868170,832,8,46802.73,2,1,0,0,1,9,43,130
3787134,868316,654,2,146.54,1,0,1,0,0,26,143.23,2
2338986,868367,616,4,0,1,1,0,0,0,10,27.73,30
5917831,868538,723,4,14256.82,4,1,1,0,1,24,264.27,4
2437925,868544,597,0,0,2,0,0,0,0,2,57.73,52
7337233,868577,707,7,27423.53,4,1,1,0,3,30,39.13,7
3091809,868677,721,0,777.12,1,0,1,1,0,20,83.58,1
5643299,868804,690,0,67757.68,2,1,1,0,0,21,58.35,2
2078144,868844,694,0,90162.95,2,0,0,0,3,2,138.42,2
6740356,868881,678,0,22681.89,1,1,1,0,3,3,67.33,6
1497723,869105,532,2,45388.99,4,1,0,0,1,6,10.17,53
4938956,869177,540,0,36527.06,1,1,0,1,1,4,74.99,17
9017783,869238,579,4,0,2,0,0,1,3,5,17.17,67
9140210,869295,801,1,20893.09,1,1,1,0,1,20,456.28,2
2691296,869440,547,0,28496.11,2,1,0,1,2,0,45.97,26
1159493,869460,579,2,135948.28,3,1,0,0,3,4,30.25,27
2024357,869649,548,4,11066.01,2,1,0,1,4,5,40.39,0
5464094,869735,592,2,70261.14,3,1,0,0,1,12,74.71,20
1121243,869864,527,1,50059.28,2,1,1,0,0,12,70.43,8
1702283,869933,494,0,0,2,0,1,0,0,9,51.91,24
2624736,869969,806,0,909.68,1,1,0,0,2,5,71.03,78
9763319,869983,590,0,40941.07,1,0,0,0,2,5,166.04,39
1121835,870033,641,1,33724.8,2,0,1,0,2,14,27.62,0
7302626,870214,746,2,40716.67,2,1,0,0,2,6,231.44,26
9725395,870319,756,5,50414.42,3,0,1,0,0,4,86.74,0
5459984,870571,611,10,15862.23,2,0,0,0,4,5,23.72,27
9152488,870763,850,0,0,1,1,1,0,1,14,30.99,0
8939511,870786,618,4,31065.09,1,1,1,0,0,21,60.97,2
6654424,870881,625,3,121271.09,1,1,1,0,0,19,33.93,0
8205036,870899,763,8,0,3,1,0,1,4,3,71.09,109
6646375,870925,548,2,0,1,1,1,0,1,25,35.33,3
7220742,871041,667,9,30557.8,1,1,0,0,2,7,119.61,1
6755884,871043,514,9,0,3,1,0,0,1,4,155.89,124
6288577,871051,761,10,93972.55,2,1,0,0,0,13,37.14,9
5019771,871073,81.80%,0,36.00%,2,0,1,0,0,24,54.56,4
7060108,871153,676,0,0,1,0,1,1,0,8,257.29,0
7685239,871185,527,0,404.55,2,1,1,1,2,20,44.87,2
7349097,871403,837,4,13589.07,2,0,0,0,2,2,28,29
1960353,871411,691,5,0,3,0,1,0,0,24,41.2,5
6973179,871476,576,8,51105.36,1,1,1,0,0,19,63.43,2
6540763,871501,670,0,65452.69,2,1,1,0,0,22,38.67,15
2680697,871523,647,3,16703.09,1,1,0,0,3,5,37.79,20
1051752,871581,461,0,0,2,0,1,0,0,8,110.32,4
8665833,871667,690,3,672.06,1,0,0,1,4,3,128.68,38
7741225,871711,706,4,65081.12,4,1,0,0,3,8,24.4,25
3329735,871740,661,10,61930.8,2,1,1,0,0,16,251.15,1
1430846,871939,711,0,1612.32,1,1,0,0,4,9,568.62,8
3061828,871976,546,0,19770.65,2,1,1,0,0,15,219.75,8
9902483,872246,753,10,8257.34,2,1,0,0,0,0,25.63,92
5688687,872303,733,2,45141.22,2,1,1,0,0,13,69.13,0
5169769,872343,732,7,0,3,0,1,0,1,31,82.36,0
7181227,872399,706,6,26564.25,1,1,0,0,1,2,60.73,67
8581927,872519,574,0,13718.61,1,1,0,0,3,14,56.54,115
8972523,872610,646,0,7340.32,2,1,1,0,0,9,55.73,1
9638823,872722,526,8,128143.26,3,1,1,0,1,16,46.78,1
7931114,872840,685,1,52477.5,3,1,0,0,2,1,34.15,9
4153025,872863,577,6,45563,2,0,1,0,0,10,14.51,1
1052497,872918,746,10,50440.77,1,1,1,0,2,21,212.78,0
6405343,872924,762,1,11042.72,1,1,0,0,1,16,16.01,26
1279010,873199,604,0,25433.26,2,1,1,0,0,29,92.17,1
7043247,873207,717,7,0,2,1,1,0,0,27,45.66,8
1767629,873291,652,5,68397.08,1,1,1,1,0,30,68.15,0
6461406,873422,702,1,0,1,1,1,0,0,11,61.5,3
8454220,873443,569,4,849.43,1,1,1,0,1,18,314.95,1
4918463,873449,588,7,33185.32,2,1,1,0,0,36,12.97,8
9129167,873584,100.00%,4,"$146,826.33 ",3,1,1,0,0,23,72.82,0
7713657,873774,693,2,7164.63,1,1,0,1,1,9,123.06,16
2365149,873935,691,1,19850.43,1,1,0,1,1,4,19.11,11
6844074,873959,655,3,0,2,0,0,0,1,0,33.11,38
8179243,874205,600,10,17.24,1,1,0,0,1,4,65.56,6
8988000,874320,592,1,106234.76,3,1,0,0,0,4,1272.98,191
2685367,874415,699,0,184502,3,1,1,0,1,24,28.32,1
7456854,874417,556,1,16819.07,2,1,0,0,2,0,95.72,18
5930202,874483,683,0,2053.75,1,1,1,0,1,11,67.23,2
4272848,874524,611,2,34077.38,1,0,0,0,2,4,41.15,19
3401850,874568,800,0,0,3,0,0,0,2,6,338.3,7
9725065,874661,765,2,18536.96,1,0,0,1,0,7,81.67,45
9466397,874683,706,8,0,2,0,0,0,2,3,77.97,56
1532605,874814,708,2,0,1,0,1,0,0,9,78.47,3
3145157,874863,620,6,0,2,1,1,0,0,33,9.34,4
9353796,875232,778,7,0,2,0,0,0,0,0,70.19,83
2461125,875282,552,0,65038.27,1,0,1,0,0,26,128.98,2
6055785,875414,516,0,57486.42,3,1,1,0,0,22,19.5,5
8831655,875501,695,10,47044.2,4,1,1,0,0,14,14.78,3
3819458,875507,696,4,16864.44,1,1,0,1,1,2,72.19,72
8487448,875520,501,4,30732.28,1,0,1,0,1,4,58.44,4
2940765,875584,491,0,32622.13,2,1,1,0,0,22,150.97,8
9089445,875679,772,1,51151.98,1,0,1,0,1,39,38.04,1
5041658,875753,667,2,15279.62,4,1,1,0,1,18,377.79,1
5082836,875959,626,10,35638.86,3,1,1,0,0,8,88.39,6
4550743,876039,652,6,106698.36,1,1,1,0,0,28,69.6,3
3859391,876383,674,1,3973.94,1,1,1,1,3,0,14.94,3
2500416,876459,614,1,514.48,1,1,1,1,3,29,21.57,4
2769487,876513,462,2,53949.71,2,0,1,0,0,18,141.59,0
8296300,876636,642,9,0,1,0,1,0,1,18,36,0
1490260,876644,643,10,123460.88,3,1,1,1,0,21,21.09,6
3688301,876646,636,2,74278.36,3,1,1,0,1,15,71.08,2
6477774,876764,482,9,0,1,1,1,1,3,37,224.3,0
7433891,876880,777,1,36709.47,3,1,1,0,0,8,10.93,1
5703624,876909,640,8,24899.32,2,1,1,0,0,0,21.16,11
4697296,876936,833,2,17349.71,2,0,1,0,1,24,121.77,7
5322289,876962,738,10,75677.59,2,0,0,1,1,13,81.89,36
8991026,877048,659,1,60718.44,1,1,1,0,0,29,52,9
3065243,877236,591,0,704.07,1,1,0,1,1,2,48.36,4
3277614,877259,829,3,0,3,1,1,0,0,39,203.56,4
9968148,877388,794,4,0,2,1,1,1,1,9,97.78,5
9253698,877407,662,0,0,2,1,1,0,1,14,50.76,10
2517360,877444,637,1,31946.75,2,0,0,1,1,10,95.93,66
6583476,877446,651,2,28692.11,1,0,1,0,0,10,55.28,19
4754845,877493,763,2,41644.13,1,1,1,0,1,16,39.04,8
2084932,877572,601,5,34751.5,3,0,1,0,0,16,77.43,0
6758373,877714,618,10,0,3,0,0,1,1,6,6.71,116
7325183,877722,738,0,652.74,1,0,1,0,2,18,24.85,0
7403032,877747,564,2,89999.16,1,0,1,0,1,16,45.21,9
8331010,877948,524,10,22063.75,2,1,1,0,1,15,44.29,1
4915256,877991,588,0,47881.52,3,1,1,0,1,10,184.61,10
4750560,878086,511,2,21590.63,2,1,1,0,1,28,89.79,5
5346875,878325,810,0,0,4,1,1,0,0,29,82.27,0
2940955,878427,705,3,27604.96,3,1,0,1,1,3,215.05,44
5881775,878476,850,1,54340.04,3,1,0,0,0,3,28.77,49
2471032,878480,655,2,5574.89,1,1,1,0,0,20,41.26,11
2868688,878533,533,10,21891.27,3,1,0,0,3,1,117.45,6
2495511,878579,569,8,52841.83,3,0,1,0,0,19,50.37,5
6708243,878586,586,10,18110.66,2,1,1,0,0,22,332.94,1
4156740,878656,690,0,60687.82,1,1,1,0,1,21,147.7,2
2947939,878967,798,0,67678.26,1,1,0,0,0,0,128.21,27
7169603,879015,629,7,14069.34,2,1,0,0,1,1,194.02,27
3137710,879238,663,1,11756.91,4,1,1,1,2,16,10.38,5
6257514,879414,724,3,25101.28,1,0,0,0,0,7,35.5,0
7378615,879592,583,0,17882.1,2,0,0,0,0,6,179.25,30
1028160,879746,491,5,0,2,1,1,0,0,36,62.93,19
6214340,879769,609,0,22192.15,1,1,0,1,1,2,183.12,83
2038256,879779,600,0,48462.78,1,1,0,1,3,11,7.93,36
9985927,879794,691,0,0,4,1,0,1,2,2,169.42,18
4185283,879850,589,5,41598.79,1,1,0,0,2,5,7.95,11
7512001,880009,547,2,75945.74,2,1,1,0,2,21,16.82,18
8108481,880360,661,8,0,3,0,1,0,0,24,15.39,0
6362719,880550,664,3,15780.5,1,0,0,0,1,5,87.64,9
7124083,880746,759,4,49808.7,2,1,1,0,1,14,31.59,11
3119085,880758,645,3,30703.47,2,1,0,1,1,8,158.89,78
9719981,880762,570,0,0,4,0,0,0,1,0,33.86,84
4726916,880841,740,5,0,2,1,1,0,1,16,150.27,11
2788215,880879,659,6,0,2,1,1,1,0,6,28.18,2
7632241,880900,686,4,1370.54,1,1,0,1,0,7,32.54,46
1154157,881177,546,0,13991.26,2,1,1,0,1,17,39.01,2
8727632,881206,734,1,46965.86,1,1,1,0,0,22,36.67,11
6300362,881369,688,10,113553.7,1,0,1,0,1,11,189.15,5
3427676,881439,592,7,0,1,0,1,0,0,13,61.5,6
5979872,881519,707,2,34609.3,1,1,0,0,2,8,100.02,12
4672603,881549,652,0,0,1,1,0,0,2,7,193.94,42
9385800,881667,756,3,14732.15,1,1,0,0,1,9,37.76,3
8646795,881770,766,2,4054.29,2,0,1,0,0,22,18.69,6
3473387,881828,800,3,0,3,1,0,1,3,3,49.91,46
5754542,881886,602,0,147294.07,3,0,1,0,0,4,295.46,5
3447304,881975,670,1,56272.19,2,0,0,0,3,5,336.49,62
1576194,882032,641,0,236,1,1,0,1,0,6,46.87,49
6371047,882033,800,1,24935.21,1,1,1,0,3,7,179.92,1
6182338,882169,563,0,0,1,0,1,0,0,15,68.87,8
9428504,882186,738,4,0,3,1,0,0,0,6,21.99,7
3071382,882351,604,3,60975.77,1,1,1,0,0,16,17.9,1
5587772,882354,797,0,35852.92,2,0,0,1,1,7,13.23,18
9024252,882395,758,7,30902.51,3,0,0,0,1,9,92.18,13
4618930,882401,687,0,70329.32,3,1,0,0,2,4,78.27,80
9305150,882544,629,2,45522.18,1,0,0,1,1,3,73.24,47
5890476,882824,716,4,67439,3,0,1,0,0,24,45.88,4
7320122,883028,710,1,33657.08,4,0,0,0,1,0,17.96,63
1986711,883041,840,0,17045.33,1,1,0,0,2,6,54.83,11
6589238,883132,784,1,41688.21,2,1,1,0,0,19,68.14,6
3561918,883159,771,0,126701.06,4,1,1,0,0,4,377.71,0
4533501,883171,727,1,76149.04,1,0,0,1,0,5,315.59,88
4776077,883300,635,1,90050.48,1,0,1,0,0,24,160.28,21
1881916,883301,651,0,0,1,1,1,0,1,6,115.54,7
4003461,883377,600,7,307.39,1,0,1,0,0,26,31.35,9
9178970,883586,552,1,0,4,1,1,0,2,10,52.55,0
7573445,883618,483,4,66205.72,1,1,1,0,0,15,123.15,0
6018095,883641,613,0,27605.62,2,1,1,0,0,21,30.62,1
3670819,883790,767,3,19453.4,2,0,0,1,3,7,164.86,106
1361814,883826,574,3,6086.78,3,0,0,0,2,1,106.63,29
7581459,883997,749,3,0,1,0,1,0,0,21,149.79,4
6660802,884056,575,1,2095.68,1,1,1,0,2,14,43.05,6
8087324,884140,749,1,0,2,1,1,0,1,9,92.78,11
8942696,884170,601,0,0,2,1,1,0,0,21,21.65,0
6843624,884197,703,2,10060.39,2,1,0,0,1,0,68.24,59
7565976,884225,690,3,37322.48,1,1,0,0,2,6,113.88,3
7560950,884229,653,10,0,1,1,0,1,0,5,259.77,26
2204993,884256,769,4,46035.77,3,1,1,0,0,3,42.54,8
9855760,884309,620,4,59542.35,1,1,1,0,2,7,358.79,2
5748621,884417,726,10,48401.89,2,1,1,0,1,16,194.29,5
5737283,884475,712,0,27491.06,2,1,0,0,1,7,33.26,53
4273103,884616,668,0,26938.98,2,1,1,0,0,29,31.64,5
7606405,884645,740,3,77501.08,3,1,0,0,1,3,52.4,25
2632751,884782,591,0,120.48,1,0,0,1,0,5,97.8,100
3196149,884897,605,4,25417.89,1,1,0,1,3,1,39.87,81
6426063,885161,715,0,33998.49,2,1,1,1,1,15,73.97,2
1908038,885290,753,7,821.98,2,1,1,0,1,17,193.56,0
6101515,885339,729,0,0,2,1,0,0,1,2,34.57,120
8676121,885342,766,2,2385.61,2,1,0,0,2,8,76.83,25
3746337,885386,565,6,56815.11,3,1,0,1,1,1,139,24
3307889,885395,685,3,12248.79,2,1,0,1,1,5,30.32,97
8413578,885408,792,0,0,3,1,0,0,0,8,69.54,57
9094028,885478,701,8,745.27,1,1,1,0,0,24,135,0
5883538,885587,697,5,0,2,1,1,0,1,12,117.59,0
3429724,885734,505,4,0,2,0,1,0,1,24,48.07,0
4519295,885829,523,10,34129.55,2,1,1,0,0,21,215.85,4
4659722,885884,611,0,111265.54,3,1,1,0,0,20,77.25,4
4282547,886159,534,5,22361,2,0,0,0,1,0,82.35,9
1153218,886197,672,9,10045.59,2,0,1,0,3,23,97.38,5
7077140,886224,756,3,38937.39,1,1,1,1,1,11,63.46,18
2710400,886325,638,10,0,2,1,1,0,1,4,99.64,4
3476408,886530,700,2,0,1,1,1,0,0,12,78.48,2
7317557,886553,635,1,27549.89,2,1,0,1,0,8,55.94,42
8165734,886609,719,7,80084.45,3,1,0,0,2,3,79.54,16
3822312,886626,637,0,0,2,1,1,0,1,11,131.26,6
1945085,886730,572,4,0,2,1,0,0,3,3,46.86,3
2611413,886804,736,2,0,1,1,1,0,0,19,519.41,3
6965707,886931,720,2,11903.1,1,0,1,0,0,9,175.13,1
8950315,887029,639,7,0,1,1,1,1,1,14,115.39,5
4013739,887042,632,1,0,2,1,0,1,0,1,1290.84,1
1880336,887352,694,1,0,1,0,0,0,0,3,49.14,72
2968753,887443,627,7,39059.85,2,1,0,0,2,6,96.93,12
9647567,887524,527,2,32293.57,3,1,1,0,0,30,23.22,1
6678849,887625,547,5,20439.73,3,1,0,0,2,8,117.46,122
8278315,887842,715,1,39529.11,2,1,1,0,0,18,38.11,2
3492562,887931,550,10,3972.87,2,0,0,0,1,0,19.64,61
7777894,888047,641,10,873.42,2,1,0,1,4,8,67.28,14
5110434,888295,662,10,53085.68,2,1,1,0,1,9,17.79,4
1570305,888387,692,4,37505.11,2,1,1,0,0,8,212.59,1
2993175,888539,673,1,15874.16,2,1,0,0,2,5,20.08,10
5040883,888669,557,7,0,2,0,1,1,2,0,122.19,2
7654595,888734,699,7,0,1,1,1,1,1,12,59.91,32
9197782,888775,696,2,21844.59,2,1,0,0,1,2,5.69,181
6078288,888795,719,10,161565.45,2,0,0,0,3,0,17.24,4
3893851,888819,605,6,57384.85,2,1,1,0,2,23,27.3,8
7297691,888870,722,5,17067.71,1,1,1,0,0,20,41.11,0
2503425,888930,470,3,0,3,1,0,0,1,7,121.96,110
8779155,888939,739,8,22967.55,2,0,1,0,0,28,328.53,4
7410589,888977,584,4,22939.61,1,0,1,0,0,10,54.65,2
5617358,888996,578,0,24808.5,1,1,0,1,2,8,75.95,129
8467845,889216,751,0,48533.74,3,1,1,1,2,8,177.28,1
7162658,889245,637,0,7793.96,1,1,0,1,1,0,214,27
1194656,889327,662,1,0,1,0,0,1,3,3,52.5,41
3013272,889359,548,0,55259.29,1,0,0,1,1,1,87.03,107
2956687,889410,635,1,0,2,1,0,1,0,9,133.32,25
2386418,889460,605,1,30313.39,2,1,0,1,2,4,49.97,21
3047685,889660,730,4,2304.77,1,0,0,1,2,4,92.57,52
9207723,889743,655,4,11882.18,4,1,0,0,2,7,34.56,3
9552160,889759,521,1,80056.24,1,1,0,0,0,7,52.39,80
4773783,889882,821,10,77252.91,3,0,1,0,0,13,183.7,0
1386324,890075,728,0,0,2,1,1,0,0,18,23.09,1
9044647,890170,554,0,40964.72,2,1,1,1,0,14,162.74,9
5592340,890200,747,0,72607.27,1,1,1,0,1,20,28.87,0
2586340,890371,580,1,48025.71,2,0,0,1,0,2,477.39,9
4038296,890785,637,9,21567.87,3,0,0,0,3,0,53.13,39
7441777,890870,594,1,0,1,1,1,1,1,24,22.1,8
9123384,890973,700,2,49666.57,2,0,1,0,0,23,105.12,5
8275548,891030,843,6,92968.42,4,1,1,0,1,21,45,1
6005706,891062,592,5,39497.08,3,1,1,0,2,17,41.27,12
3101118,891083,608,2,18436.94,3,0,0,0,3,7,27.14,0
2668347,891093,674,4,117840.72,1,1,1,0,0,10,15.75,0
6456436,891401,494,1,31625.96,2,0,1,0,0,23,128.67,2
2065324,891615,523,3,65070.8,3,1,1,0,2,3,122.89,8
4101936,891638,725,2,0,2,1,0,1,2,12,39.58,51
7800317,891645,692,6,113.31,3,0,1,0,1,10,129.34,0
1331289,891662,765,1,32572.84,3,0,1,0,1,14,261.49,8
7606809,891787,749,2,72341.98,1,0,1,0,1,20,403.59,5
9999580,891918,736,1,31059.37,4,1,0,1,4,10,222.86,113
9893395,891937,629,3,312.78,1,0,1,0,0,11,38.84,7
9196731,891952,647,1,29142.85,2,1,0,1,1,11,73.47,113
2072595,892170,670,3,26977.11,1,1,0,1,2,7,37.81,12
9705716,892182,743,3,38528.46,2,0,1,0,0,17,29.78,0
3081873,892280,648,0,32361.3,2,0,1,0,0,15,29.18,2
4480664,892313,633,2,44731.11,2,1,0,1,0,5,97.85,15
2968404,892453,661,0,39495.08,1,1,0,0,0,6,31.98,10
4031041,892495,678,1,138392.83,3,0,1,0,0,25,23.48,1
4018851,892630,634,2,0,3,1,0,1,3,5,32.52,20
1089321,892682,625,3,14436.24,2,0,1,0,2,21,78.58,4
8503322,892911,731,0,80377.46,1,1,1,0,1,9,22.91,0
6273013,893005,701,1,44599.49,2,0,0,0,0,7,127,8
3064357,893188,625,7,27756.55,2,1,0,0,3,6,54.52,89
1656713,893202,498,3,0,2,1,0,1,2,4,90.1,39
3161173,893435,801,1,22690.09,1,0,1,0,1,19,55.58,0
4459963,893454,595,1,42960.83,1,1,0,0,0,10,46.95,35
3704659,893547,638,0,39217.19,2,1,0,0,0,6,343.75,46
2473390,893612,606,2,16107.29,2,1,1,0,0,30,34.3,3
5307726,893853,609,1,69694.01,2,1,1,0,0,29,153.1,11
1587291,893928,793,5,33068.12,2,0,1,0,0,17,45.04,21
2419525,893969,707,4,135185.39,2,0,0,0,4,6,139.13,1
3092406,893988,652,2,42911.61,2,1,1,0,0,24,74.49,2
9491759,894068,588,3,4564.93,2,1,1,0,0,20,119.13,4
6009306,894139,639,0,0,2,0,1,0,0,23,62.34,1
7099518,894268,850,0,45219.5,3,0,1,0,0,23,35.77,5
3879023,894348,746,2,614.38,1,1,1,1,1,20,93.18,3
8097623,894541,667,4,0,3,1,1,0,3,30,238.52,19
1001435,894586,662,2,23486.43,3,1,1,0,1,29,39.47,1
5166404,894993,705,5,31258.15,2,0,0,0,0,0,105.64,2
6043230,895034,465,4,2630.03,1,1,0,1,2,12,197.96,35
1774541,895075,623,10,46536.63,2,0,0,1,2,5,31.87,63
9714808,895128,431,2,0,2,0,0,0,3,6,30.85,14
5922381,895216,671,3,25743.6,2,1,0,0,2,4,98.8,17
9960751,895242,533,3,15476.71,1,0,1,0,1,8,494.63,1
8464523,895248,642,9,0,3,1,0,1,1,6,27.22,85
3346378,895284,780,8,0,1,1,0,1,1,6,142.63,56
9228265,895338,846,10,0,1,1,0,0,0,15,64.97,30
6250195,895667,673,1,17464.19,1,0,0,0,1,3,130.64,22
9768884,895702,575,3,19665.3,1,1,0,0,1,0,46.38,318
6907545,895794,370,6,34.86,1,1,1,0,1,11,17.47,3
9566284,896028,610,4,24164.89,2,1,0,1,2,7,236,27
4520522,896204,599,7,0,2,1,1,0,0,17,301.67,10
2661097,896290,574,1,57720.36,2,0,0,1,1,2,90.53,28
1750538,896386,668,3,11494.18,3,1,1,0,0,23,104.41,12
4977883,896456,850,3,20360.28,2,1,0,0,2,2,57.62,0
1616293,896483,565,1,37566.38,2,1,1,0,3,12,74.56,9
4155352,896788,737,8,78938.05,2,0,1,0,3,21,17.62,1
3376783,896907,603,4,120965.13,1,0,0,1,6,4,33.77,7
6028286,896922,850,6,40081.35,1,1,1,0,2,17,40.11,5
4610673,897135,488,1,6461.73,2,0,0,0,1,4,38.06,2
3251636,897143,850,3,114588.53,2,0,1,0,1,16,117.88,2
4624549,897273,623,10,32427.44,1,1,0,0,1,7,232.39,45
7024113,897305,786,4,4035.38,2,0,0,1,0,3,38.68,14
5653927,897392,654,8,31484.2,3,1,0,1,2,12,21.47,113
3155739,897423,786,10,0,4,0,0,1,2,5,247.4,55
8080237,897441,600,6,37796.41,1,1,1,0,1,15,67.3,1
2247548,897549,703,10,33313.17,3,0,1,0,0,6,108.23,2
5277642,897615,662,1,48862.27,2,1,1,0,1,3,11.55,2
5373391,897730,696,7,0,1,1,1,0,1,17,140.35,7
7405244,897846,690,2,0,1,1,1,1,0,35,72.82,0
3740044,898025,561,0,0,2,0,1,0,1,13,69.52,12
7711882,898100,755,7,20360.45,1,0,1,1,1,21,224.01,5
8651547,898169,753,1,84432.59,2,0,1,1,1,20,37.47,3
2396771,898207,760,0,6009.45,2,0,1,0,0,10,9.2,0
5264422,898329,521,0,2081.66,3,1,1,0,1,11,299.02,6
8136077,898461,728,4,0,2,1,1,1,2,17,26.9,5
3403234,898462,642,2,33747.27,2,0,1,0,0,22,19.98,0
9990982,898531,642,0,0,2,1,1,0,0,23,48.39,6
4418574,898625,767,2,0,2,0,1,0,0,23,48.35,0
2183767,898696,681,5,57304.72,2,1,1,0,0,33,55.73,1
5519776,898867,527,2,789.2,1,1,1,1,1,21,162.33,0
4231751,898975,733,1,954.44,1,1,1,0,0,18,20.66,2
7243511,899049,665,0,54624.98,2,1,0,1,4,2,75.44,148
9580328,899213,631,10,42628.58,3,1,1,0,0,13,23.21,5
3752186,899281,614,2,18880.46,2,1,1,0,0,19,37.83,3
8041170,899407,605,1,125890.04,4,0,0,1,2,6,68.11,0
3575158,899444,656,10,56089.06,1,1,0,1,1,6,53.89,8
6307645,899484,676,2,0,3,1,0,0,0,2,137.83,27
8275056,899550,698,6,38228.1,2,0,1,0,0,12,118.96,5
7357590,899649,625,0,27319.49,2,1,0,0,1,6,360.14,13
1434695,899776,661,0,1647.31,2,1,0,0,1,4,124.67,96
5152322,899787,624,9,38587.48,2,0,0,0,2,6,25.45,20
2300646,899929,713,1,111635.13,4,1,1,0,1,13,374.01,22
5531949,899977,777,10,47426.72,1,1,1,0,0,11,6.35,1
3090797,900152,794,0,49528.11,1,1,0,1,0,8,105.6,123
9916589,900177,689,4,57699.81,2,1,1,0,0,14,32.28,0
2845328,900185,641,2,0,2,0,0,1,0,6,6.74,75
7824657,900190,751,6,100729.85,2,0,0,1,0,5,73.08,72
2106614,900298,684,1,1301.77,2,1,0,1,1,0,537.04,65
6525702,900441,581,5,38737.61,2,1,1,0,1,10,24,3
2492738,900581,850,6,67691.82,3,1,1,0,2,20,77.52,1
7087100,900660,649,6,8855.6,1,1,0,1,0,10,18.4,2
6595492,900961,833,2,161047.09,2,1,1,0,1,21,181.59,0
5584424,900962,771,0,26850.92,2,1,0,0,1,5,13.7,6
3455003,901164,707,3,27692.66,2,0,1,0,1,11,43.17,4
4787716,901280,572,0,114634.64,3,1,0,1,2,5,39.1,61
5591031,901305,683,6,39880.97,2,1,1,0,0,21,108,1
1165479,901351,616,2,25231.19,2,1,0,0,1,3,41.49,63
2643275,901368,518,6,44422.24,2,1,1,0,0,11,134.79,4
7327627,901387,759,2,0,4,1,0,1,4,10,92.93,42
4728326,901467,633,5,34996.73,2,1,1,0,1,18,99.66,8
7352396,901535,561,1,17944.07,2,1,0,0,3,7,103.19,8
2761653,901561,642,4,308.86,2,1,0,0,4,9,68.64,0
3072044,901577,751,6,43118.16,3,0,0,1,3,4,147.78,71
3948283,901619,850,3,7435.26,2,1,1,0,1,16,32.57,2
9832796,901676,726,4,52132.3,1,0,1,0,0,18,12.23,1
6143048,901677,702,9,2550.98,1,0,1,0,0,30,92.42,2
9214437,901909,611,0,56612.47,3,1,1,0,1,13,44.67,1
2602904,902156,622,0,25711.07,2,1,1,0,0,0,117.77,10
9874478,902325,615,0,22796.79,2,0,0,1,3,9,23.95,46
6853574,902328,689,8,33280.92,1,1,0,0,0,8,140.57,17
5731119,902448,713,3,33554.93,4,1,1,0,1,6,20.98,2
5547530,902575,823,5,3828.25,3,1,1,0,0,27,5,0
2662054,902616,750,8,0,1,0,1,0,0,26,576.12,19
1804690,902658,644,0,594.62,1,1,1,0,0,11,29.25,0
3864666,902674,714,3,36943.5,1,1,1,0,1,31,27.36,12
6335094,902784,660,1,61990.4,2,1,1,0,1,12,36.05,0
7535788,902903,515,5,16598.33,2,1,1,0,2,14,93.35,1
4031181,902930,665,10,0,3,0,1,0,0,6,135.97,3
6791040,903013,633,0,60964.67,2,0,1,0,2,20,108.6,0
9920146,903028,774,10,76775.02,2,1,1,0,0,4,79.25,13
7755367,903035,587,3,38666,1,1,0,0,0,6,63.26,2
9000414,903061,662,2,35068.14,2,1,0,0,1,13,79.56,12
3140306,903072,672,9,1932,2,1,1,0,3,28,67.5,0
5346322,903124,850,3,15234.31,1,1,1,0,1,14,284.04,6
1159341,903265,678,3,70610.27,2,1,1,0,1,25,67.95,1
9616197,903373,572,0,33953.14,3,1,0,1,2,0,34.35,15
3608710,903398,599,3,69548.94,4,1,1,0,0,10,79.3,2
3120109,903506,768,3,10955.29,1,1,0,0,3,5,15.33,58
3393607,903531,504,5,42931.53,2,1,1,0,0,16,186.62,2
7355220,903726,811,3,13753.6,2,1,1,0,0,27,53.37,10
5485722,903741,627,3,2298.19,1,1,1,0,1,22,38.56,4
1886921,904092,584,2,27726.67,3,1,1,0,2,10,33.74,4
7210098,904150,813,0,174306.15,1,0,0,1,1,12,28.81,16
5179399,904214,579,6,0,4,1,1,1,0,10,78.43,4
8016965,904291,545,1,15902.27,4,0,1,0,1,22,43.18,7
8680384,904373,691,1,36278.08,1,1,0,0,2,7,144.15,19
4071984,904624,535,5,49089.47,3,0,0,1,1,4,125.84,22
8364526,904694,606,5,32270.75,2,1,1,0,0,11,45.52,3
6939158,904711,543,2,34137.35,2,0,0,0,0,13,122.31,21
8862907,904751,850,0,48424.26,1,1,1,1,0,11,37.09,2
9426008,904771,677,0,55395.45,3,1,1,0,1,29,66.1,1
5812035,904812,605,0,17127.93,1,0,1,0,1,19,34.55,5
5627541,904858,668,0,0,1,0,0,0,2,0,17.37,32
8176707,904905,544,1,45631.74,2,0,1,0,1,10,134.16,0
9734129,905077,658,4,33765.22,2,1,1,0,2,16,179.77,10
4838024,905245,671,10,56000.52,1,0,0,1,2,8,115.64,16
6120195,905459,633,7,39666.31,2,1,1,0,1,19,174.67,8
2458649,905579,649,5,1295.4,1,1,1,0,2,22,126.64,0
6128149,905635,605,0,40787.97,1,1,0,1,0,17,96.9,15
7820186,905819,618,10,0,2,0,1,0,0,10,40.77,5
6246854,905843,658,1,0,1,1,0,1,1,9,219.95,88
2512308,905934,793,0,13908.2,1,0,1,0,1,16,198.56,3
2333367,905942,724,0,0,1,0,0,1,1,9,38.58,11
2286698,905967,781,6,0,2,1,1,0,0,17,31.88,21
5027148,906010,567,6,69993.61,2,0,1,0,1,18,202.07,9
2570911,906048,628,4,32149.02,1,1,1,1,1,23,97.09,0
3770138,906066,506,0,18608.49,2,1,0,1,2,1,21.8,30
1963205,906233,707,8,0,3,1,0,0,0,4,224.06,24
2419102,906306,617,10,8332.49,2,1,1,0,1,27,18.26,2
5795781,906315,717,10,30841.91,3,1,0,0,2,0,78.59,54
9268659,906325,587,7,21253.86,1,1,0,0,2,4,56.59,12
1179426,906360,684,0,0,1,1,1,1,0,26,126.94,3
8113264,906519,632,5,53692.45,2,1,0,1,0,8,36.92,23
9534273,906527,502,0,45491.5,2,1,1,0,0,7,38.09,0
3288888,906564,594,1,33626.84,1,0,0,1,0,8,33.99,13
9047291,906731,745,9,58919.02,1,1,0,0,1,4,27.87,74
9351785,906814,610,0,58788.47,4,1,1,0,0,13,13.93,4
9640458,906859,760,9,0,1,0,0,0,1,4,79.23,20
9932346,907069,667,2,24766.72,3,0,1,0,1,18,125.89,0
3091977,907189,722,3,20912.68,2,0,1,0,3,9,31.39,4
7802682,907236,577,2,0,3,1,1,0,1,22,30.49,2
1233207,907278,631,1,38019.35,1,0,1,1,0,32,52.4,5
4190758,907369,644,8,43076.32,3,0,1,0,0,22,31.67,4
1122310,907451,755,1,0,1,0,1,0,2,33,74.82,3
8129962,907455,754,2,13727.73,2,1,0,1,2,7,63.85,92
9964482,907528,615,1,99741.54,2,1,0,0,0,4,95.99,56
6789156,907557,533,0,17402.18,3,1,0,0,3,1,55.34,4
5097436,907750,695,1,21446.05,2,1,0,1,1,1,138.01,112
9860239,907756,569,4,40356.5,1,1,1,0,2,11,107.39,13
1710615,907788,517,1,0,2,1,1,1,0,8,59.36,0
8527132,907789,608,8,6100.85,1,1,1,0,0,14,30.74,1
3827503,907812,637,10,91945.2,4,1,1,0,1,21,91.9,5
9783147,907921,722,1,5434.93,1,1,1,1,0,20,52.88,30
4776024,907924,647,2,37773.29,2,1,0,0,0,3,177.91,1
3932895,908206,709,5,843.58,1,1,0,1,1,3,64.31,13
2260344,908239,603,2,0,1,1,0,0,1,3,72.6,11
7158092,908274,595,6,17722.73,2,1,0,0,1,15,185.55,48
3236718,908320,581,0,0,1,1,1,1,0,20,42.5,0
9618195,908348,753,1,49200.75,1,1,1,1,1,12,178.29,3
6927248,908382,639,1,76868.11,1,1,1,0,1,17,35.62,3
1854070,908442,743,1,55974.17,1,1,1,1,0,18,206.41,9
8092102,908447,654,2,26281,1,0,0,0,2,13,64.29,28
9313242,908475,637,3,0,2,1,1,0,0,26,20.74,17
7360154,908554,741,0,13132.26,1,1,1,1,2,21,195.17,0
3860246,908577,571,7,33833.96,3,1,1,0,1,22,34.6,4
7262661,908634,691,6,0,1,0,1,1,0,12,75.3,5
2899743,908688,666,2,58169.23,2,1,0,1,1,7,645.68,14
6670004,908713,466,2,0,1,1,1,0,0,7,95.55,0
5190365,908812,573,1,42873.64,3,0,1,0,0,23,16.32,8
2977453,908903,582,10,57934.38,2,1,1,0,2,11,13.87,6
5866478,908977,621,0,20464.35,1,0,1,0,1,22,39.88,10
6019373,909000,754,2,0,3,1,0,0,0,10,9.01,42
9105487,909327,581,10,55468.02,2,1,1,0,2,22,89.08,8
5924868,909489,831,3,0,1,0,1,0,1,16,674.85,16
5441781,909652,613,3,54250.69,2,1,1,0,1,7,122.73,0
4574653,909676,717,3,20996.55,1,0,1,0,0,20,70.8,5
1037485,909859,651,2,15852.87,2,1,1,0,0,22,82.03,10
7603872,910004,558,2,20383.19,2,0,0,1,0,5,127.1,64
4648426,910065,660,5,22654.42,2,1,0,0,1,12,147.69,4
6114027,910074,632,6,28630.56,2,0,0,0,0,9,44.6,43
9649141,910075,614,4,23427.15,3,1,0,0,1,5,53.07,3
1594402,910090,637,0,69977.78,1,1,0,1,1,5,159.2,61
8768806,910143,669,0,0,1,1,0,0,0,5,198.78,114
9191751,910208,566,5,43859.16,1,1,1,1,1,24,68.52,11
1964635,910326,680,2,0,2,1,0,1,2,6,5,1
6968395,910389,829,0,0,3,1,1,1,1,1,240.83,2
1098836,910616,522,3,19406.9,2,0,0,0,0,4,198.75,34
8723456,910620,684,3,12496.75,2,1,0,0,3,0,391.55,12
6512184,910707,712,0,0,3,1,0,1,1,4,143.82,48
6005493,910883,808,7,70028.42,2,0,1,0,1,15,46.17,1
6937335,910891,645,5,49909.2,2,1,1,0,0,7,91.44,0
2797914,910894,623,1,83175.08,4,1,1,0,1,40,92.16,8
1086476,911032,757,2,17405.17,1,0,1,1,0,22,16.71,1
6867356,911102,556,4,17693.1,2,1,1,0,0,1,202.73,13
4123208,911117,526,6,26992.4,2,1,0,1,0,6,46.69,18
7745583,911131,800,0,97.29,2,1,1,1,1,17,138.06,2
6948065,911152,821,10,25335.5,4,1,0,0,0,4,113.83,17
1148708,911159,579,10,0,2,1,1,0,0,21,103.49,4
2700165,911187,717,10,42463.73,2,1,0,1,0,1,50.24,37
8227688,911242,595,6,23408.74,1,0,0,0,2,0,116.36,5
9255164,911259,715,3,29236.14,2,1,0,0,0,4,147.27,31
4314245,911414,698,1,0,3,0,1,1,0,24,29.66,10
2421764,911630,743,9,0,2,0,1,0,1,20,97.38,5
9876767,911739,751,5,36401.23,4,1,0,1,0,9,42.05,1
9628834,911801,657,2,439.06,2,1,1,0,1,11,27.56,0
3578837,911982,565,0,171.84,1,0,0,1,1,4,49.85,48
7890722,911984,682,0,119468.13,2,0,1,0,0,25,66.57,6
3077734,912085,682,3,95622.57,3,1,1,0,0,25,352.28,4
9177419,912233,605,4,42664.63,2,0,0,0,0,2,46.04,15
1115938,912270,716,0,23098.51,1,1,0,0,1,1,12.63,37
3611044,912378,615,2,54839.58,3,1,0,1,1,0,50.76,46
5196564,912402,675,7,44568.48,1,1,1,0,0,13,323.4,6
4793248,912510,746,0,27037.82,2,1,1,0,0,25,484.33,4
8897013,912609,708,1,240.49,1,1,0,1,2,1,54.63,5
7633020,912617,693,8,0,2,1,1,1,0,17,40.99,3
7279870,912764,523,9,35432.84,1,0,1,0,0,29,149.34,2
6021168,912853,734,0,60760.75,1,1,1,0,0,31,61.39,1
7115223,912863,750,3,37166.84,2,0,0,0,1,6,70.64,26
8186377,913185,519,2,0,1,0,0,1,0,12,56.54,74
4056507,913205,698,1,53864.31,2,1,1,0,1,31,17.35,1
9999758,913217,640,7,43891.19,2,0,0,1,0,3,14.17,0
5521152,913274,637,3,31547.36,2,0,1,0,2,37,45.3,0
2823599,913308,576,5,55541.47,2,0,1,0,0,29,24.39,10
8358018,913331,572,4,41868.81,2,1,1,0,2,7,113.21,3
8371182,913373,792,0,381.53,1,1,0,1,0,8,147.97,21
3715129,913423,656,1,30450.06,1,1,1,1,0,32,158.15,4
3346703,913575,599,0,17732.16,1,1,0,0,2,0,27.26,8
6934735,913594,721,3,32329.59,2,1,0,1,0,1,77.57,2
8280643,913608,812,1,105352.92,3,1,0,0,2,1,228.64,26
1097479,913694,585,3,0,3,1,1,0,0,25,147.37,0
7026992,913712,676,6,0,1,0,1,0,0,14,40.25,4
4329683,913761,463,1,33442.18,1,1,1,1,0,6,55.27,16
2856661,913848,627,10,2124.98,3,1,1,0,0,13,25.14,11
4180407,913864,589,3,210.65,1,1,0,1,1,7,38.85,58
5779824,913875,644,0,51457.87,4,1,0,1,3,9,114.89,135
1675388,913894,649,3,41355.46,2,1,1,0,1,19,25.45,3
3242783,913920,616,10,93112.53,2,0,0,1,4,3,31.93,28
7619383,913934,650,6,133425.47,3,0,1,0,0,18,80.04,0
8064143,914504,820,2,3161.21,1,0,0,1,2,2,48.92,48
6556840,914571,637,6,62947.43,2,1,1,0,0,14,17.16,2
1530269,914854,477,2,22160.68,1,1,1,0,0,22,44.4,6
3689597,914992,675,0,71859.06,4,1,0,0,1,9,12.65,2
4338530,915182,497,4,0,2,1,1,0,0,6,14.03,8
9041235,915437,582,3,37367.92,1,1,1,0,0,16,75.95,0
5459377,915451,570,1,38507.36,2,1,1,0,1,23,15.76,1
2993004,915572,839,2,22518.49,2,0,1,0,0,10,176.25,3
8064807,915573,577,0,22287.31,2,0,1,0,0,6,50.79,1
9205196,915749,615,5,36631.99,1,0,1,0,0,15,117.03,2
9314244,915809,618,4,29908.18,1,0,0,1,1,8,44.95,14
3137987,915922,587,0,59429.17,1,1,1,0,0,26,16.78,10
6450711,916118,721,0,0,2,1,0,1,2,2,46.14,51
7708806,916232,712,1,43735.79,4,1,1,0,0,29,82.7,0
9419789,916332,653,2,2196.08,2,0,0,1,3,6,305.99,12
7523795,916344,573,10,62774.66,2,1,0,0,1,2,40.55,40
3204822,916356,619,0,861.33,1,1,1,1,1,24,102.68,2
2841010,916449,803,0,27258.43,2,1,0,0,0,5,98.48,9
2809919,916558,713,4,0,3,1,1,0,0,14,69.02,1
1354875,916704,558,0,0,2,1,0,0,2,5,147.58,46
3116002,916776,602,1,37968.83,1,1,1,1,3,16,164.88,4
3609561,916779,579,6,27696.47,1,1,1,0,1,21,88.52,0
6773384,916808,618,0,27725.41,4,1,0,0,1,6,7.41,93
9388623,916814,712,3,7966.37,1,1,1,0,1,14,39.06,6
1228991,916953,636,3,21538.48,2,1,1,0,1,10,22.8,0
4967894,916964,662,1,133731.43,1,1,0,0,3,7,88.6,53
1873083,916990,712,2,140691.99,2,1,1,1,2,13,47.93,0
6740173,917012,597,1,0,1,0,0,1,2,10,130.19,125
8208583,917018,527,1,50660.96,2,1,1,0,0,12,38.18,4
1134702,917392,748,5,28878.19,3,1,0,1,1,9,87.8,1
8286823,917411,704,5,41933.47,1,1,1,0,1,27,11.53,2
9056301,917546,762,10,2747.79,1,1,0,0,1,8,80.44,14
5856444,917629,533,1,167155.39,2,1,1,0,0,24,93.68,4
5734922,917707,501,3,95191.5,1,1,1,0,0,21,37.13,6
9152539,917710,669,3,21439.88,2,1,1,0,1,25,27.47,8
2386047,917711,616,1,37959.14,3,0,0,1,1,1,167,114
8196619,917823,775,0,9284.97,1,1,1,0,0,0,79.48,0
5156509,918011,666,1,58277.15,1,1,0,1,2,3,39.04,10
3558453,918017,698,0,0,1,1,0,1,2,8,178.6,35
9577181,918164,579,0,59148.05,1,1,1,1,1,27,21.47,13
4134994,918207,737,0,31040.15,3,1,1,0,1,24,51.78,2
5185358,918213,605,5,0,2,1,1,0,0,22,23.67,14
5716726,918430,677,8,0,1,1,1,0,0,15,137.2,2
2929715,918656,479,2,0,2,1,0,0,1,5,15.93,24
5421311,918665,701,10,226.08,1,0,0,1,2,10,80.87,28
5149917,918771,507,0,0,2,1,0,1,4,14,109.47,21
8200092,918859,693,3,0,4,1,1,0,0,10,21.6,5
4328808,918871,622,2,41099.44,1,1,1,1,2,3,52.56,1
8950602,918895,633,1,40770.98,1,0,1,0,2,11,50.16,1
2729141,918910,720,4,44610.3,1,0,1,0,0,11,125.93,0
9427765,919023,707,0,136248.31,3,1,1,0,0,0,25.38,1
4039834,919067,649,7,26744.51,1,0,1,1,1,20,116.22,3
4165340,919182,743,1,11008.44,3,1,1,0,1,13,41.81,0
3495209,919264,681,10,34591.09,2,1,1,0,0,21,17.18,1
4848428,919378,678,0,1591.29,1,1,0,1,5,0,220.03,68
3021003,919394,727,1,18604.85,1,1,1,0,2,11,66.58,1
3219555,919488,771,4,0,1,0,1,0,0,26,64.78,2
7732414,919656,748,2,58729.04,3,0,1,0,0,7,39.04,1
1643681,919898,636,3,65280.24,1,1,1,0,0,22,994.54,4
5594635,919959,623,7,62372.17,1,1,1,0,0,19,19.73,15
4224201,920347,780,2,33078.26,3,0,1,0,0,11,78.35,5
3452982,920391,850,3,42185.61,2,0,1,0,2,17,41.17,0
8152177,920539,688,10,52162.91,2,1,1,0,1,15,94.44,7
1296308,920597,730,0,11333.7,1,1,0,0,2,3,22.18,20
4349462,920652,623,9,42461.89,2,1,1,0,0,21,221.03,6
2525643,920685,586,0,47175.89,2,1,1,0,0,8,115.86,9
1854889,920934,456,0,14808.42,1,1,1,0,0,2,18,2
7381258,921021,675,0,45829.95,2,1,1,0,0,24,38.99,2
7833312,921149,535,3,0,2,1,1,0,3,20,218.4,0
9807554,921273,544,1,54568.16,2,0,1,0,0,11,78.87,2
6141309,921414,735,3,54328.93,2,1,1,0,0,7,114.77,12
4882711,921533,599,3,0,3,0,1,1,2,14,25.66,1
4720771,921609,677,2,260.63,1,1,1,0,1,18,237.36,6
6640128,921834,765,2,0,2,0,1,0,2,17,19.29,2
8148366,921861,726,8,17848.44,1,0,0,0,0,0,104.75,38
9039562,921874,605,2,29105.8,2,1,1,0,1,29,14.15,3
2029277,921875,619,3,34626.92,2,0,0,1,1,4,35.16,49
9554093,921945,643,0,24798.09,2,1,0,0,4,8,47.09,44
8165093,921967,748,0,16092.67,1,0,0,1,3,0,180.33,2
1866635,921968,699,7,0,2,0,1,0,1,14,55.28,12
6105138,922041,469,2,25857.69,2,1,1,0,0,9,59.01,11
2846415,922072,684,4,47783.2,2,0,1,0,1,12,63.01,7
5517199,922116,534,1,23950.95,1,0,0,0,0,7,117.54,59
7099795,922157,470,1,81720.01,3,0,1,0,0,21,33.04,1
5706947,922366,591,3,160117.18,4,1,1,0,0,12,61.75,0
6889214,922405,607,4,122783.03,3,0,0,1,2,6,79.23,57
8014121,922412,850,0,34928.74,2,0,1,0,0,21,109.65,4
5143446,922458,570,7,30677.28,2,1,1,0,1,12,24.84,5
6366039,922471,670,0,31831.52,2,1,0,0,1,0,56.61,136
1797863,922478,729,10,18360.3,3,1,1,0,0,17,183.55,2
4049286,922543,662,1,68881.84,2,0,0,0,0,2,140.06,11
1686005,922615,705,3,567.88,1,1,0,0,1,0,54.92,60
1008991,922733,562,3,144620.59,3,0,1,0,0,15,25.91,6
1874606,922880,618,3,32116.51,1,0,0,1,1,0,55.45,33
6396217,922974,474,1,28039.55,1,1,1,0,1,13,43.89,8
4556393,923002,724,0,39532,2,0,0,0,0,9,8.72,6
5786824,923024,544,4,54302.75,2,1,0,1,1,10,45.34,66
8919821,923073,566,8,34440.35,1,1,1,0,2,20,9.91,0
5700293,923154,741,0,4891.91,2,1,1,0,1,23,35.58,3
2690500,923267,706,0,9547.49,2,1,0,0,0,3,92.98,68
8229428,923353,732,1,14070.01,2,0,1,1,0,17,231.6,12
5232271,923481,689,7,67806.53,2,0,1,0,2,19,14.19,0
9242417,923532,628,1,27726.9,2,1,1,0,1,13,31.33,5
7099881,923648,576,5,0,2,1,0,0,2,11,33.43,22
6608323,923690,534,0,28460.42,3,1,0,0,2,9,50.62,5
6106258,923824,611,3,10471.63,2,0,1,0,0,9,83.01,3
2871139,923856,664,0,0,1,1,1,0,0,10,127.53,11
2625497,923892,685,1,69505.39,3,1,1,0,1,22,111.29,5
1229203,923914,711,1,91.03,1,1,0,1,1,13,230.6,2
3186206,923927,614,2,33209.4,1,1,0,0,1,5,19.86,0
6556810,923975,718,3,32710.12,1,1,1,0,1,26,12.08,4
7049339,924040,619,3,53027.6,1,1,1,0,1,18,67.06,1
7063033,924265,547,3,63.6,1,0,1,0,0,21,76.41,6
9872833,924451,632,1,20175.07,2,0,0,0,1,12,50.78,48
7234284,924566,545,2,15817.1,1,0,0,0,0,2,101.76,1
4997208,924613,483,0,69617.1,3,1,1,0,1,25,73.16,1
5629621,924629,713,5,20219.82,2,1,0,0,1,9,88.91,34
4523774,924718,474,1,37933.35,1,1,1,1,0,15,49.39,7
7443279,924758,608,3,0,2,1,0,0,1,6,34.61,43
2463496,925013,602,0,0,1,0,0,1,2,0,170.25,10
2784517,925115,715,1,0,1,0,1,0,0,19,38.8,0
3189181,925145,630,0,45150.14,2,0,0,1,1,0,61.26,49
3019210,925206,681,0,23069.28,1,1,0,0,0,5,53.11,3
1688519,925220,701,0,0,1,1,1,0,0,14,83.46,0
4194945,925250,724,0,89477.68,2,1,1,1,0,8,12.39,5
4236786,925551,784,7,33747.06,3,1,1,0,1,16,187.16,4
8478776,925571,660,8,0,1,1,1,0,1,15,68.7,8
2654861,925618,567,9,55222.21,1,1,1,0,0,15,42.78,2
2256271,925622,777,10,0,2,1,1,0,0,9,10.27,1
6752873,925954,582,10,15086.78,2,1,1,0,0,26,164.63,0
6057934,925981,558,5,1121.49,2,1,0,1,2,11,9.64,197
8955730,926045,694,0,209693.08,1,0,0,0,4,7,55.1,5
4388982,926097,642,1,14641.1,4,1,1,1,0,17,58.25,2
9951610,926236,681,10,0,2,1,0,1,5,6,37.46,115
3578194,926372,706,0,40941.99,2,1,1,0,1,20,52.47,9
1735028,926394,666,5,85682.46,4,0,1,0,1,10,41.02,9
3144664,926403,706,3,60472.89,2,1,0,0,4,9,338.41,35
4216305,926471,545,4,20743.53,3,1,0,1,1,5,152.2,38
8016442,926596,745,1,84312.41,2,0,1,0,0,13,125.68,3
5236674,926730,697,3,100922.25,3,1,0,0,1,9,232.88,45
6827390,926823,682,6,65923.47,2,0,1,1,0,28,273.85,2
7140662,926867,638,5,39944.3,1,1,1,0,0,14,75.35,5
8524283,926918,826,10,46713.15,3,1,0,0,4,4,18.66,21
2970130,926952,566,7,42420.7,1,1,1,0,0,12,105.96,1
8316976,926965,696,1,20760.85,2,1,1,0,2,6,15.82,0
2135960,927043,670,0,12660.15,2,0,1,0,0,18,16.22,12
9100385,927094,740,5,13194.79,1,0,0,0,1,3,169.91,51
8029723,927251,667,3,39991.12,4,1,0,1,0,6,33.74,52
9787280,927406,547,3,143.2,3,0,1,0,0,6,58.27,0
9453526,927477,609,5,20164.18,2,1,0,1,0,1,86.12,34
1366999,927524,675,2,63875.57,2,1,1,0,0,36,24.93,2
3800706,927564,562,2,0,2,1,1,0,0,4,5.05,6
5599450,927630,405,2,0,1,1,1,0,2,8,16.42,0
3163157,927769,635,4,40716.66,1,1,1,0,1,18,49.96,5
5859627,927899,684,0,0,2,1,1,0,1,18,97.51,0
1762444,927909,618,1,33925.86,2,0,0,0,2,11,71.15,3
2019943,928226,683,1,4332.72,1,1,1,0,1,13,85.86,0
4190874,928278,529,2,43986.48,1,1,0,1,2,0,64.97,9
7668839,928358,441,2,32841.53,1,1,0,0,0,13,120.47,3
9305156,928381,441,2,30256.03,1,1,1,0,1,15,107.93,2
9933361,928580,721,1,72456.48,3,1,1,1,0,17,125.97,0
9614893,928766,676,0,64965.13,3,1,0,1,3,4,15.65,4
2258048,928897,645,1,160618.75,4,0,1,0,1,11,106.44,9
3776934,929090,685,3,14033.93,2,1,0,1,2,6,136.01,43
8344141,929130,743,2,10489.23,2,1,1,0,0,33,235.07,6
9544273,929151,415,0,21864.55,2,1,1,0,0,19,43.38,1
7444974,929179,503,3,0,3,1,0,0,5,10,72.01,62
7547256,929478,650,10,0,2,0,1,0,1,14,89.92,5
7725129,929493,631,2,0,3,1,1,0,1,17,86.73,9
5554916,929504,530,0,0,1,1,1,1,0,19,12.21,2
4471618,929538,556,5,0,1,0,0,0,2,10,134.69,43
4088120,929672,754,6,0,1,1,1,0,0,25,47.06,0
1060407,929683,657,6,574.53,1,0,1,0,0,7,15.26,7
3684405,929822,642,1,0,1,0,0,1,0,0,73.35,16
4654207,929868,619,1,0,2,0,1,0,0,25,134.43,0
1148668,929906,667,3,0,2,1,0,0,1,14,44.58,28
9603283,929912,741,1,17577.5,1,1,1,0,0,15,6.6,2
8641031,929924,712,7,56981.93,1,1,1,0,0,22,58.16,1
9452659,929937,707,6,23823.39,1,1,1,0,1,14,25.4,7
9809266,930117,566,0,5185.69,2,1,1,0,0,21,25.92,0
5342524,930244,617,4,19431.32,2,1,1,0,0,8,70.14,1
6090377,930281,593,0,19327.37,2,1,0,0,4,5,150.77,12
4696630,930307,826,2,31911.84,3,1,0,1,3,10,206.63,12
5972157,930541,689,1,0,1,0,1,1,0,14,27.28,3
5504928,930555,850,6,42798.28,1,1,0,1,1,8,144.77,1
2998223,930605,572,4,0,1,0,0,0,1,3,138.63,51
3870734,930724,754,9,41497.02,1,1,0,0,3,10,76.85,26
4756912,930884,550,0,0,2,0,0,1,4,7,36.06,3
1765250,930924,574,1,0,3,1,1,0,0,13,53.59,7
9951748,930956,611,0,0,2,1,0,1,2,10,52.65,120
4996614,931016,704,1,30490.37,2,0,1,0,1,10,19.71,0
5896318,931131,502,1,0,2,0,1,0,1,18,38.4,0
1655832,931161,607,5,54590.72,2,0,1,0,1,28,49.56,20
3485367,931247,750,1,43169.17,1,0,1,0,1,19,34.2,2
5659980,931420,576,2,0,2,0,1,0,0,20,27.32,5
3230889,931450,656,3,0,1,0,1,0,0,14,207.97,4
5537143,931621,453,0,30201.21,3,1,0,1,1,3,68.65,25
1864361,931627,850,2,82051.07,3,0,0,1,5,5,122.47,12
5177662,931928,599,2,49544.67,3,1,0,0,2,9,148.88,23
4522752,932204,578,3,52192.33,1,1,0,0,3,0,476.79,25
9969014,932250,726,0,14690.28,1,1,1,1,0,18,157.67,0
2949258,932251,646,4,22924.07,1,0,0,0,0,4,114.63,13
1023487,932291,642,1,53007.81,2,1,0,0,1,8,18.56,14
6829443,932336,544,1,0,2,1,1,0,0,31,231.75,2
7192640,932369,641,8,13469.49,1,1,1,0,3,16,9.37,0
6445244,932463,571,4,28461.74,1,1,1,0,0,16,48.88,3
2396638,932794,634,6,26330.2,3,1,1,0,0,24,166.9,3
5429825,932831,576,5,51681.29,3,0,0,0,2,6,286.38,44
3241630,932932,521,7,2694.17,2,1,1,0,0,19,5,2
7850856,932978,543,2,26698.04,4,1,0,0,2,11,180.09,7
5947522,933071,649,8,9071.45,2,1,0,0,3,5,10.4,40
6446473,933162,592,1,87383.61,2,0,0,1,0,2,30.36,32
1960720,933197,755,0,28937.17,2,1,1,0,1,19,141.74,2
1174620,933215,651,4,8589.39,1,1,1,1,1,11,173.02,20
6964017,933456,703,0,100595,1,0,1,0,0,18,73.17,2
4678901,933510,714,9,83525.35,1,0,1,0,2,0,14.76,0
5692416,933551,782,1,88386.61,1,1,1,1,0,21,11.12,18
3965125,933592,668,2,27821.22,2,1,0,0,1,5,101.62,16
5294752,933635,603,10,23068.61,2,1,1,0,0,18,139.73,2
1262370,933665,850,10,52116.14,2,0,1,0,0,4,15.24,9
2785812,933980,646,10,28888.32,1,1,1,0,0,18,67.18,1
7408577,934042,757,10,21792.73,2,1,1,0,0,14,24.24,7
5317535,934306,672,0,0,3,1,0,1,1,7,71.61,36
4458774,934328,563,3,36947.28,1,1,0,0,0,1,40.65,6
8418631,934438,505,3,62910.39,1,1,1,0,1,19,94.65,5
4701708,934541,723,3,55605.33,2,0,1,0,1,15,73.97,0
6440230,934638,598,3,43698.74,1,1,0,0,1,6,113.54,2
5509606,934674,737,0,7556.5,2,1,0,1,0,1,20.54,11
4421186,934692,469,0,38893.3,1,1,0,1,4,5,297.56,28
7634775,934794,678,1,72063.12,2,1,1,0,1,21,16.11,4
3611230,934816,708,1,87334.3,3,1,1,0,0,26,26.24,2
8483576,934883,664,0,80.35,4,0,1,0,0,7,41.13,0
4887669,934904,521,5,99887.99,2,1,1,0,1,32,23.12,3
8279693,934908,738,2,2417.14,1,1,0,1,1,3,663.79,43
7184753,935012,749,5,17038.27,1,0,1,1,1,8,47.84,3
3488634,935176,850,1,0,2,1,1,0,0,14,44.21,0
9036402,935309,553,8,0,3,1,0,0,0,8,57.37,35
2571875,935434,533,5,39787.25,1,0,1,0,0,25,41.76,6
9320847,935457,722,1,191.54,1,0,0,0,1,6,28.9,11
4045291,935461,641,0,31048.57,2,0,1,0,0,2,142.98,2
8707287,935471,750,0,0,3,0,0,1,0,10,182.39,213
4104255,935474,666,2,31556.59,3,1,1,0,0,19,18.83,6
3954644,935540,618,2,0,1,1,1,0,0,11,152.8,10
4168543,935620,426,0,62381.88,1,1,0,1,1,4,18.51,24
9229532,935922,686,1,0,1,1,0,1,3,1,192.69,34
4026721,935981,637,5,0,1,1,1,0,1,8,51.36,15
5731917,936020,504,0,0,2,0,0,0,2,8,132.2,12
1353115,936039,576,1,77825.72,2,0,1,0,1,29,88.64,8
6203625,936124,583,5,0,1,0,1,0,0,28,38.88,13
3733321,936223,697,0,5171.98,2,1,1,0,1,24,31.03,6
3981886,936433,796,1,0,1,0,0,1,3,8,315.61,24
7613533,936507,557,9,102697.14,2,1,0,1,1,7,29.12,87
4151566,936587,734,3,16354.84,1,0,1,0,0,15,29.27,4
2165246,936726,692,0,0,2,1,1,0,0,0,36.24,1
3407905,936782,481,4,54225.24,3,1,1,0,1,5,57.29,4
2208776,936821,667,1,0,2,0,1,0,0,25,141.5,0
8153721,936866,646,0,14936.27,3,1,1,0,0,12,52.15,4
5114676,936912,497,5,15377.46,2,1,1,0,0,9,115.25,1
8634038,936997,702,5,95268.32,1,0,0,1,1,9,46.36,0
7752901,937302,685,2,0,1,1,0,1,1,3,97.81,1
2681644,937625,785,10,13814.08,1,1,0,1,1,6,35.16,7
9837877,937665,693,4,28550.18,4,0,0,0,3,12,307.59,58
3303365,937838,608,5,37435.85,4,0,1,0,1,10,85.81,2
1197778,937995,628,0,15634.39,2,0,1,1,0,2,20.62,8
2673190,938016,675,3,12975.26,1,1,1,0,0,11,58.79,6
7339692,938095,826,3,27809.42,3,1,1,0,0,28,260.86,15
7442292,938141,681,0,48363.72,2,1,1,1,0,8,14.74,9
1347555,938171,602,4,0,2,1,1,0,1,22,29.88,2
2846089,938202,771,1,0,2,0,1,0,0,12,109.94,19
1227365,938297,684,6,0,1,1,0,1,2,10,147.23,39
1733836,938338,821,1,63698.49,4,1,0,1,1,6,178.65,1
3217596,938373,559,1,41073.56,2,0,1,0,0,22,57.77,4
5166503,938403,548,0,4073.32,1,1,1,1,1,24,28.5,5
2402500,938504,581,0,13993.45,2,1,1,0,0,12,60.75,0
5490530,938722,566,3,69496.24,3,0,1,0,1,16,71.19,3
3393028,938742,584,1,0,1,1,0,1,1,11,23.59,3
1226440,938754,445,10,60080.72,3,0,1,0,0,10,83.97,4
1157641,938759,686,0,14835.41,1,1,1,0,0,26,79.72,4
2784071,938769,527,1,4723.23,4,1,1,0,0,7,30.21,0
6677240,938817,719,5,12821.6,2,0,1,0,0,17,44.88,12
2425479,938900,614,3,37172.01,1,1,1,0,0,15,243.58,6
4394393,938913,506,2,49021.63,1,1,1,0,2,12,37.21,0
3335893,938970,614,1,31962.87,3,1,1,0,2,22,89.68,0
9060201,939030,573,0,38322.95,2,1,0,0,4,1,33.71,183
8454556,939333,750,0,25010.61,2,0,1,0,0,0,141.96,2
3737109,939482,562,0,0,2,0,1,0,3,12,9.7,5
6157064,939503,681,1,53523.73,1,1,1,1,1,7,23.66,0
6565947,939717,697,0,0,3,1,1,1,1,15,316.91,3
9034749,939756,684,9,85043.38,3,1,0,0,2,6,58.18,30
3592303,939767,513,2,65251.18,1,1,1,0,3,8,24.08,3
5090433,939930,459,8,402.75,2,1,0,1,1,6,94.36,28
1937435,940010,433,0,44187.36,2,0,1,0,0,24,394.57,4
5487177,940064,476,5,0,1,1,1,0,0,11,231.66,17
3064864,940181,775,4,0,4,1,1,0,0,24,19.44,4
1355809,940183,605,1,7674.17,2,0,1,0,1,22,31.05,2
1747019,940247,621,0,50772.65,3,1,1,0,0,3,111.22,2
2724954,940346,655,10,22104.54,1,1,0,1,2,6,9.8,3
5978445,940534,767,5,11621.66,2,0,1,0,1,19,82.06,0
2720773,940886,748,10,16119.48,1,1,1,0,0,21,150.59,5
9582257,940952,709,3,0,1,0,1,0,1,25,196.61,6
7967320,941134,605,2,25321.35,2,1,1,0,0,17,598.06,6
3379596,941204,590,1,0,2,0,0,1,3,9,37.77,32
1020307,941235,475,1,25042.79,2,1,1,0,0,7,18.18,0
4763343,941272,673,1,0,3,1,0,1,1,5,34.95,23
1402667,941289,648,1,17963.25,2,1,0,0,2,2,97.58,32
4802977,941325,512,5,5274.53,3,0,1,0,1,10,126.31,2
8166143,941339,770,0,0,2,0,1,0,0,12,54.66,1
7465654,941403,746,1,56719.61,2,1,1,1,0,15,60.33,2
3472567,941792,713,1,33181.17,2,1,1,0,0,8,61.5,0
6927556,941814,492,4,29944.84,2,1,1,0,3,21,16.65,5
5812480,941945,705,2,0,2,1,1,0,1,15,123.62,9
4789711,942127,703,2,39104.44,2,1,1,0,1,21,51.48,0
7454929,942216,716,3,170480.77,1,1,1,0,0,25,34.42,2
2885904,942690,681,0,0,1,1,0,1,2,1,103.01,129
9251380,942700,817,1,46103.7,1,1,1,0,1,18,38.32,4
3844728,942946,591,0,53948.01,4,0,1,1,0,5,59.73,0
2847769,942956,647,0,35366.73,1,1,1,0,1,1,35.27,4
4766861,942960,660,0,0,1,0,0,1,2,5,29.08,10
2706851,943019,701,0,33235.8,2,1,1,0,0,34,47.08,0
5728058,943058,504,0,22058.41,1,1,1,0,0,14,13.3,3
6994631,943135,707,2,0,1,1,1,1,0,23,266.31,0
2279932,943146,694,10,67724.22,1,1,1,0,0,30,19.93,2
6598972,943170,659,1,39792.7,1,1,1,1,1,16,134.38,9
2985599,943298,560,1,65715.5,2,1,0,1,3,6,110.08,27
7048077,943349,684,9,21485.61,1,1,1,0,1,16,140.86,2
2422780,943356,572,3,49794.59,1,0,0,1,2,5,36.25,88
1727239,943409,840,1,18247.11,2,0,1,0,1,19,19.45,0
3535087,943442,623,1,5685.77,1,0,1,0,2,12,23.32,0
3987481,943530,645,10,42009.34,1,1,1,0,0,19,206.41,8
8191191,943671,667,3,0,3,1,1,0,0,15,79.38,10
9899988,943700,544,9,0,3,1,1,0,2,14,71.11,8
6617751,943706,533,5,29528.51,2,0,0,1,2,2,21.54,48
4042807,943718,622,2,104583.63,2,1,0,1,1,4,66.93,37
8134419,943737,$666.00 ,3,0/100,1,0,0,0,1,7,87.64,15
3520273,943776,591,2,40232.99,1,1,0,0,1,10,235.83,62
6059400,943797,664,3,0,2,1,0,1,1,2,33.22,105
5815154,943890,537,6,54778.82,3,0,1,0,0,28,26.05,2
6844941,944151,555,10,45116.34,3,1,0,0,2,5,197.91,85
2743531,944193,570,6,37598.33,1,1,1,0,0,28,84.26,3
5548190,944264,639,1,586.85,1,1,1,1,1,17,54.49,0
9376038,944554,683,0,0,1,1,0,0,1,6,61.07,7
7192680,944565,598,0,0,2,1,1,0,1,15,34.78,3
5452689,944654,530,0,135308.6,1,0,0,0,3,4,43.71,55
2281267,944657,632,2,39803.53,1,0,1,0,1,22,36.79,1
1036553,944804,682,3,45006.81,1,1,0,0,2,0,156.54,44
3493814,944917,676,7,1329.94,1,1,1,0,0,5,132.29,1
3459356,944962,727,9,224.73,4,1,0,1,3,8,34.6,107
6373004,945091,668,1,41633.42,4,0,0,0,1,0,119.87,23
3479340,945106,531,1,15865.13,2,1,1,0,0,18,110.92,17
7553173,945197,702,4,26372.24,2,1,1,0,1,17,124.31,7
8494305,945328,665,0,137035.56,4,1,1,0,0,29,53.01,5
9026757,945362,642,2,3307.52,2,0,0,0,2,1,54.9,8
2129335,945372,620,3,35622.3,2,0,0,0,2,0,365.7,12
2898577,945619,648,1,0,2,1,0,1,0,6,29.45,109
8171473,945664,708,8,63005.13,2,1,1,0,1,17,72.64,4
5672054,945687,693,1,0,2,1,0,0,1,3,162.46,14
3427123,945718,713,5,40904.9,2,1,0,0,0,5,101.52,15
2517449,945742,606,1,44060.15,4,1,1,0,0,0,86.81,10
6419936,945964,656,5,12578.91,1,1,1,0,1,3,11.32,6
3139694,946112,740,4,62000.17,2,0,1,0,0,22,290.86,10
4051311,946305,666,8,29139.13,1,0,0,0,2,2,151.93,68
7459520,946309,769,3,47787.66,3,1,0,1,0,0,109.77,5
6915793,946313,684,8,6463.8,1,1,1,0,0,28,161.61,13
6357229,946335,532,5,46545.34,2,1,1,0,3,20,28.91,0
9291408,946432,739,0,17553.02,1,0,1,0,1,32,24.35,2
8110722,946561,513,3,7363.18,2,1,1,0,0,21,195.66,6
9074681,946567,740,1,0,2,0,0,0,0,6,15.42,0
7944833,946632,647,0,64022.98,2,0,1,0,0,21,33.11,10
6594616,946677,583,0,12901.16,1,0,1,1,3,20,176.64,14
3318968,946721,562,0,33007.9,2,0,1,0,1,3,61.15,1
5125653,946803,746,4,112873.49,3,1,0,0,2,0,349,17
7428781,946826,597,6,0,2,1,0,1,1,2,37.96,55
8023943,946934,671,1,6467.8,1,1,1,0,0,33,130.26,11
9339992,946952,624,10,94553.93,4,1,1,0,1,26,79.43,12
9955185,947082,540,10,0,1,1,1,0,0,28,218.42,1
9264480,947228,750,6,705.8,1,0,0,1,1,6,162.4,37
9933438,947272,553,0,44267.1,4,1,1,0,0,5,59.81,3
9996153,947312,622,0,70994.18,1,1,0,1,0,0,25.16,136
4860680,947438,628,3,0,3,1,0,1,1,17,70.08,86
7452974,947458,564,6,26080.15,2,1,0,1,3,5,26.33,90
2402872,947568,563,4,7984.54,3,1,1,0,1,11,169.03,1
8077313,947607,720,1,0,1,0,1,1,1,31,45.97,3
9840685,947609,638,0,67563,1,0,0,1,1,5,18.81,3
4679813,947732,649,0,0,1,1,1,0,1,23,17.7,10
2463815,947903,589,1,50942.27,1,1,1,1,0,5,19.59,5
4945884,947935,594,1,0,2,1,1,0,0,18,25.95,2
7068477,947975,454,0,0,1,0,0,0,3,11,133.2,37
1048085,948014,547,0,43865.52,3,1,1,0,0,20,5.77,5
4410466,948083,767,2,0,2,1,1,0,1,14,138.21,24
1287807,948095,716,0,1765.01,1,1,1,1,1,11,67.54,1
7080036,948097,652,1,28902.72,2,1,0,0,1,6,214.14,69
8951164,948102,666,2,21158.68,1,1,1,0,3,21,123.93,1
3241313,948179,586,2,44931.98,1,1,0,1,2,1,51.19,0
2848116,948188,513,7,62340.75,3,1,0,0,2,7,101.95,91
1999542,948343,591,2,59754.98,3,1,1,0,1,20,79.31,10
6861079,948611,615,4,123097.24,3,1,0,0,1,5,93.08,115
7054201,948612,512,10,213604.93,4,0,0,0,3,7,86.01,203
3337892,948749,447,8,16229.25,4,1,1,0,1,10,288.71,6
5944200,948799,723,3,46871.71,1,1,1,1,0,18,137.88,0
8724035,949049,493,0,31893.27,3,0,1,0,2,20,17.23,1
3418271,949153,615,4,0,2,1,1,0,2,29,98.91,8
8064499,949178,727,10,69628.75,1,1,0,1,1,7,248.88,165
5068431,949363,783,3,60653.52,3,1,0,0,0,5,81.58,27
4535586,949376,600,3,34205.63,1,1,1,1,1,24,75.67,2
4767947,949541,701,5,22204.7,3,0,1,0,0,14,94.2,1
1937270,949767,764,0,17210.71,3,1,0,0,1,3,57.5,63
3311922,949884,769,3,32897.11,2,1,1,0,2,11,37.23,2
2966890,950069,722,1,46872.33,2,1,0,0,2,8,21.84,8
3400426,950083,713,7,39380.55,4,1,0,0,1,10,26.36,9
7332741,950132,662,8,0,4,1,1,1,1,20,70.48,4
1442027,950155,525,1,4072.68,3,1,1,0,0,0,44.49,1
8125430,950360,529,3,31976.07,2,0,1,0,0,20,18.88,0
7235826,950472,666,1,54064.35,2,1,1,0,0,10,70.63,0
1907367,950544,518,2,762.81,4,1,0,1,3,7,100.14,8
2778549,950576,689,0,71281.37,3,1,0,1,1,0,54.13,70
2237660,950823,656,2,31119.14,2,1,1,0,0,17,51.14,1
8999822,950916,533,10,2729.11,3,0,1,0,1,11,225.09,4
3653705,950941,599,0,12.36,1,1,0,0,3,4,71.64,61
1506432,951201,630,2,231.99,1,1,0,1,1,0,46.32,22
3464349,951211,682,2,19248.59,2,0,1,0,0,12,381.22,4
7127781,951327,541,2,8840.59,1,1,1,0,3,16,264.45,4
3370243,951331,565,1,64664.89,2,1,1,0,2,29,129.26,3
2325287,951452,769,10,0,1,0,1,0,1,18,37.4,2
5111186,951732,666,1,10978.91,2,0,1,0,0,11,254.01,2
2292941,951755,789,3,23065.03,2,1,0,1,1,8,40.44,28
1209341,952117,850,10,48927.05,2,1,1,0,2,22,27.16,11
7987624,952227,530,7,38626.86,3,1,0,0,1,1,46.44,59
3511838,952283,647,8,7553.07,2,1,0,0,1,12,41.32,14
4060575,952336,746,2,40088.01,4,0,0,0,0,8,59.88,20
8881344,952547,611,0,54754.5,1,1,0,1,1,7,62.38,144
3350695,952646,720,7,8.58,1,1,1,0,0,27,100.28,5
9849143,952657,617,1,0,2,1,1,1,2,17,29.64,4
6024905,952679,615,8,0,2,1,0,0,1,0,249.9,10
8888386,952686,565,3,48792.97,3,0,1,0,1,25,157.68,0
7904201,952878,658,2,0,1,1,1,0,0,20,113.29,4
6659575,952993,646,0,21320.24,1,1,0,0,3,5,99.33,23
8448641,953025,498,1,33307.66,2,1,0,0,2,4,72,79
1221617,953047,817,3,14578,2,1,1,0,0,19,86.84,2
5811186,953085,579,8,59041.75,2,1,1,0,1,22,8.97,1
2866744,953266,635,2,37747.12,1,0,1,0,0,8,171.41,1
3615355,953350,676,1,37099.49,1,1,0,1,5,9,40.1,117
2006646,953452,597,0,15610.81,2,0,0,0,2,2,540.96,11
1538869,953568,632,5,0,2,1,1,1,2,22,12.67,0
3912192,953610,684,10,7181.31,1,0,0,0,0,9,74.07,116
9443896,953715,767,4,7927.08,1,0,1,0,0,24,12.71,1
3690206,953740,622,2,5488.28,2,1,0,0,3,9,109.76,0
1182327,953797,653,2,63896.16,2,0,1,0,1,12,44.65,2
7650332,954017,677,5,0,4,1,0,0,0,8,66.08,126
8107177,954441,643,0,54553.33,1,1,1,0,0,0,7.77,1
8621830,954551,715,1,39673.08,4,0,0,1,2,3,50.37,27
5329433,954596,624,10,0,2,1,1,0,1,13,149.91,9
9420022,954628,551,10,29190.75,1,1,0,1,4,0,51.36,26
6134397,954779,731,2,14351.55,2,1,0,0,1,7,51.49,33
4813710,954814,668,10,31556.41,2,1,0,0,0,6,50.66,19
8108007,954815,667,0,26366.36,1,0,1,1,1,24,32.35,11
3630678,954845,729,6,80760.22,4,1,1,0,1,19,54.47,4
5560510,954987,634,0,116128.52,2,1,1,1,0,10,166.86,2
2542438,955015,569,6,0,1,1,1,0,0,15,36.57,2
9749335,955088,796,1,48365.24,2,0,0,1,1,11,146.51,73
7334410,955129,78.60%,6,"$41,499.85 ",2,0,0,0,2,6,8.71,140
3099389,955374,673,1,27782.2,3,0,1,0,2,21,16.24,3
4554492,955413,634,5,29366.07,1,1,1,0,1,19,39.05,0
7717637,955653,598,3,19182.78,2,0,0,1,1,4,77.68,132
1939470,955662,648,3,36063.09,3,0,0,0,1,6,159.52,32
4672640,955937,747,6,16609.44,1,0,1,0,0,21,158.02,3
7581550,956113,518,1,68949.78,2,1,0,1,2,9,60.27,38
4081870,956156,573,3,14853.25,2,1,0,0,2,5,97.51,46
2295356,956253,664,1,0,1,0,0,1,1,7,43.53,19
8859053,956255,692,10,0,3,0,1,0,1,34,84.99,2
9009715,956375,485,2,77799.94,2,0,0,0,0,4,239.73,9
6254450,956401,581,0,35289.78,1,1,0,1,3,16,268.77,34
7796448,956429,572,4,0,3,0,0,1,0,5,18.77,2
7383228,573610,593,0,19758.82,2,1,1,0,0,3,7.43,1
3765293,956639,784,5,48584.5,1,0,1,0,0,22,43.42,1
1917238,956721,732,0,23929.8,2,1,1,0,1,16,22.32,3
7232368,956794,649,0,31177.62,1,0,0,1,1,0,31.96,13
8117262,956795,506,0,16474.45,4,1,0,1,0,1,225.52,28
4267037,956800,667,4,0,1,0,1,1,0,17,46.52,3
5528498,956835,722,3,49493.35,3,1,1,0,2,20,500.16,1
2818665,956934,738,6,31195.04,3,0,0,0,1,9,26.48,110
2751542,956949,620,2,1087.14,1,0,0,1,1,3,20.86,8
2305411,957091,698,2,14264.54,1,0,1,0,0,11,78.4,2
7085123,957150,543,8,58246.32,3,0,1,0,2,6,64.05,0
6628280,957179,595,2,34854.23,1,1,1,1,0,21,34.04,5
1470581,957266,598,4,0,4,1,1,0,3,19,238.72,14
5018645,957525,623,0,0,1,1,0,1,3,5,16.04,14
5734646,957710,654,9,127793.59,3,0,1,0,0,6,48.63,2
3730666,957730,594,2,37300.84,1,0,0,1,1,1,19.24,10
2786178,957915,645,4,30239.03,1,0,0,1,2,0,215.15,76
2095873,958130,620,3,14848.34,2,0,1,0,2,15,484.3,1
4555258,958136,659,1,39484.33,1,1,1,0,1,8,68.87,4
1184163,958160,666,5,32224.92,3,0,1,0,1,16,30.7,6
6186174,958179,588,1,0,2,1,1,0,1,21,59.34,4
4149818,958182,695,6,20354.02,2,1,1,0,0,19,36.57,7
4384399,958729,571,2,56918.93,3,1,1,0,0,6,111.49,5
1543024,958747,586,1,77747.49,2,1,1,0,1,15,266.1,4
5032154,958835,728,7,183.96,1,0,0,1,0,8,24.15,29
5515889,959099,480,4,21121.94,3,1,0,0,1,8,111.1,20
2426723,959222,629,1,2723.4,2,1,0,0,2,5,24.98,27
1752869,959324,608,1,106915.15,3,1,0,0,1,9,109.23,16
9116934,959340,620,1,2243.33,2,1,1,0,0,20,274.98,2
1766393,959691,501,6,42988.59,1,0,1,0,2,15,37.26,2
1806126,959793,668,10,60762,1,1,0,1,2,8,114.07,1
6277781,959907,484,1,31143.87,2,0,1,0,0,15,19.26,0
2563819,959926,674,4,24744.85,1,1,0,1,3,7,39.39,36
6177530,959959,626,1,0,1,0,0,1,2,10,13.45,11
1142249,959972,758,10,49348.16,3,1,1,0,0,17,45.11,2
6983579,960072,499,2,49155.04,2,0,1,0,0,18,104.49,15
5737922,960109,625,0,27620.12,2,0,0,0,3,10,22.25,9
7679620,960307,639,2,26880.61,2,1,0,0,2,0,244.06,5
9392233,960394,579,4,46933.8,2,1,0,1,1,5,46.95,47
4269606,960408,402,1,32016.22,4,1,1,0,1,0,87.19,0
6275972,960556,724,0,0,2,1,0,1,2,7,104.14,112
7553873,960607,660,2,169536.98,3,1,1,0,0,17,13.73,6
6969959,960616,595,1,24097.59,3,1,1,0,2,23,97.21,2
3172932,960622,601,4,18906.31,1,1,1,0,2,27,116.64,0
2633762,960778,650,1,58238.31,1,0,1,0,2,24,68.59,1
6558596,960899,506,3,29889.27,3,1,1,0,1,6,109.63,2
7833134,960959,529,7,102.24,1,1,1,0,1,23,9.03,5
9448643,961186,552,5,7627.08,4,0,1,0,2,28,99.5,1
2694547,961198,618,6,1286.58,2,1,0,0,5,3,96.38,54
9425133,961322,613,4,118017.49,1,1,1,0,0,13,59.89,5
3519714,961493,713,2,10.12,1,0,1,0,0,20,28.01,3
1397373,961501,704,2,12543.62,2,1,0,0,1,10,43.02,31
7410771,961530,649,5,49046.9,1,1,1,0,2,21,64.03,3
9001944,961574,617,4,5891.56,2,1,1,0,0,18,61.86,4
1627606,961599,667,1,7581.25,2,0,0,0,1,8,8.96,11
5867395,961613,755,7,7301.73,1,0,1,0,1,28,88.85,0
3704873,961639,625,0,74311.57,3,1,0,0,2,5,56.2,60
3542382,961722,784,6,13887.02,2,0,0,1,3,9,40.08,36
8769633,961760,766,7,8124.89,3,0,1,0,1,19,57.1,1
2321253,961866,609,0,680.43,1,1,1,0,0,18,17.18,4
2565160,961953,783,1,20803.77,1,1,1,0,0,24,54.46,7
4885101,961957,525,5,44519.81,2,0,0,0,2,6,56.75,58
4617959,962043,594,1,0,3,1,0,0,1,11,47.75,24
3363282,962050,630,4,64418.85,3,1,0,0,1,6,93.75,14
3701920,962057,540,4,0,3,1,1,0,1,11,317.86,1
9415785,962074,767,0,3279.48,1,1,1,1,1,16,27.28,7
9662089,962276,631,1,0,1,0,1,1,0,22,50.73,12
9779300,962283,711,4,43971.8,2,0,0,0,4,9,44.62,35
6727998,962287,704,1,25866.62,4,0,1,0,0,15,93.26,10
8507472,962367,658,0,125232.37,2,1,1,0,0,23,54.78,2
3201130,962460,672,5,68486.96,3,1,0,0,0,7,65.96,50
6687823,962520,598,1,41093.6,2,0,1,0,1,22,55.2,26
5879512,962570,591,0,0,2,1,0,0,1,0,85.01,69
7045105,963245,667,6,42055.75,1,1,0,1,2,5,263.98,5
8229326,963274,783,6,0,2,1,1,0,1,30,5,0
1671305,963333,691,1,18449.5,1,1,1,0,0,10,82.22,14
7503423,963355,519,10,474.88,1,0,0,0,1,0,36.88,7
5011610,963508,464,0,32912.68,2,1,1,0,0,11,63.5,11
4503428,963539,739,4,61600.24,1,1,0,0,1,6,76.08,259
2258262,963652,544,1,71807.38,2,1,1,1,0,11,65.61,2
3556871,963684,605,3,20178.91,2,0,0,0,2,0,62.31,1
9347047,963699,545,2,561.07,2,1,0,0,1,0,212.62,22
2634202,963862,695,0,27479.54,3,1,1,0,1,9,159.39,4
1250681,963874,794,10,0,2,0,1,0,0,18,32.67,10
3392808,963918,559,8,21688.6,1,1,0,1,3,7,67.08,27
6193258,963994,486,5,62116.62,1,1,1,1,0,15,64.31,2
2462431,964226,608,1,39014.57,2,0,0,0,2,9,53.59,14
9370358,964278,603,3,17056.53,1,1,1,0,0,23,64.27,2
2578970,964352,525,10,43420.25,2,1,0,1,3,8,120.51,6
8630409,964371,579,0,135032.97,1,0,1,1,0,27,41.83,5
6263326,964607,629,10,1065.84,2,1,0,0,0,9,33.57,24
3847389,964749,499,0,0,2,1,1,1,0,4,71,2
5959482,964915,655,4,57657.13,1,1,1,0,0,22,81.7,2
3709058,964998,548,0,46632.6,3,1,1,0,1,7,36.22,0
2143565,965322,806,2,0,2,1,0,1,1,10,79.68,40
5699588,965339,$737.00 ,0,"$43,830.93 ",2,1,0,0,1,15,84.44,40
7095636,965401,699,1,0,3,1,1,0,0,18,40.49,1
6928539,965472,765,1,0,1,1,1,1,0,25,115.86,4
2497018,965708,657,3,84872.74,1,1,1,0,1,27,234.08,2
2193429,965814,739,0,0,2,1,0,0,0,3,342,8
4006246,965845,654,2,30331,1,1,0,0,1,8,21.99,39
8729953,965938,551,0,0,1,1,1,0,0,20,80.85,1
5327583,966028,600,8,33607.91,4,1,0,1,1,0,39.84,61
8940001,966120,764,2,25579.31,1,1,0,1,0,4,17.39,5
5295408,966286,778,6,13948.03,2,1,0,0,1,0,187.35,173
8416290,966529,788,4,26201.03,2,1,1,1,0,21,82.81,8
3356313,966582,628,0,19452.83,2,0,1,0,1,17,88.81,1
3079808,966589,693,1,13147.71,2,1,0,0,0,13,22.73,25
9191626,966630,647,0,0,3,1,0,1,2,12,121.44,18
1664254,966662,850,0,5690.33,2,0,0,0,1,8,132.07,28
7098050,966785,574,0,68695.6,1,1,1,0,1,11,42.03,2
5808770,967161,650,8,116485.14,3,1,0,0,1,12,78.81,30
7726643,967182,744,6,46339.33,1,1,1,0,1,20,89.45,0
7862438,967611,648,1,28849.99,1,0,0,1,3,8,181.51,8
3163996,967719,651,2,9829.39,1,1,1,0,0,18,108.96,2
8395861,967823,361,0,2509.95,1,1,1,0,1,30,229,1
7152746,968170,649,2,23245.84,4,1,1,0,0,12,117.62,6
9597975,968286,723,3,30499.29,2,1,0,0,2,0,5.48,63
6262096,968485,625,1,11149.48,1,0,1,0,1,31,67.56,6
7269362,968524,647,7,50482.55,2,0,1,0,0,22,39.81,0
2400738,968581,524,9,71673.92,2,0,1,0,0,19,46.35,5
7932248,968668,494,6,30908.97,2,0,0,0,0,3,54.21,11
9488305,968726,474,1,119762.14,3,1,1,0,1,10,87.75,8
8551295,968962,$507.00 ,0,5649536/100,2,1,0,0,3,1,22.77,177
5409512,969005,635,5,0,3,1,1,0,0,29,44.69,0
1715977,969032,647,8,730.23,1,1,1,1,1,25,50.99,0
1957285,969067,703,3,30734.54,2,1,1,0,0,13,136.37,1
5107344,969226,642,3,41268.34,1,1,1,0,1,11,83.5,0
1133260,969325,568,2,102943.3,2,0,0,0,1,4,17.33,17
3593123,969634,675,2,4975.21,2,0,1,1,0,12,124.5,2
2766607,969642,643,6,175489.66,4,1,1,0,0,4,85.4,1
5876475,969693,598,3,0,2,1,0,0,2,12,23.37,31
7305241,969695,560,0,51753.88,2,0,0,1,0,8,90.82,15
3654252,969749,623,0,39959.93,2,0,1,0,0,14,124.06,4
7698813,969752,792,0,50273.22,1,1,0,1,0,5,9.76,2
2224379,969856,681,3,0,1,1,1,1,0,0,86.99,5
4742179,969948,686,10,47100.64,1,1,1,0,4,16,212.77,1
7513301,970068,541,0,55238.13,1,1,0,1,1,4,62.82,14
8755747,970071,555,0,63227.95,4,1,0,1,3,15,39.06,73
2568722,970127,848,5,0,2,1,1,0,0,15,36.21,1
6854207,970196,700,1,0,3,0,1,1,1,11,101.24,5
8816129,970206,695,8,0,3,1,1,0,0,13,378.18,6
8859936,970300,765,3,49204.79,1,1,1,0,0,15,16.82,0
9977752,970357,485,6,31655.79,2,1,0,0,2,10,40.75,0
8798939,970392,636,6,0,1,1,1,1,1,28,176.3,17
2830713,970699,666,1,13750.61,2,1,1,0,1,18,57.57,9
2439863,970708,593,2,73699.9,3,1,1,0,0,25,101.65,0
4024485,970720,665,0,32384.34,2,1,1,0,1,22,74.03,1
2817783,970813,685,3,12354.33,4,1,1,0,1,0,34.19,4
7659629,970914,774,8,9764.32,2,1,1,0,1,25,43.96,16
8266453,970917,735,4,0,4,1,0,1,1,9,35.78,21
4346568,971002,404,1,39907.82,3,0,1,0,0,4,43.7,9
7736395,971084,684,0,117237.52,3,1,1,0,0,29,8.17,8
6515017,971230,723,7,37989.8,3,1,0,0,1,6,65.25,37
2081652,971415,676,0,36140.47,2,1,0,0,4,3,26.77,13
6323156,971482,775,8,46554.68,3,1,1,0,0,28,50.53,14
6744913,971662,623,5,13586.67,2,0,1,0,1,21,11.9,9
9158676,971699,606,1,29439.59,2,1,0,0,1,0,48.5,23
4567426,971728,519,10,9031.46,2,1,1,0,0,17,118.69,0
8989636,971733,699,10,18346.18,1,1,0,1,1,3,121.13,46
2918079,971776,756,1,93748.26,3,0,1,0,0,18,14.31,4
5670358,971889,635,1,0,3,1,1,0,0,7,103.17,2
8626564,972064,771,3,40951.5,2,1,1,0,0,13,20.46,2
1642271,972089,545,4,98008.15,1,1,1,0,0,10,259.5,3
3612902,972097,788,4,2150.84,1,0,1,0,0,31,96.11,0
8884747,972176,660,2,61217.27,3,1,0,1,2,8,38.26,85
3441316,972310,735,0,0,1,1,0,1,2,5,45.18,25
4581434,972335,718,2,0,1,1,1,1,0,8,93.15,3
6371840,972442,430,3,30640.65,1,1,1,0,0,14,41.32,16
1525516,972460,689,3,21053.03,2,1,1,0,1,20,91.96,19
7380120,972496,744,1,12522.05,2,0,0,1,1,5,601.46,0
2046902,972565,655,1,1310.06,1,1,1,1,0,1,22.47,9
7064842,972600,587,8,0,1,1,1,1,0,13,49.68,6
8216043,972881,442,1,0,2,1,1,1,0,22,155.97,2
8942495,973074,527,1,65296.45,2,1,1,1,1,9,144.61,0
4580607,973294,652,1,56410.73,3,0,1,0,1,23,55.8,6
1907270,973349,654,10,0,3,1,1,0,3,14,36.52,9
4548261,973390,771,3,0,1,1,0,0,0,6,115.97,65
1384915,973703,762,7,26775.2,3,1,1,0,0,0,145.52,0
8095426,973835,674,7,0,2,0,0,0,0,3,75.47,171
5527300,973844,668,3,0,1,0,1,0,2,28,16.6,2
5229054,973846,576,0,61860.07,2,1,0,1,1,7,144.26,77
3954562,974190,490,4,112145.91,1,1,1,0,1,10,125.15,2
2402429,974224,775,1,4218.45,3,1,0,1,1,14,168.25,14
3377967,974244,701,1,0,2,0,1,0,0,25,95.7,21
2161974,974329,735,4,41012.28,2,1,1,0,1,11,10.28,1
5595368,974625,701,10,0,1,1,1,1,2,16,97.7,2
7795921,974628,654,3,18867.61,1,1,0,1,1,8,48.64,128
2370851,974774,663,1,15655.58,1,1,1,0,1,20,82.82,2
6005260,974991,709,4,23492.6,2,1,1,0,0,10,135.51,4
8573586,975064,604,0,4383.38,1,1,0,1,1,2,28.29,39
8041764,975136,656,10,55346.44,1,1,0,0,1,5,42.11,23
9804312,975194,608,0,58801.6,2,1,1,0,0,13,73.07,6
4592084,975271,799,1,50734.32,3,1,0,0,1,4,49.5,60
5352802,975297,679,2,4427.98,1,1,1,0,0,28,10.35,5
4088321,975373,488,1,0,2,1,0,0,0,4,86.03,11
1901645,975427,606,2,0,1,0,0,0,0,1,267.58,0
2550906,975467,615,1,7968.57,4,0,1,0,1,39,43.91,9
8189612,975498,676,0,0,1,1,0,1,2,3,22.14,194
6738129,975522,675,10,84015.27,1,0,1,0,2,14,131.18,10
5981239,975671,583,4,44.21,1,1,0,1,2,7,56.62,1
3760410,975679,570,1,5051.78,3,0,0,1,2,0,180.34,4
4332044,975686,616,3,13865.01,1,1,0,0,2,3,128.87,29
6859883,975763,585,10,0,4,0,1,0,1,15,43.55,2
8031349,975804,657,1,30525.03,1,1,0,0,2,7,15.82,68
9080330,975930,644,3,32269.74,1,0,1,0,0,1,108.52,1
8977556,976042,424,0,0,2,1,0,1,1,7,55.98,3
9984304,976052,629,1,79486.82,4,1,0,0,0,7,439.85,23
3695916,976258,633,3,37644.72,1,1,1,0,1,2,30.97,5
8328019,976303,443,10,16037.31,2,0,1,0,0,24,252.31,1
6950750,976325,569,0,54206.05,3,1,1,0,1,36,337.21,10
7528651,976500,675,2,2778.19,1,0,1,0,0,14,120.49,0
1166623,976530,538,0,45934.77,3,1,0,1,3,0,6.85,104
4331283,976566,621,2,31793.82,2,1,1,0,0,14,168.07,0
2305413,976638,612,0,29893.89,2,1,0,1,0,9,19.38,20
3426274,976735,630,1,29022.68,2,1,1,0,1,28,47.43,16
6431331,976792,636,6,14290.14,3,1,1,0,0,22,91.62,2
6310245,976822,609,2,0,1,1,0,0,0,4,66.31,17
1238014,976923,620,4,38518.43,3,1,0,0,1,6,8.51,18
3525076,976960,667,1,48714.6,2,1,1,0,0,24,73.22,3
8695022,977057,627,1,50359.84,2,0,1,0,0,25,335.49,4
3474414,977330,712,0,63222.88,3,1,0,0,1,2,141.85,12
9379307,977340,570,1,28498.98,1,1,1,0,1,13,22.66,1
6308442,977345,725,5,0,1,1,1,0,0,22,195.7,2
2906007,977394,669,0,34875.23,2,1,1,1,1,30,84.43,1
7818036,977633,792,1,34364.44,2,1,1,0,0,18,68.2,2
5409097,977646,606,0,0,3,0,1,0,0,0,79.37,6
9735757,977740,845,3,49706.73,3,0,1,0,1,28,14.46,6
1061687,977857,626,2,71356.8,1,1,1,0,1,14,21.08,5
8559125,978053,689,10,54516.49,3,1,0,0,1,7,27.21,68
3109184,978146,704,1,55107.45,4,1,1,0,0,14,75.43,6
8538483,978157,602,1,0,2,1,0,1,3,7,147.83,5
2634873,978292,652,1,30400.65,3,1,0,1,2,4,13.71,12
1612133,978302,706,5,0,1,1,1,0,0,16,41.32,9
4667881,978343,671,10,118495.47,2,1,0,1,2,4,190.49,9
4148361,978721,594,2,0,2,1,0,1,0,14,275.63,3
8049385,979060,737,0,45115.86,2,1,1,0,0,28,235.91,4
3786712,979249,762,3,0,1,1,1,0,1,25,46.5,2
7334348,979269,694,10,21877.42,1,1,1,0,3,12,46.85,1
4626181,979414,740,2,147.86,1,0,0,1,1,10,43.51,38
6839906,979562,588,9,29262.39,3,0,0,1,0,7,185.91,18
4519240,979725,468,1,43635,3,1,1,0,1,15,46.36,17
4207115,979727,640,0,36660.18,2,0,0,0,0,2,123.2,67
1241105,979789,790,10,41588.47,1,0,0,1,3,3,20.76,174
7211871,979827,773,0,25518.7,2,1,1,0,0,26,14.35,0
7103458,979940,451,8,60797.74,2,1,1,0,0,35,132.01,5
1271644,979988,497,3,132104.47,1,1,0,0,2,10,31.85,48
6065787,979995,680,2,151271.86,1,1,1,1,1,18,83.81,7
6150025,980152,564,2,89102.02,3,1,1,0,0,24,25.97,1
9423591,980155,552,5,43359.69,3,1,1,0,2,14,246.01,0
3092879,980303,624,0,5343.45,2,1,1,0,0,22,62.86,10
9374022,980357,617,0,117074.44,3,0,0,1,1,7,80.29,4
8650368,980521,675,0,55147.4,4,1,0,0,0,6,25.75,38
7946668,980651,674,0,0,2,0,1,0,0,25,47.65,16
7885148,980660,675,2,0,2,0,1,0,1,34,121.78,9
6901033,980690,584,6,44361.42,2,0,1,0,1,22,42.63,5
6909123,980764,656,8,13121.87,2,0,1,0,1,32,142.8,2
8144563,980919,703,0,18881.22,2,1,1,0,1,25,29.33,2
9777333,981334,678,2,53730.19,2,1,1,0,1,22,88.81,3
6634235,981473,680,1,27503.43,1,1,1,0,0,21,81.99,1
2902200,981578,565,2,62362.62,1,1,0,1,2,3,34.56,65
3949666,981639,634,2,54567.07,3,1,1,0,0,15,27.33,11
8697782,982027,446,0,0,1,0,0,1,1,8,132.06,4
8187084,982042,382,5,0,2,1,1,0,0,14,24.86,2
7259939,982260,602,0,5297.86,2,1,0,1,0,3,133.9,190
3967808,982277,572,6,28455.16,2,0,1,0,1,23,74.45,0
3728933,982417,649,2,13864.4,1,1,1,0,0,12,38.77,4
8312788,982495,634,0,28556.52,1,1,1,0,0,17,228.66,8
7401570,982554,686,4,0,1,0,1,0,0,32,54.92,15
5781975,982683,562,5,41002.38,1,1,1,0,0,23,382.85,8
8339925,982725,697,1,0,4,1,1,1,1,9,79.6,8
5752118,982885,850,1,44238.47,3,0,1,0,0,15,5.21,2
2664720,983326,734,0,38684.21,2,1,1,0,1,25,37.88,4
2470022,983456,810,1,14274.82,2,1,0,1,3,0,50.22,2
2741677,983472,692,4,0,1,1,1,0,0,19,20.07,0
2503875,983532,696,0,6369.96,2,1,0,0,2,5,45.22,25
1275590,983788,546,10,0,4,0,0,0,2,6,109.63,90
7900127,983791,752,0,96274.94,1,1,1,1,0,4,84.15,17
2739382,983794,606,2,81559.58,2,1,1,0,1,15,42.56,3
9328292,984027,499,7,3093.62,2,0,0,0,3,15,105.08,33
2672723,984096,563,0,10219.94,4,1,0,0,3,9,9.95,12
8450817,984247,695,0,0,2,1,1,0,1,16,70.96,2
9445004,984274,722,2,0,2,0,1,0,0,18,51.05,5
1547533,984293,593,4,141524.62,2,1,0,0,1,7,41.82,8
5863789,984522,511,2,74248.25,2,0,0,1,1,13,92,27
8057182,984532,651,0,28381.71,2,1,0,1,2,2,184.12,42
4554607,984642,683,0,11387.3,1,1,1,1,0,11,91.54,1
4739295,984756,709,2,28969.73,3,0,1,0,0,23,138.9,0
8627423,984769,751,3,138647.99,3,0,1,0,1,21,28.99,1
7393458,985049,736,0,23095.7,1,1,0,1,2,11,7.04,35
2921009,985249,597,4,95411.2,1,0,0,1,3,5,70.01,78
4280956,985296,562,0,6367.42,2,1,0,1,1,1,72.03,14
8878148,985331,607,0,53871.65,1,1,1,0,1,18,13.04,9
3087766,985364,673,1,52737.81,2,1,1,0,0,20,61.2,6
6882321,985447,644,1,18833.59,2,1,1,0,0,20,274.99,6
8783741,985506,629,1,24463.27,2,1,1,0,1,25,43.77,0
7927895,985885,609,1,4427.65,3,1,1,0,1,23,63.86,9
7640565,985893,547,8,0,2,1,0,0,1,0,51.52,71
1127592,986088,843,4,53355.95,2,1,0,0,2,9,54.15,16
7285479,986209,664,10,102336.29,2,1,1,0,0,24,76.66,0
4757032,986278,750,3,38870.54,1,1,0,1,0,5,11.03,16
9515457,986365,560,0,0,3,1,0,0,4,5,38.64,140
5758092,986392,573,4,28333.59,1,1,1,0,1,12,76.59,2
5489736,986438,700,0,0,1,1,1,0,2,21,29.09,7
5437558,986486,848,0,0,1,0,0,1,2,12,57.53,92
6157260,986575,529,7,0,1,0,1,1,2,18,282.24,8
7957788,986589,672,10,19737.24,2,1,1,0,2,6,163.46,4
5052611,986593,829,2,7579.55,3,1,1,0,0,28,15.63,0
1069752,986827,715,1,0,2,1,1,1,0,15,156.38,3
7955106,986846,634,4,63120.31,1,1,1,0,0,24,21.33,1
1548189,986850,850,2,32340.93,1,1,0,0,1,11,61.45,56
1260551,986982,357,4,3609.63,2,1,1,0,0,18,61.94,22
1440348,987025,599,10,62226.99,1,0,1,0,0,16,49.65,1
3573211,987110,718,10,29932.14,2,1,0,1,2,1,120.84,121
7281485,987204,650,0,92883.15,1,1,1,0,1,13,45.99,11
9706758,987240,589,5,43416.36,1,0,1,1,0,26,224.95,1
6326278,987586,606,2,4534.52,2,0,0,1,2,12,69.39,13
6621876,987599,530,2,0,2,0,1,0,0,19,61.25,2
3859017,987624,596,10,32481.23,2,0,0,0,1,11,21.59,2
8214533,987826,730,0,83.31,1,1,1,0,1,15,91.1,1
5057252,987938,646,1,18384.05,2,0,0,1,2,14,26.96,5
7565971,988217,850,2,44188.16,3,1,1,0,0,37,58.86,2
4232305,988283,544,7,55998.37,1,1,0,0,0,10,149.04,5
7598776,988319,531,0,36289.97,4,1,0,1,1,5,105.13,30
1865385,988324,795,1,56423.2,3,1,0,1,5,0,216.03,45
8199144,988432,637,1,34314.15,2,1,0,1,1,4,85.38,64
3162087,988456,614,2,60676.25,2,1,0,0,3,9,14.47,62
7550021,988459,850,0,62275.4,2,1,0,1,1,6,33.47,116
3914492,988528,631,5,36327.19,1,1,0,1,3,6,46.46,63
7763214,988662,728,0,66136.8,2,1,1,0,0,14,121.47,21
6337250,988811,570,3,66994.77,2,0,1,0,0,1,27.44,4
9678469,988970,655,0,67292.8,1,1,1,1,2,11,50.69,1
3658243,988980,629,0,0,3,0,1,0,0,10,48.06,3
8338380,989053,601,1,0,2,1,1,0,0,25,246.91,2
4875025,989079,534,4,217.44,4,0,1,0,0,25,47.86,2
2670640,989136,539,1,68619.66,2,1,0,1,0,6,232.9,12
3119470,989173,607,0,0,2,1,0,0,2,6,38.59,11
9460029,989203,499,2,140351.09,2,1,1,0,1,13,93.54,10
2985964,989208,548,3,0,2,0,1,0,0,17,76.77,3
7576872,989227,553,3,55881.95,3,0,1,0,2,18,96.67,0
5365936,989265,684,3,64997.78,2,1,0,1,0,3,21.95,33
3668469,989322,682,3,0,1,1,1,0,0,16,6.86,0
6409052,989455,674,4,66659.4,2,1,1,0,0,33,39.92,9
4418568,989545,681,0,3867.9,1,1,1,0,2,2,65.37,8
2564549,989587,590,3,0,4,1,1,0,2,12,238.55,0
2564733,989894,492,1,26188.59,2,0,0,0,1,12,16.92,12
1430171,989921,683,2,36658.83,2,0,0,0,2,9,56.36,13
8338707,990079,560,1,0,1,1,1,1,2,9,19.86,2
1193577,990136,690,0,0,2,1,0,1,1,8,138.94,20
3567729,990247,658,2,0,2,0,0,1,1,7,33.2,21
1466714,990429,772,2,46250.84,3,1,1,0,0,24,76.71,1
2321583,990598,419,0,33183.58,4,0,0,1,0,5,143.14,0
7415688,990649,641,0,96750.69,2,1,1,0,2,8,84.11,4
1424293,990704,740,0,31606.05,2,1,1,0,1,8,53.47,4
3190232,990731,650,4,53038.01,2,0,1,0,0,18,37.1,11
8611927,990742,679,6,0,1,1,0,1,3,3,85.17,6
7008279,990844,503,4,20393.99,3,1,0,0,1,8,83.57,0
4129876,990856,555,1,0,1,1,1,0,0,17,169.57,1
5021865,991014,596,2,62836.53,1,0,1,0,0,21,106.53,7
4720435,991401,682,3,12677.75,2,1,1,0,1,13,43.82,3
5981533,991597,663,1,18507.02,2,0,0,1,1,4,137.34,1
4251909,991638,730,2,82125.51,3,1,0,0,1,13,9.76,20
9982810,991737,566,0,38552.81,3,1,1,0,2,21,31.82,2
5114686,991884,509,0,69817.33,2,1,1,0,0,19,167.72,0
7343582,991993,468,7,37087.4,2,1,0,0,1,8,28.15,92
5370124,992083,709,2,0,3,1,1,0,0,24,82.56,0
1868201,992247,710,3,32331.63,1,1,1,0,0,18,58.67,20
5613144,992288,642,2,215,1,1,1,0,1,20,559.23,1
2391894,992400,672,0,16521.11,2,1,0,0,0,0,42.78,89
3412052,992512,678,4,0,2,0,0,0,2,1,13.96,115
1388238,992562,726,6,0,1,1,1,1,2,6,44.14,4
2735086,992596,767,1,0,3,1,1,0,0,26,25.04,2
2861122,992647,653,1,0,1,1,1,0,1,11,93.96,0
8702884,992697,762,2,119426.5,3,1,1,0,1,20,71.74,0
3058301,992717,604,3,16062.76,2,0,0,1,0,2,112.81,29
2796448,992744,600,3,62070.67,2,1,0,0,2,4,129.75,89
3379602,992805,636,1,55298.15,1,0,1,0,1,24,23.79,7
5738943,992819,660,2,109411.47,4,1,0,0,0,12,33.53,47
5395541,992931,764,4,53846.23,1,0,1,1,2,19,258.24,16
4030429,992952,514,10,0,3,0,1,0,0,30,73.83,10
2556542,993021,598,6,0,2,1,1,0,1,23,38.73,1
2298244,993085,583,0,12441.84,2,0,1,0,0,21,75.9,7
9292055,993140,729,0,34948.53,2,1,1,0,0,20,151.25,3
7063240,993251,687,1,55103.72,4,1,1,0,0,14,27.29,0
4489198,993385,696,1,13758.2,2,1,0,0,0,2,206.31,46
7556539,993473,672,10,0,2,1,1,0,0,23,51.43,3
2688991,993522,705,1,0,1,1,1,0,1,0,242.11,6
9238233,993590,554,0,0,2,1,0,0,2,3,59.2,1
1368376,993647,573,6,0,2,1,1,0,1,28,30.43,1
7941491,993650,619,0,52151.52,1,1,0,1,0,6,19.65,18
2234399,993744,555,3,45686.46,2,0,0,1,1,2,35.9,110
9162405,993829,694,6,0,2,1,0,0,1,3,61.9,13
2280314,993892,814,2,19936.36,2,1,1,0,2,8,40.05,0
4528180,993916,692,10,33359.94,1,1,1,0,0,15,7.48,1
8044872,994141,649,2,40129.53,2,1,0,0,1,0,27.09,65
7295723,994188,609,5,16083.03,2,1,1,0,0,17,63.25,0
6261082,994217,780,1,7157.72,2,0,1,0,1,15,923.78,1
8564486,994253,508,2,416.55,2,0,1,0,2,19,12.99,2
3702870,994343,647,2,19754.02,2,1,1,0,0,20,47.87,0
4016651,994787,806,4,6120.57,2,1,1,0,0,28,114.7,4
6012276,994794,689,2,18207.37,3,1,0,0,0,9,166.11,57
1170125,994905,584,0,31873.61,2,1,1,0,1,27,117.43,12
3997703,994940,662,2,52167.19,3,1,1,0,0,23,26.64,0
1527651,995296,738,2,11119.97,2,1,1,0,0,39,5,0
2966409,995304,702,9,0,1,1,0,0,1,4,92.42,69
6751404,995420,593,4,62646.65,1,1,0,0,1,5,74.13,3
6818065,995706,703,1,0,2,1,1,0,1,25,52.53,5
9118679,995735,744,3,1509.64,1,1,1,1,0,24,174.01,3
1084130,995825,561,4,34066.04,4,1,0,0,2,2,53.74,67
3657314,995916,718,2,40043.25,2,0,0,1,2,9,84.23,36
9753488,995993,490,5,30616.31,3,1,0,0,3,11,147,76
5269818,996114,710,5,31451.02,2,0,1,0,1,11,81,4
3040002,996508,618,1,41643.29,2,1,1,0,1,18,30.53,3
4235406,996531,724,1,40815.47,2,1,1,0,0,22,332.95,1
1495854,996536,620,3,0,1,0,0,1,3,12,225.42,167
9991819,996840,566,10,24138.76,1,0,0,0,0,8,167.55,56
1386516,996865,647,5,23639.64,3,1,0,0,1,0,86.55,80
9690512,996963,771,6,36503.25,3,0,1,0,1,22,48.34,2
9585651,997004,655,3,0,1,1,1,1,0,27,138.23,0
3555942,997287,645,5,54644.85,2,0,0,0,1,6,51.19,53
4629021,997546,538,1,41623.23,1,1,0,1,1,11,52.99,3
7121849,997594,670,1,0,2,1,0,0,1,6,125.87,88
2925830,997734,629,0,0,4,1,1,1,0,7,40.03,6
4639947,997904,552,5,19336.8,4,1,1,0,0,19,94.82,2
1494887,998043,660,1,419.98,1,1,1,0,2,12,373.68,0
6495204,998182,765,1,684.36,3,1,0,1,2,15,153.49,74
3324735,998198,470,3,0,3,1,0,1,0,1,88.53,28
4686979,998235,626,0,37803.7,2,0,1,1,0,37,22.29,15
2399937,998348,819,0,19190.8,3,0,0,0,2,1,48.46,25
3123664,998450,762,6,63133.98,2,1,1,0,1,15,133.21,3
5489424,998602,491,9,8115.9,2,0,1,0,0,17,82.21,4
5591361,998723,725,10,50993.23,2,1,1,0,0,17,39.82,4
9079485,998746,678,10,0,2,0,1,0,0,20,34.14,0
4342651,998801,703,9,70451.14,2,1,1,0,0,22,88.18,5
2542997,998960,560,2,0,2,1,0,0,2,5,172.08,44
6847755,999138,602,0,1348.54,1,0,1,1,2,26,17.71,9
5937884,999197,748,1,1056.82,1,0,1,1,1,16,47.24,3
8835693,999312,585,0,23788.11,1,1,1,0,1,31,76.6,2
9318172,999398,763,10,201.17,2,0,0,0,1,2,37.07,3
8315906,999488,626,10,106658.93,2,0,1,0,0,2,45.01,10
9600949,999529,821,0,45003.09,2,0,0,1,2,9,107.26,38
7709915,999596,687,10,0,2,1,1,0,0,19,260.35,22
4238912,999636,607,10,37.77,1,1,0,0,2,5,47.69,0
5195866,999695,573,10,29605.08,1,1,1,0,0,6,14.87,7
3901779,999908,751,2,43582.26,1,0,1,0,1,29,228.39,4
4319815,999924,474,1,5837.99,3,0,1,0,0,8,53.92,0
